split,language,subset_size,repeat,n_items_full,n_models,pearson_r,p_value
original,dan,10,0,100,30,0.9741328846503207,1.2555429543246802e-19
original,dan,10,1,100,30,0.9633074467741883,1.5686628116535568e-17
original,dan,10,2,100,30,0.9300198121442864,1.074667951919587e-13
original,dan,10,3,100,30,0.9766594437397605,3.024448787475281e-20
original,dan,10,4,100,30,0.9441040968953157,5.047875675303714e-15
original,dan,10,5,100,30,0.9589268637751229,7.404670450369914e-17
original,dan,10,6,100,30,0.9681463136938501,2.2316137779119553e-18
original,dan,10,7,100,30,0.9408129042754902,1.101718140041865e-14
original,dan,10,8,100,30,0.9699550784664408,9.954279462425185e-19
original,dan,10,9,100,30,0.9892379453330546,6.41230705371692e-25
original,dan,10,10,100,30,0.9711775356832205,5.606780209948439e-19
original,dan,10,11,100,30,0.9412308125333549,1.000272035342053e-14
original,dan,10,12,100,30,0.9365279261669213,2.8539514644200214e-14
original,dan,10,13,100,30,0.9679320400292445,2.447988014385417e-18
original,dan,10,14,100,30,0.9655972153917688,6.454726748747879e-18
original,dan,10,15,100,30,0.9735201826574795,1.7359460096143477e-19
original,dan,10,16,100,30,0.9601651397211995,4.8607529016163504e-17
original,dan,10,17,100,30,0.9676476746848355,2.765206832015967e-18
original,dan,10,18,100,30,0.9709493023837719,6.252602304402631e-19
original,dan,10,19,100,30,0.9434597336803021,5.902799525509283e-15
original,dan,10,20,100,30,0.9505016922617168,9.578785423226473e-16
original,dan,10,21,100,30,0.9505315806778317,9.499888245103518e-16
original,dan,10,22,100,30,0.9816417931773188,1.0813393612766385e-21
original,dan,10,23,100,30,0.9385783905294873,1.8253275825661227e-14
original,dan,10,24,100,30,0.9496154024353772,1.221312972107078e-15
original,dan,10,25,100,30,0.9494508216121589,1.277061408375593e-15
original,dan,10,26,100,30,0.9702730364174127,8.593526633326351e-19
original,dan,10,27,100,30,0.9672366075378792,3.291515324868515e-18
original,dan,10,28,100,30,0.9483625824430815,1.7091663203676465e-15
original,dan,10,29,100,30,0.9666193760684543,4.25817770506372e-18
original,dan,10,30,100,30,0.9456149763899923,3.471996834691426e-15
original,dan,10,31,100,30,0.9674619890306579,2.992459584557299e-18
original,dan,10,32,100,30,0.9617492678672872,2.7811264551805585e-17
original,dan,10,33,100,30,0.9586665420167717,8.076466851078596e-17
original,dan,10,34,100,30,0.9821658589737798,7.232043504270653e-22
original,dan,10,35,100,30,0.9623338133882002,2.2498506366196533e-17
original,dan,10,36,100,30,0.9810895560845098,1.6319072643639781e-21
original,dan,10,37,100,30,0.9649751898057883,8.26350392399705e-18
original,dan,10,38,100,30,0.9576112630110344,1.142013103976154e-16
original,dan,10,39,100,30,0.9531476894569157,4.512345998451679e-16
original,dan,10,40,100,30,0.9650994208349088,7.868509744476512e-18
original,dan,10,41,100,30,0.9321903027475278,7.008186280872976e-14
original,dan,10,42,100,30,0.9642769708974912,1.0847016317653114e-17
original,dan,10,43,100,30,0.9422699456068137,7.842598396767307e-15
original,dan,10,44,100,30,0.9823595810505727,6.213971261633471e-22
original,dan,10,45,100,30,0.950839213960181,8.722038853202878e-16
original,dan,10,46,100,30,0.9798420141028134,3.961099540650456e-21
original,dan,10,47,100,30,0.9742477356935929,1.18054231670061e-19
original,dan,10,48,100,30,0.9615301079291169,3.0086411947234827e-17
original,dan,10,49,100,30,0.9273921872311166,1.7710973299209335e-13
original,dan,10,50,100,30,0.9462010418075342,2.9942272366230654e-15
original,dan,10,51,100,30,0.9749253556347022,8.16127846164729e-20
original,dan,10,52,100,30,0.9730565994841127,2.2071108478693956e-19
original,dan,10,53,100,30,0.965558936366781,6.55445937315024e-18
original,dan,10,54,100,30,0.9634640706790479,1.4789047045449652e-17
original,dan,10,55,100,30,0.9513395115892155,7.581798433430123e-16
original,dan,10,56,100,30,0.9659940540045135,5.5004362363708995e-18
original,dan,10,57,100,30,0.9724451062441996,3.010524071761118e-19
original,dan,10,58,100,30,0.9691378937143572,1.4420831461206747e-18
original,dan,10,59,100,30,0.9615972401476209,2.937182161847251e-17
original,dan,10,60,100,30,0.9672119333878154,3.32588434484753e-18
original,dan,10,61,100,30,0.9433031710874068,6.129821884684076e-15
original,dan,10,62,100,30,0.9666094951513033,4.27559790175603e-18
original,dan,10,63,100,30,0.9601239933325119,4.9302649669789646e-17
original,dan,10,64,100,30,0.9747299531729794,9.087308834858594e-20
original,dan,10,65,100,30,0.95699100875877,1.3942108567738261e-16
original,dan,10,66,100,30,0.9453549633606877,3.705757546798251e-15
original,dan,10,67,100,30,0.9639562571856057,1.2268576758706265e-17
original,dan,10,68,100,30,0.9831412082875226,3.31047342275281e-22
original,dan,10,69,100,30,0.9784897237945889,9.749979252058996e-21
original,dan,10,70,100,30,0.9522227456429503,5.898967145006276e-16
original,dan,10,71,100,30,0.9681314037673211,2.2460761725171597e-18
original,dan,10,72,100,30,0.9711852373147244,5.586106380053904e-19
original,dan,10,73,100,30,0.9579104364600399,1.0361187199190824e-16
original,dan,10,74,100,30,0.9389842194624832,1.6677593945142763e-14
original,dan,10,75,100,30,0.9636923306828258,1.3565830549487119e-17
original,dan,10,76,100,30,0.9660185328539717,5.446083776080092e-18
original,dan,10,77,100,30,0.951112723396414,8.080401036056889e-16
original,dan,10,78,100,30,0.9719165423842016,3.9152354807166336e-19
original,dan,10,79,100,30,0.9785421935627824,9.425273609154533e-21
original,dan,10,80,100,30,0.9564670513321308,1.6464355373753427e-16
original,dan,10,81,100,30,0.961232821374155,3.3448661825043917e-17
original,dan,10,82,100,30,0.9743331461684447,1.1274835180243958e-19
original,dan,10,83,100,30,0.9647443984011296,9.046474174401633e-18
original,dan,10,84,100,30,0.9559634278648861,1.9280913359124798e-16
original,dan,10,85,100,30,0.9528707039130723,4.892111442712483e-16
original,dan,10,86,100,30,0.9642814322332515,1.0828364373352783e-17
original,dan,10,87,100,30,0.9844666031273585,1.0606380390700468e-22
original,dan,10,88,100,30,0.9705147933417645,7.676576219350721e-19
original,dan,10,89,100,30,0.9698743040399551,1.033042890953817e-18
original,dan,10,90,100,30,0.9683046437213936,2.083268588252963e-18
original,dan,10,91,100,30,0.9721215557766908,3.537986665100238e-19
original,dan,10,92,100,30,0.9806765604239002,2.2027034119169655e-21
original,dan,10,93,100,30,0.9683260395582496,2.063938182410377e-18
original,dan,10,94,100,30,0.9698394269777365,1.0496879708428161e-18
original,dan,10,95,100,30,0.9510560708547093,8.209603357192539e-16
original,dan,10,96,100,30,0.9304380425053841,9.907516569087397e-14
original,dan,10,97,100,30,0.9502191219918451,1.0355238649958502e-15
original,dan,10,98,100,30,0.9726221362334925,2.7537574849498483e-19
original,dan,10,99,100,30,0.9734145269646937,1.8342825869076855e-19
original,dan,10,100,100,30,0.9763353865761061,3.6611579128921026e-20
original,dan,10,101,100,30,0.9714020851231197,5.032205525833573e-19
original,dan,10,102,100,30,0.970816704409216,6.658795179773082e-19
original,dan,10,103,100,30,0.9243035850332916,3.1125595413348485e-13
original,dan,10,104,100,30,0.9683661110392132,2.0281813254029815e-18
original,dan,10,105,100,30,0.9712446746742879,5.428916377993538e-19
original,dan,10,106,100,30,0.9578460504137453,1.0581093830160519e-16
original,dan,10,107,100,30,0.9295135524158401,1.1850185756246847e-13
original,dan,10,108,100,30,0.9548256865327209,2.736293210522691e-16
original,dan,10,109,100,30,0.945238736589756,3.814885815931462e-15
original,dan,10,110,100,30,0.9513803298195931,7.495140198303589e-16
original,dan,10,111,100,30,0.9514966136376473,7.253265417645644e-16
original,dan,10,112,100,30,0.9753113696089294,6.583510691382133e-20
original,dan,10,113,100,30,0.9559045872005516,1.9637590622486427e-16
original,dan,10,114,100,30,0.9807204810336115,2.1342111393211522e-21
original,dan,10,115,100,30,0.9764263683288052,3.4708816503660427e-20
original,dan,10,116,100,30,0.9651307671247389,7.771645667964663e-18
original,dan,10,117,100,30,0.9689833430485236,1.5450744388076335e-18
original,dan,10,118,100,30,0.9679652841613973,2.4131912181321384e-18
original,dan,10,119,100,30,0.9563952824261376,1.6840983204296376e-16
original,dan,10,120,100,30,0.9586534753848975,8.111630090461285e-17
original,dan,10,121,100,30,0.9495834315079489,1.2319630034284282e-15
original,dan,10,122,100,30,0.9647359702754771,9.076326665380717e-18
original,dan,10,123,100,30,0.955892079982895,1.9714189038629647e-16
original,dan,10,124,100,30,0.9644119436756855,1.0295690421354651e-17
original,dan,10,125,100,30,0.9609357459959714,3.7153277459591745e-17
original,dan,10,126,100,30,0.9599228007500884,5.283607123781022e-17
original,dan,10,127,100,30,0.9542176931450641,3.287104603642601e-16
original,dan,10,128,100,30,0.9734074085474819,1.841090073478795e-19
original,dan,10,129,100,30,0.9447541111891247,4.302729676456557e-15
original,dan,10,130,100,30,0.9532682724308028,4.355703491248304e-16
original,dan,10,131,100,30,0.9693817607037043,1.2924291914331508e-18
original,dan,10,132,100,30,0.9799754789968099,3.612272746561444e-21
original,dan,10,133,100,30,0.9475587784109057,2.111216738020875e-15
original,dan,10,134,100,30,0.9537601238933313,3.76746184065136e-16
original,dan,10,135,100,30,0.9594447504087893,6.219338626963382e-17
original,dan,10,136,100,30,0.9617364900145211,2.7939411203331425e-17
original,dan,10,137,100,30,0.9764297189883906,3.464052465080793e-20
original,dan,10,138,100,30,0.952587275404278,5.31115693822721e-16
original,dan,10,139,100,30,0.9583659866458131,8.922083893793034e-17
original,dan,10,140,100,30,0.9783763384141735,1.0487393594918755e-20
original,dan,10,141,100,30,0.9793177075139049,5.656441945430722e-21
original,dan,10,142,100,30,0.9602071705669447,4.7906845190256893e-17
original,dan,10,143,100,30,0.9166799420784527,1.1369537168705734e-12
original,dan,10,144,100,30,0.9339223509409995,4.931585684781844e-14
original,dan,10,145,100,30,0.9796327976265256,4.571291743927061e-21
original,dan,10,146,100,30,0.9577334294136177,1.0976163608801733e-16
original,dan,10,147,100,30,0.9545355121336409,2.987534387933173e-16
original,dan,10,148,100,30,0.9564096039738073,1.6765195797609776e-16
original,dan,10,149,100,30,0.9623482100924817,2.2380401872500107e-17
original,dan,10,150,100,30,0.9754175459807638,6.202056085048301e-20
original,dan,10,151,100,30,0.9779801995984304,1.3489370835026223e-20
original,dan,10,152,100,30,0.9546789318288996,2.860804444855531e-16
original,dan,10,153,100,30,0.9806063380337938,2.316460222436282e-21
original,dan,10,154,100,30,0.9466871646096419,2.644888179136872e-15
original,dan,10,155,100,30,0.968680425832419,1.766982498349564e-18
original,dan,10,156,100,30,0.9644958346732786,9.966221973703005e-18
original,dan,10,157,100,30,0.9721456031859161,3.4960165373799235e-19
original,dan,10,158,100,30,0.9623160648820787,2.264490202326715e-17
original,dan,10,159,100,30,0.9721109844226379,3.5565842806428524e-19
original,dan,10,160,100,30,0.9622641799129684,2.3077941394859947e-17
original,dan,10,161,100,30,0.9674947037614505,2.9512059772398448e-18
original,dan,10,162,100,30,0.9629920009061999,1.764949032681176e-17
original,dan,10,163,100,30,0.9020567801092662,9.97155010306178e-12
original,dan,10,164,100,30,0.9637836901787038,1.3103054952796022e-17
original,dan,10,165,100,30,0.9496043352220903,1.224989961050277e-15
original,dan,10,166,100,30,0.9786847721912463,8.59287259718579e-21
original,dan,10,167,100,30,0.9768621194162664,2.680149290194243e-20
original,dan,10,168,100,30,0.9776468938597289,1.6612992820819455e-20
original,dan,10,169,100,30,0.9510976383942736,8.114618966357779e-16
original,dan,10,170,100,30,0.9786059761897881,9.044066350689501e-21
original,dan,10,171,100,30,0.950656652830965,9.17621074052295e-16
original,dan,10,172,100,30,0.9407624828071475,1.1145807700030722e-14
original,dan,10,173,100,30,0.9615539657860229,2.9830632630553595e-17
original,dan,10,174,100,30,0.9727052418435906,2.6403592327065307e-19
original,dan,10,175,100,30,0.9380816001672914,2.036923959535179e-14
original,dan,10,176,100,30,0.9581348637872596,9.62731497032635e-17
original,dan,10,177,100,30,0.9683214686448282,2.0680538324063627e-18
original,dan,10,178,100,30,0.966440582238147,4.5837951087659764e-18
original,dan,10,179,100,30,0.9729006013632183,2.3906149301179494e-19
original,dan,10,180,100,30,0.9714786460417223,4.849125565344965e-19
original,dan,10,181,100,30,0.9718332811738635,4.078827187696916e-19
original,dan,10,182,100,30,0.9788728489773593,7.598922253609676e-21
original,dan,10,183,100,30,0.9677325443797391,2.666757641236043e-18
original,dan,10,184,100,30,0.9643069148283708,1.0722395004893616e-17
original,dan,10,185,100,30,0.9562612486240815,1.7565803161026347e-16
original,dan,10,186,100,30,0.9691354537622737,1.4436584533376047e-18
original,dan,10,187,100,30,0.9558520279240589,1.9961346282322434e-16
original,dan,10,188,100,30,0.9727651437202252,2.561323801711093e-19
original,dan,10,189,100,30,0.9719036605695184,3.9401415137683887e-19
original,dan,10,190,100,30,0.9886446568173164,1.3542987481472203e-24
original,dan,10,191,100,30,0.976589429207579,3.1526158366827603e-20
original,dan,10,192,100,30,0.9267465900028246,1.9966775300348284e-13
original,dan,10,193,100,30,0.9711991846614099,5.548846604527224e-19
original,dan,10,194,100,30,0.9684040709940458,1.994838843564326e-18
original,dan,10,195,100,30,0.9533705354545765,4.226819404787909e-16
original,dan,10,196,100,30,0.9768121457561437,2.761491878303536e-20
original,dan,10,197,100,30,0.9250199778799734,2.736865361070403e-13
original,dan,10,198,100,30,0.941669808106445,9.030617377095957e-15
original,dan,10,199,100,30,0.9469847815164452,2.4500396301558323e-15
original,dan,25,0,100,30,0.984676921395081,8.774843945706901e-23
original,dan,25,1,100,30,0.9852580628301035,5.125074039249811e-23
original,dan,25,2,100,30,0.9870653013431175,8.304540472611203e-24
original,dan,25,3,100,30,0.9828343926746963,4.25337638758048e-22
original,dan,25,4,100,30,0.9799470423649209,3.684114701375787e-21
original,dan,25,5,100,30,0.9927492893534137,2.6007462306426576e-27
original,dan,25,6,100,30,0.9908556162680707,6.621017129045263e-26
original,dan,25,7,100,30,0.9830894687026228,3.454491015865354e-22
original,dan,25,8,100,30,0.9900392209366021,2.181266539962569e-25
original,dan,25,9,100,30,0.9914784915937908,2.475373399959419e-26
original,dan,25,10,100,30,0.9881554319309231,2.437161836174981e-24
original,dan,25,11,100,30,0.993064975144907,1.3972579955182026e-27
original,dan,25,12,100,30,0.9899294355351916,2.541354740819325e-25
original,dan,25,13,100,30,0.9886275097022221,1.3830676537544012e-24
original,dan,25,14,100,30,0.9884393072486474,1.7383651960591105e-24
original,dan,25,15,100,30,0.9875079910271566,5.113899191863283e-24
original,dan,25,16,100,30,0.9884735947300732,1.6679083650529478e-24
original,dan,25,17,100,30,0.9909333415960926,5.878001313389065e-26
original,dan,25,18,100,30,0.9843128478834476,1.2163166679893942e-22
original,dan,25,19,100,30,0.9815145479818116,1.1902040893037794e-21
original,dan,25,20,100,30,0.9868304542424988,1.0668318873139642e-23
original,dan,25,21,100,30,0.9910435692897775,4.9562053744114026e-26
original,dan,25,22,100,30,0.9802977772110171,2.8839017452647063e-21
original,dan,25,23,100,30,0.987280803881376,6.572544074390349e-24
original,dan,25,24,100,30,0.9820992436869205,7.616451778777264e-22
original,dan,25,25,100,30,0.9885382127625312,1.542274596501788e-24
original,dan,25,26,100,30,0.9881997588438484,2.3131560772263533e-24
original,dan,25,27,100,30,0.9861377629136832,2.1773856754487683e-23
original,dan,25,28,100,30,0.9887664517137327,1.1653883530910118e-24
original,dan,25,29,100,30,0.9859563445668978,2.6092170929328892e-23
original,dan,25,30,100,30,0.9947742661698772,2.686469528401594e-29
original,dan,25,31,100,30,0.984650841986133,8.984824682590021e-23
original,dan,25,32,100,30,0.9869725769608176,9.172774308867728e-24
original,dan,25,33,100,30,0.9820563748384391,7.873759756071411e-22
original,dan,25,34,100,30,0.9921199593005479,8.308157529554278e-27
original,dan,25,35,100,30,0.9911245181836017,4.3667765465910814e-26
original,dan,25,36,100,30,0.9875306575939989,4.986202350126658e-24
original,dan,25,37,100,30,0.9889124855118508,9.711778113851938e-25
original,dan,25,38,100,30,0.9872026528463074,7.157650007533073e-24
original,dan,25,39,100,30,0.9812324186563931,1.4688153292577573e-21
original,dan,25,40,100,30,0.9837118662934644,2.0513182204540143e-22
original,dan,25,41,100,30,0.9915466509141079,2.2130618641415373e-26
original,dan,25,42,100,30,0.990350487635245,1.4012035825836634e-25
original,dan,25,43,100,30,0.9843312260478089,1.1966526842700167e-22
original,dan,25,44,100,30,0.9898459008688553,2.8514804958278377e-25
original,dan,25,45,100,30,0.9935322288228043,5.277206460584612e-28
original,dan,25,46,100,30,0.9879434216815334,3.1202588818234033e-24
original,dan,25,47,100,30,0.9863863034397181,1.6927491571850576e-23
original,dan,25,48,100,30,0.991494033703542,2.4131390894388484e-26
original,dan,25,49,100,30,0.9905054530243411,1.118086981436151e-25
original,dan,25,50,100,30,0.993505284115487,5.5925521144639125e-28
original,dan,25,51,100,30,0.9916499010648484,1.8644298448494534e-26
original,dan,25,52,100,30,0.9930202154388661,1.5285310094003791e-27
original,dan,25,53,100,30,0.9888882246253191,1.001207422739931e-24
original,dan,25,54,100,30,0.976792981221136,2.7932888097105045e-20
original,dan,25,55,100,30,0.986553159329171,1.4257834355921264e-23
original,dan,25,56,100,30,0.9907146602323824,8.195186127876219e-26
original,dan,25,57,100,30,0.987438842164362,5.522457150095853e-24
original,dan,25,58,100,30,0.9923334681758889,5.663122381224482e-27
original,dan,25,59,100,30,0.9908849237796375,6.331174913566294e-26
original,dan,25,60,100,30,0.9889004336622639,9.859892802611308e-25
original,dan,25,61,100,30,0.9843314999287932,1.1963618841632458e-22
original,dan,25,62,100,30,0.9841124632715952,1.4510735698478548e-22
original,dan,25,63,100,30,0.9752417409728008,6.845347990851967e-20
original,dan,25,64,100,30,0.990539964538093,1.0627378209088652e-25
original,dan,25,65,100,30,0.9879060380295963,3.257729216464745e-24
original,dan,25,66,100,30,0.9864483243726251,1.5885249553432788e-23
original,dan,25,67,100,30,0.986397028470392,1.6742841050915065e-23
original,dan,25,68,100,30,0.9887901521022191,1.131597857027415e-24
original,dan,25,69,100,30,0.9873695363894458,5.962156914289077e-24
original,dan,25,70,100,30,0.9873293141970397,6.2320144274917715e-24
original,dan,25,71,100,30,0.9879371977830361,3.1427659504364192e-24
original,dan,25,72,100,30,0.9840956511605307,1.4725680622419765e-22
original,dan,25,73,100,30,0.9883778968580946,1.8715029424872628e-24
original,dan,25,74,100,30,0.9884836396695748,1.647774663521747e-24
original,dan,25,75,100,30,0.9844507471594095,1.0757921057039024e-22
original,dan,25,76,100,30,0.9834012853192635,2.6671819225270716e-22
original,dan,25,77,100,30,0.979645053335882,4.533272056736438e-21
original,dan,25,78,100,30,0.9856093762640414,3.664229071843465e-23
original,dan,25,79,100,30,0.9798922092718639,3.826399108400589e-21
original,dan,25,80,100,30,0.9792645574137374,5.8614745421185344e-21
original,dan,25,81,100,30,0.9870748554637762,8.21955347448443e-24
original,dan,25,82,100,30,0.9910316105266105,5.04929237589186e-26
original,dan,25,83,100,30,0.9833588859494736,2.76344754047338e-22
original,dan,25,84,100,30,0.9869162538486576,9.74051136347822e-24
original,dan,25,85,100,30,0.9904934651989097,1.1379306638689535e-25
original,dan,25,86,100,30,0.9870444928644125,8.492467669367676e-24
original,dan,25,87,100,30,0.9856046277034106,3.6810862103899287e-23
original,dan,25,88,100,30,0.9952094451378722,7.973894640106619e-30
original,dan,25,89,100,30,0.9913663492264944,2.9705450708207584e-26
original,dan,25,90,100,30,0.9883729053336544,1.8827300698232717e-24
original,dan,25,91,100,30,0.9892110416687468,6.639319926199309e-25
original,dan,25,92,100,30,0.9869837279087905,9.064079153173322e-24
original,dan,25,93,100,30,0.9864745727038531,1.5462352305582597e-23
original,dan,25,94,100,30,0.9875970779062597,4.628842185908774e-24
original,dan,25,95,100,30,0.9854160686144041,4.4116387965824945e-23
original,dan,25,96,100,30,0.9900458999077404,2.160967118004515e-25
original,dan,25,97,100,30,0.9836800443724018,2.1077333076417962e-22
original,dan,25,98,100,30,0.9904363587240623,1.2370270596223047e-25
original,dan,25,99,100,30,0.9902101833571237,1.7135573950597533e-25
original,dan,25,100,100,30,0.9896788730936216,3.5795497563290463e-25
original,dan,25,101,100,30,0.9868298676203052,1.0674935498187441e-23
original,dan,25,102,100,30,0.9825202462398088,5.472246691470462e-22
original,dan,25,103,100,30,0.9869846781100912,9.054872426414035e-24
original,dan,25,104,100,30,0.9853859669648939,4.540009236762295e-23
original,dan,25,105,100,30,0.9849339808979584,6.935152799545597e-23
original,dan,25,106,100,30,0.984878830542248,7.296689861681787e-23
original,dan,25,107,100,30,0.9841135635793522,1.4496770098365538e-22
original,dan,25,108,100,30,0.9800927501469959,3.329508212228348e-21
original,dan,25,109,100,30,0.9787717848273546,8.118930684466657e-21
original,dan,25,110,100,30,0.9900745756790424,2.0757887249690983e-25
original,dan,25,111,100,30,0.9931154532051554,1.261806284556428e-27
original,dan,25,112,100,30,0.9840477386500229,1.5354558547019043e-22
original,dan,25,113,100,30,0.986690803748515,1.2355500809562946e-23
original,dan,25,114,100,30,0.9923948270904854,5.0624442501865295e-27
original,dan,25,115,100,30,0.9875181538704864,5.056274056165142e-24
original,dan,25,116,100,30,0.9913504072426002,3.047968960518022e-26
original,dan,25,117,100,30,0.9835378705985205,2.377808452869694e-22
original,dan,25,118,100,30,0.9905396783052549,1.0631862299831852e-25
original,dan,25,119,100,30,0.9907968149592721,7.240042589124444e-26
original,dan,25,120,100,30,0.9861088684202244,2.2413981115553066e-23
original,dan,25,121,100,30,0.9816542049667702,1.0712303868214341e-21
original,dan,25,122,100,30,0.9902341638076972,1.6559621147713753e-25
original,dan,25,123,100,30,0.9923805858308282,5.1963386513338736e-27
original,dan,25,124,100,30,0.9905731927458228,1.0118593085426277e-25
original,dan,25,125,100,30,0.9874724501811357,5.320248481499066e-24
original,dan,25,126,100,30,0.9901848113673862,1.7765147357605666e-25
original,dan,25,127,100,30,0.9862106089903216,2.0234532184968524e-23
original,dan,25,128,100,30,0.9913932619596848,2.843968769279013e-26
original,dan,25,129,100,30,0.9897493493517542,3.2535339227191906e-25
original,dan,25,130,100,30,0.990834693069548,6.835422354488601e-26
original,dan,25,131,100,30,0.9860259975315626,2.4348038345598064e-23
original,dan,25,132,100,30,0.9906123744833233,9.547718512425157e-26
original,dan,25,133,100,30,0.9797282838467792,4.2827302899314884e-21
original,dan,25,134,100,30,0.9903876415827766,1.327834028910956e-25
original,dan,25,135,100,30,0.991888138138707,1.2450333240869932e-26
original,dan,25,136,100,30,0.982353084275912,6.245839498196312e-22
original,dan,25,137,100,30,0.9873982352347904,5.776283626860201e-24
original,dan,25,138,100,30,0.99092805941894,5.925935428630299e-26
original,dan,25,139,100,30,0.9864579245137444,1.57293487699187e-23
original,dan,25,140,100,30,0.9832332460138774,3.0679626678166585e-22
original,dan,25,141,100,30,0.9865909955367774,1.3709503138159323e-23
original,dan,25,142,100,30,0.9896705410476844,3.620034718029303e-25
original,dan,25,143,100,30,0.9907942714785397,7.267993349776026e-26
original,dan,25,144,100,30,0.9820805765838454,7.7275217622643505e-22
original,dan,25,145,100,30,0.9893496002600245,5.544978821699207e-25
original,dan,25,146,100,30,0.985002047750292,6.511857806215445e-23
original,dan,25,147,100,30,0.9850946444243174,5.974419797734031e-23
original,dan,25,148,100,30,0.9834650242996735,2.5283036238652107e-22
original,dan,25,149,100,30,0.9780595857788472,1.2830486561305702e-20
original,dan,25,150,100,30,0.9874568489152918,5.413246357045537e-24
original,dan,25,151,100,30,0.9868227606612393,1.0755399305199846e-23
original,dan,25,152,100,30,0.9862322541668797,1.9796986750357603e-23
original,dan,25,153,100,30,0.9885778972262185,1.4695314607033289e-24
original,dan,25,154,100,30,0.992200025941245,7.204804100085864e-27
original,dan,25,155,100,30,0.9886116771191557,1.4101335769599526e-24
original,dan,25,156,100,30,0.9745898193832371,9.810378768646804e-20
original,dan,25,157,100,30,0.9873540416847972,6.064803078594901e-24
original,dan,25,158,100,30,0.9863159784605572,1.818585636418788e-23
original,dan,25,159,100,30,0.9743658815035507,1.1077402598207767e-19
original,dan,25,160,100,30,0.9844615959364915,1.0654020473143506e-22
original,dan,25,161,100,30,0.9821434113863878,7.359521387590637e-22
original,dan,25,162,100,30,0.9814046943207348,1.2922754024818243e-21
original,dan,25,163,100,30,0.9884609086882696,1.6936619750306648e-24
original,dan,25,164,100,30,0.9886298021911252,1.3791888211596839e-24
original,dan,25,165,100,30,0.9871621455055,7.479595218954461e-24
original,dan,25,166,100,30,0.9835922796936477,2.2708713428203095e-22
original,dan,25,167,100,30,0.9907955574821815,7.253848736497102e-26
original,dan,25,168,100,30,0.990513877984309,1.1043336516731986e-25
original,dan,25,169,100,30,0.9876232219734594,4.4948152291572186e-24
original,dan,25,170,100,30,0.9874433809319622,5.494738522705274e-24
original,dan,25,171,100,30,0.9902630418067233,1.5889893656249356e-25
original,dan,25,172,100,30,0.9827369448052977,4.601441450868728e-22
original,dan,25,173,100,30,0.980911511742027,1.858659219405576e-21
original,dan,25,174,100,30,0.9758221507050269,4.9284156771819236e-20
original,dan,25,175,100,30,0.9904962462282365,1.133298273698025e-25
original,dan,25,176,100,30,0.9874207891689062,5.633997525256436e-24
original,dan,25,177,100,30,0.9856416532532839,3.551531464000587e-23
original,dan,25,178,100,30,0.9834719476993168,2.5136293946293436e-22
original,dan,25,179,100,30,0.9924449788511347,4.615992765257109e-27
original,dan,25,180,100,30,0.9863417879693309,1.7714283415648165e-23
original,dan,25,181,100,30,0.9804176764437798,2.6496290245124616e-21
original,dan,25,182,100,30,0.990895879896424,6.225879752306306e-26
original,dan,25,183,100,30,0.9892830315389513,6.047951363363292e-25
original,dan,25,184,100,30,0.990399312018125,1.3055342409621506e-25
original,dan,25,185,100,30,0.9755325307143283,5.812130862214724e-20
original,dan,25,186,100,30,0.9818577646255359,9.174516788092968e-22
original,dan,25,187,100,30,0.9846520485871468,8.97500768955865e-23
original,dan,25,188,100,30,0.9878861996913931,3.332942303291514e-24
original,dan,25,189,100,30,0.983712606284553,2.0500231586655431e-22
original,dan,25,190,100,30,0.9899369535729625,2.5150374870707277e-25
original,dan,25,191,100,30,0.9837935721900724,1.9128172994776088e-22
original,dan,25,192,100,30,0.9878917046785907,3.3119113448669375e-24
original,dan,25,193,100,30,0.9741480994868624,1.245359653287112e-19
original,dan,25,194,100,30,0.9855988326296936,3.701755880584258e-23
original,dan,25,195,100,30,0.9888761754330174,1.0164397549574262e-24
original,dan,25,196,100,30,0.983125648204337,3.3531884156299493e-22
original,dan,25,197,100,30,0.9892972228434732,5.937303963134326e-25
original,dan,25,198,100,30,0.9909951497742834,5.343213669247058e-26
original,dan,25,199,100,30,0.9920955762161715,8.674108191661615e-27
original,dan,50,0,100,30,0.9940309541812166,1.721176580230662e-28
original,dan,50,1,100,30,0.9958960357545604,9.181878275033877e-31
original,dan,50,2,100,30,0.9953869628336692,4.7049506517472095e-30
original,dan,50,3,100,30,0.9962208459092944,2.9004357563099885e-31
original,dan,50,4,100,30,0.996241761938401,2.6839477692026708e-31
original,dan,50,5,100,30,0.9981239981863954,1.6189183489779928e-35
original,dan,50,6,100,30,0.9954010041722348,4.508758874086007e-30
original,dan,50,7,100,30,0.9964307814279623,1.3047186981110838e-31
original,dan,50,8,100,30,0.9954972470352689,3.355232094825395e-30
original,dan,50,9,100,30,0.9939691311663711,1.9875208597156647e-28
original,dan,50,10,100,30,0.9953521321221191,5.2263513466355654e-30
original,dan,50,11,100,30,0.9955997984942477,2.431730917112481e-30
original,dan,50,12,100,30,0.9969078167544405,1.7557581462916654e-32
original,dan,50,13,100,30,0.9953495486445738,5.2670862091807534e-30
original,dan,50,14,100,30,0.994023593048326,1.7510537511321098e-28
original,dan,50,15,100,30,0.9942262156769079,1.081733417549214e-28
original,dan,50,16,100,30,0.994372695483209,7.555534577182595e-29
original,dan,50,17,100,30,0.9946595663943363,3.638214467316479e-29
original,dan,50,18,100,30,0.9937320552018932,3.405017005621996e-28
original,dan,50,19,100,30,0.993070424723101,1.3820104779785145e-27
original,dan,50,20,100,30,0.9967687477866599,3.247705683007081e-32
original,dan,50,21,100,30,0.9978941072870933,8.155686902228106e-35
original,dan,50,22,100,30,0.9974790740968039,1.0094845492051466e-33
original,dan,50,23,100,30,0.9935513538075122,5.063481920046441e-28
original,dan,50,24,100,30,0.99651485090529,9.35004672222477e-32
original,dan,50,25,100,30,0.995166608114076,9.029923199505975e-30
original,dan,50,26,100,30,0.9957663307317851,1.4183264445806775e-30
original,dan,50,27,100,30,0.9972678093489787,3.110679653777712e-33
original,dan,50,28,100,30,0.9955425233591443,2.9133688062510897e-30
original,dan,50,29,100,30,0.9953296714233723,5.5904989354459324e-30
original,dan,50,30,100,30,0.9945990650402659,4.258165087258127e-29
original,dan,50,31,100,30,0.9971504721803308,5.600313791671733e-33
original,dan,50,32,100,30,0.9966644550323311,5.063428384891846e-32
original,dan,50,33,100,30,0.995427961554296,4.153212883777779e-30
original,dan,50,34,100,30,0.9939693692714664,1.9864254466237602e-28
original,dan,50,35,100,30,0.9971143256348731,6.679729664317757e-33
original,dan,50,36,100,30,0.9947504193791864,2.862869062726456e-29
original,dan,50,37,100,30,0.9974392174213409,1.2571042895283362e-33
original,dan,50,38,100,30,0.9935170057312032,5.4532792361919315e-28
original,dan,50,39,100,30,0.9951132256043893,1.052754340680567e-29
original,dan,50,40,100,30,0.9946003767849406,4.243743030175395e-29
original,dan,50,41,100,30,0.9913587685156532,3.007131080606449e-26
original,dan,50,42,100,30,0.99697158684051,1.3119931379351357e-32
original,dan,50,43,100,30,0.9977658378217147,1.8647500083237103e-34
original,dan,50,44,100,30,0.9960924119005264,4.627248055945458e-31
original,dan,50,45,100,30,0.9936171655539521,4.387868213995227e-28
original,dan,50,46,100,30,0.995915826199348,8.582085169014734e-31
original,dan,50,47,100,30,0.9941495930425173,1.3003945073977698e-28
original,dan,50,48,100,30,0.9968571318714228,2.203860362414869e-32
original,dan,50,49,100,30,0.9958231346735478,1.174345164624284e-30
original,dan,50,50,100,30,0.9957118263107622,1.695932179012624e-30
original,dan,50,51,100,30,0.9974354378029292,1.2833016547528272e-33
original,dan,50,52,100,30,0.9960272241462544,5.8310224191339765e-31
original,dan,50,53,100,30,0.9914687053367938,2.5153206527233344e-26
original,dan,50,54,100,30,0.9936952000683948,3.6954554185195514e-28
original,dan,50,55,100,30,0.9959940394620397,6.5498836214148595e-31
original,dan,50,56,100,30,0.9963001394273922,2.156468531809385e-31
original,dan,50,57,100,30,0.9969068563859415,1.7633975221513993e-32
original,dan,50,58,100,30,0.9971153584321286,6.646379193458872e-33
original,dan,50,59,100,30,0.9968031307218831,2.796556935333965e-32
original,dan,50,60,100,30,0.9967435488515002,3.620279592110689e-32
original,dan,50,61,100,30,0.9978201106085255,1.3220273041491364e-34
original,dan,50,62,100,30,0.9961253284680973,4.111262881624634e-31
original,dan,50,63,100,30,0.9953385564914474,5.443721250432142e-30
original,dan,50,64,100,30,0.9970022499588828,1.1379850614316545e-32
original,dan,50,65,100,30,0.9965530016390053,8.016604551897641e-32
original,dan,50,66,100,30,0.9953428129443017,5.3746811396517226e-30
original,dan,50,67,100,30,0.9956049857100692,2.3919790753720453e-30
original,dan,50,68,100,30,0.9974873267374047,9.642387290385949e-34
original,dan,50,69,100,30,0.9964921791056901,1.0237139853217886e-31
original,dan,50,70,100,30,0.9966926463840473,4.4968944837709324e-32
original,dan,50,71,100,30,0.992183595593218,7.419468819794673e-27
original,dan,50,72,100,30,0.9970991840583805,7.186854790510644e-33
original,dan,50,73,100,30,0.9943654687748241,7.692178039931063e-29
original,dan,50,74,100,30,0.9958073052490135,1.238091637144527e-30
original,dan,50,75,100,30,0.994836161612189,2.274575513707251e-29
original,dan,50,76,100,30,0.9954785350181086,3.555395178935563e-30
original,dan,50,77,100,30,0.9958418584445071,1.1028802219608428e-30
original,dan,50,78,100,30,0.996410837382728,1.4104059736982364e-31
original,dan,50,79,100,30,0.9972420169832666,3.547443299579424e-33
original,dan,50,80,100,30,0.9969152876421342,1.6973707408070276e-32
original,dan,50,81,100,30,0.9963431138081692,1.8315625056171325e-31
original,dan,50,82,100,30,0.9968951995942232,1.8586169655583962e-32
original,dan,50,83,100,30,0.9944338827837984,6.48565490195234e-29
original,dan,50,84,100,30,0.9939327407217126,2.161687744436638e-28
original,dan,50,85,100,30,0.9952876843047314,6.335149952122114e-30
original,dan,50,86,100,30,0.9972101446919821,4.165744951064695e-33
original,dan,50,87,100,30,0.9970971513814689,7.257591422099205e-33
original,dan,50,88,100,30,0.9972232725420048,3.899863071074556e-33
original,dan,50,89,100,30,0.9948907084471239,1.9609973951735184e-29
original,dan,50,90,100,30,0.9946401856804118,3.8270334344207326e-29
original,dan,50,91,100,30,0.9959863914405188,6.726827032460324e-31
original,dan,50,92,100,30,0.9964025312062265,1.456722452275817e-31
original,dan,50,93,100,30,0.995424619674552,4.19583057471401e-30
original,dan,50,94,100,30,0.9935670287637415,4.89433301896029e-28
original,dan,50,95,100,30,0.9970303670610638,9.975018207702403e-33
original,dan,50,96,100,30,0.9961485289493273,3.78025348167712e-31
original,dan,50,97,100,30,0.9965282922034471,8.858383720158581e-32
original,dan,50,98,100,30,0.9958539673674872,1.0588356520033499e-30
original,dan,50,99,100,30,0.9955613437138202,2.7461187397841894e-30
original,dan,50,100,100,30,0.9970243315240568,1.0262249937180438e-32
original,dan,50,101,100,30,0.9960908835838926,4.652606367972226e-31
original,dan,50,102,100,30,0.9957174511924521,1.665109033476889e-30
original,dan,50,103,100,30,0.994916840009532,1.8254474306159058e-29
original,dan,50,104,100,30,0.9960711587817624,4.991677010324782e-31
original,dan,50,105,100,30,0.9973879174353693,1.6589553790821076e-33
original,dan,50,106,100,30,0.9960953819179711,4.578335137223812e-31
original,dan,50,107,100,30,0.9955819703904669,2.5730797614940105e-30
original,dan,50,108,100,30,0.9961463617107519,3.810092768671421e-31
original,dan,50,109,100,30,0.9944035038464604,6.997898890186371e-29
original,dan,50,110,100,30,0.9965526328729452,8.028601746010215e-32
original,dan,50,111,100,30,0.9952547084655685,6.983435639281714e-30
original,dan,50,112,100,30,0.9942690141067736,9.749812186421019e-29
original,dan,50,113,100,30,0.9956179530683532,2.2952281977393875e-30
original,dan,50,114,100,30,0.993561491972538,4.953472247664564e-28
original,dan,50,115,100,30,0.9948599619204247,2.1324307459306427e-29
original,dan,50,116,100,30,0.996040122020313,5.571948947470563e-31
original,dan,50,117,100,30,0.9962150493091503,2.963239231097681e-31
original,dan,50,118,100,30,0.9962737006874937,2.3821365154865077e-31
original,dan,50,119,100,30,0.9948600709281961,2.1317991144400994e-29
original,dan,50,120,100,30,0.9946450142374051,3.7791581815451063e-29
original,dan,50,121,100,30,0.9965459182887383,8.249985668927343e-32
original,dan,50,122,100,30,0.9977035087078304,2.7400452772657404e-34
original,dan,50,123,100,30,0.9960035983610095,6.334805358465968e-31
original,dan,50,124,100,30,0.9972252459124283,3.8612862094002076e-33
original,dan,50,125,100,30,0.9946050522276919,4.1927065777768013e-29
original,dan,50,126,100,30,0.9961184007770326,4.215199833181159e-31
original,dan,50,127,100,30,0.9965105441426917,9.512863638275821e-32
original,dan,50,128,100,30,0.9974389409633068,1.2590035192838519e-33
original,dan,50,129,100,30,0.9975199909324247,8.029938720144412e-34
original,dan,50,130,100,30,0.9952924165645548,6.246841249465892e-30
original,dan,50,131,100,30,0.9948518602484128,2.1798641042985056e-29
original,dan,50,132,100,30,0.9948528119090134,2.174242028967909e-29
original,dan,50,133,100,30,0.995212630874839,7.900130309150986e-30
original,dan,50,134,100,30,0.9973388153555693,2.1524779084855796e-33
original,dan,50,135,100,30,0.9948522608981178,2.1774955644323034e-29
original,dan,50,136,100,30,0.9927064214220125,2.8237481429286855e-27
original,dan,50,137,100,30,0.9949056246472866,1.8825216265466463e-29
original,dan,50,138,100,30,0.9938584796314186,2.5619081966409942e-28
original,dan,50,139,100,30,0.994676652355568,3.4789624661920746e-29
original,dan,50,140,100,30,0.9957048366741919,1.734971875656794e-30
original,dan,50,141,100,30,0.995273994351347,6.597186712484212e-30
original,dan,50,142,100,30,0.9960185775972288,6.0109151135538165e-31
original,dan,50,143,100,30,0.9963633706006507,1.6947342706508767e-31
original,dan,50,144,100,30,0.9936870745362011,3.7625079439676165e-28
original,dan,50,145,100,30,0.9949132457766896,1.8435609136898312e-29
original,dan,50,146,100,30,0.9953630362514199,5.0576219291878664e-30
original,dan,50,147,100,30,0.998337256504511,2.9927835802756574e-36
original,dan,50,148,100,30,0.9973110901404948,2.4881860740320327e-33
original,dan,50,149,100,30,0.994522830109056,5.17896361428937e-29
original,dan,50,150,100,30,0.9940692444157349,1.573251563482203e-28
original,dan,50,151,100,30,0.997026404978774,1.0162719371638892e-32
original,dan,50,152,100,30,0.99669607907832,4.432083491006659e-32
original,dan,50,153,100,30,0.9969653187387105,1.3504746706013358e-32
original,dan,50,154,100,30,0.996490843166315,1.029177446277853e-31
original,dan,50,155,100,30,0.9945962243883127,4.2895528849584344e-29
original,dan,50,156,100,30,0.995551150372391,2.8355633281492776e-30
original,dan,50,157,100,30,0.9970564506631676,8.817433188801363e-33
original,dan,50,158,100,30,0.9955833077301303,2.5622178039336174e-30
original,dan,50,159,100,30,0.9943981956686392,7.091168398458013e-29
original,dan,50,160,100,30,0.9973312933403273,2.2391360867450817e-33
original,dan,50,161,100,30,0.9968651924365383,2.1261383435562968e-32
original,dan,50,162,100,30,0.9956274759382925,2.2265045072360454e-30
original,dan,50,163,100,30,0.9955420475070383,2.917717569735277e-30
original,dan,50,164,100,30,0.997054917373137,8.881870443121631e-33
original,dan,50,165,100,30,0.993756573269095,3.223695798943726e-28
original,dan,50,166,100,30,0.9956710673828237,1.9356164264636695e-30
original,dan,50,167,100,30,0.9968416965381396,2.360103855382593e-32
original,dan,50,168,100,30,0.994360786123725,7.781939080711856e-29
original,dan,50,169,100,30,0.9938973617008398,2.344501723747265e-28
original,dan,50,170,100,30,0.9968267879476276,2.520722990451474e-32
original,dan,50,171,100,30,0.9967445852642313,3.604204724573906e-32
original,dan,50,172,100,30,0.9920710903325484,9.056609620875435e-27
original,dan,50,173,100,30,0.9940178340733963,1.77476297711868e-28
original,dan,50,174,100,30,0.995050936330497,1.256530651748205e-29
original,dan,50,175,100,30,0.9954333449273154,4.0854049550637115e-30
original,dan,50,176,100,30,0.996353044280343,1.7632528310720785e-31
original,dan,50,177,100,30,0.9959731522754084,7.043654046316826e-31
original,dan,50,178,100,30,0.995166436729483,9.034397438691753e-30
original,dan,50,179,100,30,0.9969278364326523,1.6033379662730157e-32
original,dan,50,180,100,30,0.9972135389101165,4.095433466792819e-33
original,dan,50,181,100,30,0.9977077339033343,2.6703739095986434e-34
original,dan,50,182,100,30,0.9961781641951915,3.3933960668815385e-31
original,dan,50,183,100,30,0.9956322192570717,2.1929907323655953e-30
original,dan,50,184,100,30,0.9974908001147836,9.457647002806581e-34
original,dan,50,185,100,30,0.9971674667899565,5.1509427387453806e-33
original,dan,50,186,100,30,0.9978181051357882,1.3391406895655754e-34
original,dan,50,187,100,30,0.9945333669046863,5.041533845707686e-29
original,dan,50,188,100,30,0.9968791784927639,1.9972896005930245e-32
original,dan,50,189,100,30,0.9958975822090643,9.13364380982522e-31
original,dan,50,190,100,30,0.9946412987370811,3.815947788443036e-29
original,dan,50,191,100,30,0.9962345942541397,2.756386192498895e-31
original,dan,50,192,100,30,0.9970258830239295,1.0187689639597137e-32
original,dan,50,193,100,30,0.9960410103167202,5.554505504634594e-31
original,dan,50,194,100,30,0.996475614635528,1.093398879042671e-31
original,dan,50,195,100,30,0.9964401425564641,1.2576913271046168e-31
original,dan,50,196,100,30,0.9946840084253833,3.412412624041288e-29
original,dan,50,197,100,30,0.9958307063863053,1.1449429825646644e-30
original,dan,50,198,100,30,0.993650621918969,4.077448534824731e-28
original,dan,50,199,100,30,0.9959223778254376,8.391678844293425e-31
original,dan,75,0,100,30,0.9985264956457984,5.520019009024168e-37
original,dan,75,1,100,30,0.9980537595815285,2.7072290442554447e-35
original,dan,75,2,100,30,0.9987241883433686,7.354510066573158e-38
original,dan,75,3,100,30,0.9988252277776308,2.3182461452475084e-38
original,dan,75,4,100,30,0.9990086865627011,2.1539998918369234e-39
original,dan,75,5,100,30,0.9990035242626192,2.3163936698741593e-39
original,dan,75,6,100,30,0.9984758902724387,8.8534902631309e-37
original,dan,75,7,100,30,0.9981542905496756,1.289216843238397e-35
original,dan,75,8,100,30,0.9982847552455784,4.623263799351134e-36
original,dan,75,9,100,30,0.9977834608325515,1.6692335220801534e-34
original,dan,75,10,100,30,0.9987103215409585,8.555502335273108e-38
original,dan,75,11,100,30,0.9990642252431912,9.612508204096923e-40
original,dan,75,12,100,30,0.9986511705042938,1.6023157195082608e-37
original,dan,75,13,100,30,0.999113086056518,4.538451600482264e-40
original,dan,75,14,100,30,0.9989708964440897,3.6359614225743466e-39
original,dan,75,15,100,30,0.9992244242648484,6.943834935604063e-41
original,dan,75,16,100,30,0.9977808343989607,1.6971115846455892e-34
original,dan,75,17,100,30,0.9989855167440644,2.9761791385819143e-39
original,dan,75,18,100,30,0.9989846289873147,3.0128326682471127e-39
original,dan,75,19,100,30,0.9978967875896478,8.011689849725213e-35
original,dan,75,20,100,30,0.9983638522203907,2.3884008219597583e-36
original,dan,75,21,100,30,0.9990707837646102,8.711451063933823e-40
original,dan,75,22,100,30,0.9986094959936058,2.452736467006479e-37
original,dan,75,23,100,30,0.9986008766814953,2.6742417768347886e-37
original,dan,75,24,100,30,0.9986213525613987,2.1757839999145626e-37
original,dan,75,25,100,30,0.9983799107370054,2.0805558701419216e-36
original,dan,75,26,100,30,0.9980317587216583,3.168201963330642e-35
original,dan,75,27,100,30,0.9982549786952036,5.8818647541399073e-36
original,dan,75,28,100,30,0.9984012780211058,1.7278727076663322e-36
original,dan,75,29,100,30,0.9987696850696011,4.4247616780933516e-38
original,dan,75,30,100,30,0.998893509459896,1.0028963434079401e-38
original,dan,75,31,100,30,0.9985011858178259,7.005240175395074e-37
original,dan,75,32,100,30,0.9988563542359876,1.592104579287801e-38
original,dan,75,33,100,30,0.9983828242285087,2.0288176623768676e-36
original,dan,75,34,100,30,0.999178866695034,1.5435889941313943e-40
original,dan,75,35,100,30,0.9991211516725822,3.993771723023509e-40
original,dan,75,36,100,30,0.9991687643150997,1.8316910029331646e-40
original,dan,75,37,100,30,0.9984189566624813,1.4789379710332152e-36
original,dan,75,38,100,30,0.9992012778085639,1.0479484289973054e-40
original,dan,75,39,100,30,0.9987997555141347,3.129803733886813e-38
original,dan,75,40,100,30,0.9992176036017119,7.849070371955139e-41
original,dan,75,41,100,30,0.9986094457872929,2.4539758483103163e-37
original,dan,75,42,100,30,0.9979906177298399,4.231395229243221e-35
original,dan,75,43,100,30,0.9987731443046193,4.2538252887738534e-38
original,dan,75,44,100,30,0.9985955447845705,2.820416309721324e-37
original,dan,75,45,100,30,0.9986247868414004,2.101164456189721e-37
original,dan,75,46,100,30,0.9989842238649057,3.0296981758112295e-39
original,dan,75,47,100,30,0.9988779627732313,1.219126910865036e-38
original,dan,75,48,100,30,0.999189946200632,1.2763318843026476e-40
original,dan,75,49,100,30,0.9985985982821648,2.735821587130811e-37
original,dan,75,50,100,30,0.9987452478702457,5.826510363267344e-38
original,dan,75,51,100,30,0.9987163068374012,8.016378968457088e-38
original,dan,75,52,100,30,0.9988866848000019,1.093009968314497e-38
original,dan,75,53,100,30,0.9981104500655096,1.7903621699547465e-35
original,dan,75,54,100,30,0.9988930639424741,1.0085617230077908e-38
original,dan,75,55,100,30,0.9990055102776406,2.2526182104322264e-39
original,dan,75,56,100,30,0.9983596267345369,2.476157385444762e-36
original,dan,75,57,100,30,0.9987756073180196,4.1358761734686767e-38
original,dan,75,58,100,30,0.9988802565846551,1.1847111625888706e-38
original,dan,75,59,100,30,0.9979717777669554,4.821426313011615e-35
original,dan,75,60,100,30,0.9990106605444274,2.094747055061246e-39
original,dan,75,61,100,30,0.9980750640359324,2.3209103619019106e-35
original,dan,75,62,100,30,0.9987517323981014,5.419038287975871e-38
original,dan,75,63,100,30,0.9986622382533275,1.4278458831217375e-37
original,dan,75,64,100,30,0.9980273595929746,3.2687033385917387e-35
original,dan,75,65,100,30,0.9985067699418743,6.648792315852931e-37
original,dan,75,66,100,30,0.9983909832182188,1.8902158295815913e-36
original,dan,75,67,100,30,0.9976560953061273,3.6465714757995145e-34
original,dan,75,68,100,30,0.9981891381196009,9.874741374714643e-36
original,dan,75,69,100,30,0.9988833974135385,1.1390488010049393e-38
original,dan,75,70,100,30,0.9983772017339934,2.1297592682473762e-36
original,dan,75,71,100,30,0.9992930021551915,1.9006161071166218e-41
original,dan,75,72,100,30,0.9985908608434415,2.9549130023768693e-37
original,dan,75,73,100,30,0.9982665704740933,5.3582378124006586e-36
original,dan,75,74,100,30,0.9976811067233429,3.138499570744313e-34
original,dan,75,75,100,30,0.998244599389437,6.390646974853444e-36
original,dan,75,76,100,30,0.9986657986880312,1.3755835807181733e-37
original,dan,75,77,100,30,0.9984461974689253,1.1597128865896783e-36
original,dan,75,78,100,30,0.9985980745090631,2.7501628366512967e-37
original,dan,75,79,100,30,0.9988988511328579,9.372312546784935e-39
original,dan,75,80,100,30,0.9984619880768231,1.0052785206290169e-36
original,dan,75,81,100,30,0.9986797814890952,1.1870423317689986e-37
original,dan,75,82,100,30,0.99860358496033,2.602718073969008e-37
original,dan,75,83,100,30,0.9988871827672524,1.086188723877242e-38
original,dan,75,84,100,30,0.9987939509734608,3.3483835951342767e-38
original,dan,75,85,100,30,0.9988594709247577,1.532454196976303e-38
original,dan,75,86,100,30,0.9993699543832679,3.7883655369276005e-42
original,dan,75,87,100,30,0.9974910215897888,9.445979477186133e-34
original,dan,75,88,100,30,0.998303284008119,3.971552210364183e-36
original,dan,75,89,100,30,0.9985688308450971,3.671181050840869e-37
original,dan,75,90,100,30,0.999324453983668,1.0052941634118622e-41
original,dan,75,91,100,30,0.998811504759073,2.7273210417823075e-38
original,dan,75,92,100,30,0.9986828094083446,1.1495117658057116e-37
original,dan,75,93,100,30,0.9989476693228768,4.9689219070836917e-39
original,dan,75,94,100,30,0.9985166606849006,6.058454090236525e-37
original,dan,75,95,100,30,0.9985794017139357,3.3094676089151315e-37
original,dan,75,96,100,30,0.9992551635406645,3.942706040082177e-41
original,dan,75,97,100,30,0.9987830516781193,3.7975797705777125e-38
original,dan,75,98,100,30,0.998801282893074,3.074531193200141e-38
original,dan,75,99,100,30,0.998676874798575,1.2241377089757938e-37
original,dan,75,100,100,30,0.9984939713362425,7.492042343832495e-37
original,dan,75,101,100,30,0.9985526498194951,4.296553975545627e-37
original,dan,75,102,100,30,0.9991456539371908,2.6886006826756903e-40
original,dan,75,103,100,30,0.9986714488137489,1.296280155385946e-37
original,dan,75,104,100,30,0.9989226199474097,6.906053442301385e-39
original,dan,75,105,100,30,0.9989231331162699,6.860165027907883e-39
original,dan,75,106,100,30,0.9982194620986486,7.797012539308095e-36
original,dan,75,107,100,30,0.999193582704565,1.1984413565248517e-40
original,dan,75,108,100,30,0.9979924341291692,4.1782047095041686e-35
original,dan,75,109,100,30,0.9994236224461582,1.0896429806246545e-42
original,dan,75,110,100,30,0.9983682214444294,2.3007024224146633e-36
original,dan,75,111,100,30,0.9977500888997358,2.0572561225163743e-34
original,dan,75,112,100,30,0.9978775128529949,9.102074025043467e-35
original,dan,75,113,100,30,0.9988349662947668,2.063349092225071e-38
original,dan,75,114,100,30,0.9982365298585602,6.81411829686902e-36
original,dan,75,115,100,30,0.9975687216251133,6.083879749552962e-34
original,dan,75,116,100,30,0.9972278337300794,3.811234511703779e-33
original,dan,75,117,100,30,0.9988224641741363,2.3957345891047107e-38
original,dan,75,118,100,30,0.9987357074627788,6.477959579197725e-38
original,dan,75,119,100,30,0.9985889218003077,3.0123149468307245e-37
original,dan,75,120,100,30,0.997814894616899,1.3669658837023703e-34
original,dan,75,121,100,30,0.9984123230424172,1.5681572585812045e-36
original,dan,75,122,100,30,0.9986541199414466,1.5539825044483446e-37
original,dan,75,123,100,30,0.996715630446862,4.0791788571222105e-32
original,dan,75,124,100,30,0.9985578907029247,4.083926225047693e-37
original,dan,75,125,100,30,0.998723671597144,7.396300340463156e-38
original,dan,75,126,100,30,0.9978007018498599,1.496526299950664e-34
original,dan,75,127,100,30,0.9983776565481832,2.1214237628162522e-36
original,dan,75,128,100,30,0.9984767381702856,8.784828629970285e-37
original,dan,75,129,100,30,0.999079521365843,7.632563990537704e-40
original,dan,75,130,100,30,0.9987263849437057,7.179301615326211e-38
original,dan,75,131,100,30,0.9985048932141973,6.766664853186017e-37
original,dan,75,132,100,30,0.999105839871437,5.085832552829538e-40
original,dan,75,133,100,30,0.9979083825402216,7.415533893162709e-35
original,dan,75,134,100,30,0.9985793743848497,3.3103585042053714e-37
original,dan,75,135,100,30,0.9985238343897077,5.66115175284587e-37
original,dan,75,136,100,30,0.9986253123109773,2.089959013701231e-37
original,dan,75,137,100,30,0.9981865795580088,1.0071716867420614e-35
original,dan,75,138,100,30,0.9985621150339073,3.919697505465541e-37
original,dan,75,139,100,30,0.9987633100458659,4.756599856144452e-38
original,dan,75,140,100,30,0.9985948395653215,2.8402960161744953e-37
original,dan,75,141,100,30,0.998490730095525,7.720814514389014e-37
original,dan,75,142,100,30,0.9990681907352994,9.057888198882401e-40
original,dan,75,143,100,30,0.999234017384355,5.833785717009751e-41
original,dan,75,144,100,30,0.9987326743934085,6.698832763456961e-38
original,dan,75,145,100,30,0.9987280277166388,7.050810113450777e-38
original,dan,75,146,100,30,0.9988220577428074,2.407331225156602e-38
original,dan,75,147,100,30,0.9990221094080394,1.7798807470699243e-39
original,dan,75,148,100,30,0.9987260070346886,7.209166214376549e-38
original,dan,75,149,100,30,0.9984254004629521,1.3968049932951755e-36
original,dan,75,150,100,30,0.9986385136868847,1.8260046613893423e-37
original,dan,75,151,100,30,0.9983949490554271,1.8260695778576368e-36
original,dan,75,152,100,30,0.9986611731797784,1.4438343028922647e-37
original,dan,75,153,100,30,0.9989977445133167,2.511661597802567e-39
original,dan,75,154,100,30,0.9981440422631738,1.393045811082618e-35
original,dan,75,155,100,30,0.9989648187508242,3.948259576754864e-39
original,dan,75,156,100,30,0.9989247654393214,6.716075617772367e-39
original,dan,75,157,100,30,0.9987643509135087,4.7008872535003505e-38
original,dan,75,158,100,30,0.9971101015389793,6.817755388310414e-33
original,dan,75,159,100,30,0.998821773797043,2.415463903876356e-38
original,dan,75,160,100,30,0.9990241953586154,1.727479752168653e-39
original,dan,75,161,100,30,0.9987447596290365,5.85831385340298e-38
original,dan,75,162,100,30,0.9992147311140858,8.262135586290265e-41
original,dan,75,163,100,30,0.9983376241526966,2.983539287202756e-36
original,dan,75,164,100,30,0.998771398793339,4.3392972951786566e-38
original,dan,75,165,100,30,0.9985098693543631,6.458291734558327e-37
original,dan,75,166,100,30,0.997573874009054,5.906027918467987e-34
original,dan,75,167,100,30,0.9984982069422877,7.202567809261502e-37
original,dan,75,168,100,30,0.9989470563275009,5.009579459211093e-39
original,dan,75,169,100,30,0.998059918486697,2.58982309654666e-35
original,dan,75,170,100,30,0.9989411092961261,5.4203776308392345e-39
original,dan,75,171,100,30,0.9983123056845883,3.686115551555194e-36
original,dan,75,172,100,30,0.9984974808593444,7.251441249254002e-37
original,dan,75,173,100,30,0.997905739113628,7.547702577765606e-35
original,dan,75,174,100,30,0.9985061793444342,6.68567906238776e-37
original,dan,75,175,100,30,0.9982607426712122,5.6158273905563175e-36
original,dan,75,176,100,30,0.9988340085066285,2.087212535916283e-38
original,dan,75,177,100,30,0.9993773579189461,3.210717029963524e-42
original,dan,75,178,100,30,0.9986380575322387,1.8345832861813665e-37
original,dan,75,179,100,30,0.9984681452572693,9.504143875984058e-37
original,dan,75,180,100,30,0.9990925061975506,6.25639350800778e-40
original,dan,75,181,100,30,0.9986522147917468,1.5850453249202882e-37
original,dan,75,182,100,30,0.9988920354101829,1.0217546385435313e-38
original,dan,75,183,100,30,0.9980218012572546,3.399920815682606e-35
original,dan,75,184,100,30,0.997709713410195,2.6383018634270653e-34
original,dan,75,185,100,30,0.998046080454282,2.860535936483873e-35
original,dan,75,186,100,30,0.998996179317686,2.5671116561836027e-39
original,dan,75,187,100,30,0.9989128901592429,7.831901926015217e-39
original,dan,75,188,100,30,0.9984276659619095,1.3689497498798721e-36
original,dan,75,189,100,30,0.9989420740425602,5.3516784757411504e-39
original,dan,75,190,100,30,0.9980636163459053,2.521621381499434e-35
original,dan,75,191,100,30,0.9984304173524967,1.3358139560298643e-36
original,dan,75,192,100,30,0.998482342411443,8.343291258216657e-37
original,dan,75,193,100,30,0.9968406108906138,2.371471424439239e-32
original,dan,75,194,100,30,0.9986622579586844,1.4275516298049298e-37
original,dan,75,195,100,30,0.9990558069141162,1.0896007609685964e-39
original,dan,75,196,100,30,0.9981373485209821,1.464997949152617e-35
original,dan,75,197,100,30,0.9989775638553744,3.3198346553533645e-39
original,dan,75,198,100,30,0.9986769241608999,1.2234988595449646e-37
original,dan,75,199,100,30,0.9983204175816895,3.4458453743435255e-36
original,dan,100,0,100,30,0.9999999999999999,0.0
original,dan,100,1,100,30,0.9999999999999999,0.0
original,dan,100,2,100,30,0.9999999999999999,0.0
original,dan,100,3,100,30,0.9999999999999999,0.0
original,dan,100,4,100,30,0.9999999999999999,0.0
original,dan,100,5,100,30,0.9999999999999999,0.0
original,dan,100,6,100,30,0.9999999999999999,0.0
original,dan,100,7,100,30,0.9999999999999999,0.0
original,dan,100,8,100,30,0.9999999999999999,0.0
original,dan,100,9,100,30,0.9999999999999999,0.0
original,dan,100,10,100,30,0.9999999999999999,0.0
original,dan,100,11,100,30,0.9999999999999999,0.0
original,dan,100,12,100,30,0.9999999999999999,0.0
original,dan,100,13,100,30,0.9999999999999999,0.0
original,dan,100,14,100,30,0.9999999999999999,0.0
original,dan,100,15,100,30,0.9999999999999999,0.0
original,dan,100,16,100,30,0.9999999999999999,0.0
original,dan,100,17,100,30,0.9999999999999999,0.0
original,dan,100,18,100,30,0.9999999999999999,0.0
original,dan,100,19,100,30,0.9999999999999999,0.0
original,dan,100,20,100,30,0.9999999999999999,0.0
original,dan,100,21,100,30,0.9999999999999999,0.0
original,dan,100,22,100,30,0.9999999999999999,0.0
original,dan,100,23,100,30,0.9999999999999999,0.0
original,dan,100,24,100,30,0.9999999999999999,0.0
original,dan,100,25,100,30,0.9999999999999999,0.0
original,dan,100,26,100,30,0.9999999999999999,0.0
original,dan,100,27,100,30,0.9999999999999999,0.0
original,dan,100,28,100,30,0.9999999999999999,0.0
original,dan,100,29,100,30,0.9999999999999999,0.0
original,dan,100,30,100,30,0.9999999999999999,0.0
original,dan,100,31,100,30,0.9999999999999999,0.0
original,dan,100,32,100,30,0.9999999999999999,0.0
original,dan,100,33,100,30,0.9999999999999999,0.0
original,dan,100,34,100,30,0.9999999999999999,0.0
original,dan,100,35,100,30,0.9999999999999999,0.0
original,dan,100,36,100,30,0.9999999999999999,0.0
original,dan,100,37,100,30,0.9999999999999999,0.0
original,dan,100,38,100,30,0.9999999999999999,0.0
original,dan,100,39,100,30,0.9999999999999999,0.0
original,dan,100,40,100,30,0.9999999999999999,0.0
original,dan,100,41,100,30,0.9999999999999999,0.0
original,dan,100,42,100,30,0.9999999999999999,0.0
original,dan,100,43,100,30,0.9999999999999999,0.0
original,dan,100,44,100,30,0.9999999999999999,0.0
original,dan,100,45,100,30,0.9999999999999999,0.0
original,dan,100,46,100,30,0.9999999999999999,0.0
original,dan,100,47,100,30,0.9999999999999999,0.0
original,dan,100,48,100,30,0.9999999999999999,0.0
original,dan,100,49,100,30,0.9999999999999999,0.0
original,dan,100,50,100,30,0.9999999999999999,0.0
original,dan,100,51,100,30,0.9999999999999999,0.0
original,dan,100,52,100,30,0.9999999999999999,0.0
original,dan,100,53,100,30,0.9999999999999999,0.0
original,dan,100,54,100,30,0.9999999999999999,0.0
original,dan,100,55,100,30,0.9999999999999999,0.0
original,dan,100,56,100,30,0.9999999999999999,0.0
original,dan,100,57,100,30,0.9999999999999999,0.0
original,dan,100,58,100,30,0.9999999999999999,0.0
original,dan,100,59,100,30,0.9999999999999999,0.0
original,dan,100,60,100,30,0.9999999999999999,0.0
original,dan,100,61,100,30,0.9999999999999999,0.0
original,dan,100,62,100,30,0.9999999999999999,0.0
original,dan,100,63,100,30,0.9999999999999999,0.0
original,dan,100,64,100,30,0.9999999999999999,0.0
original,dan,100,65,100,30,0.9999999999999999,0.0
original,dan,100,66,100,30,0.9999999999999999,0.0
original,dan,100,67,100,30,0.9999999999999999,0.0
original,dan,100,68,100,30,0.9999999999999999,0.0
original,dan,100,69,100,30,0.9999999999999999,0.0
original,dan,100,70,100,30,0.9999999999999999,0.0
original,dan,100,71,100,30,0.9999999999999999,0.0
original,dan,100,72,100,30,0.9999999999999999,0.0
original,dan,100,73,100,30,0.9999999999999999,0.0
original,dan,100,74,100,30,0.9999999999999999,0.0
original,dan,100,75,100,30,0.9999999999999999,0.0
original,dan,100,76,100,30,0.9999999999999999,0.0
original,dan,100,77,100,30,0.9999999999999999,0.0
original,dan,100,78,100,30,0.9999999999999999,0.0
original,dan,100,79,100,30,0.9999999999999999,0.0
original,dan,100,80,100,30,0.9999999999999999,0.0
original,dan,100,81,100,30,0.9999999999999999,0.0
original,dan,100,82,100,30,0.9999999999999999,0.0
original,dan,100,83,100,30,0.9999999999999999,0.0
original,dan,100,84,100,30,0.9999999999999999,0.0
original,dan,100,85,100,30,0.9999999999999999,0.0
original,dan,100,86,100,30,0.9999999999999999,0.0
original,dan,100,87,100,30,0.9999999999999999,0.0
original,dan,100,88,100,30,0.9999999999999999,0.0
original,dan,100,89,100,30,0.9999999999999999,0.0
original,dan,100,90,100,30,0.9999999999999999,0.0
original,dan,100,91,100,30,0.9999999999999999,0.0
original,dan,100,92,100,30,0.9999999999999999,0.0
original,dan,100,93,100,30,0.9999999999999999,0.0
original,dan,100,94,100,30,0.9999999999999999,0.0
original,dan,100,95,100,30,0.9999999999999999,0.0
original,dan,100,96,100,30,0.9999999999999999,0.0
original,dan,100,97,100,30,0.9999999999999999,0.0
original,dan,100,98,100,30,0.9999999999999999,0.0
original,dan,100,99,100,30,0.9999999999999999,0.0
original,dan,100,100,100,30,0.9999999999999999,0.0
original,dan,100,101,100,30,0.9999999999999999,0.0
original,dan,100,102,100,30,0.9999999999999999,0.0
original,dan,100,103,100,30,0.9999999999999999,0.0
original,dan,100,104,100,30,0.9999999999999999,0.0
original,dan,100,105,100,30,0.9999999999999999,0.0
original,dan,100,106,100,30,0.9999999999999999,0.0
original,dan,100,107,100,30,0.9999999999999999,0.0
original,dan,100,108,100,30,0.9999999999999999,0.0
original,dan,100,109,100,30,0.9999999999999999,0.0
original,dan,100,110,100,30,0.9999999999999999,0.0
original,dan,100,111,100,30,0.9999999999999999,0.0
original,dan,100,112,100,30,0.9999999999999999,0.0
original,dan,100,113,100,30,0.9999999999999999,0.0
original,dan,100,114,100,30,0.9999999999999999,0.0
original,dan,100,115,100,30,0.9999999999999999,0.0
original,dan,100,116,100,30,0.9999999999999999,0.0
original,dan,100,117,100,30,0.9999999999999999,0.0
original,dan,100,118,100,30,0.9999999999999999,0.0
original,dan,100,119,100,30,0.9999999999999999,0.0
original,dan,100,120,100,30,0.9999999999999999,0.0
original,dan,100,121,100,30,0.9999999999999999,0.0
original,dan,100,122,100,30,0.9999999999999999,0.0
original,dan,100,123,100,30,0.9999999999999999,0.0
original,dan,100,124,100,30,0.9999999999999999,0.0
original,dan,100,125,100,30,0.9999999999999999,0.0
original,dan,100,126,100,30,0.9999999999999999,0.0
original,dan,100,127,100,30,0.9999999999999999,0.0
original,dan,100,128,100,30,0.9999999999999999,0.0
original,dan,100,129,100,30,0.9999999999999999,0.0
original,dan,100,130,100,30,0.9999999999999999,0.0
original,dan,100,131,100,30,0.9999999999999999,0.0
original,dan,100,132,100,30,0.9999999999999999,0.0
original,dan,100,133,100,30,0.9999999999999999,0.0
original,dan,100,134,100,30,0.9999999999999999,0.0
original,dan,100,135,100,30,0.9999999999999999,0.0
original,dan,100,136,100,30,0.9999999999999999,0.0
original,dan,100,137,100,30,0.9999999999999999,0.0
original,dan,100,138,100,30,0.9999999999999999,0.0
original,dan,100,139,100,30,0.9999999999999999,0.0
original,dan,100,140,100,30,0.9999999999999999,0.0
original,dan,100,141,100,30,0.9999999999999999,0.0
original,dan,100,142,100,30,0.9999999999999999,0.0
original,dan,100,143,100,30,0.9999999999999999,0.0
original,dan,100,144,100,30,0.9999999999999999,0.0
original,dan,100,145,100,30,0.9999999999999999,0.0
original,dan,100,146,100,30,0.9999999999999999,0.0
original,dan,100,147,100,30,0.9999999999999999,0.0
original,dan,100,148,100,30,0.9999999999999999,0.0
original,dan,100,149,100,30,0.9999999999999999,0.0
original,dan,100,150,100,30,0.9999999999999999,0.0
original,dan,100,151,100,30,0.9999999999999999,0.0
original,dan,100,152,100,30,0.9999999999999999,0.0
original,dan,100,153,100,30,0.9999999999999999,0.0
original,dan,100,154,100,30,0.9999999999999999,0.0
original,dan,100,155,100,30,0.9999999999999999,0.0
original,dan,100,156,100,30,0.9999999999999999,0.0
original,dan,100,157,100,30,0.9999999999999999,0.0
original,dan,100,158,100,30,0.9999999999999999,0.0
original,dan,100,159,100,30,0.9999999999999999,0.0
original,dan,100,160,100,30,0.9999999999999999,0.0
original,dan,100,161,100,30,0.9999999999999999,0.0
original,dan,100,162,100,30,0.9999999999999999,0.0
original,dan,100,163,100,30,0.9999999999999999,0.0
original,dan,100,164,100,30,0.9999999999999999,0.0
original,dan,100,165,100,30,0.9999999999999999,0.0
original,dan,100,166,100,30,0.9999999999999999,0.0
original,dan,100,167,100,30,0.9999999999999999,0.0
original,dan,100,168,100,30,0.9999999999999999,0.0
original,dan,100,169,100,30,0.9999999999999999,0.0
original,dan,100,170,100,30,0.9999999999999999,0.0
original,dan,100,171,100,30,0.9999999999999999,0.0
original,dan,100,172,100,30,0.9999999999999999,0.0
original,dan,100,173,100,30,0.9999999999999999,0.0
original,dan,100,174,100,30,0.9999999999999999,0.0
original,dan,100,175,100,30,0.9999999999999999,0.0
original,dan,100,176,100,30,0.9999999999999999,0.0
original,dan,100,177,100,30,0.9999999999999999,0.0
original,dan,100,178,100,30,0.9999999999999999,0.0
original,dan,100,179,100,30,0.9999999999999999,0.0
original,dan,100,180,100,30,0.9999999999999999,0.0
original,dan,100,181,100,30,0.9999999999999999,0.0
original,dan,100,182,100,30,0.9999999999999999,0.0
original,dan,100,183,100,30,0.9999999999999999,0.0
original,dan,100,184,100,30,0.9999999999999999,0.0
original,dan,100,185,100,30,0.9999999999999999,0.0
original,dan,100,186,100,30,0.9999999999999999,0.0
original,dan,100,187,100,30,0.9999999999999999,0.0
original,dan,100,188,100,30,0.9999999999999999,0.0
original,dan,100,189,100,30,0.9999999999999999,0.0
original,dan,100,190,100,30,0.9999999999999999,0.0
original,dan,100,191,100,30,0.9999999999999999,0.0
original,dan,100,192,100,30,0.9999999999999999,0.0
original,dan,100,193,100,30,0.9999999999999999,0.0
original,dan,100,194,100,30,0.9999999999999999,0.0
original,dan,100,195,100,30,0.9999999999999999,0.0
original,dan,100,196,100,30,0.9999999999999999,0.0
original,dan,100,197,100,30,0.9999999999999999,0.0
original,dan,100,198,100,30,0.9999999999999999,0.0
original,dan,100,199,100,30,0.9999999999999999,0.0
original,deu,10,0,100,30,0.9386372071718674,1.801669148270412e-14
original,deu,10,1,100,30,0.9546609012877757,2.8764586410764913e-16
original,deu,10,2,100,30,0.9595332446074147,6.035314146400947e-17
original,deu,10,3,100,30,0.9512177956200513,7.8457401162987125e-16
original,deu,10,4,100,30,0.9629428823040463,1.7974840917162737e-17
original,deu,10,5,100,30,0.9413697737692363,9.685015961053897e-15
original,deu,10,6,100,30,0.9552528824150696,2.4018174029376985e-16
original,deu,10,7,100,30,0.9365982150314474,2.811255049585956e-14
original,deu,10,8,100,30,0.9544478513992525,3.0675320497973946e-16
original,deu,10,9,100,30,0.9472865220291737,2.266118893968067e-15
original,deu,10,10,100,30,0.9312638604924003,8.425500622859697e-14
original,deu,10,11,100,30,0.9641938823184718,1.119987750853571e-17
original,deu,10,12,100,30,0.9576270197111595,1.1361950021662554e-16
original,deu,10,13,100,30,0.9662227847726045,5.011579743678686e-18
original,deu,10,14,100,30,0.9367686297738886,2.710176888743032e-14
original,deu,10,15,100,30,0.9498324383951725,1.151236457697174e-15
original,deu,10,16,100,30,0.953402212423858,4.1876180862334374e-16
original,deu,10,17,100,30,0.9614235495022221,3.125380885412885e-17
original,deu,10,18,100,30,0.9336074210429729,5.260672720418334e-14
original,deu,10,19,100,30,0.9688220043835173,1.659828752374154e-18
original,deu,10,20,100,30,0.9420468369296783,8.26626396940289e-15
original,deu,10,21,100,30,0.9364935180525841,2.87507019112936e-14
original,deu,10,22,100,30,0.9486672781062051,1.5762411034602857e-15
original,deu,10,23,100,30,0.9563021594692336,1.7341563141526107e-16
original,deu,10,24,100,30,0.9083112881144609,4.118502948373972e-12
original,deu,10,25,100,30,0.9612695011884389,3.301578275387928e-17
original,deu,10,26,100,30,0.9751529082784984,7.193418772031005e-20
original,deu,10,27,100,30,0.9745618569164474,9.960896301834033e-20
original,deu,10,28,100,30,0.9601571183208389,4.8742324985542545e-17
original,deu,10,29,100,30,0.96786486111992,2.5197277825948733e-18
original,deu,10,30,100,30,0.957701633012155,1.1090150926537477e-16
original,deu,10,31,100,30,0.9621233217476994,2.4292540926889514e-17
original,deu,10,32,100,30,0.9637949233913568,1.3047174617833083e-17
original,deu,10,33,100,30,0.9599671019706798,5.203848794900644e-17
original,deu,10,34,100,30,0.9359102383614688,3.255784638769162e-14
original,deu,10,35,100,30,0.9509988021034004,8.342151739595586e-16
original,deu,10,36,100,30,0.8602061209511932,1.1107457476995282e-09
original,deu,10,37,100,30,0.9192220580833508,7.48680436752092e-13
original,deu,10,38,100,30,0.9624659408698424,2.1435913516190606e-17
original,deu,10,39,100,30,0.9381924566300297,1.9878320337276454e-14
original,deu,10,40,100,30,0.9373787850181958,2.37517490573603e-14
original,deu,10,41,100,30,0.9464017238474352,2.845140369424572e-15
original,deu,10,42,100,30,0.9585725023951028,8.332714329216183e-17
original,deu,10,43,100,30,0.8893751749448643,5.0587158694988954e-11
original,deu,10,44,100,30,0.9071197911330833,4.8974464786117055e-12
original,deu,10,45,100,30,0.9533888002014448,4.2041749074571593e-16
original,deu,10,46,100,30,0.9593330236065126,6.459096003646739e-17
original,deu,10,47,100,30,0.9542673456519314,3.2385406629145374e-16
original,deu,10,48,100,30,0.962226024302096,2.3401273362560874e-17
original,deu,10,49,100,30,0.9181740067040646,8.908646937444791e-13
original,deu,10,50,100,30,0.9570972020647118,1.3476672741674134e-16
original,deu,10,51,100,30,0.9568006962626368,1.481365404088994e-16
original,deu,10,52,100,30,0.9597791931129979,5.550002078598685e-17
original,deu,10,53,100,30,0.9707410537048369,6.901358755948917e-19
original,deu,10,54,100,30,0.9301591384065329,1.046009966303602e-13
original,deu,10,55,100,30,0.9662757922827055,4.904189204726083e-18
original,deu,10,56,100,30,0.947456911628191,2.1679897473254286e-15
original,deu,10,57,100,30,0.9547083417151626,2.8354397601762676e-16
original,deu,10,58,100,30,0.9285304648728083,1.4297698360107415e-13
original,deu,10,59,100,30,0.9675993346812217,2.8227758612780185e-18
original,deu,10,60,100,30,0.9646557291364591,9.36514686152068e-18
original,deu,10,61,100,30,0.9529800972333622,4.738724897489541e-16
original,deu,10,62,100,30,0.9565471887984407,1.6053033516831157e-16
original,deu,10,63,100,30,0.9577680122330269,1.0853419255089847e-16
original,deu,10,64,100,30,0.949831370921242,1.1515718258054634e-15
original,deu,10,65,100,30,0.9282718227244935,1.5015030908103614e-13
original,deu,10,66,100,30,0.9697104583101902,1.1134210395877871e-18
original,deu,10,67,100,30,0.9073606971457927,4.729777786637303e-12
original,deu,10,68,100,30,0.9338641200541129,4.990962493933814e-14
original,deu,10,69,100,30,0.91433218125894,1.6529980054669897e-12
original,deu,10,70,100,30,0.9494868187489983,1.2646707010895267e-15
original,deu,10,71,100,30,0.9658681571048668,5.7880017307190106e-18
original,deu,10,72,100,30,0.9749689469858835,7.967004481885284e-20
original,deu,10,73,100,30,0.9557485164885915,2.0613452880873916e-16
original,deu,10,74,100,30,0.9632653218690541,1.5936504568521965e-17
original,deu,10,75,100,30,0.9355762895235841,3.494212217660712e-14
original,deu,10,76,100,30,0.9382637413887389,1.956844391373433e-14
original,deu,10,77,100,30,0.9716354560109726,4.493256124413286e-19
original,deu,10,78,100,30,0.9469090351738124,2.4983290333931596e-15
original,deu,10,79,100,30,0.949118596634347,1.3968384255168135e-15
original,deu,10,80,100,30,0.9361306980564261,3.106723081760572e-14
original,deu,10,81,100,30,0.9542256148819799,3.2793116210599565e-16
original,deu,10,82,100,30,0.9467644860180227,2.59293317372344e-15
original,deu,10,83,100,30,0.9163578997787712,1.1976145628242146e-12
original,deu,10,84,100,30,0.9440599299752506,5.102602523604542e-15
original,deu,10,85,100,30,0.9182373510926213,8.816094006322259e-13
original,deu,10,86,100,30,0.9446683954262183,4.394796610749369e-15
original,deu,10,87,100,30,0.9673875972393338,3.0882651361201626e-18
original,deu,10,88,100,30,0.9529011884609849,4.848911939887274e-16
original,deu,10,89,100,30,0.9556689564912144,2.1128011538051335e-16
original,deu,10,90,100,30,0.9801498177026811,3.1994625416356485e-21
original,deu,10,91,100,30,0.9115589209042047,2.5373662580321277e-12
original,deu,10,92,100,30,0.9330087511909484,5.94286310627896e-14
original,deu,10,93,100,30,0.9464420978612282,2.8159889050637818e-15
original,deu,10,94,100,30,0.9237842745507353,3.414066504091535e-13
original,deu,10,95,100,30,0.9484073934589127,1.6889877883424146e-15
original,deu,10,96,100,30,0.9581163289303105,9.686049212696864e-17
original,deu,10,97,100,30,0.9290522825086386,1.2945834685059993e-13
original,deu,10,98,100,30,0.9683137696690437,2.0750031835721838e-18
original,deu,10,99,100,30,0.9592716834157029,6.594338549753529e-17
original,deu,10,100,100,30,0.9456663903659118,3.4274207429928525e-15
original,deu,10,101,100,30,0.9408117608124669,1.1020083126306805e-14
original,deu,10,102,100,30,0.9009996939707681,1.1511230816398071e-11
original,deu,10,103,100,30,0.9512393628087046,7.79836038907714e-16
original,deu,10,104,100,30,0.9540720773782311,3.433442493675669e-16
original,deu,10,105,100,30,0.9716330993357588,4.49842034420041e-19
original,deu,10,106,100,30,0.9211391591160449,5.413673376539633e-13
original,deu,10,107,100,30,0.979940243261431,3.701487017884806e-21
original,deu,10,108,100,30,0.9731207878389063,2.1354681146122309e-19
original,deu,10,109,100,30,0.9600914718917655,4.985856220285623e-17
original,deu,10,110,100,30,0.915019718129634,1.483067287315286e-12
original,deu,10,111,100,30,0.9785925433435788,9.123141075734779e-21
original,deu,10,112,100,30,0.9814149305151089,1.2824321938222053e-21
original,deu,10,113,100,30,0.9293952909794456,1.212261198658051e-13
original,deu,10,114,100,30,0.9462710672856623,2.941403483887342e-15
original,deu,10,115,100,30,0.957750861384391,1.0914132810655896e-16
original,deu,10,116,100,30,0.9617784945890858,2.752019891973147e-17
original,deu,10,117,100,30,0.9589783485028243,7.27809523909258e-17
original,deu,10,118,100,30,0.9521357696347091,6.047841088131337e-16
original,deu,10,119,100,30,0.9477004204230989,2.0345594896151003e-15
original,deu,10,120,100,30,0.9470857065633306,2.387039545279128e-15
original,deu,10,121,100,30,0.8868625519329381,6.817591416801854e-11
original,deu,10,122,100,30,0.9372420686815975,2.446723985905635e-14
original,deu,10,123,100,30,0.9376527765688923,2.2375703770150203e-14
original,deu,10,124,100,30,0.9330893881463274,5.846441665337071e-14
original,deu,10,125,100,30,0.9106844672712886,2.8960558459446522e-12
original,deu,10,126,100,30,0.9299523310733206,1.0888072785720943e-13
original,deu,10,127,100,30,0.953121716292208,4.54676152276195e-16
original,deu,10,128,100,30,0.9503826439345514,9.899095689928025e-16
original,deu,10,129,100,30,0.9249604864406825,2.766391111472639e-13
original,deu,10,130,100,30,0.9164333155741851,1.1831471102016773e-12
original,deu,10,131,100,30,0.9293338828538907,1.2266342301615501e-13
original,deu,10,132,100,30,0.9689450066496258,1.5716554921497852e-18
original,deu,10,133,100,30,0.9485299169558989,1.634934712877228e-15
original,deu,10,134,100,30,0.9244685137117999,3.0220749898482417e-13
original,deu,10,135,100,30,0.958705960673214,7.971241652312358e-17
original,deu,10,136,100,30,0.9721892382533763,3.421035972953619e-19
original,deu,10,137,100,30,0.9564861125887693,1.6365644783887436e-16
original,deu,10,138,100,30,0.9391605591411357,1.6032948996705917e-14
original,deu,10,139,100,30,0.9615548805564772,2.9820865610796875e-17
original,deu,10,140,100,30,0.9418203468323465,8.717915063977927e-15
original,deu,10,141,100,30,0.938105454305216,2.0262666722816842e-14
original,deu,10,142,100,30,0.9318761591528603,7.46199421688286e-14
original,deu,10,143,100,30,0.9527920141855789,5.005274093227388e-16
original,deu,10,144,100,30,0.9540717007499092,3.4338286861493606e-16
original,deu,10,145,100,30,0.8948101546250812,2.5868412781264047e-11
original,deu,10,146,100,30,0.9326107347125262,6.440686553109855e-14
original,deu,10,147,100,30,0.9704679407326169,7.846866590022396e-19
original,deu,10,148,100,30,0.9626690364250584,1.9892868030493865e-17
original,deu,10,149,100,30,0.9758181394288156,4.939753749314044e-20
original,deu,10,150,100,30,0.9397403072770846,1.4072346468262962e-14
original,deu,10,151,100,30,0.9330770551656355,5.861094541904718e-14
original,deu,10,152,100,30,0.893495083871632,3.052654420444071e-11
original,deu,10,153,100,30,0.953876724709052,3.639243763350882e-16
original,deu,10,154,100,30,0.9775094211716318,1.808675230797534e-20
original,deu,10,155,100,30,0.9565159145006337,1.621240996675657e-16
original,deu,10,156,100,30,0.9600240824783541,5.1029020582396117e-17
original,deu,10,157,100,30,0.9455819972235071,3.500871537143045e-15
original,deu,10,158,100,30,0.9335374174431377,5.3365271544506945e-14
original,deu,10,159,100,30,0.9545986578313591,2.931110033002922e-16
original,deu,10,160,100,30,0.9393276338167965,1.5443501238948388e-14
original,deu,10,161,100,30,0.9636026650849568,1.4034704916382535e-17
original,deu,10,162,100,30,0.9703091580334122,8.45036238501642e-19
original,deu,10,163,100,30,0.9359030827126795,3.260731803891152e-14
original,deu,10,164,100,30,0.9368340984515949,2.6722467103530133e-14
original,deu,10,165,100,30,0.9186393043183213,8.249174121848131e-13
original,deu,10,166,100,30,0.922759192208204,4.089854460875216e-13
original,deu,10,167,100,30,0.9741649299813887,1.234184205317685e-19
original,deu,10,168,100,30,0.9545284269578157,2.9939277446474985e-16
original,deu,10,169,100,30,0.9394669872555614,1.4967249228434562e-14
original,deu,10,170,100,30,0.9629669171758799,1.7814951591939404e-17
original,deu,10,171,100,30,0.9638076909151106,1.2983929805010432e-17
original,deu,10,172,100,30,0.950784923562047,8.854879332275785e-16
original,deu,10,173,100,30,0.9535562617316872,4.001728714238637e-16
original,deu,10,174,100,30,0.9477343985713164,2.016557410156154e-15
original,deu,10,175,100,30,0.9538131342169401,3.708660339552244e-16
original,deu,10,176,100,30,0.9692503264552927,1.3711970368967557e-18
original,deu,10,177,100,30,0.9519386860128473,6.398140013059295e-16
original,deu,10,178,100,30,0.9546059007697288,2.9247014948767815e-16
original,deu,10,179,100,30,0.9635528023279036,1.430189446795023e-17
original,deu,10,180,100,30,0.9395507534871643,1.4687543509802902e-14
original,deu,10,181,100,30,0.9556777090385344,2.1070827482075992e-16
original,deu,10,182,100,30,0.9662501489194774,4.955872303739067e-18
original,deu,10,183,100,30,0.931880126193675,7.456098051329184e-14
original,deu,10,184,100,30,0.940995039380935,1.0563896297973429e-14
original,deu,10,185,100,30,0.8671403239054953,5.697929820918281e-10
original,deu,10,186,100,30,0.9423158427890358,7.757972718880862e-15
original,deu,10,187,100,30,0.9576821069129942,1.1160692398224971e-16
original,deu,10,188,100,30,0.9655429850096455,6.596439040773358e-18
original,deu,10,189,100,30,0.9627933307020942,1.8999959390725217e-17
original,deu,10,190,100,30,0.9505114543440023,9.552949791799425e-16
original,deu,10,191,100,30,0.9481854714039645,1.7911226216062515e-15
original,deu,10,192,100,30,0.9322358940360354,6.944486814954983e-14
original,deu,10,193,100,30,0.9382133083032695,1.9787211526985238e-14
original,deu,10,194,100,30,0.9362974997358519,2.9981616429000567e-14
original,deu,10,195,100,30,0.9549097705307883,2.6672335666750415e-16
original,deu,10,196,100,30,0.9549939342630048,2.5997270553503477e-16
original,deu,10,197,100,30,0.9675537130246057,2.878124174971419e-18
original,deu,10,198,100,30,0.9690916548892764,1.4722089542437448e-18
original,deu,10,199,100,30,0.9607409887385815,3.9784371368102176e-17
original,deu,25,0,100,30,0.9824854721124231,5.625447576173119e-22
original,deu,25,1,100,30,0.981544195798111,1.1639673156461485e-21
original,deu,25,2,100,30,0.9820933523265853,7.651344660444382e-22
original,deu,25,3,100,30,0.9901818779149707,1.7839305318275128e-25
original,deu,25,4,100,30,0.98596518251155,2.586461998815241e-23
original,deu,25,5,100,30,0.9824017155243899,6.010924369258822e-22
original,deu,25,6,100,30,0.9891108899752689,7.5515941060648685e-25
original,deu,25,7,100,30,0.9879123905594395,3.2339797601357233e-24
original,deu,25,8,100,30,0.9846820006007247,8.734481652445236e-23
original,deu,25,9,100,30,0.9890828260047339,7.8273397545628195e-25
original,deu,25,10,100,30,0.9829024904015772,4.02481718546455e-22
original,deu,25,11,100,30,0.9822864422454157,6.581602665925809e-22
original,deu,25,12,100,30,0.9857346107006463,3.244672083279015e-23
original,deu,25,13,100,30,0.987607826569707,4.573296809897236e-24
original,deu,25,14,100,30,0.9821361669186025,7.401104826991438e-22
original,deu,25,15,100,30,0.9908550659836854,6.626575189342763e-26
original,deu,25,16,100,30,0.9881439686260863,2.4702196507227863e-24
original,deu,25,17,100,30,0.9747691953681853,8.89386640741431e-20
original,deu,25,18,100,30,0.9868565308350642,1.0378010465801438e-23
original,deu,25,19,100,30,0.978583289917198,9.177985309843782e-21
original,deu,25,20,100,30,0.9800122603558452,3.5212752203626596e-21
original,deu,25,21,100,30,0.968692329940807,1.757731949721959e-18
original,deu,25,22,100,30,0.9812564202285808,1.4429464344498422e-21
original,deu,25,23,100,30,0.982973709845187,3.7980061285691443e-22
original,deu,25,24,100,30,0.9764975420018698,3.3284679470466524e-20
original,deu,25,25,100,30,0.9851611155603262,5.614315204841242e-23
original,deu,25,26,100,30,0.9832777127238442,2.9567985115765745e-22
original,deu,25,27,100,30,0.9841656641329601,1.3849579284035448e-22
original,deu,25,28,100,30,0.9635592433143392,1.426711743263697e-17
original,deu,25,29,100,30,0.9744619138047225,1.0516550201930166e-19
original,deu,25,30,100,30,0.981147953260498,1.5633117933209541e-21
original,deu,25,31,100,30,0.9864018749525039,1.6660014746807893e-23
original,deu,25,32,100,30,0.9834695370518096,2.518729803073619e-22
original,deu,25,33,100,30,0.9763055021524377,3.725737220754061e-20
original,deu,25,34,100,30,0.9863123565367189,1.8252957654006885e-23
original,deu,25,35,100,30,0.9773530496513284,1.991002403074515e-20
original,deu,25,36,100,30,0.9898128912192244,2.9834356037684924e-25
original,deu,25,37,100,30,0.9810000009341519,1.7425430365028317e-21
original,deu,25,38,100,30,0.9733801071070157,1.8674167166516262e-19
original,deu,25,39,100,30,0.9802665922602973,2.9479062589808587e-21
original,deu,25,40,100,30,0.9768885691601895,2.6380013235092733e-20
original,deu,25,41,100,30,0.9829544435898406,3.85816364743538e-22
original,deu,25,42,100,30,0.9791855811131803,6.178892072734604e-21
original,deu,25,43,100,30,0.981882743334387,9.000621536733233e-22
original,deu,25,44,100,30,0.9814632911820482,1.2368613641756186e-21
original,deu,25,45,100,30,0.9858850897588985,2.7995786980261924e-23
original,deu,25,46,100,30,0.9881581917601466,2.4292646010156813e-24
original,deu,25,47,100,30,0.9882925222264897,2.0723592531054225e-24
original,deu,25,48,100,30,0.986475624471413,1.5445626536614955e-23
original,deu,25,49,100,30,0.9846030312827307,9.381929482349835e-23
original,deu,25,50,100,30,0.9875809667304074,4.713272381337927e-24
original,deu,25,51,100,30,0.9864354657025616,1.6096313462878763e-23
original,deu,25,52,100,30,0.9782712056323507,1.1217017906397249e-20
original,deu,25,53,100,30,0.9902559440058991,1.6052132217125366e-25
original,deu,25,54,100,30,0.981587165654209,1.1268920986991775e-21
original,deu,25,55,100,30,0.985817807429591,2.9910791034949587e-23
original,deu,25,56,100,30,0.9803650657733545,2.750163097565492e-21
original,deu,25,57,100,30,0.9820464797204188,7.934286453884843e-22
original,deu,25,58,100,30,0.9874548509011855,5.425264694728343e-24
original,deu,25,59,100,30,0.9877018355775463,4.113180850805619e-24
original,deu,25,60,100,30,0.9833650250288415,2.7493123625556632e-22
original,deu,25,61,100,30,0.9769203102657632,2.5882329041116256e-20
original,deu,25,62,100,30,0.9907972643929224,7.23511406563029e-26
original,deu,25,63,100,30,0.9864282191743969,1.6216402165789498e-23
original,deu,25,64,100,30,0.9760875380765914,4.2296730973064473e-20
original,deu,25,65,100,30,0.9777011131643984,1.6062990277847403e-20
original,deu,25,66,100,30,0.9822121127841943,6.975803672190051e-22
original,deu,25,67,100,30,0.9883937932934584,1.8361606390352525e-24
original,deu,25,68,100,30,0.9781925526199818,1.1793345463198954e-20
original,deu,25,69,100,30,0.9740500056839991,1.312382498536938e-19
original,deu,25,70,100,30,0.9779088187468928,1.4108460635387528e-20
original,deu,25,71,100,30,0.9922957247516225,6.064793667867678e-27
original,deu,25,72,100,30,0.9749966788419978,7.845652201057632e-20
original,deu,25,73,100,30,0.9843642875329162,1.1620185891190273e-22
original,deu,25,74,100,30,0.9852763540004127,5.0373254317596324e-23
original,deu,25,75,100,30,0.9805815841393783,2.357842160927162e-21
original,deu,25,76,100,30,0.9858721087502844,2.835615746492343e-23
original,deu,25,77,100,30,0.9892915366845213,5.981410566289674e-25
original,deu,25,78,100,30,0.979765847171242,4.1739161220649916e-21
original,deu,25,79,100,30,0.9710436630496655,5.977662936059128e-19
original,deu,25,80,100,30,0.9854936651577744,4.096084523358813e-23
original,deu,25,81,100,30,0.9859547577961397,2.6133221708507472e-23
original,deu,25,82,100,30,0.9773203014224668,2.0312825394881203e-20
original,deu,25,83,100,30,0.981003616997362,1.7379442740504923e-21
original,deu,25,84,100,30,0.9799825862621887,3.594521102192283e-21
original,deu,25,85,100,30,0.9865187085797426,1.477473100640837e-23
original,deu,25,86,100,30,0.9826613455759194,4.889465979639494e-22
original,deu,25,87,100,30,0.9804604378552219,2.5704383622013556e-21
original,deu,25,88,100,30,0.9782252885176118,1.155021776389343e-20
original,deu,25,89,100,30,0.9820189404215013,8.10501878364618e-22
original,deu,25,90,100,30,0.9785026257022469,9.669188923469371e-21
original,deu,25,91,100,30,0.9858772600660045,2.8212638002389135e-23
original,deu,25,92,100,30,0.9858591049833875,2.872147041801766e-23
original,deu,25,93,100,30,0.9799153610119556,3.765713160486548e-21
original,deu,25,94,100,30,0.988713580410106,1.2441707063037287e-24
original,deu,25,95,100,30,0.9697249283587988,1.1060958124720677e-18
original,deu,25,96,100,30,0.970985859848098,6.144723083979145e-19
original,deu,25,97,100,30,0.9845390956225252,9.938432475278626e-23
original,deu,25,98,100,30,0.9841819124036579,1.3653293350287586e-22
original,deu,25,99,100,30,0.9805987864744988,2.3290124692171535e-21
original,deu,25,100,100,30,0.9867455809097008,1.1666207541274658e-23
original,deu,25,101,100,30,0.9823131200368991,6.445231662699007e-22
original,deu,25,102,100,30,0.9909080155030235,6.11114720392914e-26
original,deu,25,103,100,30,0.9846653856686027,8.86715701835689e-23
original,deu,25,104,100,30,0.9885119286374032,1.5922785776794324e-24
original,deu,25,105,100,30,0.9813892623534342,1.3072474195806947e-21
original,deu,25,106,100,30,0.9712175251446764,5.500201257560734e-19
original,deu,25,107,100,30,0.9793758937586292,5.4396193688144436e-21
original,deu,25,108,100,30,0.9877348251743819,3.962173298190796e-24
original,deu,25,109,100,30,0.9804130434527186,2.658343441320824e-21
original,deu,25,110,100,30,0.9739420235998089,1.3900182332834987e-19
original,deu,25,111,100,30,0.9802805744138043,2.919047883852692e-21
original,deu,25,112,100,30,0.9858964872672793,2.7682884240979567e-23
original,deu,25,113,100,30,0.9847762045657744,8.016402271143609e-23
original,deu,25,114,100,30,0.9855187363263908,3.9986931415598994e-23
original,deu,25,115,100,30,0.9831659767167606,3.2435197799538054e-22
original,deu,25,116,100,30,0.9886590936828691,1.3305086109943556e-24
original,deu,25,117,100,30,0.9860700208966945,2.3302138280360992e-23
original,deu,25,118,100,30,0.9772141208442774,2.1671396872912582e-20
original,deu,25,119,100,30,0.9791965265130381,6.133969341979135e-21
original,deu,25,120,100,30,0.9900299976685605,2.209589847394254e-25
original,deu,25,121,100,30,0.9771960391800651,2.191097638139646e-20
original,deu,25,122,100,30,0.9780642232886563,1.2792934684439416e-20
original,deu,25,123,100,30,0.9770726065943749,2.3613195441885125e-20
original,deu,25,124,100,30,0.9766160440962419,3.103313397369517e-20
original,deu,25,125,100,30,0.9816012708748081,1.1149626410059524e-21
original,deu,25,126,100,30,0.9690223390048369,1.5184639288672846e-18
original,deu,25,127,100,30,0.9805870359494249,2.3486697539215305e-21
original,deu,25,128,100,30,0.9886497287249786,1.345896273098472e-24
original,deu,25,129,100,30,0.973154716968842,2.0984754030803055e-19
original,deu,25,130,100,30,0.9832208977720981,3.0995131612726503e-22
original,deu,25,131,100,30,0.9841394026406314,1.4172371466569416e-22
original,deu,25,132,100,30,0.9858462783387923,2.9086080482718566e-23
original,deu,25,133,100,30,0.9853950332058776,4.5009856336879443e-23
original,deu,25,134,100,30,0.9851167052671536,5.85259702966089e-23
original,deu,25,135,100,30,0.9871435424568961,7.631905686156561e-24
original,deu,25,136,100,30,0.9844540386237223,1.0726299249433325e-22
original,deu,25,137,100,30,0.9919452095403356,1.1282457092012105e-26
original,deu,25,138,100,30,0.9826917884610593,4.771528328092268e-22
original,deu,25,139,100,30,0.9865961643949152,1.363613266099297e-23
original,deu,25,140,100,30,0.9877802540862688,3.762633067638612e-24
original,deu,25,141,100,30,0.9855947741310808,3.716295642645308e-23
original,deu,25,142,100,30,0.9684678883385308,1.9399266162908773e-18
original,deu,25,143,100,30,0.9880764550397289,2.673508116524007e-24
original,deu,25,144,100,30,0.9782891702431668,1.1089099744366962e-20
original,deu,25,145,100,30,0.9952741679013951,6.59380277980387e-30
original,deu,25,146,100,30,0.9848178481435972,7.716767990972383e-23
original,deu,25,147,100,30,0.9856352702415683,3.573559877857789e-23
original,deu,25,148,100,30,0.9874831932483887,5.257074118016083e-24
original,deu,25,149,100,30,0.9898458487805651,2.8516843819884194e-25
original,deu,25,150,100,30,0.9705851020911928,7.427447988022458e-19
original,deu,25,151,100,30,0.9811584776517199,1.5512375645862695e-21
original,deu,25,152,100,30,0.9832996387294739,2.9033710001542586e-22
original,deu,25,153,100,30,0.9863210328525952,1.8092599010714936e-23
original,deu,25,154,100,30,0.9852972677640003,4.9387040579312126e-23
original,deu,25,155,100,30,0.9876057724932357,4.5838635320129225e-24
original,deu,25,156,100,30,0.9844862217282055,1.0421619852657341e-22
original,deu,25,157,100,30,0.9867409533718905,1.1723028675245161e-23
original,deu,25,158,100,30,0.9848396041793106,7.564392949353336e-23
original,deu,25,159,100,30,0.9889513430833603,9.248166947258806e-25
original,deu,25,160,100,30,0.9818494833755451,9.232852968389971e-22
original,deu,25,161,100,30,0.9843929089649454,1.1327890534804807e-22
original,deu,25,162,100,30,0.9700065041368088,9.721456261072026e-19
original,deu,25,163,100,30,0.9694752565790974,1.2389728494877883e-18
original,deu,25,164,100,30,0.984111762041899,1.451964253040973e-22
original,deu,25,165,100,30,0.9773937694999715,1.9419501667665184e-20
original,deu,25,166,100,30,0.9812229492894378,1.479139212910923e-21
original,deu,25,167,100,30,0.9883179547010873,2.0105274904511568e-24
original,deu,25,168,100,30,0.9909388158729974,5.828703825849308e-26
original,deu,25,169,100,30,0.9789292493009852,7.322325048821144e-21
original,deu,25,170,100,30,0.9868535342144354,1.0410994839024777e-23
original,deu,25,171,100,30,0.9841260412513454,1.4339267812440876e-22
original,deu,25,172,100,30,0.9822622749269458,6.707446017509764e-22
original,deu,25,173,100,30,0.9863436688668739,1.7680364406307318e-23
original,deu,25,174,100,30,0.9835815437308828,2.291612093412636e-22
original,deu,25,175,100,30,0.9831212533966279,3.365345139062397e-22
original,deu,25,176,100,30,0.9665676552206082,4.350096499484226e-18
original,deu,25,177,100,30,0.984066086714546,1.5110844052560246e-22
original,deu,25,178,100,30,0.9789343217965081,7.297911814916817e-21
original,deu,25,179,100,30,0.9797016727104912,4.361403403640079e-21
original,deu,25,180,100,30,0.9870479748681749,8.46074833799738e-24
original,deu,25,181,100,30,0.9828280116696566,4.275398802682767e-22
original,deu,25,182,100,30,0.9889096395153152,9.746567414815098e-25
original,deu,25,183,100,30,0.9905851822925223,9.940629478895556e-26
original,deu,25,184,100,30,0.9839753125318643,1.6352626740072706e-22
original,deu,25,185,100,30,0.9813246156582631,1.3717327725197679e-21
original,deu,25,186,100,30,0.9661303654544366,5.204042460694152e-18
original,deu,25,187,100,30,0.9725398906338097,2.870411797172662e-19
original,deu,25,188,100,30,0.9762765516069585,3.789304040193738e-20
original,deu,25,189,100,30,0.9816378357765831,1.0845810822441084e-21
original,deu,25,190,100,30,0.9854645312331742,4.212020507039222e-23
original,deu,25,191,100,30,0.9763497574368728,3.630473850833679e-20
original,deu,25,192,100,30,0.9903735997786884,1.3551333934852029e-25
original,deu,25,193,100,30,0.9855461786114357,3.8945560603856526e-23
original,deu,25,194,100,30,0.9811026342693592,1.6163069662371928e-21
original,deu,25,195,100,30,0.9815968034023888,1.1187282621295013e-21
original,deu,25,196,100,30,0.9845604436453776,9.749300206671397e-23
original,deu,25,197,100,30,0.9755007725555548,5.917489900351306e-20
original,deu,25,198,100,30,0.9789976946273289,6.999201055897907e-21
original,deu,25,199,100,30,0.9689840108160203,1.5446151465701068e-18
original,deu,50,0,100,30,0.9937626737616158,3.1799942834782633e-28
original,deu,50,1,100,30,0.9923428110490153,5.567580989620255e-27
original,deu,50,2,100,30,0.9892059589153697,6.683036825733192e-25
original,deu,50,3,100,30,0.9958259627496026,1.1632822437491536e-30
original,deu,50,4,100,30,0.9934296495288077,6.573663799769753e-28
original,deu,50,5,100,30,0.9937399541566009,3.3455926683931525e-28
original,deu,50,6,100,30,0.9912977261359556,3.3173432696459887e-26
original,deu,50,7,100,30,0.9968710033011516,2.0716954742239616e-32
original,deu,50,8,100,30,0.9886401829202774,1.3617508932412546e-24
original,deu,50,9,100,30,0.9951628200116883,9.129298309340782e-30
original,deu,50,10,100,30,0.9933424551479423,7.901963016136149e-28
original,deu,50,11,100,30,0.9940999843734669,1.463131200875348e-28
original,deu,50,12,100,30,0.9948659443989035,2.0980216784381872e-29
original,deu,50,13,100,30,0.995968046121474,7.169509081516157e-31
original,deu,50,14,100,30,0.9910835984147799,4.656078326093962e-26
original,deu,50,15,100,30,0.9927689503254232,2.504036972596483e-27
original,deu,50,16,100,30,0.9952082096481136,8.002673519406794e-30
original,deu,50,17,100,30,0.9901010048080233,2.0000530814106728e-25
original,deu,50,18,100,30,0.9938175809448859,2.8106780787693545e-28
original,deu,50,19,100,30,0.9935483554169984,5.09644948983449e-28
original,deu,50,20,100,30,0.9927400585746794,2.647336671499619e-27
original,deu,50,21,100,30,0.9914225540472165,2.7119018665688014e-26
original,deu,50,22,100,30,0.9974495971061176,1.1876921597510242e-33
original,deu,50,23,100,30,0.9940111308176093,1.8027348665293145e-28
original,deu,50,24,100,30,0.9951007121773877,1.0910466019153932e-29
original,deu,50,25,100,30,0.9926710899991396,3.020749285579062e-27
original,deu,50,26,100,30,0.9939605827795551,2.027221538265673e-28
original,deu,50,27,100,30,0.9969174351585435,1.6809238556825744e-32
original,deu,50,28,100,30,0.9929870174668398,1.6331905813779222e-27
original,deu,50,29,100,30,0.9950702057483308,1.1898836867794463e-29
original,deu,50,30,100,30,0.9936241179530613,4.321610878405944e-28
original,deu,50,31,100,30,0.9944619524285945,6.043501742114236e-29
original,deu,50,32,100,30,0.9928742899036942,2.040301845557341e-27
original,deu,50,33,100,30,0.994232548849943,1.0652808597817119e-28
original,deu,50,34,100,30,0.9932517740333786,9.544486845639532e-28
original,deu,50,35,100,30,0.995161733275204,9.15799401902605e-30
original,deu,50,36,100,30,0.993000446727931,1.5900774643071224e-27
original,deu,50,37,100,30,0.9966460153274219,5.469099795212583e-32
original,deu,50,38,100,30,0.9902281236664533,1.6702973399721858e-25
original,deu,50,39,100,30,0.9967021666380166,4.3192752293195e-32
original,deu,50,40,100,30,0.9962648073274876,2.462844501161249e-31
original,deu,50,41,100,30,0.9943842434587233,7.341852585670794e-29
original,deu,50,42,100,30,0.9936682937781853,3.921833297504612e-28
original,deu,50,43,100,30,0.9922467480612372,6.625459965991468e-27
original,deu,50,44,100,30,0.9965567411220763,7.895883187223813e-32
original,deu,50,45,100,30,0.9911661529098239,4.0896132677511683e-26
original,deu,50,46,100,30,0.9967398264072433,3.67856555519228e-32
original,deu,50,47,100,30,0.9934615964075681,6.141246695396803e-28
original,deu,50,48,100,30,0.9910059597570766,5.254456414753368e-26
original,deu,50,49,100,30,0.9946452532192183,3.776803172086859e-29
original,deu,50,50,100,30,0.9935474012425431,5.1069824383955825e-28
original,deu,50,51,100,30,0.9959064492778671,8.861587352775556e-31
original,deu,50,52,100,30,0.9898411100733795,2.8702895264687005e-25
original,deu,50,53,100,30,0.9947476310384492,2.884182595404125e-29
original,deu,50,54,100,30,0.9937354804756839,3.379129166801863e-28
original,deu,50,55,100,30,0.9955753638435403,2.6273685234112897e-30
original,deu,50,56,100,30,0.9914173067736184,2.7351332247269606e-26
original,deu,50,57,100,30,0.9963422481967784,1.837631804577868e-31
original,deu,50,58,100,30,0.9938606504242707,2.549293432418026e-28
original,deu,50,59,100,30,0.9926219264043852,3.316156732192896e-27
original,deu,50,60,100,30,0.9947803195919627,2.64332575354279e-29
original,deu,50,61,100,30,0.9946837751012945,3.414505215710793e-29
original,deu,50,62,100,30,0.995752457225214,1.484674468424416e-30
original,deu,50,63,100,30,0.9928278131637615,2.234085611057935e-27
original,deu,50,64,100,30,0.9937548656896023,3.236027698558234e-28
original,deu,50,65,100,30,0.9911156099554339,4.428298634999658e-26
original,deu,50,66,100,30,0.9901605117875772,1.8388171385612125e-25
original,deu,50,67,100,30,0.9945089179668302,5.365747014880868e-29
original,deu,50,68,100,30,0.9930028282665797,1.582542982329403e-27
original,deu,50,69,100,30,0.9965192005292631,9.188238313677063e-32
original,deu,50,70,100,30,0.9941173029090168,1.4042859938304347e-28
original,deu,50,71,100,30,0.9946227004626012,4.0051506901208054e-29
original,deu,50,72,100,30,0.9950194310227258,1.3730069979311278e-29
original,deu,50,73,100,30,0.9915131785795092,2.3384746921195778e-26
original,deu,50,74,100,30,0.9919268018818932,1.1647537151688271e-26
original,deu,50,75,100,30,0.9935593050826089,4.977012904430565e-28
original,deu,50,76,100,30,0.997086423481501,7.641749104502822e-33
original,deu,50,77,100,30,0.9942194731569812,1.0995083961666831e-28
original,deu,50,78,100,30,0.9949029869113366,1.8961833311837014e-29
original,deu,50,79,100,30,0.9946630420956939,3.6052806357627504e-29
original,deu,50,80,100,30,0.9914575872266054,2.561430052042656e-26
original,deu,50,81,100,30,0.993129057425062,1.227445210804441e-27
original,deu,50,82,100,30,0.9943674802846858,7.65391559226924e-29
original,deu,50,83,100,30,0.9946667025869761,3.570895179958529e-29
original,deu,50,84,100,30,0.9931982075933542,1.0658193877349572e-27
original,deu,50,85,100,30,0.9923101589744742,5.908159183491186e-27
original,deu,50,86,100,30,0.995418466999244,4.275356783440638e-30
original,deu,50,87,100,30,0.9951944044100888,8.330871050805956e-30
original,deu,50,88,100,30,0.9952526610840299,7.025649266942757e-30
original,deu,50,89,100,30,0.994577909693361,4.497133836234541e-29
original,deu,50,90,100,30,0.9948593051500491,2.136239995119874e-29
original,deu,50,91,100,30,0.9928459511369855,2.1565128913888963e-27
original,deu,50,92,100,30,0.9961703170954165,3.4920859236251233e-31
original,deu,50,93,100,30,0.993780214655854,3.0573826343661385e-28
original,deu,50,94,100,30,0.9944215955832791,6.688495789601126e-29
original,deu,50,95,100,30,0.9973934888846441,1.6101522186594122e-33
original,deu,50,96,100,30,0.9949577511501595,1.6305882607311492e-29
original,deu,50,97,100,30,0.9946219683376288,4.012773861112702e-29
original,deu,50,98,100,30,0.9955103629909288,3.2212224118306966e-30
original,deu,50,99,100,30,0.99327193135605,9.154128626336195e-28
original,deu,50,100,100,30,0.9916973047357677,1.7220909346384755e-26
original,deu,50,101,100,30,0.9922086967481794,7.093856508222168e-27
original,deu,50,102,100,30,0.9947031161826622,3.2450267906417755e-29
original,deu,50,103,100,30,0.9948261424156246,2.337004234495209e-29
original,deu,50,104,100,30,0.992477012164559,4.350260385719502e-27
original,deu,50,105,100,30,0.9932788867738598,9.022908688208563e-28
original,deu,50,106,100,30,0.9944571982575993,6.116364721576156e-29
original,deu,50,107,100,30,0.9949476973810707,1.6765977729260494e-29
original,deu,50,108,100,30,0.9939433989885326,2.109263614130036e-28
original,deu,50,109,100,30,0.9942022784900034,1.1460725891659146e-28
original,deu,50,110,100,30,0.9927230154618933,2.7353998764649184e-27
original,deu,50,111,100,30,0.9923689443201787,5.308224078878807e-27
original,deu,50,112,100,30,0.993636593977833,4.205035546785043e-28
original,deu,50,113,100,30,0.9965830998123972,7.091643607025022e-32
original,deu,50,114,100,30,0.9942352210702307,1.05840879487381e-28
original,deu,50,115,100,30,0.9942700820631393,9.724470158069616e-29
original,deu,50,116,100,30,0.9933507509112641,7.76561641535149e-28
original,deu,50,117,100,30,0.9911069147315849,4.489124562462329e-26
original,deu,50,118,100,30,0.9965896141824443,6.904960277533508e-32
original,deu,50,119,100,30,0.9934293848643501,6.577361349961205e-28
original,deu,50,120,100,30,0.9950019474637951,1.4418915356891387e-29
original,deu,50,121,100,30,0.9957471297256556,1.510909389054184e-30
original,deu,50,122,100,30,0.9947035869645083,3.241000593495752e-29
original,deu,50,123,100,30,0.9941642240829501,1.255709565452334e-28
original,deu,50,124,100,30,0.9945241019005964,5.162193247955154e-29
original,deu,50,125,100,30,0.993857169969824,2.5695468099126657e-28
original,deu,50,126,100,30,0.9939256556928111,2.1972028364502433e-28
original,deu,50,127,100,30,0.9937624717997668,3.181432213345962e-28
original,deu,50,128,100,30,0.991107484215405,4.485117231725218e-26
original,deu,50,129,100,30,0.9967796839291677,3.097365810581327e-32
original,deu,50,130,100,30,0.9936512168363577,4.07211790618163e-28
original,deu,50,131,100,30,0.9904280284137887,1.2521342098463458e-25
original,deu,50,132,100,30,0.995290880217415,6.2753849624390866e-30
original,deu,50,133,100,30,0.9934544469546256,6.235659080200869e-28
original,deu,50,134,100,30,0.9941487555153595,1.3029965457365052e-28
original,deu,50,135,100,30,0.9930335209147737,1.4883596749017118e-27
original,deu,50,136,100,30,0.9937847114937404,3.0266640744370004e-28
original,deu,50,137,100,30,0.9940097579772166,1.8085138154143938e-28
original,deu,50,138,100,30,0.9937237049675601,3.4689005433259155e-28
original,deu,50,139,100,30,0.9942187330674077,1.1014758830266236e-28
original,deu,50,140,100,30,0.9923385598227051,5.610867540956916e-27
original,deu,50,141,100,30,0.9963603942011654,1.7142256871822777e-31
original,deu,50,142,100,30,0.9939797918570881,1.9390213522628725e-28
original,deu,50,143,100,30,0.9920335447351414,9.673630643877318e-27
original,deu,50,144,100,30,0.9928967953646599,1.9521823496949465e-27
original,deu,50,145,100,30,0.9934247997198369,6.64172627109164e-28
original,deu,50,146,100,30,0.9930984383241337,1.3060384432904351e-27
original,deu,50,147,100,30,0.9946957956210449,3.3082337648335454e-29
original,deu,50,148,100,30,0.9925678653619009,3.671811218732769e-27
original,deu,50,149,100,30,0.9953844994026303,4.7401772223008584e-30
original,deu,50,150,100,30,0.9954211576620007,4.240408109719006e-30
original,deu,50,151,100,30,0.9922339789019522,6.779343667784153e-27
original,deu,50,152,100,30,0.994794331544387,2.5459154667497365e-29
original,deu,50,153,100,30,0.9957864073864737,1.3271738546080867e-30
original,deu,50,154,100,30,0.9956491152331794,2.0773799018511467e-30
original,deu,50,155,100,30,0.9924114822716374,4.909919035256257e-27
original,deu,50,156,100,30,0.9955919301175383,2.4932017515464825e-30
original,deu,50,157,100,30,0.9920175074833891,9.948891053522584e-27
original,deu,50,158,100,30,0.9883682518630925,1.893253088921405e-24
original,deu,50,159,100,30,0.9957747438734846,1.3794436858125169e-30
original,deu,50,160,100,30,0.9933091208929112,8.472548328536683e-28
original,deu,50,161,100,30,0.9950408429415353,1.2928077302971939e-29
original,deu,50,162,100,30,0.9948120577738662,2.42745706834379e-29
original,deu,50,163,100,30,0.9969140206785155,1.7071437996309342e-32
original,deu,50,164,100,30,0.993873538044203,2.4755811526263477e-28
original,deu,50,165,100,30,0.9952336077930259,7.430015107059462e-30
original,deu,50,166,100,30,0.9939613001342623,2.023861897911674e-28
original,deu,50,167,100,30,0.9940227489779163,1.7545102339006672e-28
original,deu,50,168,100,30,0.9863133806385852,1.823396145737817e-23
original,deu,50,169,100,30,0.9925499279176329,3.7974285792559656e-27
original,deu,50,170,100,30,0.9967306776487663,3.825538847479896e-32
original,deu,50,171,100,30,0.9925217617934167,4.002751597526938e-27
original,deu,50,172,100,30,0.9935385016400458,5.206201164996216e-28
original,deu,50,173,100,30,0.996583095057302,7.091781569600347e-32
original,deu,50,174,100,30,0.9917408594901593,1.6002647792208555e-26
original,deu,50,175,100,30,0.9953049774776064,6.017952945212074e-30
original,deu,50,176,100,30,0.9925293153031457,3.946700597952611e-27
original,deu,50,177,100,30,0.9910903513410263,4.6071415237916486e-26
original,deu,50,178,100,30,0.9924814560943945,4.314538301804443e-27
original,deu,50,179,100,30,0.9939248313845072,2.201369828388714e-28
original,deu,50,180,100,30,0.991662790940283,1.8246817201491906e-26
original,deu,50,181,100,30,0.9936634466877204,3.9639579505684787e-28
original,deu,50,182,100,30,0.9954104131838566,4.3815713001483995e-30
original,deu,50,183,100,30,0.9928463963456989,2.154640640307828e-27
original,deu,50,184,100,30,0.9927358828591212,2.668666167832325e-27
original,deu,50,185,100,30,0.9933224480539339,8.239987687592777e-28
original,deu,50,186,100,30,0.9951942974710412,8.333461427661278e-30
original,deu,50,187,100,30,0.9975192621900408,8.063000192936469e-34
original,deu,50,188,100,30,0.9966234675241488,6.006124890789516e-32
original,deu,50,189,100,30,0.99125314560484,3.562382994509719e-26
original,deu,50,190,100,30,0.993983786259404,1.921133960152797e-28
original,deu,50,191,100,30,0.9956172668392786,2.3002557904054387e-30
original,deu,50,192,100,30,0.9915465305003991,2.2135016173184567e-26
original,deu,50,193,100,30,0.9958877099316258,9.445652600180154e-31
original,deu,50,194,100,30,0.9955039015125958,3.286607682224525e-30
original,deu,50,195,100,30,0.9950910198296332,1.1215902905353874e-29
original,deu,50,196,100,30,0.9949476642531361,1.6767513500042637e-29
original,deu,50,197,100,30,0.9907082023418333,8.275018073192889e-26
original,deu,50,198,100,30,0.9946334955241055,3.894297317347921e-29
original,deu,50,199,100,30,0.9924964245340864,4.196208906539084e-27
original,deu,75,0,100,30,0.9985304783550536,5.314898389419122e-37
original,deu,75,1,100,30,0.9970592169729411,8.702274289201113e-33
original,deu,75,2,100,30,0.9981715370955359,1.1305529287756207e-35
original,deu,75,3,100,30,0.9970190466657908,1.0520042894237228e-32
original,deu,75,4,100,30,0.9985768770028622,3.3927166027811715e-37
original,deu,75,5,100,30,0.9984695527865667,9.382692542960648e-37
original,deu,75,6,100,30,0.9986866939546042,1.10297632150399e-37
original,deu,75,7,100,30,0.9985386383972292,4.916548714270317e-37
original,deu,75,8,100,30,0.9965624776559185,7.713967520364731e-32
original,deu,75,9,100,30,0.9981496493641961,1.3353143057570704e-35
original,deu,75,10,100,30,0.9977772556363782,1.7357942321017312e-34
original,deu,75,11,100,30,0.9979985934381841,4.002424718516513e-35
original,deu,75,12,100,30,0.9987031430793795,9.246454584190449e-38
original,deu,75,13,100,30,0.9978482822008692,1.102114416432666e-34
original,deu,75,14,100,30,0.9968041732242069,2.783834153020185e-32
original,deu,75,15,100,30,0.9975424994595453,7.06865109176174e-34
original,deu,75,16,100,30,0.9975540635661807,6.61741947335397e-34
original,deu,75,17,100,30,0.9975526513197391,6.6710546338803124e-34
original,deu,75,18,100,30,0.9981997571275297,9.094829432706294e-36
original,deu,75,19,100,30,0.9968165564244366,2.6367623510175336e-32
original,deu,75,20,100,30,0.9986666058336606,1.363985439459313e-37
original,deu,75,21,100,30,0.9976327561151375,4.188571550982028e-34
original,deu,75,22,100,30,0.9983447150530601,2.8103479319776534e-36
original,deu,75,23,100,30,0.9976471907690455,3.8451738350207383e-34
original,deu,75,24,100,30,0.9975560376107792,6.543118703437249e-34
original,deu,75,25,100,30,0.9983496689391183,2.6949422550642236e-36
original,deu,75,26,100,30,0.9966022097807834,6.556877897552247e-32
original,deu,75,27,100,30,0.9974029656986431,1.5301901254295313e-33
original,deu,75,28,100,30,0.9977946010971209,1.5556464336062825e-34
original,deu,75,29,100,30,0.997879501428102,8.983517575845655e-35
original,deu,75,30,100,30,0.9976440704950357,3.9171103805552746e-34
original,deu,75,31,100,30,0.9978292639005705,1.246466340063767e-34
original,deu,75,32,100,30,0.9982378094870646,6.745272764018525e-36
original,deu,75,33,100,30,0.9984489290303012,1.1315129129860404e-36
original,deu,75,34,100,30,0.9984318972542073,1.318300600977615e-36
original,deu,75,35,100,30,0.9982250054858212,7.464211621171885e-36
original,deu,75,36,100,30,0.9981544358439901,1.2877978853227962e-35
original,deu,75,37,100,30,0.9986264709824224,2.0654465515387337e-37
original,deu,75,38,100,30,0.9991619081744744,2.0548404147139616e-40
original,deu,75,39,100,30,0.9978064788058003,1.4424732024330136e-34
original,deu,75,40,100,30,0.9979412991397747,5.939953639744877e-35
original,deu,75,41,100,30,0.9970179348191021,1.0575038095598803e-32
original,deu,75,42,100,30,0.9982539360042466,5.931222486672345e-36
original,deu,75,43,100,30,0.9974281706684857,1.3351015789279937e-33
original,deu,75,44,100,30,0.9987440131138227,5.907252791719562e-38
original,deu,75,45,100,30,0.9975395310368317,7.1889999996778434e-34
original,deu,75,46,100,30,0.998846003571747,1.8060320428425739e-38
original,deu,75,47,100,30,0.9980363422107102,3.066546192859568e-35
original,deu,75,48,100,30,0.9975631029032268,6.283488838942933e-34
original,deu,75,49,100,30,0.9977671054142262,1.8500067530115606e-34
original,deu,75,50,100,30,0.9963911250159481,1.5226284795191029e-31
original,deu,75,51,100,30,0.998047954336724,2.822399489519243e-35
original,deu,75,52,100,30,0.9982124962953761,8.234743103879466e-36
original,deu,75,53,100,30,0.9980024835045851,3.8949707548180417e-35
original,deu,75,54,100,30,0.9974994030197661,9.014133777160179e-34
original,deu,75,55,100,30,0.9978630054976644,1.0011953109262263e-34
original,deu,75,56,100,30,0.9976603103808045,3.5559204733737427e-34
original,deu,75,57,100,30,0.9966179884566099,6.143814054945141e-32
original,deu,75,58,100,30,0.9984716717961268,9.202564927018425e-37
original,deu,75,59,100,30,0.9979480280815317,5.674075886849595e-35
original,deu,75,60,100,30,0.9964008547270496,1.4662403483470353e-31
original,deu,75,61,100,30,0.9982013589423534,8.982276509857782e-36
original,deu,75,62,100,30,0.9982646330402378,5.442629399938204e-36
original,deu,75,63,100,30,0.9986939300649584,1.0209209378985e-37
original,deu,75,64,100,30,0.9975555510407449,6.561360365541151e-34
original,deu,75,65,100,30,0.9965258801983318,8.944805177689578e-32
original,deu,75,66,100,30,0.9980767621160207,2.2924343361020686e-35
original,deu,75,67,100,30,0.9971416769824555,5.846915721201274e-33
original,deu,75,68,100,30,0.9983555766904884,2.563071663663607e-36
original,deu,75,69,100,30,0.9975533628528419,6.643981350204873e-34
original,deu,75,70,100,30,0.9980195525519144,3.454383014867212e-35
original,deu,75,71,100,30,0.9977515983935101,2.0380354989415793e-34
original,deu,75,72,100,30,0.9984665650642981,9.642232215031344e-37
original,deu,75,73,100,30,0.9986603026576428,1.457025487008261e-37
original,deu,75,74,100,30,0.9986216383617864,2.1694815556865417e-37
original,deu,75,75,100,30,0.9977383333322494,2.21280277617204e-34
original,deu,75,76,100,30,0.9991729531837489,1.7066562765195299e-40
original,deu,75,77,100,30,0.9983639676467377,2.386044631190371e-36
original,deu,75,78,100,30,0.9985250031078174,5.598764272014703e-37
original,deu,75,79,100,30,0.9984616693195026,1.0081973577634857e-36
original,deu,75,80,100,30,0.9992696762557276,2.993612330873036e-41
original,deu,75,81,100,30,0.9979222654687125,6.755977970320321e-35
original,deu,75,82,100,30,0.9970755192641125,8.051498574103391e-33
original,deu,75,83,100,30,0.9974777583235435,1.0168779726929918e-33
original,deu,75,84,100,30,0.99830138550952,4.034174415907306e-36
original,deu,75,85,100,30,0.998554338928987,4.2269280993959635e-37
original,deu,75,86,100,30,0.9988007739126584,3.092848592878823e-38
original,deu,75,87,100,30,0.9974613670416154,1.1132959702484922e-33
original,deu,75,88,100,30,0.997340191064737,2.1369697634138018e-33
original,deu,75,89,100,30,0.9982924751965432,4.340521636938232e-36
original,deu,75,90,100,30,0.9975031834990519,8.825410171187664e-34
original,deu,75,91,100,30,0.9989392934515081,5.5519092724889154e-39
original,deu,75,92,100,30,0.9981246414420194,1.6111704660860934e-35
original,deu,75,93,100,30,0.9984632903859469,9.934346913359488e-37
original,deu,75,94,100,30,0.9985379546240596,4.94883274879761e-37
original,deu,75,95,100,30,0.9984141506956234,1.5430900494677026e-36
original,deu,75,96,100,30,0.998710631028382,8.526819945726178e-38
original,deu,75,97,100,30,0.9979510342955086,5.558900925773767e-35
original,deu,75,98,100,30,0.9979159952366252,7.046813599974071e-35
original,deu,75,99,100,30,0.9978719345651373,9.44244305904701e-35
original,deu,75,100,100,30,0.9979926307657866,4.172483895491405e-35
original,deu,75,101,100,30,0.998045683778147,2.868670032070428e-35
original,deu,75,102,100,30,0.9976937513324096,2.9074390521198326e-34
original,deu,75,103,100,30,0.997850688351033,1.085001030342685e-34
original,deu,75,104,100,30,0.9973174081563815,2.407667485666253e-33
original,deu,75,105,100,30,0.9969266115953351,1.6122984595800902e-32
original,deu,75,106,100,30,0.9976848153388658,3.069022733488349e-34
original,deu,75,107,100,30,0.9978168745631095,1.349743170850959e-34
original,deu,75,108,100,30,0.9963600276455921,1.716640473586891e-31
original,deu,75,109,100,30,0.9979758968726106,4.686253217621062e-35
original,deu,75,110,100,30,0.998626948351651,2.055425352646103e-37
original,deu,75,111,100,30,0.9981452480301859,1.380438929767261e-35
original,deu,75,112,100,30,0.997965128925517,5.04727572613691e-35
original,deu,75,113,100,30,0.9977473570112829,2.0924702426680646e-34
original,deu,75,114,100,30,0.9972207043632766,3.950603593120524e-33
original,deu,75,115,100,30,0.999035709957613,1.4630883526612519e-39
original,deu,75,116,100,30,0.9972278202404985,3.8114938483823515e-33
original,deu,75,117,100,30,0.9984503512660987,1.1170834344927709e-36
original,deu,75,118,100,30,0.9975391776780211,7.203452257820805e-34
original,deu,75,119,100,30,0.9981279831048231,1.5714718088930861e-35
original,deu,75,120,100,30,0.998312876588276,3.668709742979853e-36
original,deu,75,121,100,30,0.9980460154198347,2.8618680397642756e-35
original,deu,75,122,100,30,0.9971680299113144,5.13664236610728e-33
original,deu,75,123,100,30,0.9987896066448656,3.5211595987285407e-38
original,deu,75,124,100,30,0.9972667580515023,3.127458723110451e-33
original,deu,75,125,100,30,0.9986399324564308,1.7995602041609828e-37
original,deu,75,126,100,30,0.996953945102646,1.4229886638858636e-32
original,deu,75,127,100,30,0.9970997365499759,7.167739159015682e-33
original,deu,75,128,100,30,0.9975946966104947,5.235300272394255e-34
original,deu,75,129,100,30,0.9978773480561514,9.111963908644987e-35
original,deu,75,130,100,30,0.9966865057259195,4.6150328655822106e-32
original,deu,75,131,100,30,0.9984084309783441,1.622803927171169e-36
original,deu,75,132,100,30,0.9990142315149549,1.9913857954005675e-39
original,deu,75,133,100,30,0.9985596851461699,4.013398637933217e-37
original,deu,75,134,100,30,0.9980153625962757,3.558027754935033e-35
original,deu,75,135,100,30,0.9965889089473315,6.924947811688865e-32
original,deu,75,136,100,30,0.997963340069413,5.109695305457861e-35
original,deu,75,137,100,30,0.9976989064878485,2.8178515548731055e-34
original,deu,75,138,100,30,0.9970818996909733,7.809331810162641e-33
original,deu,75,139,100,30,0.9978001122964194,1.5021470335773084e-34
original,deu,75,140,100,30,0.9972290670642229,3.787592807613804e-33
original,deu,75,141,100,30,0.997153366826601,5.5212888139554e-33
original,deu,75,142,100,30,0.9981116342719814,1.7747301433901846e-35
original,deu,75,143,100,30,0.9979187800728953,6.916237251845577e-35
original,deu,75,144,100,30,0.9978958381838822,8.062423709573062e-35
original,deu,75,145,100,30,0.9983801841226587,2.0756494688625212e-36
original,deu,75,146,100,30,0.9978482073511485,1.1026507712303913e-34
original,deu,75,147,100,30,0.9981009675601289,1.920224607512564e-35
original,deu,75,148,100,30,0.9972602319859453,3.2335111484445554e-33
original,deu,75,149,100,30,0.9984940167592387,7.488881507439057e-37
original,deu,75,150,100,30,0.9978226917627699,1.3003002326052353e-34
original,deu,75,151,100,30,0.99852900039921,5.3901768644719985e-37
original,deu,75,152,100,30,0.9977400311708914,2.1896823032518806e-34
original,deu,75,153,100,30,0.9983228510498874,3.376654370794749e-36
original,deu,75,154,100,30,0.9973911962252289,1.630071100425812e-33
original,deu,75,155,100,30,0.9978475318386392,1.1075023034432906e-34
original,deu,75,156,100,30,0.9969710527435341,1.3152319868543714e-32
original,deu,75,157,100,30,0.9980865703945645,2.134202117515827e-35
original,deu,75,158,100,30,0.9984464928984259,1.156631773758485e-36
original,deu,75,159,100,30,0.9976629742657713,3.499713689563153e-34
original,deu,75,160,100,30,0.9973496716450193,2.032884842964615e-33
original,deu,75,161,100,30,0.9983412790775189,2.893069257985792e-36
original,deu,75,162,100,30,0.9986908163348237,1.0555089984793015e-37
original,deu,75,163,100,30,0.998075705052006,2.3101224496314274e-35
original,deu,75,164,100,30,0.998708154749367,8.758837272389384e-38
original,deu,75,165,100,30,0.9986251290948822,2.0938597128299255e-37
original,deu,75,166,100,30,0.9968579830177956,2.19553056636151e-32
original,deu,75,167,100,30,0.998594199568875,2.858449662281151e-37
original,deu,75,168,100,30,0.9982927168950011,4.331934351187472e-36
original,deu,75,169,100,30,0.9971874405429887,4.6656616009597634e-33
original,deu,75,170,100,30,0.998665809057754,1.3754339958820961e-37
original,deu,75,171,100,30,0.9970669143828975,8.389144486722187e-33
original,deu,75,172,100,30,0.998299103182742,4.1106705070430433e-36
original,deu,75,173,100,30,0.9975900252445321,5.379304097362832e-34
original,deu,75,174,100,30,0.9984429002163454,1.1946218859753162e-36
original,deu,75,175,100,30,0.9985578790559754,4.084387724357134e-37
original,deu,75,176,100,30,0.9978748492201889,9.263153379736455e-35
original,deu,75,177,100,30,0.9968700154822863,2.0808582295978686e-32
original,deu,75,178,100,30,0.9986205606228462,2.1933366842006494e-37
original,deu,75,179,100,30,0.9987910302977191,3.463648985045845e-38
original,deu,75,180,100,30,0.9980561572573319,2.6609473585718094e-35
original,deu,75,181,100,30,0.9985907540147417,2.958048851981327e-37
original,deu,75,182,100,30,0.9983818423858394,2.0461183888371306e-36
original,deu,75,183,100,30,0.9978030262268723,1.474555668352069e-34
original,deu,75,184,100,30,0.9986733196461374,1.2709717410977998e-37
original,deu,75,185,100,30,0.9983927908968201,1.860722030603465e-36
original,deu,75,186,100,30,0.996531798131967,8.734148729078226e-32
original,deu,75,187,100,30,0.9980654622500081,2.4882038567836927e-35
original,deu,75,188,100,30,0.9982840340534863,4.650532514778789e-36
original,deu,75,189,100,30,0.997445043234599,1.2176951027022371e-33
original,deu,75,190,100,30,0.9983663909304374,2.3370737943112442e-36
original,deu,75,191,100,30,0.9986665332112532,1.3650252455451795e-37
original,deu,75,192,100,30,0.997894839397072,8.116118209135904e-35
original,deu,75,193,100,30,0.9974514158171874,1.1759026249807694e-33
original,deu,75,194,100,30,0.9967167992046083,4.058932299106591e-32
original,deu,75,195,100,30,0.9977745502660194,1.7655780055600103e-34
original,deu,75,196,100,30,0.9980949826237604,2.0066334993958816e-35
original,deu,75,197,100,30,0.9976700743710644,3.3539079383296802e-34
original,deu,75,198,100,30,0.9972543719323146,3.3315758906138295e-33
original,deu,75,199,100,30,0.9979513599698364,5.546554777042764e-35
original,deu,100,0,100,30,0.9999999999999997,2.841104936914004e-212
original,deu,100,1,100,30,0.9999999999999997,2.841104936914004e-212
original,deu,100,2,100,30,0.9999999999999997,2.841104936914004e-212
original,deu,100,3,100,30,0.9999999999999997,2.841104936914004e-212
original,deu,100,4,100,30,0.9999999999999997,2.841104936914004e-212
original,deu,100,5,100,30,0.9999999999999997,2.841104936914004e-212
original,deu,100,6,100,30,0.9999999999999997,2.841104936914004e-212
original,deu,100,7,100,30,0.9999999999999997,2.841104936914004e-212
original,deu,100,8,100,30,0.9999999999999997,2.841104936914004e-212
original,deu,100,9,100,30,0.9999999999999997,2.841104936914004e-212
original,deu,100,10,100,30,0.9999999999999997,2.841104936914004e-212
original,deu,100,11,100,30,0.9999999999999997,2.841104936914004e-212
original,deu,100,12,100,30,0.9999999999999997,2.841104936914004e-212
original,deu,100,13,100,30,0.9999999999999997,2.841104936914004e-212
original,deu,100,14,100,30,0.9999999999999997,2.841104936914004e-212
original,deu,100,15,100,30,0.9999999999999997,2.841104936914004e-212
original,deu,100,16,100,30,0.9999999999999997,2.841104936914004e-212
original,deu,100,17,100,30,0.9999999999999997,2.841104936914004e-212
original,deu,100,18,100,30,0.9999999999999997,2.841104936914004e-212
original,deu,100,19,100,30,0.9999999999999997,2.841104936914004e-212
original,deu,100,20,100,30,0.9999999999999997,2.841104936914004e-212
original,deu,100,21,100,30,0.9999999999999997,2.841104936914004e-212
original,deu,100,22,100,30,0.9999999999999997,2.841104936914004e-212
original,deu,100,23,100,30,0.9999999999999997,2.841104936914004e-212
original,deu,100,24,100,30,0.9999999999999997,2.841104936914004e-212
original,deu,100,25,100,30,0.9999999999999997,2.841104936914004e-212
original,deu,100,26,100,30,0.9999999999999997,2.841104936914004e-212
original,deu,100,27,100,30,0.9999999999999997,2.841104936914004e-212
original,deu,100,28,100,30,0.9999999999999997,2.841104936914004e-212
original,deu,100,29,100,30,0.9999999999999997,2.841104936914004e-212
original,deu,100,30,100,30,0.9999999999999997,2.841104936914004e-212
original,deu,100,31,100,30,0.9999999999999997,2.841104936914004e-212
original,deu,100,32,100,30,0.9999999999999997,2.841104936914004e-212
original,deu,100,33,100,30,0.9999999999999997,2.841104936914004e-212
original,deu,100,34,100,30,0.9999999999999997,2.841104936914004e-212
original,deu,100,35,100,30,0.9999999999999997,2.841104936914004e-212
original,deu,100,36,100,30,0.9999999999999997,2.841104936914004e-212
original,deu,100,37,100,30,0.9999999999999997,2.841104936914004e-212
original,deu,100,38,100,30,0.9999999999999997,2.841104936914004e-212
original,deu,100,39,100,30,0.9999999999999997,2.841104936914004e-212
original,deu,100,40,100,30,0.9999999999999997,2.841104936914004e-212
original,deu,100,41,100,30,0.9999999999999997,2.841104936914004e-212
original,deu,100,42,100,30,0.9999999999999997,2.841104936914004e-212
original,deu,100,43,100,30,0.9999999999999997,2.841104936914004e-212
original,deu,100,44,100,30,0.9999999999999997,2.841104936914004e-212
original,deu,100,45,100,30,0.9999999999999997,2.841104936914004e-212
original,deu,100,46,100,30,0.9999999999999997,2.841104936914004e-212
original,deu,100,47,100,30,0.9999999999999997,2.841104936914004e-212
original,deu,100,48,100,30,0.9999999999999997,2.841104936914004e-212
original,deu,100,49,100,30,0.9999999999999997,2.841104936914004e-212
original,deu,100,50,100,30,0.9999999999999997,2.841104936914004e-212
original,deu,100,51,100,30,0.9999999999999997,2.841104936914004e-212
original,deu,100,52,100,30,0.9999999999999997,2.841104936914004e-212
original,deu,100,53,100,30,0.9999999999999997,2.841104936914004e-212
original,deu,100,54,100,30,0.9999999999999997,2.841104936914004e-212
original,deu,100,55,100,30,0.9999999999999997,2.841104936914004e-212
original,deu,100,56,100,30,0.9999999999999997,2.841104936914004e-212
original,deu,100,57,100,30,0.9999999999999997,2.841104936914004e-212
original,deu,100,58,100,30,0.9999999999999997,2.841104936914004e-212
original,deu,100,59,100,30,0.9999999999999997,2.841104936914004e-212
original,deu,100,60,100,30,0.9999999999999997,2.841104936914004e-212
original,deu,100,61,100,30,0.9999999999999997,2.841104936914004e-212
original,deu,100,62,100,30,0.9999999999999997,2.841104936914004e-212
original,deu,100,63,100,30,0.9999999999999997,2.841104936914004e-212
original,deu,100,64,100,30,0.9999999999999997,2.841104936914004e-212
original,deu,100,65,100,30,0.9999999999999997,2.841104936914004e-212
original,deu,100,66,100,30,0.9999999999999997,2.841104936914004e-212
original,deu,100,67,100,30,0.9999999999999997,2.841104936914004e-212
original,deu,100,68,100,30,0.9999999999999997,2.841104936914004e-212
original,deu,100,69,100,30,0.9999999999999997,2.841104936914004e-212
original,deu,100,70,100,30,0.9999999999999997,2.841104936914004e-212
original,deu,100,71,100,30,0.9999999999999997,2.841104936914004e-212
original,deu,100,72,100,30,0.9999999999999997,2.841104936914004e-212
original,deu,100,73,100,30,0.9999999999999997,2.841104936914004e-212
original,deu,100,74,100,30,0.9999999999999997,2.841104936914004e-212
original,deu,100,75,100,30,0.9999999999999997,2.841104936914004e-212
original,deu,100,76,100,30,0.9999999999999997,2.841104936914004e-212
original,deu,100,77,100,30,0.9999999999999997,2.841104936914004e-212
original,deu,100,78,100,30,0.9999999999999997,2.841104936914004e-212
original,deu,100,79,100,30,0.9999999999999997,2.841104936914004e-212
original,deu,100,80,100,30,0.9999999999999997,2.841104936914004e-212
original,deu,100,81,100,30,0.9999999999999997,2.841104936914004e-212
original,deu,100,82,100,30,0.9999999999999997,2.841104936914004e-212
original,deu,100,83,100,30,0.9999999999999997,2.841104936914004e-212
original,deu,100,84,100,30,0.9999999999999997,2.841104936914004e-212
original,deu,100,85,100,30,0.9999999999999997,2.841104936914004e-212
original,deu,100,86,100,30,0.9999999999999997,2.841104936914004e-212
original,deu,100,87,100,30,0.9999999999999997,2.841104936914004e-212
original,deu,100,88,100,30,0.9999999999999997,2.841104936914004e-212
original,deu,100,89,100,30,0.9999999999999997,2.841104936914004e-212
original,deu,100,90,100,30,0.9999999999999997,2.841104936914004e-212
original,deu,100,91,100,30,0.9999999999999997,2.841104936914004e-212
original,deu,100,92,100,30,0.9999999999999997,2.841104936914004e-212
original,deu,100,93,100,30,0.9999999999999997,2.841104936914004e-212
original,deu,100,94,100,30,0.9999999999999997,2.841104936914004e-212
original,deu,100,95,100,30,0.9999999999999997,2.841104936914004e-212
original,deu,100,96,100,30,0.9999999999999997,2.841104936914004e-212
original,deu,100,97,100,30,0.9999999999999997,2.841104936914004e-212
original,deu,100,98,100,30,0.9999999999999997,2.841104936914004e-212
original,deu,100,99,100,30,0.9999999999999997,2.841104936914004e-212
original,deu,100,100,100,30,0.9999999999999997,2.841104936914004e-212
original,deu,100,101,100,30,0.9999999999999997,2.841104936914004e-212
original,deu,100,102,100,30,0.9999999999999997,2.841104936914004e-212
original,deu,100,103,100,30,0.9999999999999997,2.841104936914004e-212
original,deu,100,104,100,30,0.9999999999999997,2.841104936914004e-212
original,deu,100,105,100,30,0.9999999999999997,2.841104936914004e-212
original,deu,100,106,100,30,0.9999999999999997,2.841104936914004e-212
original,deu,100,107,100,30,0.9999999999999997,2.841104936914004e-212
original,deu,100,108,100,30,0.9999999999999997,2.841104936914004e-212
original,deu,100,109,100,30,0.9999999999999997,2.841104936914004e-212
original,deu,100,110,100,30,0.9999999999999997,2.841104936914004e-212
original,deu,100,111,100,30,0.9999999999999997,2.841104936914004e-212
original,deu,100,112,100,30,0.9999999999999997,2.841104936914004e-212
original,deu,100,113,100,30,0.9999999999999997,2.841104936914004e-212
original,deu,100,114,100,30,0.9999999999999997,2.841104936914004e-212
original,deu,100,115,100,30,0.9999999999999997,2.841104936914004e-212
original,deu,100,116,100,30,0.9999999999999997,2.841104936914004e-212
original,deu,100,117,100,30,0.9999999999999997,2.841104936914004e-212
original,deu,100,118,100,30,0.9999999999999997,2.841104936914004e-212
original,deu,100,119,100,30,0.9999999999999997,2.841104936914004e-212
original,deu,100,120,100,30,0.9999999999999997,2.841104936914004e-212
original,deu,100,121,100,30,0.9999999999999997,2.841104936914004e-212
original,deu,100,122,100,30,0.9999999999999997,2.841104936914004e-212
original,deu,100,123,100,30,0.9999999999999997,2.841104936914004e-212
original,deu,100,124,100,30,0.9999999999999997,2.841104936914004e-212
original,deu,100,125,100,30,0.9999999999999997,2.841104936914004e-212
original,deu,100,126,100,30,0.9999999999999997,2.841104936914004e-212
original,deu,100,127,100,30,0.9999999999999997,2.841104936914004e-212
original,deu,100,128,100,30,0.9999999999999997,2.841104936914004e-212
original,deu,100,129,100,30,0.9999999999999997,2.841104936914004e-212
original,deu,100,130,100,30,0.9999999999999997,2.841104936914004e-212
original,deu,100,131,100,30,0.9999999999999997,2.841104936914004e-212
original,deu,100,132,100,30,0.9999999999999997,2.841104936914004e-212
original,deu,100,133,100,30,0.9999999999999997,2.841104936914004e-212
original,deu,100,134,100,30,0.9999999999999997,2.841104936914004e-212
original,deu,100,135,100,30,0.9999999999999997,2.841104936914004e-212
original,deu,100,136,100,30,0.9999999999999997,2.841104936914004e-212
original,deu,100,137,100,30,0.9999999999999997,2.841104936914004e-212
original,deu,100,138,100,30,0.9999999999999997,2.841104936914004e-212
original,deu,100,139,100,30,0.9999999999999997,2.841104936914004e-212
original,deu,100,140,100,30,0.9999999999999997,2.841104936914004e-212
original,deu,100,141,100,30,0.9999999999999997,2.841104936914004e-212
original,deu,100,142,100,30,0.9999999999999997,2.841104936914004e-212
original,deu,100,143,100,30,0.9999999999999997,2.841104936914004e-212
original,deu,100,144,100,30,0.9999999999999997,2.841104936914004e-212
original,deu,100,145,100,30,0.9999999999999997,2.841104936914004e-212
original,deu,100,146,100,30,0.9999999999999997,2.841104936914004e-212
original,deu,100,147,100,30,0.9999999999999997,2.841104936914004e-212
original,deu,100,148,100,30,0.9999999999999997,2.841104936914004e-212
original,deu,100,149,100,30,0.9999999999999997,2.841104936914004e-212
original,deu,100,150,100,30,0.9999999999999997,2.841104936914004e-212
original,deu,100,151,100,30,0.9999999999999997,2.841104936914004e-212
original,deu,100,152,100,30,0.9999999999999997,2.841104936914004e-212
original,deu,100,153,100,30,0.9999999999999997,2.841104936914004e-212
original,deu,100,154,100,30,0.9999999999999997,2.841104936914004e-212
original,deu,100,155,100,30,0.9999999999999997,2.841104936914004e-212
original,deu,100,156,100,30,0.9999999999999997,2.841104936914004e-212
original,deu,100,157,100,30,0.9999999999999997,2.841104936914004e-212
original,deu,100,158,100,30,0.9999999999999997,2.841104936914004e-212
original,deu,100,159,100,30,0.9999999999999997,2.841104936914004e-212
original,deu,100,160,100,30,0.9999999999999997,2.841104936914004e-212
original,deu,100,161,100,30,0.9999999999999997,2.841104936914004e-212
original,deu,100,162,100,30,0.9999999999999997,2.841104936914004e-212
original,deu,100,163,100,30,0.9999999999999997,2.841104936914004e-212
original,deu,100,164,100,30,0.9999999999999997,2.841104936914004e-212
original,deu,100,165,100,30,0.9999999999999997,2.841104936914004e-212
original,deu,100,166,100,30,0.9999999999999997,2.841104936914004e-212
original,deu,100,167,100,30,0.9999999999999997,2.841104936914004e-212
original,deu,100,168,100,30,0.9999999999999997,2.841104936914004e-212
original,deu,100,169,100,30,0.9999999999999997,2.841104936914004e-212
original,deu,100,170,100,30,0.9999999999999997,2.841104936914004e-212
original,deu,100,171,100,30,0.9999999999999997,2.841104936914004e-212
original,deu,100,172,100,30,0.9999999999999997,2.841104936914004e-212
original,deu,100,173,100,30,0.9999999999999997,2.841104936914004e-212
original,deu,100,174,100,30,0.9999999999999997,2.841104936914004e-212
original,deu,100,175,100,30,0.9999999999999997,2.841104936914004e-212
original,deu,100,176,100,30,0.9999999999999997,2.841104936914004e-212
original,deu,100,177,100,30,0.9999999999999997,2.841104936914004e-212
original,deu,100,178,100,30,0.9999999999999997,2.841104936914004e-212
original,deu,100,179,100,30,0.9999999999999997,2.841104936914004e-212
original,deu,100,180,100,30,0.9999999999999997,2.841104936914004e-212
original,deu,100,181,100,30,0.9999999999999997,2.841104936914004e-212
original,deu,100,182,100,30,0.9999999999999997,2.841104936914004e-212
original,deu,100,183,100,30,0.9999999999999997,2.841104936914004e-212
original,deu,100,184,100,30,0.9999999999999997,2.841104936914004e-212
original,deu,100,185,100,30,0.9999999999999997,2.841104936914004e-212
original,deu,100,186,100,30,0.9999999999999997,2.841104936914004e-212
original,deu,100,187,100,30,0.9999999999999997,2.841104936914004e-212
original,deu,100,188,100,30,0.9999999999999997,2.841104936914004e-212
original,deu,100,189,100,30,0.9999999999999997,2.841104936914004e-212
original,deu,100,190,100,30,0.9999999999999997,2.841104936914004e-212
original,deu,100,191,100,30,0.9999999999999997,2.841104936914004e-212
original,deu,100,192,100,30,0.9999999999999997,2.841104936914004e-212
original,deu,100,193,100,30,0.9999999999999997,2.841104936914004e-212
original,deu,100,194,100,30,0.9999999999999997,2.841104936914004e-212
original,deu,100,195,100,30,0.9999999999999997,2.841104936914004e-212
original,deu,100,196,100,30,0.9999999999999997,2.841104936914004e-212
original,deu,100,197,100,30,0.9999999999999997,2.841104936914004e-212
original,deu,100,198,100,30,0.9999999999999997,2.841104936914004e-212
original,deu,100,199,100,30,0.9999999999999997,2.841104936914004e-212
original,eng,10,0,100,30,0.9665551372412341,4.37261815267045e-18
original,eng,10,1,100,30,0.9714581046500401,4.897630471915646e-19
original,eng,10,2,100,30,0.889220111191347,5.153798605577624e-11
original,eng,10,3,100,30,0.961224627775582,3.354607448595878e-17
original,eng,10,4,100,30,0.9194294086756175,7.231620748168136e-13
original,eng,10,5,100,30,0.9605357724365717,4.274268013684573e-17
original,eng,10,6,100,30,0.9415878572132372,9.205175818177326e-15
original,eng,10,7,100,30,0.9725407077480321,2.86923064199852e-19
original,eng,10,8,100,30,0.8925857618908819,3.418648437496144e-11
original,eng,10,9,100,30,0.9309784866416309,8.91273694738705e-14
original,eng,10,10,100,30,0.9582668503847879,9.218507398880873e-17
original,eng,10,11,100,30,0.9820835710517688,7.709603994145162e-22
original,eng,10,12,100,30,0.95050266894688,9.576197690300632e-16
original,eng,10,13,100,30,0.9443806367111515,4.717371729277047e-15
original,eng,10,14,100,30,0.9626460189626177,2.0062426480549983e-17
original,eng,10,15,100,30,0.9809001085815354,1.874133636492551e-21
original,eng,10,16,100,30,0.9307361259845811,9.346837762439374e-14
original,eng,10,17,100,30,0.9167265123541497,1.1284201317101857e-12
original,eng,10,18,100,30,0.9146511968201659,1.5720337588284561e-12
original,eng,10,19,100,30,0.9719133085018757,3.921474198484808e-19
original,eng,10,20,100,30,0.9350555078716279,3.8984251763325175e-14
original,eng,10,21,100,30,0.9229902044763825,3.9275902773417774e-13
original,eng,10,22,100,30,0.9199479722804959,6.628159753423863e-13
original,eng,10,23,100,30,0.9510032942589045,8.331683518730379e-16
original,eng,10,24,100,30,0.9533457665128814,4.257708114649046e-16
original,eng,10,25,100,30,0.965200013789585,7.561566706066682e-18
original,eng,10,26,100,30,0.9065904480798366,5.2852914350102486e-12
original,eng,10,27,100,30,0.8900170207353271,4.682069540522109e-11
original,eng,10,28,100,30,0.9672568931850628,3.2635058995977315e-18
original,eng,10,29,100,30,0.9731209121321794,2.1353315023398318e-19
original,eng,10,30,100,30,0.9258755114822613,2.343203647520425e-13
original,eng,10,31,100,30,0.9207080119984997,5.827278663110106e-13
original,eng,10,32,100,30,0.9471504481026575,2.347418757183922e-15
original,eng,10,33,100,30,0.9607337146276863,3.988590488723086e-17
original,eng,10,34,100,30,0.9446268699687608,4.440051002481199e-15
original,eng,10,35,100,30,0.9603627999533557,4.539301129301053e-17
original,eng,10,36,100,30,0.9688360376762921,1.6495423812812688e-18
original,eng,10,37,100,30,0.9634373280522615,1.4938855292947003e-17
original,eng,10,38,100,30,0.9256846090479739,2.4262127198765404e-13
original,eng,10,39,100,30,0.9711924693948422,5.566757324085066e-19
original,eng,10,40,100,30,0.9519756654807471,6.331014268969475e-16
original,eng,10,41,100,30,0.9507956073610803,8.828590643002285e-16
original,eng,10,42,100,30,0.8989273656583849,1.518340887836342e-11
original,eng,10,43,100,30,0.9449759849975294,4.072635629836357e-15
original,eng,10,44,100,30,0.9622862400763125,2.2892895417845472e-17
original,eng,10,45,100,30,0.956175260582157,1.8045896427946788e-16
original,eng,10,46,100,30,0.952989635613733,4.725563797204382e-16
original,eng,10,47,100,30,0.9427719977410263,6.961611294772169e-15
original,eng,10,48,100,30,0.9423137617491575,7.761791411913897e-15
original,eng,10,49,100,30,0.9297982066921338,1.1217479194471351e-13
original,eng,10,50,100,30,0.9600568725609788,5.045636184818056e-17
original,eng,10,51,100,30,0.9124084287376526,2.2285762252259783e-12
original,eng,10,52,100,30,0.9455125114163312,3.562437838973224e-15
original,eng,10,53,100,30,0.9384225238297027,1.8894195865647664e-14
original,eng,10,54,100,30,0.9436815662591331,5.594425026702967e-15
original,eng,10,55,100,30,0.947579778708768,2.0996850764724263e-15
original,eng,10,56,100,30,0.9534167368858286,4.169756326198001e-16
original,eng,10,57,100,30,0.9752460199111659,6.82898279387787e-20
original,eng,10,58,100,30,0.958061438693798,9.861940031867616e-17
original,eng,10,59,100,30,0.978850160092752,7.712900441081035e-21
original,eng,10,60,100,30,0.9369473593590902,2.607784014080518e-14
original,eng,10,61,100,30,0.9667635035532702,4.01143907719722e-18
original,eng,10,62,100,30,0.9458735253469575,3.253142524795343e-15
original,eng,10,63,100,30,0.9631918081881234,1.63814226153447e-17
original,eng,10,64,100,30,0.9217966983090906,4.834795306105389e-13
original,eng,10,65,100,30,0.9532993899384541,4.31610563000756e-16
original,eng,10,66,100,30,0.9425054895872262,7.417174847056437e-15
original,eng,10,67,100,30,0.9410659153883505,1.0392214246375832e-14
original,eng,10,68,100,30,0.9415502589432952,9.286301005021512e-15
original,eng,10,69,100,30,0.9644160092144087,1.0279493867741611e-17
original,eng,10,70,100,30,0.9565272943200638,1.6154248697738806e-16
original,eng,10,71,100,30,0.9730098266437663,2.260711621111348e-19
original,eng,10,72,100,30,0.9341471288685257,4.7084543951186116e-14
original,eng,10,73,100,30,0.9431308222903039,6.389055002316702e-15
original,eng,10,74,100,30,0.9311520220987248,8.613439043748244e-14
original,eng,10,75,100,30,0.9770369267645994,2.4127614459501263e-20
original,eng,10,76,100,30,0.946267218683196,2.944284143753235e-15
original,eng,10,77,100,30,0.9243074388665145,3.110416982125822e-13
original,eng,10,78,100,30,0.9528416103772412,4.933671664962475e-16
original,eng,10,79,100,30,0.9009054542142904,1.165862042986718e-11
original,eng,10,80,100,30,0.9746422511152648,9.533814743799516e-20
original,eng,10,81,100,30,0.9703078043145175,8.455687599387887e-19
original,eng,10,82,100,30,0.9562578491319157,1.7584556683623495e-16
original,eng,10,83,100,30,0.9566150946359954,1.571196049303595e-16
original,eng,10,84,100,30,0.9606070643451424,4.169262762084216e-17
original,eng,10,85,100,30,0.9557434991861773,2.064555667600543e-16
original,eng,10,86,100,30,0.9297161570699101,1.1396573640252243e-13
original,eng,10,87,100,30,0.946911366385373,2.4968298146278967e-15
original,eng,10,88,100,30,0.9184298962444327,8.54018514304986e-13
original,eng,10,89,100,30,0.9516296021031234,6.985507886628396e-16
original,eng,10,90,100,30,0.9519600579007061,6.359265522112446e-16
original,eng,10,91,100,30,0.9644230766760402,1.0251394222978963e-17
original,eng,10,92,100,30,0.9651652378782428,7.66640250210563e-18
original,eng,10,93,100,30,0.9715304807483316,4.728699001376838e-19
original,eng,10,94,100,30,0.9507777435816634,8.872587157363441e-16
original,eng,10,95,100,30,0.9335734638310577,5.29734272706129e-14
original,eng,10,96,100,30,0.9081202979594964,4.235131538161291e-12
original,eng,10,97,100,30,0.9043172412871375,7.294801539208473e-12
original,eng,10,98,100,30,0.9280456197300773,1.5669494127199038e-13
original,eng,10,99,100,30,0.9299796142871265,1.0830700522139569e-13
original,eng,10,100,100,30,0.9753783394242063,6.34045932098628e-20
original,eng,10,101,100,30,0.9149843760765334,1.491393446357028e-12
original,eng,10,102,100,30,0.9717410343454317,4.267457866317729e-19
original,eng,10,103,100,30,0.9410146462590676,1.0516142296160687e-14
original,eng,10,104,100,30,0.9284734385948908,1.4453081700640362e-13
original,eng,10,105,100,30,0.9426361256228699,7.190531320880007e-15
original,eng,10,106,100,30,0.9489119307836997,1.4765048276955298e-15
original,eng,10,107,100,30,0.9514179770725625,7.416027450494183e-16
original,eng,10,108,100,30,0.9644778314900843,1.003609235175619e-17
original,eng,10,109,100,30,0.9551271228404821,2.496122462797031e-16
original,eng,10,110,100,30,0.9545998619332079,2.930043746010181e-16
original,eng,10,111,100,30,0.9523125770691231,5.748771619045477e-16
original,eng,10,112,100,30,0.9547069858845716,2.8366045101162983e-16
original,eng,10,113,100,30,0.9464822110241201,2.78729961647755e-15
original,eng,10,114,100,30,0.9470551182482392,2.4059734806840734e-15
original,eng,10,115,100,30,0.9783881466844906,1.0408252807784187e-20
original,eng,10,116,100,30,0.9437552924832724,5.4952817881184264e-15
original,eng,10,117,100,30,0.958519652042254,8.480009021795819e-17
original,eng,10,118,100,30,0.9468487415495064,2.5373947919417637e-15
original,eng,10,119,100,30,0.911486092198342,2.565595910585397e-12
original,eng,10,120,100,30,0.9553056288028505,2.363254444494092e-16
original,eng,10,121,100,30,0.9616799847399974,2.8512674593559614e-17
original,eng,10,122,100,30,0.9454665927766484,3.603670908113734e-15
original,eng,10,123,100,30,0.9484318650179795,1.6780614427274963e-15
original,eng,10,124,100,30,0.9508095453710422,8.794403161744389e-16
original,eng,10,125,100,30,0.9638096249276042,1.297437434241568e-17
original,eng,10,126,100,30,0.9667949838054514,3.959340047908694e-18
original,eng,10,127,100,30,0.9691567174320211,1.429983417492877e-18
original,eng,10,128,100,30,0.9574334734782267,1.2096006978794868e-16
original,eng,10,129,100,30,0.9647576343915282,8.999775702666498e-18
original,eng,10,130,100,30,0.8943610869537363,2.737982341615554e-11
original,eng,10,131,100,30,0.9430449014692491,6.522042908745007e-15
original,eng,10,132,100,30,0.9396052781916245,1.4508083866340224e-14
original,eng,10,133,100,30,0.9654960451850854,6.721421248209059e-18
original,eng,10,134,100,30,0.9528822903971258,4.875650504829041e-16
original,eng,10,135,100,30,0.9562079649335615,1.7861886242878333e-16
original,eng,10,136,100,30,0.9418082167879053,8.742735988265292e-15
original,eng,10,137,100,30,0.9727648740110829,2.5616746922567453e-19
original,eng,10,138,100,30,0.9317778230264794,7.609534223545445e-14
original,eng,10,139,100,30,0.9393357153348905,1.54155037845318e-14
original,eng,10,140,100,30,0.945333920476565,3.725298640606084e-15
original,eng,10,141,100,30,0.9688477065777779,1.6410341139255214e-18
original,eng,10,142,100,30,0.9522683690157012,5.822238237718917e-16
original,eng,10,143,100,30,0.9307879055065094,9.252485380090556e-14
original,eng,10,144,100,30,0.9421651910203609,8.038953417805372e-15
original,eng,10,145,100,30,0.9668995103487426,3.790813283173334e-18
original,eng,10,146,100,30,0.9615173681269583,3.0223825316378265e-17
original,eng,10,147,100,30,0.9556644604200654,2.1157442071175224e-16
original,eng,10,148,100,30,0.9482417344255233,1.7647017004513045e-15
original,eng,10,149,100,30,0.9430933442770095,6.446751898392127e-15
original,eng,10,150,100,30,0.9642338209793349,1.1028959586742317e-17
original,eng,10,151,100,30,0.9696386628549027,1.1504358084288116e-18
original,eng,10,152,100,30,0.9485378622270737,1.63148540388125e-15
original,eng,10,153,100,30,0.9406041535014322,1.155879068302865e-14
original,eng,10,154,100,30,0.9464328303157916,2.82265586256028e-15
original,eng,10,155,100,30,0.9361833560237571,3.0720648838758715e-14
original,eng,10,156,100,30,0.9237486784058,3.43568991975118e-13
original,eng,10,157,100,30,0.9559239881844173,1.9519317407093425e-16
original,eng,10,158,100,30,0.9354496499077137,3.588773203689981e-14
original,eng,10,159,100,30,0.9482190679941734,1.7753021047396918e-15
original,eng,10,160,100,30,0.9524161125801479,5.580056742677134e-16
original,eng,10,161,100,30,0.9481178232915904,1.8233743413179084e-15
original,eng,10,162,100,30,0.9533803870101889,4.214591535274214e-16
original,eng,10,163,100,30,0.9669612019460809,3.694492886070454e-18
original,eng,10,164,100,30,0.9537523731142322,3.776131307872095e-16
original,eng,10,165,100,30,0.9243181405549242,3.104474460611056e-13
original,eng,10,166,100,30,0.950097707140115,1.07064208836817e-15
original,eng,10,167,100,30,0.9586207281015401,8.200379084778382e-17
original,eng,10,168,100,30,0.9139586649366677,1.7526759699527817e-12
original,eng,10,169,100,30,0.9504964518564633,9.592680959814247e-16
original,eng,10,170,100,30,0.9204965155573689,6.040659708853442e-13
original,eng,10,171,100,30,0.8993817048267101,1.4296477308093593e-11
original,eng,10,172,100,30,0.9644390438336986,1.0188171865307414e-17
original,eng,10,173,100,30,0.9531140315351558,4.556990619227778e-16
original,eng,10,174,100,30,0.9588815571742052,7.51773953976242e-17
original,eng,10,175,100,30,0.9481847697005515,1.7914544374687587e-15
original,eng,10,176,100,30,0.9497398421252995,1.180665926700199e-15
original,eng,10,177,100,30,0.9392029879952729,1.5881319257300587e-14
original,eng,10,178,100,30,0.9480665203412482,1.8481906902919456e-15
original,eng,10,179,100,30,0.9676741490290892,2.73414095084844e-18
original,eng,10,180,100,30,0.9508399818599748,8.720173213930978e-16
original,eng,10,181,100,30,0.9759050687743143,4.6993792517443223e-20
original,eng,10,182,100,30,0.9541475419868578,3.3568673971219286e-16
original,eng,10,183,100,30,0.9593732897186118,6.371718688656434e-17
original,eng,10,184,100,30,0.9624775293664811,2.1344969469944477e-17
original,eng,10,185,100,30,0.978165918939993,1.1994643850720381e-20
original,eng,10,186,100,30,0.9351835643344941,3.795211641285458e-14
original,eng,10,187,100,30,0.9507832723299986,8.8589488309737645e-16
original,eng,10,188,100,30,0.9604694976885048,4.3740748179934817e-17
original,eng,10,189,100,30,0.9387779163692461,1.746215738005115e-14
original,eng,10,190,100,30,0.964256115860931,1.0934602375946541e-17
original,eng,10,191,100,30,0.9683695634706525,2.0251276401556746e-18
original,eng,10,192,100,30,0.9275363612416425,1.7240497399213866e-13
original,eng,10,193,100,30,0.9661306195415675,5.203504065959695e-18
original,eng,10,194,100,30,0.9391257627654603,1.6158299930479513e-14
original,eng,10,195,100,30,0.9516903447930373,6.866278302101699e-16
original,eng,10,196,100,30,0.9677076502591306,2.6952929564469145e-18
original,eng,10,197,100,30,0.9538866820792322,3.6284836495803355e-16
original,eng,10,198,100,30,0.946980997768774,2.4524311880428366e-15
original,eng,10,199,100,30,0.947388235567143,2.207058180875513e-15
original,eng,25,0,100,30,0.9766710140550062,3.0037395159831207e-20
original,eng,25,1,100,30,0.978641246944772,8.839453789794202e-21
original,eng,25,2,100,30,0.9893364887462414,5.64086503015922e-25
original,eng,25,3,100,30,0.968868490812579,1.625980126434624e-18
original,eng,25,4,100,30,0.9904544909323084,1.2047269082153097e-25
original,eng,25,5,100,30,0.9725577858069603,2.8446468200771566e-19
original,eng,25,6,100,30,0.9864558718269045,1.5762563429426193e-23
original,eng,25,7,100,30,0.9836806419134458,2.1066608373246805e-22
original,eng,25,8,100,30,0.9831638322935711,3.249266501745709e-22
original,eng,25,9,100,30,0.9813585178595544,1.3375562313489847e-21
original,eng,25,10,100,30,0.9822532273530873,6.755129659044607e-22
original,eng,25,11,100,30,0.9341843471545178,4.6724220091017105e-14
original,eng,25,12,100,30,0.9836107266507478,2.235639885097342e-22
original,eng,25,13,100,30,0.9795637655172286,4.791024419214128e-21
original,eng,25,14,100,30,0.9770894786011948,2.3373498890681963e-20
original,eng,25,15,100,30,0.9780132753390116,1.3211128926729724e-20
original,eng,25,16,100,30,0.9725694206831444,2.8280104068432814e-19
original,eng,25,17,100,30,0.969419627036331,1.2705267089566912e-18
original,eng,25,18,100,30,0.9845841841153011,9.542895996795063e-23
original,eng,25,19,100,30,0.9840554740009221,1.5251369929623227e-22
original,eng,25,20,100,30,0.9798079067334449,4.055122488950549e-21
original,eng,25,21,100,30,0.9685751734705462,1.850757900338485e-18
original,eng,25,22,100,30,0.9913240962493989,3.1798589890562285e-26
original,eng,25,23,100,30,0.9761671802795624,4.0386366346184645e-20
original,eng,25,24,100,30,0.9887424319287403,1.200587524439027e-24
original,eng,25,25,100,30,0.9863358821152411,1.782117891032413e-23
original,eng,25,26,100,30,0.9868918734563833,9.996233014768907e-24
original,eng,25,27,100,30,0.9776590219664039,1.6488470335093764e-20
original,eng,25,28,100,30,0.9906103125169714,9.576999990699528e-26
original,eng,25,29,100,30,0.9778825821830939,1.4342557163151237e-20
original,eng,25,30,100,30,0.9792313420433453,5.9930831296423304e-21
original,eng,25,31,100,30,0.9720938931291829,3.586843829788807e-19
original,eng,25,32,100,30,0.971826036450195,4.09335712695883e-19
original,eng,25,33,100,30,0.9871282783169965,7.759022997449707e-24
original,eng,25,34,100,30,0.9827631696838456,4.505261325436623e-22
original,eng,25,35,100,30,0.9876376396706431,4.422452540131477e-24
original,eng,25,36,100,30,0.9800212014641123,3.499478340400485e-21
original,eng,25,37,100,30,0.9649557745010986,8.326869185870275e-18
original,eng,25,38,100,30,0.987853082339137,3.462099572034126e-24
original,eng,25,39,100,30,0.9797839598319044,4.1223683193803435e-21
original,eng,25,40,100,30,0.9890340675690067,8.328748846446646e-25
original,eng,25,41,100,30,0.9795258657331476,4.915786342025717e-21
original,eng,25,42,100,30,0.9875434587220119,4.915398170885888e-24
original,eng,25,43,100,30,0.9738246903233038,1.4791892505460252e-19
original,eng,25,44,100,30,0.9824838098281239,5.632869610818682e-22
original,eng,25,45,100,30,0.9782312838464537,1.1506197483257589e-20
original,eng,25,46,100,30,0.982139410929195,7.382457251030236e-22
original,eng,25,47,100,30,0.9785496732108195,9.379811594967749e-21
original,eng,25,48,100,30,0.969992378107451,9.784902196837154e-19
original,eng,25,49,100,30,0.9928838502243665,2.0024271331890075e-27
original,eng,25,50,100,30,0.9822121392293087,6.975659609351692e-22
original,eng,25,51,100,30,0.9808095034812544,2.001401339292235e-21
original,eng,25,52,100,30,0.9758424099541606,4.8715196013758544e-20
original,eng,25,53,100,30,0.9907915920205737,7.297546674137855e-26
original,eng,25,54,100,30,0.9797177427632371,4.313735186951117e-21
original,eng,25,55,100,30,0.9929677744047726,1.6968620284521413e-27
original,eng,25,56,100,30,0.9719563290841189,3.8392290546731215e-19
original,eng,25,57,100,30,0.9853811438495329,4.5608969245716535e-23
original,eng,25,58,100,30,0.9766285986711746,3.0803058084910165e-20
original,eng,25,59,100,30,0.9795984945203996,4.67928467027896e-21
original,eng,25,60,100,30,0.97381311844569,1.4882650148814707e-19
original,eng,25,61,100,30,0.9819000860711391,8.881689358187394e-22
original,eng,25,62,100,30,0.9859651954248583,2.586428885977306e-23
original,eng,25,63,100,30,0.9842193812707163,1.3210448033484196e-22
original,eng,25,64,100,30,0.9828379133734932,4.241270677334725e-22
original,eng,25,65,100,30,0.9834835908317707,2.4891296393060146e-22
original,eng,25,66,100,30,0.9884577262498386,1.7001801970632814e-24
original,eng,25,67,100,30,0.9802430972963905,2.996995039209029e-21
original,eng,25,68,100,30,0.9822199531955911,6.933212770709555e-22
original,eng,25,69,100,30,0.9825159668523246,5.490888895573668e-22
original,eng,25,70,100,30,0.9848707384135402,7.351184875743188e-23
original,eng,25,71,100,30,0.986895885732084,9.953725273310351e-24
original,eng,25,72,100,30,0.970254418536928,8.668191304007357e-19
original,eng,25,73,100,30,0.9760225463953957,4.3917386678621955e-20
original,eng,25,74,100,30,0.9765391157187799,3.2478080310845406e-20
original,eng,25,75,100,30,0.9860586042887699,2.3569293320569974e-23
original,eng,25,76,100,30,0.9759535717771817,4.5700195698130056e-20
original,eng,25,77,100,30,0.9847723043995594,8.045010532752058e-23
original,eng,25,78,100,30,0.9861476983508606,2.1557696338572509e-23
original,eng,25,79,100,30,0.9699583549498694,9.939292856736735e-19
original,eng,25,80,100,30,0.974719406705674,9.139958012259396e-20
original,eng,25,81,100,30,0.9866318072567637,1.3140024284848602e-23
original,eng,25,82,100,30,0.9870787250666763,8.18536226341457e-24
original,eng,25,83,100,30,0.9836165034936364,2.224711494686457e-22
original,eng,25,84,100,30,0.9797756687664165,4.145890603573744e-21
original,eng,25,85,100,30,0.9850108490732852,6.458909154032479e-23
original,eng,25,86,100,30,0.9848378204964563,7.576779687976367e-23
original,eng,25,87,100,30,0.9806044710254903,2.319557723439893e-21
original,eng,25,88,100,30,0.9826351985295287,4.992913592113746e-22
original,eng,25,89,100,30,0.9748500260097638,8.507385527028503e-20
original,eng,25,90,100,30,0.9746297602675515,9.599037017450055e-20
original,eng,25,91,100,30,0.9863811604424412,1.701670600357801e-23
original,eng,25,92,100,30,0.9909130562174739,6.064070553186718e-26
original,eng,25,93,100,30,0.9837766911408488,1.9407009390162374e-22
original,eng,25,94,100,30,0.9878196423655093,3.597214275417931e-24
original,eng,25,95,100,30,0.9841079211868574,1.4568518066687154e-22
original,eng,25,96,100,30,0.9794936662725754,5.024143361423917e-21
original,eng,25,97,100,30,0.9762806788341533,3.7801808347744365e-20
original,eng,25,98,100,30,0.972912606002552,2.376006564921881e-19
original,eng,25,99,100,30,0.9944200286544767,6.714782300807285e-29
original,eng,25,100,100,30,0.9854697251239499,4.19113142697966e-23
original,eng,25,101,100,30,0.9712881184081179,5.316627684092887e-19
original,eng,25,102,100,30,0.9800100510720553,3.526680435651265e-21
original,eng,25,103,100,30,0.9827686974358142,4.485227639888878e-22
original,eng,25,104,100,30,0.972892763429227,2.4001977309111147e-19
original,eng,25,105,100,30,0.984002664174939,1.5968841572222263e-22
original,eng,25,106,100,30,0.9832334539463895,3.0674339472791013e-22
original,eng,25,107,100,30,0.9889802267020378,8.916954352671836e-25
original,eng,25,108,100,30,0.988596611545453,1.4363438449618952e-24
original,eng,25,109,100,30,0.9927004709964947,2.8560686481898308e-27
original,eng,25,110,100,30,0.9863966935660545,1.6748578648251604e-23
original,eng,25,111,100,30,0.9859298709763776,2.678494960728294e-23
original,eng,25,112,100,30,0.9864552107437653,1.577327430320691e-23
original,eng,25,113,100,30,0.9731907774878028,2.059810562670426e-19
original,eng,25,114,100,30,0.9746611503778414,9.435910856540625e-20
original,eng,25,115,100,30,0.9786645697238855,8.706520367140105e-21
original,eng,25,116,100,30,0.9763690362308652,3.589684936181628e-20
original,eng,25,117,100,30,0.9782801371459363,1.115325045544341e-20
original,eng,25,118,100,30,0.9896645241822196,3.6495340886223744e-25
original,eng,25,119,100,30,0.9715562125451037,4.669951876667904e-19
original,eng,25,120,100,30,0.9726095608235708,2.7713047114706355e-19
original,eng,25,121,100,30,0.9812013264708151,1.5029660675553712e-21
original,eng,25,122,100,30,0.9795869335465046,4.716210633946104e-21
original,eng,25,123,100,30,0.9781300194587768,1.2271016716299611e-20
original,eng,25,124,100,30,0.9844660233559775,1.0611886395862415e-22
original,eng,25,125,100,30,0.9890376456799972,8.290963664785779e-25
original,eng,25,126,100,30,0.9852667208789526,5.0833633632699073e-23
original,eng,25,127,100,30,0.9752731060157751,6.726227989492193e-20
original,eng,25,128,100,30,0.9822968368683125,6.528152544545429e-22
original,eng,25,129,100,30,0.9857325926417791,3.251064063956146e-23
original,eng,25,130,100,30,0.9857859138506126,3.086037872218082e-23
original,eng,25,131,100,30,0.9861698350144743,2.1083219178364686e-23
original,eng,25,132,100,30,0.98321436541102,3.116325185341231e-22
original,eng,25,133,100,30,0.9799241364174591,3.742945023644605e-21
original,eng,25,134,100,30,0.9825201583168783,5.472629116879707e-22
original,eng,25,135,100,30,0.975820555565504,4.9329215261353694e-20
original,eng,25,136,100,30,0.9858629454792301,2.8613128178309527e-23
original,eng,25,137,100,30,0.9911778229767859,4.0149077818396393e-26
original,eng,25,138,100,30,0.9866971393610933,1.227388693553821e-23
original,eng,25,139,100,30,0.9843529080418388,1.1738330120491964e-22
original,eng,25,140,100,30,0.9643937568546305,1.03684340440778e-17
original,eng,25,141,100,30,0.9689118500555006,1.5949861104243779e-18
original,eng,25,142,100,30,0.9820667926937308,7.810498522091922e-22
original,eng,25,143,100,30,0.9779344509059938,1.38831824782158e-20
original,eng,25,144,100,30,0.9792690474511678,5.843890832336212e-21
original,eng,25,145,100,30,0.9752761683304861,6.714701309879288e-20
original,eng,25,146,100,30,0.9776477183576486,1.6604499938534864e-20
original,eng,25,147,100,30,0.9867133233999613,1.2067672934158035e-23
original,eng,25,148,100,30,0.9726184688220575,2.75886417882092e-19
original,eng,25,149,100,30,0.9772462428463373,2.1251764804052262e-20
original,eng,25,150,100,30,0.9750460711885854,7.63374928577384e-20
original,eng,25,151,100,30,0.9819320115000368,8.666555289164836e-22
original,eng,25,152,100,30,0.9774929023750084,1.827177333435563e-20
original,eng,25,153,100,30,0.9852661628364696,5.086042243477744e-23
original,eng,25,154,100,30,0.9831341540338389,3.329775584640099e-22
original,eng,25,155,100,30,0.9800123940165326,3.520948453809754e-21
original,eng,25,156,100,30,0.9773154453248192,2.0373194289387353e-20
original,eng,25,157,100,30,0.9837633408022766,1.963019120855041e-22
original,eng,25,158,100,30,0.9813920435360535,1.3045373026607882e-21
original,eng,25,159,100,30,0.9890017178708523,8.677691081769832e-25
original,eng,25,160,100,30,0.9656800854198604,6.2436131498293396e-18
original,eng,25,161,100,30,0.9919585664429088,1.1024229365141195e-26
original,eng,25,162,100,30,0.9852311811332312,5.2566101383955557e-23
original,eng,25,163,100,30,0.9757334297876497,5.184910937002429e-20
original,eng,25,164,100,30,0.9902382862710859,1.6462438076959465e-25
original,eng,25,165,100,30,0.9817146286890837,1.023257257484307e-21
original,eng,25,166,100,30,0.9698227731241177,1.057723377974321e-18
original,eng,25,167,100,30,0.9868938488169883,9.97528420892832e-24
original,eng,25,168,100,30,0.9904048539865596,1.2950668427629118e-25
original,eng,25,169,100,30,0.9951310463923991,1.0003706701332568e-29
original,eng,25,170,100,30,0.9769735645057647,2.506683930165233e-20
original,eng,25,171,100,30,0.9871210041566693,7.820289607750033e-24
original,eng,25,172,100,30,0.9826345974814842,4.995315257865173e-22
original,eng,25,173,100,30,0.9709237141002423,6.329153338436149e-19
original,eng,25,174,100,30,0.9862042407322309,2.036496083363017e-23
original,eng,25,175,100,30,0.9753991286218558,6.266718697749177e-20
original,eng,25,176,100,30,0.9698527552687517,1.043297922538448e-18
original,eng,25,177,100,30,0.9814903414967092,1.2120311390018063e-21
original,eng,25,178,100,30,0.9539675973404591,3.5421307350867915e-16
original,eng,25,179,100,30,0.9829266746943542,3.9464262173336504e-22
original,eng,25,180,100,30,0.9900131721003047,2.26213970652504e-25
original,eng,25,181,100,30,0.9857636542541477,3.153961603867998e-23
original,eng,25,182,100,30,0.9877443676463871,3.919462255242565e-24
original,eng,25,183,100,30,0.9643069704379547,1.0722164806528458e-17
original,eng,25,184,100,30,0.9765187686925768,3.287055460251692e-20
original,eng,25,185,100,30,0.9770460329108481,2.3995346982971793e-20
original,eng,25,186,100,30,0.9869620052644413,9.276938667756885e-24
original,eng,25,187,100,30,0.9863424745712595,1.770189464685522e-23
original,eng,25,188,100,30,0.9829237920527186,3.955695102718263e-22
original,eng,25,189,100,30,0.9923310243678893,5.688362918606507e-27
original,eng,25,190,100,30,0.9894082286731288,5.134435637022233e-25
original,eng,25,191,100,30,0.9813246924784336,1.371654423526293e-21
original,eng,25,192,100,30,0.978371906358881,1.051724162564975e-20
original,eng,25,193,100,30,0.9684856069233068,1.9249308326172128e-18
original,eng,25,194,100,30,0.9889151704328677,9.679063447388712e-25
original,eng,25,195,100,30,0.9886683912905283,1.3153932291723487e-24
original,eng,25,196,100,30,0.9713816172201426,5.082224213838996e-19
original,eng,25,197,100,30,0.9821521259810826,7.309786509465939e-22
original,eng,25,198,100,30,0.9731888053867214,2.0619079041112856e-19
original,eng,25,199,100,30,0.9792953715317646,5.741781603469061e-21
original,eng,50,0,100,30,0.9952298043391025,7.513278643251829e-30
original,eng,50,1,100,30,0.996579473887324,7.197571375883982e-32
original,eng,50,2,100,30,0.9921375842535936,8.05261503087012e-27
original,eng,50,3,100,30,0.9926311708186686,3.258641402894332e-27
original,eng,50,4,100,30,0.994235483278086,1.057736704830134e-28
original,eng,50,5,100,30,0.9936076488893243,4.480092774809579e-28
original,eng,50,6,100,30,0.9917222057078526,1.6514269592823068e-26
original,eng,50,7,100,30,0.9915748565204046,2.1122590121990207e-26
original,eng,50,8,100,30,0.991064106997538,4.8000468178866074e-26
original,eng,50,9,100,30,0.9952814296838647,6.453645937772471e-30
original,eng,50,10,100,30,0.9939379307274214,2.1360107607348307e-28
original,eng,50,11,100,30,0.9956488130397411,2.0793969947328208e-30
original,eng,50,12,100,30,0.9927655778315316,2.5203849303649474e-27
original,eng,50,13,100,30,0.9885776728765484,1.469933599121123e-24
original,eng,50,14,100,30,0.9950884301087451,1.129884657838646e-29
original,eng,50,15,100,30,0.9948228019892772,2.358169156336113e-29
original,eng,50,16,100,30,0.9916022517151337,2.0184466805260693e-26
original,eng,50,17,100,30,0.9938056401587734,2.887429862754413e-28
original,eng,50,18,100,30,0.9923203539973707,5.799798410672005e-27
original,eng,50,19,100,30,0.9935331585890923,5.2666255164127e-28
original,eng,50,20,100,30,0.9935354972916082,5.240097564989714e-28
original,eng,50,21,100,30,0.9961363828277695,3.950328054350158e-31
original,eng,50,22,100,30,0.9851932077712812,5.447761891392371e-23
original,eng,50,23,100,30,0.9919651796988753,1.08984162383881e-26
original,eng,50,24,100,30,0.996472272040477,1.1079842237472934e-31
original,eng,50,25,100,30,0.9948735525916569,2.0550065164067005e-29
original,eng,50,26,100,30,0.9960011121246755,6.390106486917258e-31
original,eng,50,27,100,30,0.9955899132601764,2.5091888393874466e-30
original,eng,50,28,100,30,0.9937826930434867,3.040416795942106e-28
original,eng,50,29,100,30,0.9954556236861059,3.815566402015556e-30
original,eng,50,30,100,30,0.9955980168620627,2.4455252071867192e-30
original,eng,50,31,100,30,0.9930961810183785,1.3120135074322556e-27
original,eng,50,32,100,30,0.9931285716554464,1.2286570475903334e-27
original,eng,50,33,100,30,0.9949002590341898,1.9104086661382314e-29
original,eng,50,34,100,30,0.9924027641931291,4.989217434318731e-27
original,eng,50,35,100,30,0.9941472768433618,1.3076023014173018e-28
original,eng,50,36,100,30,0.9918911658365304,1.238566111448196e-26
original,eng,50,37,100,30,0.9956539229051308,2.045532784248509e-30
original,eng,50,38,100,30,0.994945057507891,1.6888769277989815e-29
original,eng,50,39,100,30,0.9923481204783217,5.513954932854052e-27
original,eng,50,40,100,30,0.994486184744474,5.684470991594388e-29
original,eng,50,41,100,30,0.9920811439218244,8.897703873653815e-27
original,eng,50,42,100,30,0.9930680129554653,1.3887392754824875e-27
original,eng,50,43,100,30,0.9955662920708312,2.7036488023386644e-30
original,eng,50,44,100,30,0.9947233466402651,3.0761347910181153e-29
original,eng,50,45,100,30,0.9931374309473948,1.206729597323969e-27
original,eng,50,46,100,30,0.9965204130911637,9.143595946302687e-32
original,eng,50,47,100,30,0.994543109094672,4.9174873238304966e-29
original,eng,50,48,100,30,0.9935084756217869,5.554308057855753e-28
original,eng,50,49,100,30,0.9964775734171639,1.0849348141275652e-31
original,eng,50,50,100,30,0.9949256951420065,1.781523613648597e-29
original,eng,50,51,100,30,0.9956103216794113,2.3517173581440974e-30
original,eng,50,52,100,30,0.9947242642763229,3.0686710038162434e-29
original,eng,50,53,100,30,0.9962597779848156,2.5096025363544637e-31
original,eng,50,54,100,30,0.9968176128874745,2.6245550200420566e-32
original,eng,50,55,100,30,0.9931717777278338,1.1251065331822525e-27
original,eng,50,56,100,30,0.9934460912839215,6.347706884018172e-28
original,eng,50,57,100,30,0.9957282995751275,1.6071257036216386e-30
original,eng,50,58,100,30,0.9964478585133958,1.2201171079809688e-31
original,eng,50,59,100,30,0.9955710944009245,2.6630158806982657e-30
original,eng,50,60,100,30,0.9876493321337267,4.3645631818274816e-24
original,eng,50,61,100,30,0.9932005955651201,1.0606081099585062e-27
original,eng,50,62,100,30,0.9945559782521272,4.7579662617421764e-29
original,eng,50,63,100,30,0.9954755424538807,3.588416300690015e-30
original,eng,50,64,100,30,0.9962423274971876,2.6783079839042556e-31
original,eng,50,65,100,30,0.9874887432573296,5.224710750255344e-24
original,eng,50,66,100,30,0.9932053066060696,1.0503964718665604e-27
original,eng,50,67,100,30,0.992762579378682,2.5350028785978253e-27
original,eng,50,68,100,30,0.9922499880893998,6.586932749208465e-27
original,eng,50,69,100,30,0.997300295180972,2.6315699222599563e-33
original,eng,50,70,100,30,0.9921354666693312,8.08292739125715e-27
original,eng,50,71,100,30,0.993600929891725,4.546285579695834e-28
original,eng,50,72,100,30,0.9963279017290815,1.9409819926250804e-31
original,eng,50,73,100,30,0.989218231028442,6.57793702250182e-25
original,eng,50,74,100,30,0.9924545996936112,4.534641579924072e-27
original,eng,50,75,100,30,0.9897884781241278,3.0846468660166487e-25
original,eng,50,76,100,30,0.9946893520175181,3.3648126453772076e-29
original,eng,50,77,100,30,0.9930129456483275,1.5509024900547228e-27
original,eng,50,78,100,30,0.9946665869792473,3.571976489414186e-29
original,eng,50,79,100,30,0.9967569036376064,3.4181518091979073e-32
original,eng,50,80,100,30,0.9949881108824488,1.4986664277535294e-29
original,eng,50,81,100,30,0.9930429290664675,1.4605487999093855e-27
original,eng,50,82,100,30,0.9922613121313626,6.453905638252387e-27
original,eng,50,83,100,30,0.9897193018049026,3.389005668615382e-25
original,eng,50,84,100,30,0.9963698519000629,1.6530001327811878e-31
original,eng,50,85,100,30,0.9931859175150289,1.0930180301027212e-27
original,eng,50,86,100,30,0.9945959585761122,4.2925009398410637e-29
original,eng,50,87,100,30,0.9962971745811379,2.1807485640864485e-31
original,eng,50,88,100,30,0.9974836250523913,9.842954746955044e-34
original,eng,50,89,100,30,0.9946701259419951,3.5390130173984676e-29
original,eng,50,90,100,30,0.9965779167813532,7.243509937507352e-32
original,eng,50,91,100,30,0.9897415332152775,3.288281494060549e-25
original,eng,50,92,100,30,0.9944886175288868,5.64954197227445e-29
original,eng,50,93,100,30,0.9952844540758377,6.396093221765153e-30
original,eng,50,94,100,30,0.9951104343355363,1.0611861538863683e-29
original,eng,50,95,100,30,0.9909338545331625,5.873365787194924e-26
original,eng,50,96,100,30,0.9930177214045113,1.536171979669834e-27
original,eng,50,97,100,30,0.9950465400232963,1.2722138540913842e-29
original,eng,50,98,100,30,0.9942420123733622,1.0411285517507888e-28
original,eng,50,99,100,30,0.9893587162283979,5.479206285640339e-25
original,eng,50,100,100,30,0.9914745095548103,2.4915563978928901e-26
original,eng,50,101,100,30,0.9923795966410992,5.205759878137286e-27
original,eng,50,102,100,30,0.9952395703800935,7.301206991814725e-30
original,eng,50,103,100,30,0.9946530944678298,3.7002841804904584e-29
original,eng,50,104,100,30,0.983901587825835,1.743012635332346e-22
original,eng,50,105,100,30,0.9892469025616342,6.33833875093917e-25
original,eng,50,106,100,30,0.9930745305910619,1.370624729456226e-27
original,eng,50,107,100,30,0.9946879514332172,3.377228893335639e-29
original,eng,50,108,100,30,0.994124938095436,1.379047360249921e-28
original,eng,50,109,100,30,0.9950679634577053,1.1974667752504567e-29
original,eng,50,110,100,30,0.9936415600174372,4.159450652867205e-28
original,eng,50,111,100,30,0.9921267479516993,8.208851340938916e-27
original,eng,50,112,100,30,0.9948841924974702,1.9962224433345627e-29
original,eng,50,113,100,30,0.9941706547328085,1.236524115687272e-28
original,eng,50,114,100,30,0.9943087502173208,8.847030205394891e-29
original,eng,50,115,100,30,0.9963061414895101,2.1080821785821815e-31
original,eng,50,116,100,30,0.9923088999392596,5.92167077950593e-27
original,eng,50,117,100,30,0.9946969742170573,3.2979809823515237e-29
original,eng,50,118,100,30,0.9905992110260767,9.736086860958049e-26
original,eng,50,119,100,30,0.9950461578043466,1.2735859161133589e-29
original,eng,50,120,100,30,0.991741731075837,1.597910620990396e-26
original,eng,50,121,100,30,0.9950419522661867,1.2887736304189095e-29
original,eng,50,122,100,30,0.9935302007753226,5.300354578394887e-28
original,eng,50,123,100,30,0.9946845926392744,3.4071782610186516e-29
original,eng,50,124,100,30,0.9918560754225642,1.315469996802227e-26
original,eng,50,125,100,30,0.9940443661203594,1.6679536087530509e-28
original,eng,50,126,100,30,0.9962765873672936,2.3564721184464886e-31
original,eng,50,127,100,30,0.9961900686929048,3.248610615274959e-31
original,eng,50,128,100,30,0.9908046867947488,7.154168407143609e-26
original,eng,50,129,100,30,0.9932290762851865,1.0002506922972426e-27
original,eng,50,130,100,30,0.9934939612702379,5.7302152795378365e-28
original,eng,50,131,100,30,0.9861059061476037,2.2480584139489607e-23
original,eng,50,132,100,30,0.9945981503234436,4.268248906669952e-29
original,eng,50,133,100,30,0.9920591514757651,9.248733495731112e-27
original,eng,50,134,100,30,0.9954578441754589,3.7895990318566226e-30
original,eng,50,135,100,30,0.9910043966323742,5.26720553972485e-26
original,eng,50,136,100,30,0.9969415435940888,1.5061654482448111e-32
original,eng,50,137,100,30,0.9946631079437547,3.604659375377333e-29
original,eng,50,138,100,30,0.9909484622751923,5.74276770343045e-26
original,eng,50,139,100,30,0.9891149150536168,7.512792733291349e-25
original,eng,50,140,100,30,0.9980524619979055,2.7325865388106303e-35
original,eng,50,141,100,30,0.9907976056671822,7.231373706092557e-26
original,eng,50,142,100,30,0.9925399476805212,3.869036373817824e-27
original,eng,50,143,100,30,0.9951527308930918,9.398945499747917e-30
original,eng,50,144,100,30,0.994236113443726,1.0561230866919386e-28
original,eng,50,145,100,30,0.99598253532546,6.817714616083342e-31
original,eng,50,146,100,30,0.9937871800602489,3.009922976344918e-28
original,eng,50,147,100,30,0.9910578890397876,4.846836293141458e-26
original,eng,50,148,100,30,0.9942413784675391,1.0427303527855526e-28
original,eng,50,149,100,30,0.9906688381536453,8.777452866839976e-26
original,eng,50,150,100,30,0.9924830467374482,4.301818378385748e-27
original,eng,50,151,100,30,0.9967181241091743,4.036093627816416e-32
original,eng,50,152,100,30,0.9945383782035072,4.977367151198289e-29
original,eng,50,153,100,30,0.99213272305029,8.122358679810746e-27
original,eng,50,154,100,30,0.995738282209048,1.5554311517351578e-30
original,eng,50,155,100,30,0.9948738344823166,2.053428605188275e-29
original,eng,50,156,100,30,0.9928940149896353,1.962874270913168e-27
original,eng,50,157,100,30,0.9917171183359991,1.665641354196486e-26
original,eng,50,158,100,30,0.9912971116418502,3.320611816714841e-26
original,eng,50,159,100,30,0.9944602725100756,6.069155813708091e-29
original,eng,50,160,100,30,0.9909617586508421,5.626241620065876e-26
original,eng,50,161,100,30,0.9945412161057278,4.9413665512568944e-29
original,eng,50,162,100,30,0.9964555252391057,1.1838170736864306e-31
original,eng,50,163,100,30,0.9904603803304612,1.1944052812018787e-25
original,eng,50,164,100,30,0.9965185292179595,9.213040629373064e-32
original,eng,50,165,100,30,0.9934418038752277,6.4059228557278155e-28
original,eng,50,166,100,30,0.9939589240884839,2.0350096416457987e-28
original,eng,50,167,100,30,0.99242369557917,4.800794393205119e-27
original,eng,50,168,100,30,0.9930199538592085,1.5293307516607864e-27
original,eng,50,169,100,30,0.99714054102645,5.879490895762812e-33
original,eng,50,170,100,30,0.991579615843787,2.095676074353752e-26
original,eng,50,171,100,30,0.9942267263895866,1.0803979766657585e-28
original,eng,50,172,100,30,0.9911292451088142,4.334454449808475e-26
original,eng,50,173,100,30,0.9933651335443962,7.534390222074759e-28
original,eng,50,174,100,30,0.9947821091779635,2.6306947860791825e-29
original,eng,50,175,100,30,0.9957154296502383,1.6761262813103474e-30
original,eng,50,176,100,30,0.9920611997966562,9.215504747046802e-27
original,eng,50,177,100,30,0.9969654833045035,1.3494511045657826e-32
original,eng,50,178,100,30,0.9925744389520534,3.626749680902334e-27
original,eng,50,179,100,30,0.9933080526514511,8.491450548728929e-28
original,eng,50,180,100,30,0.9960903792568178,4.6610025910634415e-31
original,eng,50,181,100,30,0.9949980096673433,1.457842581952523e-29
original,eng,50,182,100,30,0.9963242904403524,1.9678340651531517e-31
original,eng,50,183,100,30,0.993482171130651,5.876897483615156e-28
original,eng,50,184,100,30,0.9955619449010317,2.7409261223057747e-30
original,eng,50,185,100,30,0.9944102292683695,6.881362354314016e-29
original,eng,50,186,100,30,0.9958611677352857,1.0334253291201787e-30
original,eng,50,187,100,30,0.9920132807146692,1.0022639321229503e-26
original,eng,50,188,100,30,0.9889590271969169,9.158955190665844e-25
original,eng,50,189,100,30,0.9925885732412061,3.531592773765016e-27
original,eng,50,190,100,30,0.991664053779497,1.8208301385707425e-26
original,eng,50,191,100,30,0.9975293594266321,7.615968659871097e-34
original,eng,50,192,100,30,0.9939027147471898,2.3159493727909856e-28
original,eng,50,193,100,30,0.9927619379891042,2.5381399564321417e-27
original,eng,50,194,100,30,0.9942274924048342,1.07839782467679e-28
original,eng,50,195,100,30,0.994714400866,3.149785251016621e-29
original,eng,50,196,100,30,0.9938247777103254,2.7653385742969627e-28
original,eng,50,197,100,30,0.9968045553413185,2.7791842383156993e-32
original,eng,50,198,100,30,0.990536594638078,1.068028214949086e-25
original,eng,50,199,100,30,0.9919646111276458,1.0909180368885953e-26
original,eng,75,0,100,30,0.9985375422892069,4.968395967637179e-37
original,eng,75,1,100,30,0.9970178596589416,1.0578765352057114e-32
original,eng,75,2,100,30,0.9984089564576777,1.6153240690970806e-36
original,eng,75,3,100,30,0.9975204235560766,8.010371100209431e-34
original,eng,75,4,100,30,0.9972434476320237,3.521798269588801e-33
original,eng,75,5,100,30,0.9970953176410314,7.321959149118534e-33
original,eng,75,6,100,30,0.9978892019120568,8.425465660050913e-35
original,eng,75,7,100,30,0.9979892290427339,4.272484153890056e-35
original,eng,75,8,100,30,0.9969975597249897,1.1631336498597558e-32
original,eng,75,9,100,30,0.9973585513882073,1.9396839164417538e-33
original,eng,75,10,100,30,0.9972431786060686,3.5266075032404027e-33
original,eng,75,11,100,30,0.9976187995647675,4.547476121479246e-34
original,eng,75,12,100,30,0.9988176104407728,2.5376767808230293e-38
original,eng,75,13,100,30,0.9975550082387628,6.581765891063662e-34
original,eng,75,14,100,30,0.9980002555723493,3.9561797765978237e-35
original,eng,75,15,100,30,0.9985704136657305,3.61477992590099e-37
original,eng,75,16,100,30,0.9986258676453355,2.0781770381870182e-37
original,eng,75,17,100,30,0.9978927748719508,8.228160542033543e-35
original,eng,75,18,100,30,0.9977285688043568,2.350232323771825e-34
original,eng,75,19,100,30,0.9975709849790356,6.0051488446877865e-34
original,eng,75,20,100,30,0.9972982083505012,2.6601580189679223e-33
original,eng,75,21,100,30,0.9973836504073531,1.6972572450623595e-33
original,eng,75,22,100,30,0.9988455693746893,1.815563962643119e-38
original,eng,75,23,100,30,0.998961007005603,4.1566433703455044e-39
original,eng,75,24,100,30,0.9975568346164979,6.513340407768049e-34
original,eng,75,25,100,30,0.9980075612793662,3.7587373010263477e-35
original,eng,75,26,100,30,0.9984427347935888,1.1963987069142961e-36
original,eng,75,27,100,30,0.9975013704137912,8.915457805746787e-34
original,eng,75,28,100,30,0.997477471325589,1.0184972989234774e-33
original,eng,75,29,100,30,0.9977513138999297,2.041645201522223e-34
original,eng,75,30,100,30,0.9986479117314879,1.6573390592843805e-37
original,eng,75,31,100,30,0.9984584682789995,1.0379485197093853e-36
original,eng,75,32,100,30,0.9971061858114902,6.948065381862505e-33
original,eng,75,33,100,30,0.9981379026169643,1.4589133958663374e-35
original,eng,75,34,100,30,0.9970175595743334,1.0593658962701506e-32
original,eng,75,35,100,30,0.9968339784197808,2.442029762960163e-32
original,eng,75,36,100,30,0.997558201287617,6.462570552308461e-34
original,eng,75,37,100,30,0.9971281421731628,6.246172022317418e-33
original,eng,75,38,100,30,0.9980863101662354,2.138265883641955e-35
original,eng,75,39,100,30,0.9966582814164333,5.196027212446748e-32
original,eng,75,40,100,30,0.9965373440085337,8.540925436184699e-32
original,eng,75,41,100,30,0.9990977903806695,5.765420402617772e-40
original,eng,75,42,100,30,0.9968698494469799,2.0824020189554497e-32
original,eng,75,43,100,30,0.9987361717029987,6.444755785123521e-38
original,eng,75,44,100,30,0.9978579816166229,1.0346241271197312e-34
original,eng,75,45,100,30,0.9971007517792009,7.13273629563825e-33
original,eng,75,46,100,30,0.9953878572130013,4.692221450482342e-30
original,eng,75,47,100,30,0.997761794803364,1.9125060389318129e-34
original,eng,75,48,100,30,0.9983857399833144,1.9782373545366212e-36
original,eng,75,49,100,30,0.9990323431407776,1.5362200941822383e-39
original,eng,75,50,100,30,0.998189222297948,9.868321943756932e-36
original,eng,75,51,100,30,0.9979318347840981,6.333530500331672e-35
original,eng,75,52,100,30,0.9982622944010074,5.5461404049676235e-36
original,eng,75,53,100,30,0.9987354245610192,6.498271340439652e-38
original,eng,75,54,100,30,0.99815257392341,1.306091833734951e-35
original,eng,75,55,100,30,0.998898330875707,9.434467094829683e-39
original,eng,75,56,100,30,0.9978116139272895,1.395953002575485e-34
original,eng,75,57,100,30,0.9985142525044823,6.197527485687232e-37
original,eng,75,58,100,30,0.9966158036803641,6.199530252864755e-32
original,eng,75,59,100,30,0.9970249053660086,1.0234614026730739e-32
original,eng,75,60,100,30,0.9984947771015054,7.436155283778438e-37
original,eng,75,61,100,30,0.997897511838295,7.973187294462886e-35
original,eng,75,62,100,30,0.9975198818982214,8.034877347134927e-34
original,eng,75,63,100,30,0.9984236483605328,1.4187077017063647e-36
original,eng,75,64,100,30,0.9986586939215331,1.4816978949079163e-37
original,eng,75,65,100,30,0.9978121878176016,1.3908414596400914e-34
original,eng,75,66,100,30,0.9983588297958346,2.493040411711992e-36
original,eng,75,67,100,30,0.9984897631262449,7.790310657941924e-37
original,eng,75,68,100,30,0.9976283601189087,4.298676112832125e-34
original,eng,75,69,100,30,0.9992682303995137,3.077633874182029e-41
original,eng,75,70,100,30,0.9988879112523441,1.0762809852860577e-38
original,eng,75,71,100,30,0.9984152295248456,1.5284684982789803e-36
original,eng,75,72,100,30,0.9989526599160838,4.649135947991026e-39
original,eng,75,73,100,30,0.9988021187930944,3.044666881366566e-38
original,eng,75,74,100,30,0.9977622648135346,1.9068965366474536e-34
original,eng,75,75,100,30,0.9989734453620879,3.511946197821717e-39
original,eng,75,76,100,30,0.9977516161536645,2.0378103517183967e-34
original,eng,75,77,100,30,0.9983790180022534,2.0966527098108743e-36
original,eng,75,78,100,30,0.9981226271205935,1.6355481417586084e-35
original,eng,75,79,100,30,0.9986783787088552,1.2048124059637668e-37
original,eng,75,80,100,30,0.9977843808751995,1.659568789096446e-34
original,eng,75,81,100,30,0.9978572932970118,1.0392840665012051e-34
original,eng,75,82,100,30,0.9974389752578295,1.2587677758468178e-33
original,eng,75,83,100,30,0.9978675968929029,9.715240144512522e-35
original,eng,75,84,100,30,0.998131251748086,1.5335209367753428e-35
original,eng,75,85,100,30,0.9985421576318753,4.7534604242883016e-37
original,eng,75,86,100,30,0.9980113824261866,3.659150304982202e-35
original,eng,75,87,100,30,0.9982354399286585,6.873271721990241e-36
original,eng,75,88,100,30,0.997720177855594,2.4746170939638508e-34
original,eng,75,89,100,30,0.998277780784038,4.893312097418394e-36
original,eng,75,90,100,30,0.9980194381259855,3.4571758763795004e-35
original,eng,75,91,100,30,0.9976826986071544,3.1085004170503527e-34
original,eng,75,92,100,30,0.9979080287691086,7.433096679479027e-35
original,eng,75,93,100,30,0.9965990954056491,6.641394772463317e-32
original,eng,75,94,100,30,0.9970193549423185,1.0504841715979614e-32
original,eng,75,95,100,30,0.9980934774000053,2.028926520668084e-35
original,eng,75,96,100,30,0.9982538915191949,5.933336798670092e-36
original,eng,75,97,100,30,0.9974664515784882,1.0825156340781127e-33
original,eng,75,98,100,30,0.9971845544665509,4.7330541587270296e-33
original,eng,75,99,100,30,0.9989263004552207,6.583144320838585e-39
original,eng,75,100,100,30,0.998284060509676,4.64952955719533e-36
original,eng,75,101,100,30,0.998259663522075,5.664769482369543e-36
original,eng,75,102,100,30,0.9982446643366244,6.387340068623626e-36
original,eng,75,103,100,30,0.9982802207359383,4.797215582055941e-36
original,eng,75,104,100,30,0.9974214569141163,1.384675683003118e-33
original,eng,75,105,100,30,0.9984939741682342,7.491845238672464e-37
original,eng,75,106,100,30,0.9971437970951771,5.7865661915341545e-33
original,eng,75,107,100,30,0.9981966719169186,9.315313281922591e-36
original,eng,75,108,100,30,0.9986504538013086,1.6142694583909384e-37
original,eng,75,109,100,30,0.9986791638954984,1.1948356547462068e-37
original,eng,75,110,100,30,0.997942924563893,5.874689984052177e-35
original,eng,75,111,100,30,0.9988065419083775,2.8910749364391813e-38
original,eng,75,112,100,30,0.9975772940256057,5.790653173387414e-34
original,eng,75,113,100,30,0.9980329526552083,3.1414249638901643e-35
original,eng,75,114,100,30,0.9975561014483652,6.540728909546266e-34
original,eng,75,115,100,30,0.9979864539257874,4.355707339337418e-35
original,eng,75,116,100,30,0.995268146266211,6.712161381589514e-30
original,eng,75,117,100,30,0.9972640174968587,3.171594768100354e-33
original,eng,75,118,100,30,0.9986784697855644,1.2036512128945063e-37
original,eng,75,119,100,30,0.9981569222102693,1.263739402086699e-35
original,eng,75,120,100,30,0.997939005298526,6.033201303359105e-35
original,eng,75,121,100,30,0.9990186732197249,1.869430005425194e-39
original,eng,75,122,100,30,0.9972171661830836,4.0215131554719816e-33
original,eng,75,123,100,30,0.998802719130031,3.0233849934686206e-38
original,eng,75,124,100,30,0.9974821017120534,9.926612903488186e-34
original,eng,75,125,100,30,0.9986285766948642,2.021580885390084e-37
original,eng,75,126,100,30,0.9985015392396056,6.982164777148979e-37
original,eng,75,127,100,30,0.9981671160943154,1.1693984023816521e-35
original,eng,75,128,100,30,0.9984214210979208,1.447010667066911e-36
original,eng,75,129,100,30,0.9969614621739589,1.3746690876429845e-32
original,eng,75,130,100,30,0.9982529480107711,5.978345580027272e-36
original,eng,75,131,100,30,0.9984670512512425,9.599548662408183e-37
original,eng,75,132,100,30,0.9982110101944759,8.331034819792975e-36
original,eng,75,133,100,30,0.9972816953561631,2.8967544583451948e-33
original,eng,75,134,100,30,0.9987793425661793,3.962784228563269e-38
original,eng,75,135,100,30,0.9980076004255269,3.757704436535602e-35
original,eng,75,136,100,30,0.9983791961296595,2.093431702034686e-36
original,eng,75,137,100,30,0.9984220951877832,1.4383898234068747e-36
original,eng,75,138,100,30,0.995833928117229,1.1326409647126095e-30
original,eng,75,139,100,30,0.9987264000095568,7.178113407361405e-38
original,eng,75,140,100,30,0.9978687010513723,9.645113634128565e-35
original,eng,75,141,100,30,0.9979374790752615,6.095995295913772e-35
original,eng,75,142,100,30,0.9960921698250826,4.631256077414232e-31
original,eng,75,143,100,30,0.9985585681380682,4.0571666528334366e-37
original,eng,75,144,100,30,0.9970263103518562,1.0167242092995655e-32
original,eng,75,145,100,30,0.9980351214265952,3.0933215115661037e-35
original,eng,75,146,100,30,0.9968313034872156,2.4710341472516695e-32
original,eng,75,147,100,30,0.9984934272696261,7.529998541798008e-37
original,eng,75,148,100,30,0.9974157978967821,1.4277833086526176e-33
original,eng,75,149,100,30,0.9981931282222785,9.574682041125922e-36
original,eng,75,150,100,30,0.9979599695769872,5.229255538960524e-35
original,eng,75,151,100,30,0.9978971448065497,7.992677938460173e-35
original,eng,75,152,100,30,0.9977791986415279,1.7146919945353023e-34
original,eng,75,153,100,30,0.9979802650466121,4.5467566228345156e-35
original,eng,75,154,100,30,0.9978624775007103,1.0046608354067638e-34
original,eng,75,155,100,30,0.9991633683136771,2.005302087161087e-40
original,eng,75,156,100,30,0.996803371087469,2.793618715315427e-32
original,eng,75,157,100,30,0.9983490276486757,2.7096297125277918e-36
original,eng,75,158,100,30,0.9987851280230317,3.7079141896201564e-38
original,eng,75,159,100,30,0.9980817310125382,2.2109606557591835e-35
original,eng,75,160,100,30,0.9989210820198097,7.045290162046361e-39
original,eng,75,161,100,30,0.9981273555531618,1.578857094265991e-35
original,eng,75,162,100,30,0.9978229617764811,1.2980466287850654e-34
original,eng,75,163,100,30,0.9977401558637894,2.187993158394468e-34
original,eng,75,164,100,30,0.9982001533914091,9.06686435214307e-36
original,eng,75,165,100,30,0.9971696230063939,5.096385370329263e-33
original,eng,75,166,100,30,0.9989063475093339,8.517906404202917e-39
original,eng,75,167,100,30,0.9977630848325633,1.8971462891674895e-34
original,eng,75,168,100,30,0.9979957615835958,4.082372080426148e-35
original,eng,75,169,100,30,0.99609091947022,4.652009454580056e-31
original,eng,75,170,100,30,0.9969578032392382,1.3979950945818775e-32
original,eng,75,171,100,30,0.9976402521445316,4.006840579772988e-34
original,eng,75,172,100,30,0.9964520246845976,1.2002651085752973e-31
original,eng,75,173,100,30,0.9982207253238093,7.719984218784856e-36
original,eng,75,174,100,30,0.9982792508751429,4.8352013767857935e-36
original,eng,75,175,100,30,0.9980284410948038,3.243724879046988e-35
original,eng,75,176,100,30,0.9979992085574169,3.9852522982456984e-35
original,eng,75,177,100,30,0.9989829641281401,3.0827035951787066e-39
original,eng,75,178,100,30,0.9966754752304211,4.83451123241201e-32
original,eng,75,179,100,30,0.997869555420278,9.591174407259329e-35
original,eng,75,180,100,30,0.9977661964053546,1.8605683279351937e-34
original,eng,75,181,100,30,0.9980090009415202,3.720924959590056e-35
original,eng,75,182,100,30,0.9990949553868624,6.0241945950793335e-40
original,eng,75,183,100,30,0.9979410355112809,5.950602015901863e-35
original,eng,75,184,100,30,0.9971382397956741,5.94599904223855e-33
original,eng,75,185,100,30,0.996705988537783,4.2498201128605004e-32
original,eng,75,186,100,30,0.9982980670626191,4.145840421627517e-36
original,eng,75,187,100,30,0.9980236008614207,3.3569110209792145e-35
original,eng,75,188,100,30,0.9980084565430962,3.735181719075702e-35
original,eng,75,189,100,30,0.9968955472094855,1.8557097178097778e-32
original,eng,75,190,100,30,0.9965708604202573,7.455122615643141e-32
original,eng,75,191,100,30,0.9981482460956862,1.349550362326129e-35
original,eng,75,192,100,30,0.9969729394699147,1.303823671004869e-32
original,eng,75,193,100,30,0.9989648724838666,3.945392644893275e-39
original,eng,75,194,100,30,0.9966699461013268,4.948136160114267e-32
original,eng,75,195,100,30,0.9990485005551304,1.2137137356955491e-39
original,eng,75,196,100,30,0.9977922713735544,1.578789539104815e-34
original,eng,75,197,100,30,0.9982124213337665,8.23957537762504e-36
original,eng,75,198,100,30,0.9979118286917311,7.246455555502371e-35
original,eng,75,199,100,30,0.9973442505614991,2.091810280722429e-33
original,eng,100,0,100,30,0.9999999999999998,1.734072837471929e-216
original,eng,100,1,100,30,0.9999999999999998,1.734072837471929e-216
original,eng,100,2,100,30,0.9999999999999998,1.734072837471929e-216
original,eng,100,3,100,30,0.9999999999999998,1.734072837471929e-216
original,eng,100,4,100,30,0.9999999999999998,1.734072837471929e-216
original,eng,100,5,100,30,0.9999999999999998,1.734072837471929e-216
original,eng,100,6,100,30,0.9999999999999998,1.734072837471929e-216
original,eng,100,7,100,30,0.9999999999999998,1.734072837471929e-216
original,eng,100,8,100,30,0.9999999999999998,1.734072837471929e-216
original,eng,100,9,100,30,0.9999999999999998,1.734072837471929e-216
original,eng,100,10,100,30,0.9999999999999998,1.734072837471929e-216
original,eng,100,11,100,30,0.9999999999999998,1.734072837471929e-216
original,eng,100,12,100,30,0.9999999999999998,1.734072837471929e-216
original,eng,100,13,100,30,0.9999999999999998,1.734072837471929e-216
original,eng,100,14,100,30,0.9999999999999998,1.734072837471929e-216
original,eng,100,15,100,30,0.9999999999999998,1.734072837471929e-216
original,eng,100,16,100,30,0.9999999999999998,1.734072837471929e-216
original,eng,100,17,100,30,0.9999999999999998,1.734072837471929e-216
original,eng,100,18,100,30,0.9999999999999998,1.734072837471929e-216
original,eng,100,19,100,30,0.9999999999999998,1.734072837471929e-216
original,eng,100,20,100,30,0.9999999999999998,1.734072837471929e-216
original,eng,100,21,100,30,0.9999999999999998,1.734072837471929e-216
original,eng,100,22,100,30,0.9999999999999998,1.734072837471929e-216
original,eng,100,23,100,30,0.9999999999999998,1.734072837471929e-216
original,eng,100,24,100,30,0.9999999999999998,1.734072837471929e-216
original,eng,100,25,100,30,0.9999999999999998,1.734072837471929e-216
original,eng,100,26,100,30,0.9999999999999998,1.734072837471929e-216
original,eng,100,27,100,30,0.9999999999999998,1.734072837471929e-216
original,eng,100,28,100,30,0.9999999999999998,1.734072837471929e-216
original,eng,100,29,100,30,0.9999999999999998,1.734072837471929e-216
original,eng,100,30,100,30,0.9999999999999998,1.734072837471929e-216
original,eng,100,31,100,30,0.9999999999999998,1.734072837471929e-216
original,eng,100,32,100,30,0.9999999999999998,1.734072837471929e-216
original,eng,100,33,100,30,0.9999999999999998,1.734072837471929e-216
original,eng,100,34,100,30,0.9999999999999998,1.734072837471929e-216
original,eng,100,35,100,30,0.9999999999999998,1.734072837471929e-216
original,eng,100,36,100,30,0.9999999999999998,1.734072837471929e-216
original,eng,100,37,100,30,0.9999999999999998,1.734072837471929e-216
original,eng,100,38,100,30,0.9999999999999998,1.734072837471929e-216
original,eng,100,39,100,30,0.9999999999999998,1.734072837471929e-216
original,eng,100,40,100,30,0.9999999999999998,1.734072837471929e-216
original,eng,100,41,100,30,0.9999999999999998,1.734072837471929e-216
original,eng,100,42,100,30,0.9999999999999998,1.734072837471929e-216
original,eng,100,43,100,30,0.9999999999999998,1.734072837471929e-216
original,eng,100,44,100,30,0.9999999999999998,1.734072837471929e-216
original,eng,100,45,100,30,0.9999999999999998,1.734072837471929e-216
original,eng,100,46,100,30,0.9999999999999998,1.734072837471929e-216
original,eng,100,47,100,30,0.9999999999999998,1.734072837471929e-216
original,eng,100,48,100,30,0.9999999999999998,1.734072837471929e-216
original,eng,100,49,100,30,0.9999999999999998,1.734072837471929e-216
original,eng,100,50,100,30,0.9999999999999998,1.734072837471929e-216
original,eng,100,51,100,30,0.9999999999999998,1.734072837471929e-216
original,eng,100,52,100,30,0.9999999999999998,1.734072837471929e-216
original,eng,100,53,100,30,0.9999999999999998,1.734072837471929e-216
original,eng,100,54,100,30,0.9999999999999998,1.734072837471929e-216
original,eng,100,55,100,30,0.9999999999999998,1.734072837471929e-216
original,eng,100,56,100,30,0.9999999999999998,1.734072837471929e-216
original,eng,100,57,100,30,0.9999999999999998,1.734072837471929e-216
original,eng,100,58,100,30,0.9999999999999998,1.734072837471929e-216
original,eng,100,59,100,30,0.9999999999999998,1.734072837471929e-216
original,eng,100,60,100,30,0.9999999999999998,1.734072837471929e-216
original,eng,100,61,100,30,0.9999999999999998,1.734072837471929e-216
original,eng,100,62,100,30,0.9999999999999998,1.734072837471929e-216
original,eng,100,63,100,30,0.9999999999999998,1.734072837471929e-216
original,eng,100,64,100,30,0.9999999999999998,1.734072837471929e-216
original,eng,100,65,100,30,0.9999999999999998,1.734072837471929e-216
original,eng,100,66,100,30,0.9999999999999998,1.734072837471929e-216
original,eng,100,67,100,30,0.9999999999999998,1.734072837471929e-216
original,eng,100,68,100,30,0.9999999999999998,1.734072837471929e-216
original,eng,100,69,100,30,0.9999999999999998,1.734072837471929e-216
original,eng,100,70,100,30,0.9999999999999998,1.734072837471929e-216
original,eng,100,71,100,30,0.9999999999999998,1.734072837471929e-216
original,eng,100,72,100,30,0.9999999999999998,1.734072837471929e-216
original,eng,100,73,100,30,0.9999999999999998,1.734072837471929e-216
original,eng,100,74,100,30,0.9999999999999998,1.734072837471929e-216
original,eng,100,75,100,30,0.9999999999999998,1.734072837471929e-216
original,eng,100,76,100,30,0.9999999999999998,1.734072837471929e-216
original,eng,100,77,100,30,0.9999999999999998,1.734072837471929e-216
original,eng,100,78,100,30,0.9999999999999998,1.734072837471929e-216
original,eng,100,79,100,30,0.9999999999999998,1.734072837471929e-216
original,eng,100,80,100,30,0.9999999999999998,1.734072837471929e-216
original,eng,100,81,100,30,0.9999999999999998,1.734072837471929e-216
original,eng,100,82,100,30,0.9999999999999998,1.734072837471929e-216
original,eng,100,83,100,30,0.9999999999999998,1.734072837471929e-216
original,eng,100,84,100,30,0.9999999999999998,1.734072837471929e-216
original,eng,100,85,100,30,0.9999999999999998,1.734072837471929e-216
original,eng,100,86,100,30,0.9999999999999998,1.734072837471929e-216
original,eng,100,87,100,30,0.9999999999999998,1.734072837471929e-216
original,eng,100,88,100,30,0.9999999999999998,1.734072837471929e-216
original,eng,100,89,100,30,0.9999999999999998,1.734072837471929e-216
original,eng,100,90,100,30,0.9999999999999998,1.734072837471929e-216
original,eng,100,91,100,30,0.9999999999999998,1.734072837471929e-216
original,eng,100,92,100,30,0.9999999999999998,1.734072837471929e-216
original,eng,100,93,100,30,0.9999999999999998,1.734072837471929e-216
original,eng,100,94,100,30,0.9999999999999998,1.734072837471929e-216
original,eng,100,95,100,30,0.9999999999999998,1.734072837471929e-216
original,eng,100,96,100,30,0.9999999999999998,1.734072837471929e-216
original,eng,100,97,100,30,0.9999999999999998,1.734072837471929e-216
original,eng,100,98,100,30,0.9999999999999998,1.734072837471929e-216
original,eng,100,99,100,30,0.9999999999999998,1.734072837471929e-216
original,eng,100,100,100,30,0.9999999999999998,1.734072837471929e-216
original,eng,100,101,100,30,0.9999999999999998,1.734072837471929e-216
original,eng,100,102,100,30,0.9999999999999998,1.734072837471929e-216
original,eng,100,103,100,30,0.9999999999999998,1.734072837471929e-216
original,eng,100,104,100,30,0.9999999999999998,1.734072837471929e-216
original,eng,100,105,100,30,0.9999999999999998,1.734072837471929e-216
original,eng,100,106,100,30,0.9999999999999998,1.734072837471929e-216
original,eng,100,107,100,30,0.9999999999999998,1.734072837471929e-216
original,eng,100,108,100,30,0.9999999999999998,1.734072837471929e-216
original,eng,100,109,100,30,0.9999999999999998,1.734072837471929e-216
original,eng,100,110,100,30,0.9999999999999998,1.734072837471929e-216
original,eng,100,111,100,30,0.9999999999999998,1.734072837471929e-216
original,eng,100,112,100,30,0.9999999999999998,1.734072837471929e-216
original,eng,100,113,100,30,0.9999999999999998,1.734072837471929e-216
original,eng,100,114,100,30,0.9999999999999998,1.734072837471929e-216
original,eng,100,115,100,30,0.9999999999999998,1.734072837471929e-216
original,eng,100,116,100,30,0.9999999999999998,1.734072837471929e-216
original,eng,100,117,100,30,0.9999999999999998,1.734072837471929e-216
original,eng,100,118,100,30,0.9999999999999998,1.734072837471929e-216
original,eng,100,119,100,30,0.9999999999999998,1.734072837471929e-216
original,eng,100,120,100,30,0.9999999999999998,1.734072837471929e-216
original,eng,100,121,100,30,0.9999999999999998,1.734072837471929e-216
original,eng,100,122,100,30,0.9999999999999998,1.734072837471929e-216
original,eng,100,123,100,30,0.9999999999999998,1.734072837471929e-216
original,eng,100,124,100,30,0.9999999999999998,1.734072837471929e-216
original,eng,100,125,100,30,0.9999999999999998,1.734072837471929e-216
original,eng,100,126,100,30,0.9999999999999998,1.734072837471929e-216
original,eng,100,127,100,30,0.9999999999999998,1.734072837471929e-216
original,eng,100,128,100,30,0.9999999999999998,1.734072837471929e-216
original,eng,100,129,100,30,0.9999999999999998,1.734072837471929e-216
original,eng,100,130,100,30,0.9999999999999998,1.734072837471929e-216
original,eng,100,131,100,30,0.9999999999999998,1.734072837471929e-216
original,eng,100,132,100,30,0.9999999999999998,1.734072837471929e-216
original,eng,100,133,100,30,0.9999999999999998,1.734072837471929e-216
original,eng,100,134,100,30,0.9999999999999998,1.734072837471929e-216
original,eng,100,135,100,30,0.9999999999999998,1.734072837471929e-216
original,eng,100,136,100,30,0.9999999999999998,1.734072837471929e-216
original,eng,100,137,100,30,0.9999999999999998,1.734072837471929e-216
original,eng,100,138,100,30,0.9999999999999998,1.734072837471929e-216
original,eng,100,139,100,30,0.9999999999999998,1.734072837471929e-216
original,eng,100,140,100,30,0.9999999999999998,1.734072837471929e-216
original,eng,100,141,100,30,0.9999999999999998,1.734072837471929e-216
original,eng,100,142,100,30,0.9999999999999998,1.734072837471929e-216
original,eng,100,143,100,30,0.9999999999999998,1.734072837471929e-216
original,eng,100,144,100,30,0.9999999999999998,1.734072837471929e-216
original,eng,100,145,100,30,0.9999999999999998,1.734072837471929e-216
original,eng,100,146,100,30,0.9999999999999998,1.734072837471929e-216
original,eng,100,147,100,30,0.9999999999999998,1.734072837471929e-216
original,eng,100,148,100,30,0.9999999999999998,1.734072837471929e-216
original,eng,100,149,100,30,0.9999999999999998,1.734072837471929e-216
original,eng,100,150,100,30,0.9999999999999998,1.734072837471929e-216
original,eng,100,151,100,30,0.9999999999999998,1.734072837471929e-216
original,eng,100,152,100,30,0.9999999999999998,1.734072837471929e-216
original,eng,100,153,100,30,0.9999999999999998,1.734072837471929e-216
original,eng,100,154,100,30,0.9999999999999998,1.734072837471929e-216
original,eng,100,155,100,30,0.9999999999999998,1.734072837471929e-216
original,eng,100,156,100,30,0.9999999999999998,1.734072837471929e-216
original,eng,100,157,100,30,0.9999999999999998,1.734072837471929e-216
original,eng,100,158,100,30,0.9999999999999998,1.734072837471929e-216
original,eng,100,159,100,30,0.9999999999999998,1.734072837471929e-216
original,eng,100,160,100,30,0.9999999999999998,1.734072837471929e-216
original,eng,100,161,100,30,0.9999999999999998,1.734072837471929e-216
original,eng,100,162,100,30,0.9999999999999998,1.734072837471929e-216
original,eng,100,163,100,30,0.9999999999999998,1.734072837471929e-216
original,eng,100,164,100,30,0.9999999999999998,1.734072837471929e-216
original,eng,100,165,100,30,0.9999999999999998,1.734072837471929e-216
original,eng,100,166,100,30,0.9999999999999998,1.734072837471929e-216
original,eng,100,167,100,30,0.9999999999999998,1.734072837471929e-216
original,eng,100,168,100,30,0.9999999999999998,1.734072837471929e-216
original,eng,100,169,100,30,0.9999999999999998,1.734072837471929e-216
original,eng,100,170,100,30,0.9999999999999998,1.734072837471929e-216
original,eng,100,171,100,30,0.9999999999999998,1.734072837471929e-216
original,eng,100,172,100,30,0.9999999999999998,1.734072837471929e-216
original,eng,100,173,100,30,0.9999999999999998,1.734072837471929e-216
original,eng,100,174,100,30,0.9999999999999998,1.734072837471929e-216
original,eng,100,175,100,30,0.9999999999999998,1.734072837471929e-216
original,eng,100,176,100,30,0.9999999999999998,1.734072837471929e-216
original,eng,100,177,100,30,0.9999999999999998,1.734072837471929e-216
original,eng,100,178,100,30,0.9999999999999998,1.734072837471929e-216
original,eng,100,179,100,30,0.9999999999999998,1.734072837471929e-216
original,eng,100,180,100,30,0.9999999999999998,1.734072837471929e-216
original,eng,100,181,100,30,0.9999999999999998,1.734072837471929e-216
original,eng,100,182,100,30,0.9999999999999998,1.734072837471929e-216
original,eng,100,183,100,30,0.9999999999999998,1.734072837471929e-216
original,eng,100,184,100,30,0.9999999999999998,1.734072837471929e-216
original,eng,100,185,100,30,0.9999999999999998,1.734072837471929e-216
original,eng,100,186,100,30,0.9999999999999998,1.734072837471929e-216
original,eng,100,187,100,30,0.9999999999999998,1.734072837471929e-216
original,eng,100,188,100,30,0.9999999999999998,1.734072837471929e-216
original,eng,100,189,100,30,0.9999999999999998,1.734072837471929e-216
original,eng,100,190,100,30,0.9999999999999998,1.734072837471929e-216
original,eng,100,191,100,30,0.9999999999999998,1.734072837471929e-216
original,eng,100,192,100,30,0.9999999999999998,1.734072837471929e-216
original,eng,100,193,100,30,0.9999999999999998,1.734072837471929e-216
original,eng,100,194,100,30,0.9999999999999998,1.734072837471929e-216
original,eng,100,195,100,30,0.9999999999999998,1.734072837471929e-216
original,eng,100,196,100,30,0.9999999999999998,1.734072837471929e-216
original,eng,100,197,100,30,0.9999999999999998,1.734072837471929e-216
original,eng,100,198,100,30,0.9999999999999998,1.734072837471929e-216
original,eng,100,199,100,30,0.9999999999999998,1.734072837471929e-216
original,isl,10,0,100,30,0.9751057593955292,7.384757107191771e-20
original,isl,10,1,100,30,0.9795179877875541,4.9420949560021366e-21
original,isl,10,2,100,30,0.9856111893288535,3.6578117003204906e-23
original,isl,10,3,100,30,0.9633736802172871,1.5301072559971672e-17
original,isl,10,4,100,30,0.9482210688694633,1.7743639907808794e-15
original,isl,10,5,100,30,0.9486298401471357,1.592041786562985e-15
original,isl,10,6,100,30,0.9791360639831956,6.385960970090582e-21
original,isl,10,7,100,30,0.9691776705122471,1.416625622909834e-18
original,isl,10,8,100,30,0.9823941243991948,6.047045527030442e-22
original,isl,10,9,100,30,0.96933583666251,1.3194617258650577e-18
original,isl,10,10,100,30,0.9718469520432177,4.051539156704216e-19
original,isl,10,11,100,30,0.9785237345229474,9.53834514202479e-21
original,isl,10,12,100,30,0.9788628512021021,7.648952476915724e-21
original,isl,10,13,100,30,0.9558127352956215,2.0206601615999775e-16
original,isl,10,14,100,30,0.9601157367398991,4.944323936413423e-17
original,isl,10,15,100,30,0.9828932605111952,4.055113861308669e-22
original,isl,10,16,100,30,0.9592880530907933,6.557992583128218e-17
original,isl,10,17,100,30,0.9667161622367396,4.0909845635070406e-18
original,isl,10,18,100,30,0.9698362939723665,1.051195298140247e-18
original,isl,10,19,100,30,0.989855304953509,2.814891499455562e-25
original,isl,10,20,100,30,0.9697187688599688,1.1092084827554807e-18
original,isl,10,21,100,30,0.9678974495901456,2.4846870472979488e-18
original,isl,10,22,100,30,0.9563756871835479,1.6945192081134783e-16
original,isl,10,23,100,30,0.9760143647479496,4.4125437405563686e-20
original,isl,10,24,100,30,0.9620116601584439,2.5297159445959816e-17
original,isl,10,25,100,30,0.9647591875571898,8.99431057435868e-18
original,isl,10,26,100,30,0.9584114941938846,8.788990688628058e-17
original,isl,10,27,100,30,0.9789676693190013,7.139284283910562e-21
original,isl,10,28,100,30,0.967186921091248,3.3610634703758505e-18
original,isl,10,29,100,30,0.9627959646640609,1.898144559325237e-17
original,isl,10,30,100,30,0.9784977262716438,9.699795235518628e-21
original,isl,10,31,100,30,0.9583265773316447,9.038847081987803e-17
original,isl,10,32,100,30,0.9749497537619337,8.052008724084864e-20
original,isl,10,33,100,30,0.9539850571538414,3.5237488657113946e-16
original,isl,10,34,100,30,0.9697547805905297,1.0911244877424846e-18
original,isl,10,35,100,30,0.9834083236424115,2.6515060934574495e-22
original,isl,10,36,100,30,0.9705260590842925,7.636143744179127e-19
original,isl,10,37,100,30,0.9450939146227573,3.955021392449213e-15
original,isl,10,38,100,30,0.940116672585929,1.2920854673389973e-14
original,isl,10,39,100,30,0.9798652445885543,3.898222371086587e-21
original,isl,10,40,100,30,0.9656497592892901,6.320116273961956e-18
original,isl,10,41,100,30,0.9797030296688092,4.357359488633957e-21
original,isl,10,42,100,30,0.9828413687407223,4.2294206847171255e-22
original,isl,10,43,100,30,0.9706163062653185,7.319299526440512e-19
original,isl,10,44,100,30,0.9691816265908113,1.414116596376553e-18
original,isl,10,45,100,30,0.9822504458341615,6.76985222727171e-22
original,isl,10,46,100,30,0.9527361559483023,5.087067948938236e-16
original,isl,10,47,100,30,0.9527596769353482,5.052476290850145e-16
original,isl,10,48,100,30,0.9800908222233724,3.33398597585785e-21
original,isl,10,49,100,30,0.9650563555688327,8.003411315659686e-18
original,isl,10,50,100,30,0.9741463913904299,1.246499056442688e-19
original,isl,10,51,100,30,0.963201833652229,1.6320076614031865e-17
original,isl,10,52,100,30,0.9363183900204725,2.9848152816284416e-14
original,isl,10,53,100,30,0.9618549292949213,2.6772276579293482e-17
original,isl,10,54,100,30,0.9649064201443717,8.489977717844669e-18
original,isl,10,55,100,30,0.9601206006848687,4.9360373347168114e-17
original,isl,10,56,100,30,0.985385021149547,4.544098314938857e-23
original,isl,10,57,100,30,0.957926795199544,1.0305993056408886e-16
original,isl,10,58,100,30,0.9423857979596869,7.6306117228003e-15
original,isl,10,59,100,30,0.9819265814701369,8.70280183066464e-22
original,isl,10,60,100,30,0.9681259109215058,2.251425999534671e-18
original,isl,10,61,100,30,0.9568229295314797,1.4709295315425912e-16
original,isl,10,62,100,30,0.9769760039713168,2.5030060303685837e-20
original,isl,10,63,100,30,0.9698844574874396,1.0282433245609882e-18
original,isl,10,64,100,30,0.9786347951460407,8.87655816834628e-21
original,isl,10,65,100,30,0.9726790797308726,2.675582052677653e-19
original,isl,10,66,100,30,0.986927662303702,9.622946600397218e-24
original,isl,10,67,100,30,0.9871061862543948,7.946484190423274e-24
original,isl,10,68,100,30,0.984773928673476,8.033084769622373e-23
original,isl,10,69,100,30,0.9680261790150062,2.350638029171154e-18
original,isl,10,70,100,30,0.9776237136939487,1.6853418856482035e-20
original,isl,10,71,100,30,0.9716780784885894,4.400799888620907e-19
original,isl,10,72,100,30,0.9005419314682146,1.224360897439807e-11
original,isl,10,73,100,30,0.9800722471347632,3.3774151814699e-21
original,isl,10,74,100,30,0.9491779976909612,1.3746873376255935e-15
original,isl,10,75,100,30,0.9767120643389342,2.9313210278822594e-20
original,isl,10,76,100,30,0.9785671331519727,9.274478493697676e-21
original,isl,10,77,100,30,0.9699614585585905,9.925116263044208e-19
original,isl,10,78,100,30,0.9808516400173749,1.9412495118144728e-21
original,isl,10,79,100,30,0.9820019382915898,8.2121195306906215e-22
original,isl,10,80,100,30,0.970573148546426,7.469267830156707e-19
original,isl,10,81,100,30,0.9912505782686968,3.5769936247626806e-26
original,isl,10,82,100,30,0.9586213127264135,8.198786832048824e-17
original,isl,10,83,100,30,0.9743633468928606,1.109257405814158e-19
original,isl,10,84,100,30,0.9787580213621402,8.192247065023935e-21
original,isl,10,85,100,30,0.9478862928946358,1.9378690490290296e-15
original,isl,10,86,100,30,0.9433849285226651,6.01028197162971e-15
original,isl,10,87,100,30,0.9734235089491952,1.8257262240924462e-19
original,isl,10,88,100,30,0.9734145887997735,1.834223555112919e-19
original,isl,10,89,100,30,0.9777214918663109,1.5860669866790195e-20
original,isl,10,90,100,30,0.9711916256091039,5.56901162429884e-19
original,isl,10,91,100,30,0.9687700460066838,1.6984337702914493e-18
original,isl,10,92,100,30,0.9844881278759993,1.0403828522350566e-22
original,isl,10,93,100,30,0.9774442186527829,1.8827318973433326e-20
original,isl,10,94,100,30,0.9829314643644477,3.931069975640966e-22
original,isl,10,95,100,30,0.9812252860779697,1.4765853168753484e-21
original,isl,10,96,100,30,0.9711890860980386,5.575801414840734e-19
original,isl,10,97,100,30,0.9665600500502393,4.3637664529237425e-18
original,isl,10,98,100,30,0.9595520048924401,5.996955460186867e-17
original,isl,10,99,100,30,0.9743741767355413,1.1027884072255154e-19
original,isl,10,100,100,30,0.9502010126117733,1.0406933150028773e-15
original,isl,10,101,100,30,0.9796772507244845,4.434781729989344e-21
original,isl,10,102,100,30,0.9670789733709303,3.516879907923923e-18
original,isl,10,103,100,30,0.9746659067178867,9.411418795145888e-20
original,isl,10,104,100,30,0.9726000559974116,2.784636068568458e-19
original,isl,10,105,100,30,0.9795904001504812,4.705109972117641e-21
original,isl,10,106,100,30,0.9810508194047128,1.6789374227516201e-21
original,isl,10,107,100,30,0.9370412481338325,2.5554399017620356e-14
original,isl,10,108,100,30,0.9779756910422377,1.3527715993119497e-20
original,isl,10,109,100,30,0.9805157641784774,2.471234315675948e-21
original,isl,10,110,100,30,0.9663881938357484,4.683485215683362e-18
original,isl,10,111,100,30,0.9628347594611835,1.8710689789076542e-17
original,isl,10,112,100,30,0.9751574049869322,7.175412478301667e-20
original,isl,10,113,100,30,0.9718970841002172,3.952913168346036e-19
original,isl,10,114,100,30,0.9833055106658989,2.889215531155447e-22
original,isl,10,115,100,30,0.9867743149503615,1.1319064680178151e-23
original,isl,10,116,100,30,0.9685793510382814,1.847363835543973e-18
original,isl,10,117,100,30,0.9590450879117721,7.116997484284394e-17
original,isl,10,118,100,30,0.9711323582640036,5.7294867676476525e-19
original,isl,10,119,100,30,0.9370653787748779,2.5421445649967752e-14
original,isl,10,120,100,30,0.9814271287250168,1.2707931071988997e-21
original,isl,10,121,100,30,0.9614073851984368,3.1434516558772294e-17
original,isl,10,122,100,30,0.9868370304390925,1.0594404627015753e-23
original,isl,10,123,100,30,0.9877273336825847,3.996006523280873e-24
original,isl,10,124,100,30,0.9749783225175914,7.92578461213452e-20
original,isl,10,125,100,30,0.9665618146512641,4.360591120644227e-18
original,isl,10,126,100,30,0.959990210664594,5.162688576524152e-17
original,isl,10,127,100,30,0.9679375089922755,2.442231861557104e-18
original,isl,10,128,100,30,0.9688654197766512,1.6281963866141133e-18
original,isl,10,129,100,30,0.9738056652356989,1.4941378279168284e-19
original,isl,10,130,100,30,0.9715692143725272,4.640525892821568e-19
original,isl,10,131,100,30,0.9752572585963798,6.786171964749432e-20
original,isl,10,132,100,30,0.9690201369695564,1.519955192826023e-18
original,isl,10,133,100,30,0.9803146545464995,2.8498022469032267e-21
original,isl,10,134,100,30,0.9784884633342046,9.757905585070025e-21
original,isl,10,135,100,30,0.9685928826841531,1.836409603315492e-18
original,isl,10,136,100,30,0.9839846525277088,1.6220620815147587e-22
original,isl,10,137,100,30,0.9820074742084717,8.177104123901531e-22
original,isl,10,138,100,30,0.9797067203753494,4.346378277282578e-21
original,isl,10,139,100,30,0.983218878305517,3.104701560465501e-22
original,isl,10,140,100,30,0.9849197867096957,7.026579613595504e-23
original,isl,10,141,100,30,0.969496564653364,1.227080145650456e-18
original,isl,10,142,100,30,0.9710633871544412,5.921627319843872e-19
original,isl,10,143,100,30,0.9498076782530628,1.1590386557627335e-15
original,isl,10,144,100,30,0.9653292445751417,7.183512086354687e-18
original,isl,10,145,100,30,0.9684564512212723,1.9496636055674596e-18
original,isl,10,146,100,30,0.9681439984528893,2.2338538519726638e-18
original,isl,10,147,100,30,0.9700074048414864,9.717423774526434e-19
original,isl,10,148,100,30,0.9590177991762543,7.182464684546097e-17
original,isl,10,149,100,30,0.9831086160009986,3.4005303040407393e-22
original,isl,10,150,100,30,0.9569491965806057,1.412941647510679e-16
original,isl,10,151,100,30,0.9807459655276405,2.095380121054649e-21
original,isl,10,152,100,30,0.9735429712212329,1.7153871428768964e-19
original,isl,10,153,100,30,0.971150024718752,5.681209532326772e-19
original,isl,10,154,100,30,0.9739287286257013,1.3998657695033236e-19
original,isl,10,155,100,30,0.9838518129457008,1.8194438465377616e-22
original,isl,10,156,100,30,0.9601570617184461,4.874327739155177e-17
original,isl,10,157,100,30,0.9744878559768453,1.0369622852560267e-19
original,isl,10,158,100,30,0.9663514184289992,4.754661020929284e-18
original,isl,10,159,100,30,0.9849974304184317,6.539796371377796e-23
original,isl,10,160,100,30,0.9650010572426558,8.17977485217439e-18
original,isl,10,161,100,30,0.9799272694419178,3.7348472385237885e-21
original,isl,10,162,100,30,0.9673789018083337,3.0996471514474712e-18
original,isl,10,163,100,30,0.9739550981319853,1.3803966336733033e-19
original,isl,10,164,100,30,0.9845956449183888,9.444711115620723e-23
original,isl,10,165,100,30,0.9602830592662076,4.666536243008062e-17
original,isl,10,166,100,30,0.952207679509597,5.924510027599274e-16
original,isl,10,167,100,30,0.9829553573056167,3.8552907883192246e-22
original,isl,10,168,100,30,0.945647176255272,3.4440171223743514e-15
original,isl,10,169,100,30,0.9615910559118902,2.9436986508719886e-17
original,isl,10,170,100,30,0.9773425041692789,2.0038917191975795e-20
original,isl,10,171,100,30,0.9608879642245072,3.7783435186973764e-17
original,isl,10,172,100,30,0.9567456582067616,1.507494786277819e-16
original,isl,10,173,100,30,0.9330337050858841,5.912868689642804e-14
original,isl,10,174,100,30,0.96386678438616,1.269488767042491e-17
original,isl,10,175,100,30,0.9708525963026824,6.546498045224783e-19
original,isl,10,176,100,30,0.960685847327432,4.056005430005513e-17
original,isl,10,177,100,30,0.9835162680670735,2.42154743917868e-22
original,isl,10,178,100,30,0.9674312324210713,3.0317306188410283e-18
original,isl,10,179,100,30,0.9825913611527206,5.170916956018788e-22
original,isl,10,180,100,30,0.9770566730887253,2.3841649337414762e-20
original,isl,10,181,100,30,0.9855730379067243,3.7950725145878137e-23
original,isl,10,182,100,30,0.96626779781555,4.920247892620531e-18
original,isl,10,183,100,30,0.9717445321411382,4.2601603997851924e-19
original,isl,10,184,100,30,0.9820968390382169,7.630675977868525e-22
original,isl,10,185,100,30,0.9733110367707566,1.9355869721425197e-19
original,isl,10,186,100,30,0.9579256608981,1.030981137185499e-16
original,isl,10,187,100,30,0.9773477491182343,1.9974713914218352e-20
original,isl,10,188,100,30,0.9729586199529456,2.320775412260366e-19
original,isl,10,189,100,30,0.967829836577923,2.557897988019028e-18
original,isl,10,190,100,30,0.9471200254809617,2.3659605227150456e-15
original,isl,10,191,100,30,0.9640755374367534,1.1720849439260679e-17
original,isl,10,192,100,30,0.9760077470610845,4.429438625022528e-20
original,isl,10,193,100,30,0.9895090469114564,4.493745487315335e-25
original,isl,10,194,100,30,0.9637057651631192,1.3496842828298798e-17
original,isl,10,195,100,30,0.9824395478748541,5.83387010947591e-22
original,isl,10,196,100,30,0.978811677330594,7.909850763485193e-21
original,isl,10,197,100,30,0.9616647055191437,2.8669547241528646e-17
original,isl,10,198,100,30,0.9442826198352668,4.832154450206947e-15
original,isl,10,199,100,30,0.9779876127381324,1.3426541271482279e-20
original,isl,25,0,100,30,0.9854610404755599,4.226114054976244e-23
original,isl,25,1,100,30,0.9916911555160104,1.7399680354352383e-26
original,isl,25,2,100,30,0.982116847236908,7.513068180749402e-22
original,isl,25,3,100,30,0.9891969131034481,6.761501431273201e-25
original,isl,25,4,100,30,0.991253411239837,3.5608744398623404e-26
original,isl,25,5,100,30,0.9917567521847073,1.557840152899171e-26
original,isl,25,6,100,30,0.9928972411338756,1.9504731823507948e-27
original,isl,25,7,100,30,0.9881262531112027,2.522126754309897e-24
original,isl,25,8,100,30,0.9901360643619747,1.9035396618766854e-25
original,isl,25,9,100,30,0.9912206654100674,3.751375623177315e-26
original,isl,25,10,100,30,0.9939478032668163,2.0879471648798127e-28
original,isl,25,11,100,30,0.9879009295834529,3.276944839244978e-24
original,isl,25,12,100,30,0.9927063345219324,2.8242176993491342e-27
original,isl,25,13,100,30,0.9873942595838683,5.801707818094078e-24
original,isl,25,14,100,30,0.9908241773602026,6.945595638604216e-26
original,isl,25,15,100,30,0.9918678527802531,1.2891781608400031e-26
original,isl,25,16,100,30,0.9967717760785624,3.2054112983474906e-32
original,isl,25,17,100,30,0.9858595428216289,2.870909959830396e-23
original,isl,25,18,100,30,0.9921024884470057,8.568876060771844e-27
original,isl,25,19,100,30,0.9840701336848582,1.5057574041682087e-22
original,isl,25,20,100,30,0.9944816005487506,5.750834527927282e-29
original,isl,25,21,100,30,0.9774231318456417,1.90727736866006e-20
original,isl,25,22,100,30,0.9952380101880476,7.334709638003077e-30
original,isl,25,23,100,30,0.993661854533863,3.977886269214642e-28
original,isl,25,24,100,30,0.9909467186106875,5.758213758944851e-26
original,isl,25,25,100,30,0.9879567529298928,3.072552289779762e-24
original,isl,25,26,100,30,0.9810990220487531,1.620601917418687e-21
original,isl,25,27,100,30,0.9893871212580634,5.278874394579383e-25
original,isl,25,28,100,30,0.9929965670183719,1.6024230491350339e-27
original,isl,25,29,100,30,0.9910139218199074,5.189959667725792e-26
original,isl,25,30,100,30,0.9906808700116632,8.620955444197656e-26
original,isl,25,31,100,30,0.9877859341762694,3.738350704246709e-24
original,isl,25,32,100,30,0.986364310985126,1.7312054630468077e-23
original,isl,25,33,100,30,0.993863481244406,2.532929769635181e-28
original,isl,25,34,100,30,0.9892181672129402,6.578479556501524e-25
original,isl,25,35,100,30,0.9929955984158715,1.6055190766041881e-27
original,isl,25,36,100,30,0.9782932315797006,1.1060368820724436e-20
original,isl,25,37,100,30,0.9848156558870448,7.732278999359537e-23
original,isl,25,38,100,30,0.9905838595530734,9.960119675506023e-26
original,isl,25,39,100,30,0.9938888600816532,2.3905204021231217e-28
original,isl,25,40,100,30,0.9914347847967535,2.658461424422798e-26
original,isl,25,41,100,30,0.991415113240243,2.7448993273473176e-26
original,isl,25,42,100,30,0.9941673299579022,1.2464091424324417e-28
original,isl,25,43,100,30,0.9875912390555399,4.659277058438852e-24
original,isl,25,44,100,30,0.9887892519716518,1.1328644178210188e-24
original,isl,25,45,100,30,0.9897088511319702,3.4373372424425864e-25
original,isl,25,46,100,30,0.9875483281941815,4.888710465573519e-24
original,isl,25,47,100,30,0.9822203878164161,6.93085888115129e-22
original,isl,25,48,100,30,0.9839684364888308,1.6450444689534415e-22
original,isl,25,49,100,30,0.9919101044933998,1.1988150285300963e-26
original,isl,25,50,100,30,0.9915675532738891,2.1379427179890582e-26
original,isl,25,51,100,30,0.9850321884072811,6.332185478263649e-23
original,isl,25,52,100,30,0.9918982642468195,1.2235258221444905e-26
original,isl,25,53,100,30,0.9927025212452689,2.844893887702304e-27
original,isl,25,54,100,30,0.9844281255657076,1.0977602101430359e-22
original,isl,25,55,100,30,0.9909624656546728,5.620107485232903e-26
original,isl,25,56,100,30,0.9891490714909452,7.190895009211921e-25
original,isl,25,57,100,30,0.9940936712564654,1.4851453211142571e-28
original,isl,25,58,100,30,0.9944639115813997,6.013710633262703e-29
original,isl,25,59,100,30,0.988920504671936,9.614371085989849e-25
original,isl,25,60,100,30,0.9918193949932824,1.400578596043991e-26
original,isl,25,61,100,30,0.9914299484556572,2.6794751832726744e-26
original,isl,25,62,100,30,0.9891781745912224,6.926768730771781e-25
original,isl,25,63,100,30,0.9900240651473305,2.227987698964882e-25
original,isl,25,64,100,30,0.9846704893296999,8.826205118275863e-23
original,isl,25,65,100,30,0.9889246674721631,9.564164618664398e-25
original,isl,25,66,100,30,0.9889804081882689,8.914908471735444e-25
original,isl,25,67,100,30,0.9916063037677838,2.00490375537567e-26
original,isl,25,68,100,30,0.9936677843327234,3.9262411185137234e-28
original,isl,25,69,100,30,0.9873162851316161,6.321829963688417e-24
original,isl,25,70,100,30,0.9941373032284901,1.3390649371807912e-28
original,isl,25,71,100,30,0.9926835645073895,2.9497817539451636e-27
original,isl,25,72,100,30,0.9902764681995216,1.558715262783121e-25
original,isl,25,73,100,30,0.9914027390332351,2.8006009928890435e-26
original,isl,25,74,100,30,0.9923448868639576,5.54655757139234e-27
original,isl,25,75,100,30,0.9925738241205063,3.630942451039378e-27
original,isl,25,76,100,30,0.9909666953716391,5.583538888404371e-26
original,isl,25,77,100,30,0.9886250923758304,1.3871686700624336e-24
original,isl,25,78,100,30,0.9936273121603889,4.291482040599912e-28
original,isl,25,79,100,30,0.9930476493785388,1.4467778020051745e-27
original,isl,25,80,100,30,0.9879378954562709,3.1402355262033353e-24
original,isl,25,81,100,30,0.9901538140767338,1.8563426084240848e-25
original,isl,25,82,100,30,0.991879205501775,1.264296671729051e-26
original,isl,25,83,100,30,0.9938047306340636,2.893355025506619e-28
original,isl,25,84,100,30,0.9886587937953301,1.3309988188399777e-24
original,isl,25,85,100,30,0.9934363394393776,6.480839262075187e-28
original,isl,25,86,100,30,0.9889688652488007,9.045901969514713e-25
original,isl,25,87,100,30,0.9944964169720691,5.53889902498219e-29
original,isl,25,88,100,30,0.9941903093518151,1.1795591214371335e-28
original,isl,25,89,100,30,0.9927567903684502,2.5634481147120852e-27
original,isl,25,90,100,30,0.9901588080308539,1.8432606294219124e-25
original,isl,25,91,100,30,0.9904015725695771,1.3012551777387703e-25
original,isl,25,92,100,30,0.994203269847023,1.1433389801958423e-28
original,isl,25,93,100,30,0.9942176409218861,1.1043852611325212e-28
original,isl,25,94,100,30,0.9900202048671223,2.2400353787184786e-25
original,isl,25,95,100,30,0.9891004440539582,7.65316098012497e-25
original,isl,25,96,100,30,0.9918634204692621,1.2990151056800257e-26
original,isl,25,97,100,30,0.9871886134588723,7.267747467044187e-24
original,isl,25,98,100,30,0.9912160149252823,3.779184452302502e-26
original,isl,25,99,100,30,0.9899204107585815,2.5732838454426607e-25
original,isl,25,100,100,30,0.9829138447265183,3.987835152840975e-22
original,isl,25,101,100,30,0.9895351118343236,4.340627482400398e-25
original,isl,25,102,100,30,0.9924138903335425,4.888222738957705e-27
original,isl,25,103,100,30,0.9898731246172445,2.7467516241262466e-25
original,isl,25,104,100,30,0.9869715274712733,9.183066347004527e-24
original,isl,25,105,100,30,0.9932659975084265,9.267473559616909e-28
original,isl,25,106,100,30,0.9930276771873758,1.5058805827474772e-27
original,isl,25,107,100,30,0.9906653202042301,8.823706202931256e-26
original,isl,25,108,100,30,0.9868019122957424,1.0994699146719378e-23
original,isl,25,109,100,30,0.9922483725607301,6.606116955239545e-27
original,isl,25,110,100,30,0.9896633578495577,3.655278108729228e-25
original,isl,25,111,100,30,0.990649839458929,9.029944471700811e-26
original,isl,25,112,100,30,0.9875026231852734,5.144581143411418e-24
original,isl,25,113,100,30,0.9947798431577087,2.6466979207153887e-29
original,isl,25,114,100,30,0.993435583606199,6.491265377978585e-28
original,isl,25,115,100,30,0.9836306194512161,2.198215635723572e-22
original,isl,25,116,100,30,0.9913708285377796,2.949121631894787e-26
original,isl,25,117,100,30,0.98618648848445,2.07326746760441e-23
original,isl,25,118,100,30,0.9827243642951935,4.6482534047785005e-22
original,isl,25,119,100,30,0.9873324615021262,6.210496818663175e-24
original,isl,25,120,100,30,0.9911746238350037,4.035259953013948e-26
original,isl,25,121,100,30,0.9921179904682164,8.337166009082627e-27
original,isl,25,122,100,30,0.9937836037083555,3.034204810679573e-28
original,isl,25,123,100,30,0.9828567836066269,4.176929356069512e-22
original,isl,25,124,100,30,0.9868474430331686,1.0478341617475145e-23
original,isl,25,125,100,30,0.9890239753787594,8.436185967747435e-25
original,isl,25,126,100,30,0.9871333768152223,7.716346670657969e-24
original,isl,25,127,100,30,0.9935258108489896,5.350784323129324e-28
original,isl,25,128,100,30,0.9883851426472627,1.855315933972507e-24
original,isl,25,129,100,30,0.992948811290967,1.761854409522351e-27
original,isl,25,130,100,30,0.9916652121957648,1.8173036768736835e-26
original,isl,25,131,100,30,0.9910440850944235,4.9522264084058925e-26
original,isl,25,132,100,30,0.9906358939965382,9.219550249929848e-26
original,isl,25,133,100,30,0.990781190896881,7.4133266755925e-26
original,isl,25,134,100,30,0.9897772532836834,3.132243700398564e-25
original,isl,25,135,100,30,0.9881796792375617,2.3685854812295196e-24
original,isl,25,136,100,30,0.9918115467966768,1.4194398733945893e-26
original,isl,25,137,100,30,0.9932093579556507,1.0416878387960408e-27
original,isl,25,138,100,30,0.9873022426502865,6.4199751607357004e-24
original,isl,25,139,100,30,0.9923567968077401,5.427353323326884e-27
original,isl,25,140,100,30,0.9902126341383424,1.707587052392731e-25
original,isl,25,141,100,30,0.9859713936169959,2.5705805425306432e-23
original,isl,25,142,100,30,0.981154008120407,1.556354681465589e-21
original,isl,25,143,100,30,0.9930326669621958,1.4909081718062531e-27
original,isl,25,144,100,30,0.9871241279657219,7.793924549763923e-24
original,isl,25,145,100,30,0.9948526810439976,2.1750143343628828e-29
original,isl,25,146,100,30,0.9808110676359073,1.9991378934376942e-21
original,isl,25,147,100,30,0.9950590215126852,1.2281554611033838e-29
original,isl,25,148,100,30,0.9963585951226065,1.726107933991886e-31
original,isl,25,149,100,30,0.9871479382100998,7.595658512118148e-24
original,isl,25,150,100,30,0.9869101423075533,9.80403789189138e-24
original,isl,25,151,100,30,0.9949879401423605,1.4993798007399674e-29
original,isl,25,152,100,30,0.9896773632367052,3.5868547578441407e-25
original,isl,25,153,100,30,0.9878168918645669,3.608542685315504e-24
original,isl,25,154,100,30,0.9941385111575964,1.3352173695437733e-28
original,isl,25,155,100,30,0.9890665902824413,7.991102043512809e-25
original,isl,25,156,100,30,0.9915426913737652,2.22756476507521e-26
original,isl,25,157,100,30,0.9791349436808805,6.390719382981e-21
original,isl,25,158,100,30,0.9840866940863295,1.4841400149070725e-22
original,isl,25,159,100,30,0.9947630783271127,2.7679323713381044e-29
original,isl,25,160,100,30,0.9844098554741171,1.1158054796688366e-22
original,isl,25,161,100,30,0.9857222320857636,3.284064322452009e-23
original,isl,25,162,100,30,0.9917420053178186,1.5971705567340498e-26
original,isl,25,163,100,30,0.9909204769881749,5.995377999891157e-26
original,isl,25,164,100,30,0.9769539042541364,2.5365084520091654e-20
original,isl,25,165,100,30,0.9952879734914533,6.32972036889671e-30
original,isl,25,166,100,30,0.9928470228685992,2.152008457855212e-27
original,isl,25,167,100,30,0.9889645376930634,9.09547127446313e-25
original,isl,25,168,100,30,0.9854054642841037,4.4564724393220115e-23
original,isl,25,169,100,30,0.979736738355259,4.258012190130545e-21
original,isl,25,170,100,30,0.9928627717288847,2.0868157517704174e-27
original,isl,25,171,100,30,0.9911968667479618,3.89571389950851e-26
original,isl,25,172,100,30,0.9897645312648062,3.1870125172480124e-25
original,isl,25,173,100,30,0.990667535175535,8.794557879163696e-26
original,isl,25,174,100,30,0.9886332234393251,1.3734189246463342e-24
original,isl,25,175,100,30,0.9881998708938192,2.31285017047098e-24
original,isl,25,176,100,30,0.9932263081305875,1.0059740367412071e-27
original,isl,25,177,100,30,0.9949401692567008,1.7118349101856238e-29
original,isl,25,178,100,30,0.9896607620330378,3.668092255898908e-25
original,isl,25,179,100,30,0.9882836918103236,2.0942372904073795e-24
original,isl,25,180,100,30,0.9840278509990893,1.5622837654733227e-22
original,isl,25,181,100,30,0.9919191454807383,1.180259079184359e-26
original,isl,25,182,100,30,0.9871488187076436,7.588417198597368e-24
original,isl,25,183,100,30,0.9898819582285588,2.7135435763155423e-25
original,isl,25,184,100,30,0.9902312774356,1.6627981134762788e-25
original,isl,25,185,100,30,0.9957366275145582,1.5638917622308556e-30
original,isl,25,186,100,30,0.9927748742093386,2.4755593452404183e-27
original,isl,25,187,100,30,0.9871996850566473,7.180793737843031e-24
original,isl,25,188,100,30,0.9886594788992218,1.3298791671463468e-24
original,isl,25,189,100,30,0.9933986903648567,7.019523496684355e-28
original,isl,25,190,100,30,0.9959841497302001,6.7795256951589315e-31
original,isl,25,191,100,30,0.9922311550408541,6.813819452155352e-27
original,isl,25,192,100,30,0.9908899219479145,6.282936062765024e-26
original,isl,25,193,100,30,0.9898757259283776,2.7369335942467274e-25
original,isl,25,194,100,30,0.9937397921266461,3.346801897952048e-28
original,isl,25,195,100,30,0.9896905511379365,3.5235135177690643e-25
original,isl,25,196,100,30,0.9923877018691873,5.129029127984116e-27
original,isl,25,197,100,30,0.9866140597070931,1.3384918132220504e-23
original,isl,25,198,100,30,0.9944331928475644,6.49689153188772e-29
original,isl,25,199,100,30,0.991340730852875,3.0958723297903876e-26
original,isl,50,0,100,30,0.9967428097337097,3.6317840154742675e-32
original,isl,50,1,100,30,0.9970942494691332,7.359697856783013e-33
original,isl,50,2,100,30,0.9963974565090823,1.4857104626616259e-31
original,isl,50,3,100,30,0.9945988481202017,4.2605544073206536e-29
original,isl,50,4,100,30,0.9969165556412926,1.6876417207892326e-32
original,isl,50,5,100,30,0.9969198531553446,1.6625826167154133e-32
original,isl,50,6,100,30,0.99797034087766,4.869424854948679e-35
original,isl,50,7,100,30,0.9959955029787801,6.516520413899752e-31
original,isl,50,8,100,30,0.998114843898977,1.732996569665097e-35
original,isl,50,9,100,30,0.9965999755192058,6.617408598700911e-32
original,isl,50,10,100,30,0.9936741568373078,3.871434493210636e-28
original,isl,50,11,100,30,0.9966220844870072,6.04060773802505e-32
original,isl,50,12,100,30,0.9961002608564572,4.499025027277001e-31
original,isl,50,13,100,30,0.997508725561479,8.555369343651317e-34
original,isl,50,14,100,30,0.9961933054569381,3.210247961414126e-31
original,isl,50,15,100,30,0.9979070739849202,7.480689404046356e-35
original,isl,50,16,100,30,0.9971604246761743,5.3329253787678716e-33
original,isl,50,17,100,30,0.9972765247487914,2.9747627130163757e-33
original,isl,50,18,100,30,0.997117325432799,6.58328916148288e-33
original,isl,50,19,100,30,0.9959029431653356,8.968248725580454e-31
original,isl,50,20,100,30,0.9931275935851642,1.2311003835162209e-27
original,isl,50,21,100,30,0.9963969550622521,1.4886037431981138e-31
original,isl,50,22,100,30,0.9971831371439904,4.7664798084733393e-33
original,isl,50,23,100,30,0.9956492332055505,2.0765929482057465e-30
original,isl,50,24,100,30,0.9965537797646993,7.991344109183375e-32
original,isl,50,25,100,30,0.997038376378172,9.605370865222162e-33
original,isl,50,26,100,30,0.9966023898285683,6.552022484854098e-32
original,isl,50,27,100,30,0.9969646795622674,1.3544570594803614e-32
original,isl,50,28,100,30,0.9964433280656594,1.2420505988467167e-31
original,isl,50,29,100,30,0.9953888320681956,4.6783832989522236e-30
original,isl,50,30,100,30,0.9980229262375176,3.37297471299822e-35
original,isl,50,31,100,30,0.9951952645226809,8.310063770746603e-30
original,isl,50,32,100,30,0.9961482221454623,3.7844644398596796e-31
original,isl,50,33,100,30,0.9964723867029387,1.1074809193163958e-31
original,isl,50,34,100,30,0.9921894400486563,7.342439159477505e-27
original,isl,50,35,100,30,0.9963793954632381,1.5932816101752042e-31
original,isl,50,36,100,30,0.995233268789808,7.437401497374713e-30
original,isl,50,37,100,30,0.9958445321166794,1.0930112909919995e-30
original,isl,50,38,100,30,0.9957871304566658,1.3239947468510887e-30
original,isl,50,39,100,30,0.9982932960641613,4.311421238911014e-36
original,isl,50,40,100,30,0.9970237228834082,1.0291637431232424e-32
original,isl,50,41,100,30,0.9965734264787641,7.377514023044858e-32
original,isl,50,42,100,30,0.9980566815377246,2.6509256900224397e-35
original,isl,50,43,100,30,0.9961958215220926,3.180718133149451e-31
original,isl,50,44,100,30,0.9963880486897433,1.5408718580773459e-31
original,isl,50,45,100,30,0.997363277586433,1.8917113053025692e-33
original,isl,50,46,100,30,0.9978821275388883,8.829148311197693e-35
original,isl,50,47,100,30,0.9961268540206945,4.088696831174525e-31
original,isl,50,48,100,30,0.9944471906598741,6.272414959395743e-29
original,isl,50,49,100,30,0.9985411723436435,4.798606860615432e-37
original,isl,50,50,100,30,0.9982687693267811,5.263931878801521e-36
original,isl,50,51,100,30,0.9980889234820193,2.0977801347599577e-35
original,isl,50,52,100,30,0.9926382017546092,3.2155188835231006e-27
original,isl,50,53,100,30,0.9951157623912749,1.0451452478073646e-29
original,isl,50,54,100,30,0.9975862911622784,5.497049764621022e-34
original,isl,50,55,100,30,0.9942175462780333,1.1046377194582e-28
original,isl,50,56,100,30,0.9976521447963771,3.733476005677529e-34
original,isl,50,57,100,30,0.9961834525139907,3.328354267614392e-31
original,isl,50,58,100,30,0.9979385514222767,6.051812280177923e-35
original,isl,50,59,100,30,0.9941766688555677,1.2188279075793332e-28
original,isl,50,60,100,30,0.9958411611990433,1.1054674252225323e-30
original,isl,50,61,100,30,0.9968446135574283,2.3298104809732518e-32
original,isl,50,62,100,30,0.9964963015859567,1.007023946415854e-31
original,isl,50,63,100,30,0.9984423235306711,1.2008267582997232e-36
original,isl,50,64,100,30,0.99616574288752,3.5508364468336144e-31
original,isl,50,65,100,30,0.9977114857844316,2.6098896111958203e-34
original,isl,50,66,100,30,0.997351027132165,2.0183939349813476e-33
original,isl,50,67,100,30,0.9968355407362208,2.4252360484658007e-32
original,isl,50,68,100,30,0.9926967485127838,2.8764620244892684e-27
original,isl,50,69,100,30,0.9974716863555063,1.0516526893153042e-33
original,isl,50,70,100,30,0.9966639505636933,5.074144496810882e-32
original,isl,50,71,100,30,0.9952889436281612,6.311537244813029e-30
original,isl,50,72,100,30,0.9953659163428458,5.013907664382245e-30
original,isl,50,73,100,30,0.996929729153443,1.5895823418372202e-32
original,isl,50,74,100,30,0.997068511868306,8.325483961921948e-33
original,isl,50,75,100,30,0.9953477914950617,5.294960166763998e-30
original,isl,50,76,100,30,0.9971004429081105,7.143368656945877e-33
original,isl,50,77,100,30,0.9956748488253948,1.9121229075229564e-30
original,isl,50,78,100,30,0.9975955572981281,5.2091616127029854e-34
original,isl,50,79,100,30,0.9973328506195708,2.2209337679398272e-33
original,isl,50,80,100,30,0.9972001384751497,4.379600533408355e-33
original,isl,50,81,100,30,0.9962871928735132,2.2643699870394803e-31
original,isl,50,82,100,30,0.9941472680724942,1.3076296658717082e-28
original,isl,50,83,100,30,0.9975640998043117,6.247635355145828e-34
original,isl,50,84,100,30,0.9942704034133512,9.716856666066826e-29
original,isl,50,85,100,30,0.9953685336413697,4.974486541289402e-30
original,isl,50,86,100,30,0.9962133596262792,2.98178239682441e-31
original,isl,50,87,100,30,0.9952706350620576,6.663005618544899e-30
original,isl,50,88,100,30,0.9968868598111071,1.9296465834070695e-32
original,isl,50,89,100,30,0.9973002917153881,2.6316171609363587e-33
original,isl,50,90,100,30,0.9965504955746087,8.098464105578196e-32
original,isl,50,91,100,30,0.996966155421182,1.3452781475303844e-32
original,isl,50,92,100,30,0.9932926901730136,8.767650414883157e-28
original,isl,50,93,100,30,0.997329473529067,2.2605824811552723e-33
original,isl,50,94,100,30,0.9970046183238631,1.1254788155327008e-32
original,isl,50,95,100,30,0.9985109348905089,6.3939796106026765e-37
original,isl,50,96,100,30,0.9968257956185884,2.531766139144855e-32
original,isl,50,97,100,30,0.9961101107188051,4.342781293970256e-31
original,isl,50,98,100,30,0.998465766990431,9.712679313328775e-37
original,isl,50,99,100,30,0.9969162388254791,1.6900677005778957e-32
original,isl,50,100,100,30,0.9971582416618064,5.3905396025884326e-33
original,isl,50,101,100,30,0.9976138558445824,4.681311344512277e-34
original,isl,50,102,100,30,0.9948249493692187,2.3445430435967449e-29
original,isl,50,103,100,30,0.9949084799963692,1.867835853708179e-29
original,isl,50,104,100,30,0.9948530369430038,2.1729145766041612e-29
original,isl,50,105,100,30,0.9976069826350581,4.873464599044655e-34
original,isl,50,106,100,30,0.9978134265875614,1.379867129548701e-34
original,isl,50,107,100,30,0.9975337443676896,7.429096609725453e-34
original,isl,50,108,100,30,0.9978619557566283,1.0080962561794704e-34
original,isl,50,109,100,30,0.9988049771000093,2.9445706872980573e-38
original,isl,50,110,100,30,0.9968659296170532,2.1191587735592954e-32
original,isl,50,111,100,30,0.9969445832291899,1.4853711644669406e-32
original,isl,50,112,100,30,0.9969261286837895,1.6158440369998664e-32
original,isl,50,113,100,30,0.9957072505069114,1.7213964023987094e-30
original,isl,50,114,100,30,0.9968159926587682,2.643298159483097e-32
original,isl,50,115,100,30,0.9976254686188881,4.372556800006362e-34
original,isl,50,116,100,30,0.9984715046150285,9.21665872826125e-37
original,isl,50,117,100,30,0.9977108172751444,2.6205726921775412e-34
original,isl,50,118,100,30,0.9977624010419371,1.905273528362386e-34
original,isl,50,119,100,30,0.9975284678701927,7.654493818051156e-34
original,isl,50,120,100,30,0.9963859205442472,1.553610806789703e-31
original,isl,50,121,100,30,0.9967160171340739,4.072469863860977e-32
original,isl,50,122,100,30,0.9949960796507817,1.4657202776585643e-29
original,isl,50,123,100,30,0.9956967061518711,1.7814328457010547e-30
original,isl,50,124,100,30,0.9982517249657951,6.037161109156093e-36
original,isl,50,125,100,30,0.9961277629767713,4.0753062284597505e-31
original,isl,50,126,100,30,0.9972113553351856,4.1405388124951656e-33
original,isl,50,127,100,30,0.9965707637288346,7.45806174210364e-32
original,isl,50,128,100,30,0.9973116431882072,2.4810392913872555e-33
original,isl,50,129,100,30,0.9972743134240615,3.0087163514088298e-33
original,isl,50,130,100,30,0.9984435903008904,1.187236021475426e-36
original,isl,50,131,100,30,0.9935988963683733,4.566497244683209e-28
original,isl,50,132,100,30,0.9949609906431612,1.6160147276987647e-29
original,isl,50,133,100,30,0.996346639257649,1.807035278209636e-31
original,isl,50,134,100,30,0.9979587512864857,5.273106844749266e-35
original,isl,50,135,100,30,0.9951852259723294,8.555941782953514e-30
original,isl,50,136,100,30,0.9958487028011378,1.0777802117568964e-30
original,isl,50,137,100,30,0.9965744235521485,7.347561114668095e-32
original,isl,50,138,100,30,0.9976655843913794,3.445442229892595e-34
original,isl,50,139,100,30,0.9984735689260058,9.044027693048552e-37
original,isl,50,140,100,30,0.9969376422579641,1.5332507598083007e-32
original,isl,50,141,100,30,0.9983180946126105,3.513120499382526e-36
original,isl,50,142,100,30,0.99669205192981,4.5082070557500013e-32
original,isl,50,143,100,30,0.9985475961918484,4.5112778810336395e-37
original,isl,50,144,100,30,0.997666367306343,3.4293163277515284e-34
original,isl,50,145,100,30,0.9969331241277438,1.5651830168245276e-32
original,isl,50,146,100,30,0.9973481513405104,2.0492526280945683e-33
original,isl,50,147,100,30,0.9959884575335881,6.678593824553673e-31
original,isl,50,148,100,30,0.9964640024317355,1.1448482948435368e-31
original,isl,50,149,100,30,0.9957659636824906,1.4200457655465597e-30
original,isl,50,150,100,30,0.9972713332663194,3.0550443465312687e-33
original,isl,50,151,100,30,0.9977090125453962,2.6496161801664004e-34
original,isl,50,152,100,30,0.9967673485322835,3.2674227341418075e-32
original,isl,50,153,100,30,0.9962100832213654,3.0180461344067993e-31
original,isl,50,154,100,30,0.9963197551990052,2.0020447773653414e-31
original,isl,50,155,100,30,0.9959733637293199,7.038486685410318e-31
original,isl,50,156,100,30,0.9940215070810058,1.7596073381476064e-28
original,isl,50,157,100,30,0.9958422068711178,1.1015894553905816e-30
original,isl,50,158,100,30,0.9967407292567714,3.6643492741625026e-32
original,isl,50,159,100,30,0.9979115115399104,7.261865091990745e-35
original,isl,50,160,100,30,0.997216087820567,4.043358708941982e-33
original,isl,50,161,100,30,0.9960680538771262,5.0470942419874e-31
original,isl,50,162,100,30,0.9971328024668614,6.105928724191207e-33
original,isl,50,163,100,30,0.9960437107918546,5.501787192274297e-31
original,isl,50,164,100,30,0.9980432631730188,2.918773263752299e-35
original,isl,50,165,100,30,0.9962680184935915,2.433414563714804e-31
original,isl,50,166,100,30,0.9976199481113857,4.516895745760719e-34
original,isl,50,167,100,30,0.9966139397885265,6.247433662891015e-32
original,isl,50,168,100,30,0.9958952223358939,9.207343888362096e-31
original,isl,50,169,100,30,0.9974588179147523,1.1290316227841174e-33
original,isl,50,170,100,30,0.9957148212012458,1.6794555060964077e-30
original,isl,50,171,100,30,0.9947583190263506,2.8032768898644806e-29
original,isl,50,172,100,30,0.9954315048941745,4.108465190759775e-30
original,isl,50,173,100,30,0.9972690725729288,3.090628718651045e-33
original,isl,50,174,100,30,0.9981215562772331,1.6486466662597963e-35
original,isl,50,175,100,30,0.9974335209422461,1.2967806985092939e-33
original,isl,50,176,100,30,0.9963555063469929,1.7466866409912536e-31
original,isl,50,177,100,30,0.9946664856839927,3.5729241803536434e-29
original,isl,50,178,100,30,0.9955495789004943,2.8495908757702424e-30
original,isl,50,179,100,30,0.9969386949146294,1.525898413576108e-32
original,isl,50,180,100,30,0.9959381396062345,7.949551027222856e-31
original,isl,50,181,100,30,0.9981101479676279,1.7943704046150787e-35
original,isl,50,182,100,30,0.9968785037321769,2.0033356378285592e-32
original,isl,50,183,100,30,0.9947793967846345,2.6498609399161544e-29
original,isl,50,184,100,30,0.9969977083169191,1.1623290631627854e-32
original,isl,50,185,100,30,0.9956858103250111,1.8455080655033617e-30
original,isl,50,186,100,30,0.9967727807780173,3.191492602191922e-32
original,isl,50,187,100,30,0.99821857050164,7.85180880973632e-36
original,isl,50,188,100,30,0.9962565169776615,2.540359250801095e-31
original,isl,50,189,100,30,0.9975366585420421,7.3072683465974976e-34
original,isl,50,190,100,30,0.9973540219430072,1.9867170889651532e-33
original,isl,50,191,100,30,0.9966876562697518,4.5926808590788536e-32
original,isl,50,192,100,30,0.9966009633349877,6.59058296249e-32
original,isl,50,193,100,30,0.9952611672714012,6.851803650560868e-30
original,isl,50,194,100,30,0.993652293076448,4.062490921556e-28
original,isl,50,195,100,30,0.9950768083141113,1.1678128882537102e-29
original,isl,50,196,100,30,0.9955334690834617,2.997155819418754e-30
original,isl,50,197,100,30,0.9960708982079144,4.996306002263754e-31
original,isl,50,198,100,30,0.9962984271825687,2.1704598330497063e-31
original,isl,50,199,100,30,0.997193727794393,4.521921101101735e-33
original,isl,75,0,100,30,0.9977160117987406,2.5386186009385923e-34
original,isl,75,1,100,30,0.999242573972895,4.985071398309848e-41
original,isl,75,2,100,30,0.9987273169448595,7.106139657332002e-38
original,isl,75,3,100,30,0.9987518444182191,5.412237639664247e-38
original,isl,75,4,100,30,0.9988898790549771,1.0499358329240775e-38
original,isl,75,5,100,30,0.9976906763685326,2.962128193056876e-34
original,isl,75,6,100,30,0.999320553850158,1.089643288038494e-41
original,isl,75,7,100,30,0.9987384906515011,6.281251085779493e-38
original,isl,75,8,100,30,0.9989229625019009,6.875390137972403e-39
original,isl,75,9,100,30,0.9988307788659684,2.1695816937147854e-38
original,isl,75,10,100,30,0.9995118191003666,1.0659793401624207e-43
original,isl,75,11,100,30,0.999146081075083,2.6698499805087604e-40
original,isl,75,12,100,30,0.9989976344463922,2.515524277413487e-39
original,isl,75,13,100,30,0.9992947781508917,1.834874879054454e-41
original,isl,75,14,100,30,0.9991409976699664,2.901090686865252e-40
original,isl,75,15,100,30,0.9988704647226495,1.338211065409761e-38
original,isl,75,16,100,30,0.9979735853096016,4.7616701316713277e-35
original,isl,75,17,100,30,0.9991439611981152,2.7641183682053273e-40
original,isl,75,18,100,30,0.9986095537916415,2.4513103978698797e-37
original,isl,75,19,100,30,0.9989845994829156,3.0140580060557956e-39
original,isl,75,20,100,30,0.9988953467665687,9.798431718301125e-39
original,isl,75,21,100,30,0.9990497051870894,1.1923861276247847e-39
original,isl,75,22,100,30,0.9984590655616777,1.0323361238594718e-36
original,isl,75,23,100,30,0.9985365728868026,5.014672442772239e-37
original,isl,75,24,100,30,0.9991251634839328,3.7460659402332915e-40
original,isl,75,25,100,30,0.9990979647511914,5.749846068844166e-40
original,isl,75,26,100,30,0.9991820690665163,1.4614421707014253e-40
original,isl,75,27,100,30,0.9987228759912699,7.46107380043346e-38
original,isl,75,28,100,30,0.9993412124187802,7.073003247335026e-42
original,isl,75,29,100,30,0.9991649669013583,1.9523395731053846e-40
original,isl,75,30,100,30,0.9992727859677382,2.820066642860117e-41
original,isl,75,31,100,30,0.9989110952173957,8.01480948994727e-39
original,isl,75,32,100,30,0.9986095067915174,2.4524699882392297e-37
original,isl,75,33,100,30,0.9987511639834152,5.453668713028609e-38
original,isl,75,34,100,30,0.9985453966889077,4.607809125271669e-37
original,isl,75,35,100,30,0.9993983409022572,1.9871268811013757e-42
original,isl,75,36,100,30,0.9983988379075682,1.7651363868800852e-36
original,isl,75,37,100,30,0.9994655532289997,3.7858055214520044e-43
original,isl,75,38,100,30,0.9989624629009907,4.0758746368442185e-39
original,isl,75,39,100,30,0.9994296722202537,9.400364593221195e-43
original,isl,75,40,100,30,0.9986478407395213,1.6585570304492222e-37
original,isl,75,41,100,30,0.998577593758372,3.368887047522767e-37
original,isl,75,42,100,30,0.9991243191747096,3.796980094547704e-40
original,isl,75,43,100,30,0.9994979574904208,1.5774230277729276e-43
original,isl,75,44,100,30,0.998243725602831,6.435292271648207e-36
original,isl,75,45,100,30,0.9990768188475502,7.95221971364718e-40
original,isl,75,46,100,30,0.9985613760694566,3.947976203637613e-37
original,isl,75,47,100,30,0.9990890268756153,6.600569994995571e-40
original,isl,75,48,100,30,0.999454241412506,5.075445599283347e-43
original,isl,75,49,100,30,0.9986461443183698,1.6879100064262737e-37
original,isl,75,50,100,30,0.9985290590437464,5.387171089277373e-37
original,isl,75,51,100,30,0.9995536002721098,3.046932417594173e-44
original,isl,75,52,100,30,0.9986676410607085,1.3492428170873904e-37
original,isl,75,53,100,30,0.9990005009459345,2.416704893935226e-39
original,isl,75,54,100,30,0.9988539637633,1.639309019080988e-38
original,isl,75,55,100,30,0.9990931918640705,6.190564126419815e-40
original,isl,75,56,100,30,0.9986594780666044,1.4696237858972805e-37
original,isl,75,57,100,30,0.9991713036409822,1.7549163757634182e-40
original,isl,75,58,100,30,0.9986807203973831,1.175284757533222e-37
original,isl,75,59,100,30,0.9987691180240612,4.4533829251261047e-38
original,isl,75,60,100,30,0.9979578212417665,5.3068125299965e-35
original,isl,75,61,100,30,0.9979526745135804,5.496979400125545e-35
original,isl,75,62,100,30,0.9979424107671518,5.895247514754685e-35
original,isl,75,63,100,30,0.9991438697569702,2.768253345425633e-40
original,isl,75,64,100,30,0.9987804317994196,3.913590483646762e-38
original,isl,75,65,100,30,0.9993591599444207,4.805190365888145e-42
original,isl,75,66,100,30,0.9990168378596331,1.91895728994827e-39
original,isl,75,67,100,30,0.9984622675820611,1.0027255700856326e-36
original,isl,75,68,100,30,0.9988209266000744,2.439880892011095e-38
original,isl,75,69,100,30,0.9990835989826582,7.1727733390989546e-40
original,isl,75,70,100,30,0.9988741296730165,1.278716628369145e-38
original,isl,75,71,100,30,0.998025013623014,3.3235011445308383e-35
original,isl,75,72,100,30,0.9991073087830297,4.970148783459562e-40
original,isl,75,73,100,30,0.9983564968882648,2.5430790842547825e-36
original,isl,75,74,100,30,0.9989042191102377,8.752830418973378e-39
original,isl,75,75,100,30,0.9986706754459865,1.3068782383968942e-37
original,isl,75,76,100,30,0.9992173509552675,7.884616860814898e-41
original,isl,75,77,100,30,0.9991230402989313,3.8753247484050725e-40
original,isl,75,78,100,30,0.9993687119621726,3.894274136061311e-42
original,isl,75,79,100,30,0.9990018905679686,2.3701077773259507e-39
original,isl,75,80,100,30,0.9988767557927365,1.237606656189076e-38
original,isl,75,81,100,30,0.9989359771573668,5.7998056385195e-39
original,isl,75,82,100,30,0.9992092632321956,9.1047391831657e-41
original,isl,75,83,100,30,0.9993009855888282,1.6213172352441448e-41
original,isl,75,84,100,30,0.9988407527364931,1.9244836080929775e-38
original,isl,75,85,100,30,0.9990473098589501,1.235142233831888e-39
original,isl,75,86,100,30,0.999131681392532,3.373832149619612e-40
original,isl,75,87,100,30,0.999013293907591,2.0180561915946745e-39
original,isl,75,88,100,30,0.9986903821892401,1.0604171044725846e-37
original,isl,75,89,100,30,0.9989386535589194,5.598962055189689e-39
original,isl,75,90,100,30,0.9991794387430514,1.5286073615080755e-40
original,isl,75,91,100,30,0.9984635075671954,9.914721908551784e-37
original,isl,75,92,100,30,0.9984059870325881,1.658016405958009e-36
original,isl,75,93,100,30,0.9994236819067552,1.088070682699139e-42
original,isl,75,94,100,30,0.9988622389407097,1.481223735708449e-38
original,isl,75,95,100,30,0.999078833391946,7.712785990306508e-40
original,isl,75,96,100,30,0.9981543756475665,1.2883855932279888e-35
original,isl,75,97,100,30,0.9982485837591067,6.190690875935433e-36
original,isl,75,98,100,30,0.9990912624043647,6.3774691972674415e-40
original,isl,75,99,100,30,0.9992307032621177,6.197141680003411e-41
original,isl,75,100,100,30,0.9991709077953296,1.7666844994032705e-40
original,isl,75,101,100,30,0.9990550520469061,1.1018549488586873e-39
original,isl,75,102,100,30,0.9988903032516147,1.0443356673104355e-38
original,isl,75,103,100,30,0.9992764711386434,2.6265133581448277e-41
original,isl,75,104,100,30,0.9990165113098339,1.927895897194051e-39
original,isl,75,105,100,30,0.9988900055966572,1.0482623416692634e-38
original,isl,75,106,100,30,0.9992430836952606,4.93832456234107e-41
original,isl,75,107,100,30,0.9989705816667154,3.651555552274349e-39
original,isl,75,108,100,30,0.999214881457027,8.240025167052535e-41
original,isl,75,109,100,30,0.9986716341345508,1.2937524347428201e-37
original,isl,75,110,100,30,0.9989373456754033,5.696287764613058e-39
original,isl,75,111,100,30,0.9993989429184222,1.959478073523222e-42
original,isl,75,112,100,30,0.9985468900101819,4.5420640129357345e-37
original,isl,75,113,100,30,0.9990037746798198,2.3082608480165937e-39
original,isl,75,114,100,30,0.9985805190098855,3.2732351187180496e-37
original,isl,75,115,100,30,0.9979686347884397,4.926991884272981e-35
original,isl,75,116,100,30,0.9982087886625625,8.476929733977677e-36
original,isl,75,117,100,30,0.998883048252853,1.1440430388168298e-38
original,isl,75,118,100,30,0.9995513562892012,3.2684676313630234e-44
original,isl,75,119,100,30,0.9988400924071519,1.9398799013985137e-38
original,isl,75,120,100,30,0.9982320424249047,7.060737009110091e-36
original,isl,75,121,100,30,0.9989363248024493,5.773344737675608e-39
original,isl,75,122,100,30,0.9987083392472328,8.74135051982484e-38
original,isl,75,123,100,30,0.999472469635809,3.1548491230864515e-43
original,isl,75,124,100,30,0.9990241989622117,1.727390479179463e-39
original,isl,75,125,100,30,0.9991442110442204,2.752849527445444e-40
original,isl,75,126,100,30,0.9984358500260146,1.2725625631891266e-36
original,isl,75,127,100,30,0.9987469406174833,5.717483796591246e-38
original,isl,75,128,100,30,0.999211263354618,8.787674915498571e-41
original,isl,75,129,100,30,0.998433349236653,1.301325048627562e-36
original,isl,75,130,100,30,0.9993773138995963,3.213895495575054e-42
original,isl,75,131,100,30,0.9986979389286033,9.779386075230993e-38
original,isl,75,132,100,30,0.9989171462988289,7.413571393559074e-39
original,isl,75,133,100,30,0.9993922678315259,2.2870407893983135e-42
original,isl,75,134,100,30,0.9986490228822666,1.6383835356019893e-37
original,isl,75,135,100,30,0.9992034743890338,1.0083274938857774e-40
original,isl,75,136,100,30,0.9993655148340317,4.179582235074046e-42
original,isl,75,137,100,30,0.9986404506636997,1.7899903191939469e-37
original,isl,75,138,100,30,0.9992099324982967,8.997481911447916e-41
original,isl,75,139,100,30,0.9989880795587781,2.872675834708068e-39
original,isl,75,140,100,30,0.9989709266827697,3.6344666526622974e-39
original,isl,75,141,100,30,0.9986580102859205,1.492299465246684e-37
original,isl,75,142,100,30,0.9993378589772604,7.593924967633657e-42
original,isl,75,143,100,30,0.9986024136254487,2.633431369509112e-37
original,isl,75,144,100,30,0.9987389935436773,6.246305147922277e-38
original,isl,75,145,100,30,0.9990934942907918,6.161733673956373e-40
original,isl,75,146,100,30,0.9989000558059564,9.229848092381601e-39
original,isl,75,147,100,30,0.998237603306226,6.75632171384473e-36
original,isl,75,148,100,30,0.9982381811644051,6.725397451103006e-36
original,isl,75,149,100,30,0.9993580455650266,4.9234713904591486e-42
original,isl,75,150,100,30,0.9990704439730683,8.756137056095433e-40
original,isl,75,151,100,30,0.9991131433023637,4.534353816019184e-40
original,isl,75,152,100,30,0.9984123368301315,1.56796674577425e-36
original,isl,75,153,100,30,0.998772436655102,4.288286401791396e-38
original,isl,75,154,100,30,0.9992726842781419,2.825590715686636e-41
original,isl,75,155,100,30,0.9988798312338276,1.191024084616865e-38
original,isl,75,156,100,30,0.9992360784715244,5.617894898233168e-41
original,isl,75,157,100,30,0.9989945586618791,2.6257226622996322e-39
original,isl,75,158,100,30,0.9991024181991257,5.365069725430994e-40
original,isl,75,159,100,30,0.9991930974481085,1.2085735440474077e-40
original,isl,75,160,100,30,0.9988623396067499,1.4793909287228168e-38
original,isl,75,161,100,30,0.9991292583109801,3.508005844784591e-40
original,isl,75,162,100,30,0.9983675752967651,2.3134805979558847e-36
original,isl,75,163,100,30,0.9984821823169983,8.35561321226437e-37
original,isl,75,164,100,30,0.9986784880899737,1.203417964146805e-37
original,isl,75,165,100,30,0.9989034993919919,8.83362141847291e-39
original,isl,75,166,100,30,0.9990535877043345,1.1259921471487331e-39
original,isl,75,167,100,30,0.9980840788036419,2.1734072766834177e-35
original,isl,75,168,100,30,0.9982318470667079,7.071659368004093e-36
original,isl,75,169,100,30,0.9982844276972485,4.6356301490191314e-36
original,isl,75,170,100,30,0.99928992108148,2.0198805807607303e-41
original,isl,75,171,100,30,0.9991667931847762,1.893424092046697e-40
original,isl,75,172,100,30,0.9987144944141633,8.176205968759139e-38
original,isl,75,173,100,30,0.9993219283216163,1.0591948369818134e-41
original,isl,75,174,100,30,0.9993663384785565,4.104281360728071e-42
original,isl,75,175,100,30,0.998995297333336,2.5988562058281425e-39
original,isl,75,176,100,30,0.9988027398218339,3.0226539393583786e-38
original,isl,75,177,100,30,0.9980981964276753,1.9597946938469044e-35
original,isl,75,178,100,30,0.9984284565591863,1.3593510575878327e-36
original,isl,75,179,100,30,0.9992012189643028,1.049029449213743e-40
original,isl,75,180,100,30,0.9987154600091408,8.090691242046036e-38
original,isl,75,181,100,30,0.9988145434310646,2.6313528023001976e-38
original,isl,75,182,100,30,0.9994157085378462,1.3187974546654266e-42
original,isl,75,183,100,30,0.9992929343942629,1.9031671694181754e-41
original,isl,75,184,100,30,0.9991598351900839,2.1271248977000265e-40
original,isl,75,185,100,30,0.9988419465123571,1.89693703549071e-38
original,isl,75,186,100,30,0.999018099683833,1.8847779123866907e-39
original,isl,75,187,100,30,0.9990040876763736,2.2981329100071504e-39
original,isl,75,188,100,30,0.9994208906697264,1.1641958910346902e-42
original,isl,75,189,100,30,0.9990065370064592,2.2202906390703307e-39
original,isl,75,190,100,30,0.9986422119663826,1.757815908986455e-37
original,isl,75,191,100,30,0.9979425951522526,5.887862407899648e-35
original,isl,75,192,100,30,0.998813584534208,2.6612929218878714e-38
original,isl,75,193,100,30,0.9983602870151496,2.462249916428374e-36
original,isl,75,194,100,30,0.9987661162733522,4.607779258398017e-38
original,isl,75,195,100,30,0.998809211099294,2.801901409905714e-38
original,isl,75,196,100,30,0.9990322125118681,1.5391247729417852e-39
original,isl,75,197,100,30,0.9987629065813575,4.778359753816401e-38
original,isl,75,198,100,30,0.9983654152902915,2.3566766581952456e-36
original,isl,75,199,100,30,0.9985495184153539,4.428456802320533e-37
original,isl,100,0,100,30,0.9999999999999999,0.0
original,isl,100,1,100,30,0.9999999999999999,0.0
original,isl,100,2,100,30,0.9999999999999999,0.0
original,isl,100,3,100,30,0.9999999999999999,0.0
original,isl,100,4,100,30,0.9999999999999999,0.0
original,isl,100,5,100,30,0.9999999999999999,0.0
original,isl,100,6,100,30,0.9999999999999999,0.0
original,isl,100,7,100,30,0.9999999999999999,0.0
original,isl,100,8,100,30,0.9999999999999999,0.0
original,isl,100,9,100,30,0.9999999999999999,0.0
original,isl,100,10,100,30,0.9999999999999999,0.0
original,isl,100,11,100,30,0.9999999999999999,0.0
original,isl,100,12,100,30,0.9999999999999999,0.0
original,isl,100,13,100,30,0.9999999999999999,0.0
original,isl,100,14,100,30,0.9999999999999999,0.0
original,isl,100,15,100,30,0.9999999999999999,0.0
original,isl,100,16,100,30,0.9999999999999999,0.0
original,isl,100,17,100,30,0.9999999999999999,0.0
original,isl,100,18,100,30,0.9999999999999999,0.0
original,isl,100,19,100,30,0.9999999999999999,0.0
original,isl,100,20,100,30,0.9999999999999999,0.0
original,isl,100,21,100,30,0.9999999999999999,0.0
original,isl,100,22,100,30,0.9999999999999999,0.0
original,isl,100,23,100,30,0.9999999999999999,0.0
original,isl,100,24,100,30,0.9999999999999999,0.0
original,isl,100,25,100,30,0.9999999999999999,0.0
original,isl,100,26,100,30,0.9999999999999999,0.0
original,isl,100,27,100,30,0.9999999999999999,0.0
original,isl,100,28,100,30,0.9999999999999999,0.0
original,isl,100,29,100,30,0.9999999999999999,0.0
original,isl,100,30,100,30,0.9999999999999999,0.0
original,isl,100,31,100,30,0.9999999999999999,0.0
original,isl,100,32,100,30,0.9999999999999999,0.0
original,isl,100,33,100,30,0.9999999999999999,0.0
original,isl,100,34,100,30,0.9999999999999999,0.0
original,isl,100,35,100,30,0.9999999999999999,0.0
original,isl,100,36,100,30,0.9999999999999999,0.0
original,isl,100,37,100,30,0.9999999999999999,0.0
original,isl,100,38,100,30,0.9999999999999999,0.0
original,isl,100,39,100,30,0.9999999999999999,0.0
original,isl,100,40,100,30,0.9999999999999999,0.0
original,isl,100,41,100,30,0.9999999999999999,0.0
original,isl,100,42,100,30,0.9999999999999999,0.0
original,isl,100,43,100,30,0.9999999999999999,0.0
original,isl,100,44,100,30,0.9999999999999999,0.0
original,isl,100,45,100,30,0.9999999999999999,0.0
original,isl,100,46,100,30,0.9999999999999999,0.0
original,isl,100,47,100,30,0.9999999999999999,0.0
original,isl,100,48,100,30,0.9999999999999999,0.0
original,isl,100,49,100,30,0.9999999999999999,0.0
original,isl,100,50,100,30,0.9999999999999999,0.0
original,isl,100,51,100,30,0.9999999999999999,0.0
original,isl,100,52,100,30,0.9999999999999999,0.0
original,isl,100,53,100,30,0.9999999999999999,0.0
original,isl,100,54,100,30,0.9999999999999999,0.0
original,isl,100,55,100,30,0.9999999999999999,0.0
original,isl,100,56,100,30,0.9999999999999999,0.0
original,isl,100,57,100,30,0.9999999999999999,0.0
original,isl,100,58,100,30,0.9999999999999999,0.0
original,isl,100,59,100,30,0.9999999999999999,0.0
original,isl,100,60,100,30,0.9999999999999999,0.0
original,isl,100,61,100,30,0.9999999999999999,0.0
original,isl,100,62,100,30,0.9999999999999999,0.0
original,isl,100,63,100,30,0.9999999999999999,0.0
original,isl,100,64,100,30,0.9999999999999999,0.0
original,isl,100,65,100,30,0.9999999999999999,0.0
original,isl,100,66,100,30,0.9999999999999999,0.0
original,isl,100,67,100,30,0.9999999999999999,0.0
original,isl,100,68,100,30,0.9999999999999999,0.0
original,isl,100,69,100,30,0.9999999999999999,0.0
original,isl,100,70,100,30,0.9999999999999999,0.0
original,isl,100,71,100,30,0.9999999999999999,0.0
original,isl,100,72,100,30,0.9999999999999999,0.0
original,isl,100,73,100,30,0.9999999999999999,0.0
original,isl,100,74,100,30,0.9999999999999999,0.0
original,isl,100,75,100,30,0.9999999999999999,0.0
original,isl,100,76,100,30,0.9999999999999999,0.0
original,isl,100,77,100,30,0.9999999999999999,0.0
original,isl,100,78,100,30,0.9999999999999999,0.0
original,isl,100,79,100,30,0.9999999999999999,0.0
original,isl,100,80,100,30,0.9999999999999999,0.0
original,isl,100,81,100,30,0.9999999999999999,0.0
original,isl,100,82,100,30,0.9999999999999999,0.0
original,isl,100,83,100,30,0.9999999999999999,0.0
original,isl,100,84,100,30,0.9999999999999999,0.0
original,isl,100,85,100,30,0.9999999999999999,0.0
original,isl,100,86,100,30,0.9999999999999999,0.0
original,isl,100,87,100,30,0.9999999999999999,0.0
original,isl,100,88,100,30,0.9999999999999999,0.0
original,isl,100,89,100,30,0.9999999999999999,0.0
original,isl,100,90,100,30,0.9999999999999999,0.0
original,isl,100,91,100,30,0.9999999999999999,0.0
original,isl,100,92,100,30,0.9999999999999999,0.0
original,isl,100,93,100,30,0.9999999999999999,0.0
original,isl,100,94,100,30,0.9999999999999999,0.0
original,isl,100,95,100,30,0.9999999999999999,0.0
original,isl,100,96,100,30,0.9999999999999999,0.0
original,isl,100,97,100,30,0.9999999999999999,0.0
original,isl,100,98,100,30,0.9999999999999999,0.0
original,isl,100,99,100,30,0.9999999999999999,0.0
original,isl,100,100,100,30,0.9999999999999999,0.0
original,isl,100,101,100,30,0.9999999999999999,0.0
original,isl,100,102,100,30,0.9999999999999999,0.0
original,isl,100,103,100,30,0.9999999999999999,0.0
original,isl,100,104,100,30,0.9999999999999999,0.0
original,isl,100,105,100,30,0.9999999999999999,0.0
original,isl,100,106,100,30,0.9999999999999999,0.0
original,isl,100,107,100,30,0.9999999999999999,0.0
original,isl,100,108,100,30,0.9999999999999999,0.0
original,isl,100,109,100,30,0.9999999999999999,0.0
original,isl,100,110,100,30,0.9999999999999999,0.0
original,isl,100,111,100,30,0.9999999999999999,0.0
original,isl,100,112,100,30,0.9999999999999999,0.0
original,isl,100,113,100,30,0.9999999999999999,0.0
original,isl,100,114,100,30,0.9999999999999999,0.0
original,isl,100,115,100,30,0.9999999999999999,0.0
original,isl,100,116,100,30,0.9999999999999999,0.0
original,isl,100,117,100,30,0.9999999999999999,0.0
original,isl,100,118,100,30,0.9999999999999999,0.0
original,isl,100,119,100,30,0.9999999999999999,0.0
original,isl,100,120,100,30,0.9999999999999999,0.0
original,isl,100,121,100,30,0.9999999999999999,0.0
original,isl,100,122,100,30,0.9999999999999999,0.0
original,isl,100,123,100,30,0.9999999999999999,0.0
original,isl,100,124,100,30,0.9999999999999999,0.0
original,isl,100,125,100,30,0.9999999999999999,0.0
original,isl,100,126,100,30,0.9999999999999999,0.0
original,isl,100,127,100,30,0.9999999999999999,0.0
original,isl,100,128,100,30,0.9999999999999999,0.0
original,isl,100,129,100,30,0.9999999999999999,0.0
original,isl,100,130,100,30,0.9999999999999999,0.0
original,isl,100,131,100,30,0.9999999999999999,0.0
original,isl,100,132,100,30,0.9999999999999999,0.0
original,isl,100,133,100,30,0.9999999999999999,0.0
original,isl,100,134,100,30,0.9999999999999999,0.0
original,isl,100,135,100,30,0.9999999999999999,0.0
original,isl,100,136,100,30,0.9999999999999999,0.0
original,isl,100,137,100,30,0.9999999999999999,0.0
original,isl,100,138,100,30,0.9999999999999999,0.0
original,isl,100,139,100,30,0.9999999999999999,0.0
original,isl,100,140,100,30,0.9999999999999999,0.0
original,isl,100,141,100,30,0.9999999999999999,0.0
original,isl,100,142,100,30,0.9999999999999999,0.0
original,isl,100,143,100,30,0.9999999999999999,0.0
original,isl,100,144,100,30,0.9999999999999999,0.0
original,isl,100,145,100,30,0.9999999999999999,0.0
original,isl,100,146,100,30,0.9999999999999999,0.0
original,isl,100,147,100,30,0.9999999999999999,0.0
original,isl,100,148,100,30,0.9999999999999999,0.0
original,isl,100,149,100,30,0.9999999999999999,0.0
original,isl,100,150,100,30,0.9999999999999999,0.0
original,isl,100,151,100,30,0.9999999999999999,0.0
original,isl,100,152,100,30,0.9999999999999999,0.0
original,isl,100,153,100,30,0.9999999999999999,0.0
original,isl,100,154,100,30,0.9999999999999999,0.0
original,isl,100,155,100,30,0.9999999999999999,0.0
original,isl,100,156,100,30,0.9999999999999999,0.0
original,isl,100,157,100,30,0.9999999999999999,0.0
original,isl,100,158,100,30,0.9999999999999999,0.0
original,isl,100,159,100,30,0.9999999999999999,0.0
original,isl,100,160,100,30,0.9999999999999999,0.0
original,isl,100,161,100,30,0.9999999999999999,0.0
original,isl,100,162,100,30,0.9999999999999999,0.0
original,isl,100,163,100,30,0.9999999999999999,0.0
original,isl,100,164,100,30,0.9999999999999999,0.0
original,isl,100,165,100,30,0.9999999999999999,0.0
original,isl,100,166,100,30,0.9999999999999999,0.0
original,isl,100,167,100,30,0.9999999999999999,0.0
original,isl,100,168,100,30,0.9999999999999999,0.0
original,isl,100,169,100,30,0.9999999999999999,0.0
original,isl,100,170,100,30,0.9999999999999999,0.0
original,isl,100,171,100,30,0.9999999999999999,0.0
original,isl,100,172,100,30,0.9999999999999999,0.0
original,isl,100,173,100,30,0.9999999999999999,0.0
original,isl,100,174,100,30,0.9999999999999999,0.0
original,isl,100,175,100,30,0.9999999999999999,0.0
original,isl,100,176,100,30,0.9999999999999999,0.0
original,isl,100,177,100,30,0.9999999999999999,0.0
original,isl,100,178,100,30,0.9999999999999999,0.0
original,isl,100,179,100,30,0.9999999999999999,0.0
original,isl,100,180,100,30,0.9999999999999999,0.0
original,isl,100,181,100,30,0.9999999999999999,0.0
original,isl,100,182,100,30,0.9999999999999999,0.0
original,isl,100,183,100,30,0.9999999999999999,0.0
original,isl,100,184,100,30,0.9999999999999999,0.0
original,isl,100,185,100,30,0.9999999999999999,0.0
original,isl,100,186,100,30,0.9999999999999999,0.0
original,isl,100,187,100,30,0.9999999999999999,0.0
original,isl,100,188,100,30,0.9999999999999999,0.0
original,isl,100,189,100,30,0.9999999999999999,0.0
original,isl,100,190,100,30,0.9999999999999999,0.0
original,isl,100,191,100,30,0.9999999999999999,0.0
original,isl,100,192,100,30,0.9999999999999999,0.0
original,isl,100,193,100,30,0.9999999999999999,0.0
original,isl,100,194,100,30,0.9999999999999999,0.0
original,isl,100,195,100,30,0.9999999999999999,0.0
original,isl,100,196,100,30,0.9999999999999999,0.0
original,isl,100,197,100,30,0.9999999999999999,0.0
original,isl,100,198,100,30,0.9999999999999999,0.0
original,isl,100,199,100,30,0.9999999999999999,0.0
original,nob,10,0,100,30,0.9787719890358346,8.117847484464262e-21
original,nob,10,1,100,30,0.9846176376579876,9.258918237920224e-23
original,nob,10,2,100,30,0.9667946541016295,3.959882435890542e-18
original,nob,10,3,100,30,0.9628755770764245,1.842968117483106e-17
original,nob,10,4,100,30,0.9629160594725005,1.815484549672931e-17
original,nob,10,5,100,30,0.9571108988402915,1.3417699703005253e-16
original,nob,10,6,100,30,0.9757259277238544,5.207157499621193e-20
original,nob,10,7,100,30,0.9814266597845193,1.2712387363732132e-21
original,nob,10,8,100,30,0.9793565418189212,5.510861048344733e-21
original,nob,10,9,100,30,0.977329571457104,2.019804457514719e-20
original,nob,10,10,100,30,0.9670058764887791,3.6261625556050994e-18
original,nob,10,11,100,30,0.9663146932042254,4.8267385844495255e-18
original,nob,10,12,100,30,0.9712617848563116,5.384432048049054e-19
original,nob,10,13,100,30,0.9593877143423466,6.340684496811528e-17
original,nob,10,14,100,30,0.968234142494833,2.1481574757481638e-18
original,nob,10,15,100,30,0.941966780292094,8.42337457178242e-15
original,nob,10,16,100,30,0.9803643490403912,2.75155680902886e-21
original,nob,10,17,100,30,0.9378535578966399,2.141454035615897e-14
original,nob,10,18,100,30,0.9821906967852977,7.093380080680952e-22
original,nob,10,19,100,30,0.960036598301317,5.0809732961030576e-17
original,nob,10,20,100,30,0.9644696978152749,1.006780771579007e-17
original,nob,10,21,100,30,0.9813546376622325,1.3414274152149909e-21
original,nob,10,22,100,30,0.9471925997690002,2.3219505417902513e-15
original,nob,10,23,100,30,0.9835124679309464,2.4293183861650363e-22
original,nob,10,24,100,30,0.9461809305427109,3.009559574794525e-15
original,nob,10,25,100,30,0.9691643410982554,1.4251098071032511e-18
original,nob,10,26,100,30,0.9816841296662302,1.0472170266723479e-21
original,nob,10,27,100,30,0.9527479046068801,5.069762221564994e-16
original,nob,10,28,100,30,0.9570278310571888,1.3779060365053433e-16
original,nob,10,29,100,30,0.9646298444784469,9.460117046755715e-18
original,nob,10,30,100,30,0.93020672672589,1.0363844327706263e-13
original,nob,10,31,100,30,0.9515339174762367,7.177215623988644e-16
original,nob,10,32,100,30,0.9582482381077327,9.275165728299123e-17
original,nob,10,33,100,30,0.9769701951347123,2.5117720566778266e-20
original,nob,10,34,100,30,0.965758555165375,6.049622476913094e-18
original,nob,10,35,100,30,0.9785387448579254,9.446303908141194e-21
original,nob,10,36,100,30,0.9560834518022666,1.857187587639757e-16
original,nob,10,37,100,30,0.9714839597295658,4.836650901018782e-19
original,nob,10,38,100,30,0.9843927501161175,1.1329493780128854e-22
original,nob,10,39,100,30,0.961313404327865,3.2504479650459695e-17
original,nob,10,40,100,30,0.9505184801918298,9.534395601694752e-16
original,nob,10,41,100,30,0.9628999677065686,1.826363500351634e-17
original,nob,10,42,100,30,0.97525175201009,6.807116680685349e-20
original,nob,10,43,100,30,0.9568057415576819,1.4789912445929394e-16
original,nob,10,44,100,30,0.9795094109730136,4.97088587072033e-21
original,nob,10,45,100,30,0.9522758671818619,5.809716630716682e-16
original,nob,10,46,100,30,0.9631404310162704,1.669916602184485e-17
original,nob,10,47,100,30,0.98305549515808,3.55219418628282e-22
original,nob,10,48,100,30,0.9761596491689705,4.0563528604807276e-20
original,nob,10,49,100,30,0.942745258959135,7.006121529760212e-15
original,nob,10,50,100,30,0.9337312887542688,5.12888857310899e-14
original,nob,10,51,100,30,0.961388888592639,3.1642484912192217e-17
original,nob,10,52,100,30,0.9661774442913115,5.105161584370479e-18
original,nob,10,53,100,30,0.9644319535038324,1.0216201489945992e-17
original,nob,10,54,100,30,0.9774308110923113,1.89830442585189e-20
original,nob,10,55,100,30,0.9797130814894206,4.327511830296389e-21
original,nob,10,56,100,30,0.9904923425872809,1.1398055831650331e-25
original,nob,10,57,100,30,0.968419597646953,1.9813477969142866e-18
original,nob,10,58,100,30,0.9868482861473475,1.0468995737773265e-23
original,nob,10,59,100,30,0.9729113437746838,2.377538660009673e-19
original,nob,10,60,100,30,0.94726871121824,2.2766100670940866e-15
original,nob,10,61,100,30,0.9324542320839464,6.646776980395324e-14
original,nob,10,62,100,30,0.9716696119481911,4.419023883808021e-19
original,nob,10,63,100,30,0.9800852080046588,3.34705729613417e-21
original,nob,10,64,100,30,0.9752399136593042,6.852347792291503e-20
original,nob,10,65,100,30,0.9688114300908808,1.6676189142840547e-18
original,nob,10,66,100,30,0.9705675127448798,7.489060448702598e-19
original,nob,10,67,100,30,0.9549931436226793,2.600353790020615e-16
original,nob,10,68,100,30,0.9664523884318951,4.561602187651749e-18
original,nob,10,69,100,30,0.9596227848145783,5.854256788902319e-17
original,nob,10,70,100,30,0.9695727759000964,1.1854045242523916e-18
original,nob,10,71,100,30,0.9668649940035069,3.845714132635467e-18
original,nob,10,72,100,30,0.9620631143012284,2.4829541200950937e-17
original,nob,10,73,100,30,0.98421781060961,1.32287409015549e-22
original,nob,10,74,100,30,0.969166488245902,1.4237399721420839e-18
original,nob,10,75,100,30,0.9701901804327042,8.93045050880699e-19
original,nob,10,76,100,30,0.970713822646468,6.990657221021446e-19
original,nob,10,77,100,30,0.977157590702458,2.2428597660815305e-20
original,nob,10,78,100,30,0.9825654142641477,5.279029716876442e-22
original,nob,10,79,100,30,0.95313084799367,4.534634044311695e-16
original,nob,10,80,100,30,0.9778256368673041,1.4863097889220384e-20
original,nob,10,81,100,30,0.9495531224756759,1.2421387112261594e-15
original,nob,10,82,100,30,0.9693570728172524,1.306896904183083e-18
original,nob,10,83,100,30,0.9601325325124391,4.9157637657852165e-17
original,nob,10,84,100,30,0.9746125016514836,9.689835395721729e-20
original,nob,10,85,100,30,0.9653962963183556,6.99433049721664e-18
original,nob,10,86,100,30,0.9401300310171611,1.2881632958732975e-14
original,nob,10,87,100,30,0.9744319401052216,1.0688712561628291e-19
original,nob,10,88,100,30,0.9625691102753418,2.0638732275041505e-17
original,nob,10,89,100,30,0.9454438694582872,3.624238384037543e-15
original,nob,10,90,100,30,0.9756998273197464,5.285246756791234e-20
original,nob,10,91,100,30,0.9696374125359178,1.1510904061283957e-18
original,nob,10,92,100,30,0.9348869980789455,4.0381983272360005e-14
original,nob,10,93,100,30,0.9777275644789072,1.5800839274464747e-20
original,nob,10,94,100,30,0.9597724531443292,5.562805219401944e-17
original,nob,10,95,100,30,0.9580273735140613,9.972581023624017e-17
original,nob,10,96,100,30,0.960521204336452,4.296024335003665e-17
original,nob,10,97,100,30,0.9665902827602847,4.309658757964057e-18
original,nob,10,98,100,30,0.9615523767967601,2.9847605338503087e-17
original,nob,10,99,100,30,0.9684726273623182,1.9359052668406892e-18
original,nob,10,100,100,30,0.9759597864889287,4.5536853735436296e-20
original,nob,10,101,100,30,0.9757003721789358,5.283605569230669e-20
original,nob,10,102,100,30,0.9776028225167309,1.707286322058226e-20
original,nob,10,103,100,30,0.9808216004926903,1.9839577863858608e-21
original,nob,10,104,100,30,0.9723154265760406,3.2125030893099356e-19
original,nob,10,105,100,30,0.9599741178299961,5.191320437209718e-17
original,nob,10,106,100,30,0.952529900080082,5.399928367927024e-16
original,nob,10,107,100,30,0.9595116609643196,6.0797266654557e-17
original,nob,10,108,100,30,0.96228237617091,2.292520720015992e-17
original,nob,10,109,100,30,0.9691395361838235,1.4410236150377893e-18
original,nob,10,110,100,30,0.9659688016080139,5.557032501387168e-18
original,nob,10,111,100,30,0.9641264093772384,1.149421270238367e-17
original,nob,10,112,100,30,0.9672357005334751,3.2927728582290955e-18
original,nob,10,113,100,30,0.9750123583667953,7.777800454023177e-20
original,nob,10,114,100,30,0.9503107484879103,1.0097307193572423e-15
original,nob,10,115,100,30,0.987202832211361,7.156253484136991e-24
original,nob,10,116,100,30,0.9558828814734178,1.9770700210246152e-16
original,nob,10,117,100,30,0.9752874301296381,6.672468736461221e-20
original,nob,10,118,100,30,0.9677690306847015,2.625440016177075e-18
original,nob,10,119,100,30,0.9616144935456594,2.9190723683275284e-17
original,nob,10,120,100,30,0.9667756651021894,3.9912371933348816e-18
original,nob,10,121,100,30,0.9656913835429314,6.215331601637804e-18
original,nob,10,122,100,30,0.9669560242092103,3.7024889764171335e-18
original,nob,10,123,100,30,0.9662503873360425,4.955389470365987e-18
original,nob,10,124,100,30,0.9639974790343349,1.2076663419857222e-17
original,nob,10,125,100,30,0.9375498646960018,2.288366733627769e-14
original,nob,10,126,100,30,0.957128202172782,1.334353976457361e-16
original,nob,10,127,100,30,0.9580891436038889,9.772795862319991e-17
original,nob,10,128,100,30,0.9666774505859284,4.157113336719123e-18
original,nob,10,129,100,30,0.9675441766496391,2.8898200468152332e-18
original,nob,10,130,100,30,0.978829330600288,7.818931554211862e-21
original,nob,10,131,100,30,0.9571256743288425,1.3354350069957357e-16
original,nob,10,132,100,30,0.9518591455664873,6.544760972062546e-16
original,nob,10,133,100,30,0.9589571022080365,7.33008448965655e-17
original,nob,10,134,100,30,0.976266008281058,3.8127027429905205e-20
original,nob,10,135,100,30,0.9366887506504051,2.757129817935309e-14
original,nob,10,136,100,30,0.9700634800941242,9.46940309969396e-19
original,nob,10,137,100,30,0.9861481421996037,2.1548086353610608e-23
original,nob,10,138,100,30,0.942567043336312,7.309573305462045e-15
original,nob,10,139,100,30,0.9619236675227683,2.6115786526243016e-17
original,nob,10,140,100,30,0.9840275373085426,1.562710387449047e-22
original,nob,10,141,100,30,0.9645392150895128,9.799709172467405e-18
original,nob,10,142,100,30,0.9804343477904253,2.618489775141907e-21
original,nob,10,143,100,30,0.9691299028596616,1.447248226651882e-18
original,nob,10,144,100,30,0.952723170838178,5.106258557618934e-16
original,nob,10,145,100,30,0.9745802746745489,9.861517781668862e-20
original,nob,10,146,100,30,0.9598620211072602,5.3948752707012204e-17
original,nob,10,147,100,30,0.9765203507003298,3.283988229286027e-20
original,nob,10,148,100,30,0.9549689670133091,2.61958606514667e-16
original,nob,10,149,100,30,0.9655349435776467,6.617696218135056e-18
original,nob,10,150,100,30,0.9689415151389168,1.5740973107562338e-18
original,nob,10,151,100,30,0.9628361355284919,1.8701151985898707e-17
original,nob,10,152,100,30,0.9760605729336522,4.29622929178938e-20
original,nob,10,153,100,30,0.96442351117252,1.0249669024456025e-17
original,nob,10,154,100,30,0.9769572056157063,2.5314774267202755e-20
original,nob,10,155,100,30,0.9754581829749241,6.06156303831157e-20
original,nob,10,156,100,30,0.9612614157151685,3.311075577032153e-17
original,nob,10,157,100,30,0.9719295753113768,3.890185830091027e-19
original,nob,10,158,100,30,0.9723352507768168,3.180834358404798e-19
original,nob,10,159,100,30,0.9371088671289104,2.5183449681137045e-14
original,nob,10,160,100,30,0.978000823841154,1.3315243624553643e-20
original,nob,10,161,100,30,0.9851791460805254,5.520167375785398e-23
original,nob,10,162,100,30,0.9790457060448662,6.780489272342359e-21
original,nob,10,163,100,30,0.9449347384659186,4.114529625223948e-15
original,nob,10,164,100,30,0.950169821616483,1.0496530215623061e-15
original,nob,10,165,100,30,0.9607189488854161,4.0092746429106844e-17
original,nob,10,166,100,30,0.9632773841425354,1.5864579528674158e-17
original,nob,10,167,100,30,0.9728734880094144,2.423915853934254e-19
original,nob,10,168,100,30,0.976740423066104,2.882241290746833e-20
original,nob,10,169,100,30,0.9819859260396029,8.314183512654202e-22
original,nob,10,170,100,30,0.929449723700525,1.199651049562229e-13
original,nob,10,171,100,30,0.9776376445516377,1.6708543317439518e-20
original,nob,10,172,100,30,0.9584269866952825,8.744101753732259e-17
original,nob,10,173,100,30,0.9760985153941769,4.202853340286871e-20
original,nob,10,174,100,30,0.9706005105518926,7.373861110700996e-19
original,nob,10,175,100,30,0.968744668873137,1.7175898237852786e-18
original,nob,10,176,100,30,0.9719202955082518,3.9080065887897025e-19
original,nob,10,177,100,30,0.9603668395127352,4.5329418648069435e-17
original,nob,10,178,100,30,0.9592579603163831,6.624951886779004e-17
original,nob,10,179,100,30,0.9498928982396402,1.132388629500038e-15
original,nob,10,180,100,30,0.9708210010477087,6.645258596446013e-19
original,nob,10,181,100,30,0.9738489906779336,1.4602973365318857e-19
original,nob,10,182,100,30,0.9516504754067975,6.944322079164682e-16
original,nob,10,183,100,30,0.9740237596085393,1.3308737683293388e-19
original,nob,10,184,100,30,0.9428345084984873,6.858572172724185e-15
original,nob,10,185,100,30,0.9772140206690257,2.167271746409292e-20
original,nob,10,186,100,30,0.9556455269191559,2.1281794478700272e-16
original,nob,10,187,100,30,0.9608998503621894,3.7625759739858227e-17
original,nob,10,188,100,30,0.963196473211316,1.6352850732421e-17
original,nob,10,189,100,30,0.9662152760170336,5.0269670447254314e-18
original,nob,10,190,100,30,0.9669228718588342,3.754068046448821e-18
original,nob,10,191,100,30,0.9708291590787963,6.619626824370329e-19
original,nob,10,192,100,30,0.9614436331859313,3.103062494761275e-17
original,nob,10,193,100,30,0.9747364484740967,9.055023575760571e-20
original,nob,10,194,100,30,0.9633199438412541,1.561319899580936e-17
original,nob,10,195,100,30,0.9501710216034229,1.049307005784074e-15
original,nob,10,196,100,30,0.974049568826906,1.3126883207173173e-19
original,nob,10,197,100,30,0.9631985191475714,1.6340334545768895e-17
original,nob,10,198,100,30,0.9763795058590774,3.567712339495387e-20
original,nob,10,199,100,30,0.970201180408519,8.88502646059252e-19
original,nob,25,0,100,30,0.9851490406157591,5.678195937454372e-23
original,nob,25,1,100,30,0.9881386492609452,2.4857004965713168e-24
original,nob,25,2,100,30,0.9952374702408968,7.346337345560746e-30
original,nob,25,3,100,30,0.9926515193605107,3.1352867771297295e-27
original,nob,25,4,100,30,0.9888054492504883,1.1102733501395054e-24
original,nob,25,5,100,30,0.9865440348669594,1.4393078633854425e-23
original,nob,25,6,100,30,0.9918230683964595,1.391830594564908e-26
original,nob,25,7,100,30,0.9781134400189735,1.2400636609992315e-20
original,nob,25,8,100,30,0.9912634931273199,3.504055196877892e-26
original,nob,25,9,100,30,0.9922939935609357,6.0838365143958174e-27
original,nob,25,10,100,30,0.9912987409008391,3.31195218355177e-26
original,nob,25,11,100,30,0.9846894805298932,8.675355289908707e-23
original,nob,25,12,100,30,0.9898528432136154,2.8244271977102524e-25
original,nob,25,13,100,30,0.9832174431731381,3.108393587519187e-22
original,nob,25,14,100,30,0.9858545006773428,2.885186170495349e-23
original,nob,25,15,100,30,0.9900726503076402,2.081408790414181e-25
original,nob,25,16,100,30,0.9885237276992439,1.5696483672045463e-24
original,nob,25,17,100,30,0.9887920569471751,1.1289219080459844e-24
original,nob,25,18,100,30,0.9870785202950005,8.187168282488493e-24
original,nob,25,19,100,30,0.9937692935701374,3.133195087337678e-28
original,nob,25,20,100,30,0.9900134734828713,2.261188310445328e-25
original,nob,25,21,100,30,0.9868745048125758,1.0182193533999237e-23
original,nob,25,22,100,30,0.9844759011984664,1.0518439193284852e-22
original,nob,25,23,100,30,0.99357707175166,4.788731693831608e-28
original,nob,25,24,100,30,0.9899677234441816,2.409939634542932e-25
original,nob,25,25,100,30,0.992659904834256,3.0857258950184197e-27
original,nob,25,26,100,30,0.9849585544533884,6.779475265484697e-23
original,nob,25,27,100,30,0.9926962386290018,2.8792658883658337e-27
original,nob,25,28,100,30,0.9920696687682085,9.079290030765663e-27
original,nob,25,29,100,30,0.9907305853869608,8.001364731328587e-26
original,nob,25,30,100,30,0.9905323075546271,1.0747938148166178e-25
original,nob,25,31,100,30,0.9944060352065616,6.953822758425917e-29
original,nob,25,32,100,30,0.9861328070429514,2.1882429210834011e-23
original,nob,25,33,100,30,0.9895482482676149,4.265306028461179e-25
original,nob,25,34,100,30,0.9894663062926153,4.755713803281419e-25
original,nob,25,35,100,30,0.9938615510044492,2.544076982618628e-28
original,nob,25,36,100,30,0.9878432245896437,3.50143221771002e-24
original,nob,25,37,100,30,0.9838531544456733,1.8173437979032572e-22
original,nob,25,38,100,30,0.981397838567365,1.2989070792467521e-21
original,nob,25,39,100,30,0.9815433925323819,1.164671037141697e-21
original,nob,25,40,100,30,0.9842703885223822,1.262898471467105e-22
original,nob,25,41,100,30,0.9893226800858214,5.743511372145259e-25
original,nob,25,42,100,30,0.9941428788102685,1.3213907293403714e-28
original,nob,25,43,100,30,0.9918655624023791,1.294252695246556e-26
original,nob,25,44,100,30,0.9799759912405582,3.6109906144355056e-21
original,nob,25,45,100,30,0.9933303466534636,8.10496703328447e-28
original,nob,25,46,100,30,0.9817686859853701,9.820351738556782e-22
original,nob,25,47,100,30,0.9903669852724364,1.3681726161649786e-25
original,nob,25,48,100,30,0.9911012970627494,4.5288332890401506e-26
original,nob,25,49,100,30,0.9891400883856135,7.274289904858624e-25
original,nob,25,50,100,30,0.9881407856894817,2.4794721051428665e-24
original,nob,25,51,100,30,0.988677569294592,1.3006286957565085e-24
original,nob,25,52,100,30,0.991638226109678,1.9011235896819558e-26
original,nob,25,53,100,30,0.9960321655897783,5.730472450083079e-31
original,nob,25,54,100,30,0.9858333425845407,2.945813705338326e-23
original,nob,25,55,100,30,0.9922002380443111,7.202071021918096e-27
original,nob,25,56,100,30,0.9872126732297587,7.080018290886954e-24
original,nob,25,57,100,30,0.9840809456093991,1.4916110474332134e-22
original,nob,25,58,100,30,0.9857319180446424,3.253203380324538e-23
original,nob,25,59,100,30,0.9888154335118801,1.0965568615516495e-24
original,nob,25,60,100,30,0.9803084449413174,2.8623046133514083e-21
original,nob,25,61,100,30,0.990872567812746,6.451905119244286e-26
original,nob,25,62,100,30,0.9780333052823083,1.3045228609215435e-20
original,nob,25,63,100,30,0.9790704354320615,6.670325852338565e-21
original,nob,25,64,100,30,0.9881731853431199,2.386773834070413e-24
original,nob,25,65,100,30,0.9919510410734758,1.1169033890767183e-26
original,nob,25,66,100,30,0.990457079113677,1.200180767185347e-25
original,nob,25,67,100,30,0.9819202569932551,8.745196205997109e-22
original,nob,25,68,100,30,0.9878335212283181,3.540553405334646e-24
original,nob,25,69,100,30,0.9939082631846691,2.2866957290880395e-28
original,nob,25,70,100,30,0.9896184406368637,3.8829793429291463e-25
original,nob,25,71,100,30,0.9826910100586506,4.774510746174397e-22
original,nob,25,72,100,30,0.9895489425284479,4.261359232215344e-25
original,nob,25,73,100,30,0.9844801063782064,1.0478889123715252e-22
original,nob,25,74,100,30,0.9914032166424214,2.798431748255322e-26
original,nob,25,75,100,30,0.9910295732052783,5.0653117039594073e-26
original,nob,25,76,100,30,0.9877125315593904,4.063645586613265e-24
original,nob,25,77,100,30,0.9843726897610764,1.153366114322177e-22
original,nob,25,78,100,30,0.9924254677426047,4.7851486263500175e-27
original,nob,25,79,100,30,0.9797724030734172,4.155189701593505e-21
original,nob,25,80,100,30,0.990706534586278,8.29575166728128e-26
original,nob,25,81,100,30,0.988844768076961,1.0571609314176923e-24
original,nob,25,82,100,30,0.9962735044388449,2.3838906747768116e-31
original,nob,25,83,100,30,0.9879119712780299,3.2355423132213947e-24
original,nob,25,84,100,30,0.9897411214933736,3.290121365786272e-25
original,nob,25,85,100,30,0.9807632554603503,2.069409415215511e-21
original,nob,25,86,100,30,0.9872430938582071,6.849097364373646e-24
original,nob,25,87,100,30,0.9899983775130762,2.3093021525311997e-25
original,nob,25,88,100,30,0.985584175913077,3.754514444036641e-23
original,nob,25,89,100,30,0.9884509044530024,1.714230996675321e-24
original,nob,25,90,100,30,0.9923783576603995,5.217582523757553e-27
original,nob,25,91,100,30,0.9899945601779467,2.3216183379591983e-25
original,nob,25,92,100,30,0.9902716009247466,1.569627696607148e-25
original,nob,25,93,100,30,0.9877659580420414,3.824397773972071e-24
original,nob,25,94,100,30,0.9876325590612833,4.447827963007552e-24
original,nob,25,95,100,30,0.9910688669345783,4.764512435999543e-26
original,nob,25,96,100,30,0.9846742838539727,8.795871548256505e-23
original,nob,25,97,100,30,0.9775878431316981,1.7231836639529225e-20
original,nob,25,98,100,30,0.988343152903414,1.9509572101458244e-24
original,nob,25,99,100,30,0.9885234019578719,1.5702691017851068e-24
original,nob,25,100,100,30,0.9925968035801757,3.477256187633545e-27
original,nob,25,101,100,30,0.989291959184469,5.978122876733548e-25
original,nob,25,102,100,30,0.9893744555023176,5.3673472176919785e-25
original,nob,25,103,100,30,0.9871163933181425,7.859356481469188e-24
original,nob,25,104,100,30,0.9838631641220976,1.8017449990767318e-22
original,nob,25,105,100,30,0.9868249399685496,1.0730665933571578e-23
original,nob,25,106,100,30,0.9891513149355364,7.17020682920808e-25
original,nob,25,107,100,30,0.9949044606151328,1.8885392300379435e-29
original,nob,25,108,100,30,0.9888749945160084,1.0179441575507765e-24
original,nob,25,109,100,30,0.9940430036314373,1.6732898536325357e-28
original,nob,25,110,100,30,0.9873714685308894,5.949470902513069e-24
original,nob,25,111,100,30,0.9903799964690363,1.3426333220746328e-25
original,nob,25,112,100,30,0.9781604259587555,1.2036554278957409e-20
original,nob,25,113,100,30,0.9891728292878136,6.974595011490846e-25
original,nob,25,114,100,30,0.9896706442302,3.619530772027277e-25
original,nob,25,115,100,30,0.9827230280776945,4.653251319361476e-22
original,nob,25,116,100,30,0.9896648084175205,3.648135540645501e-25
original,nob,25,117,100,30,0.9877345066713392,3.963606301441729e-24
original,nob,25,118,100,30,0.9879371518740915,3.1429325260930945e-24
original,nob,25,119,100,30,0.9879034127861039,3.2675910773556646e-24
original,nob,25,120,100,30,0.9853113076687845,4.87350529668147e-23
original,nob,25,121,100,30,0.9918773709495676,1.2682869879137907e-26
original,nob,25,122,100,30,0.9827364533937415,4.603261751628683e-22
original,nob,25,123,100,30,0.9814892314260029,1.2130409390671383e-21
original,nob,25,124,100,30,0.9870263666985143,8.659377616113935e-24
original,nob,25,125,100,30,0.9905409185432501,1.061244554332954e-25
original,nob,25,126,100,30,0.9891930330072743,6.795419164151435e-25
original,nob,25,127,100,30,0.9930842602674745,1.3439906030866797e-27
original,nob,25,128,100,30,0.9861707838199412,2.106310066897243e-23
original,nob,25,129,100,30,0.9823943379031561,6.046026857117556e-22
original,nob,25,130,100,30,0.9874935455586573,5.19685670717992e-24
original,nob,25,131,100,30,0.9813308991696027,1.3653379064971814e-21
original,nob,25,132,100,30,0.9897872342195863,3.0898881470899855e-25
original,nob,25,133,100,30,0.9855972000027555,3.7075984872202215e-23
original,nob,25,134,100,30,0.9778394709747046,1.4735053118352737e-20
original,nob,25,135,100,30,0.9838531329154572,1.8173774845803576e-22
original,nob,25,136,100,30,0.9908631984458688,6.544873694725801e-26
original,nob,25,137,100,30,0.9801919165979366,3.1065640892393122e-21
original,nob,25,138,100,30,0.9902054816758646,1.7250654130217363e-25
original,nob,25,139,100,30,0.9915396832113403,2.2386418893300492e-26
original,nob,25,140,100,30,0.9918852488917453,1.2512340131234847e-26
original,nob,25,141,100,30,0.984307796404122,1.221773846683095e-22
original,nob,25,142,100,30,0.9827290683620757,4.6306981598000285e-22
original,nob,25,143,100,30,0.9890936185059404,7.720209693703821e-25
original,nob,25,144,100,30,0.9940032791562584,1.8360190986065665e-28
original,nob,25,145,100,30,0.9879950714610902,2.9391688979220387e-24
original,nob,25,146,100,30,0.9913999955723359,2.8130917256026444e-26
original,nob,25,147,100,30,0.9931794349199127,1.107622541228677e-27
original,nob,25,148,100,30,0.9870877870973327,8.10580723383234e-24
original,nob,25,149,100,30,0.9875772488464305,4.732957686964322e-24
original,nob,25,150,100,30,0.9941177213139297,1.4028918989928178e-28
original,nob,25,151,100,30,0.9868642338292463,1.0293666538692508e-23
original,nob,25,152,100,30,0.9902212592844057,1.686728517108523e-25
original,nob,25,153,100,30,0.9912888811516563,3.3646795840050593e-26
original,nob,25,154,100,30,0.987567757538739,4.783558357288285e-24
original,nob,25,155,100,30,0.9946764407900415,3.4808941871918016e-29
original,nob,25,156,100,30,0.9827303074299777,4.626084288951601e-22
original,nob,25,157,100,30,0.9898738784879454,2.743902960630578e-25
original,nob,25,158,100,30,0.994453492163801,6.173729419573612e-29
original,nob,25,159,100,30,0.9903106873627234,1.4839605572959452e-25
original,nob,25,160,100,30,0.9865893292017811,1.373323424679839e-23
original,nob,25,161,100,30,0.986223607486689,1.9970710984188135e-23
original,nob,25,162,100,30,0.9907399321640832,7.889597259500654e-26
original,nob,25,163,100,30,0.9930417266069785,1.4640762355381599e-27
original,nob,25,164,100,30,0.9841303536200777,1.4285204067557905e-22
original,nob,25,165,100,30,0.9916562670007508,1.844700043783975e-26
original,nob,25,166,100,30,0.9848314532927197,7.621150192681217e-23
original,nob,25,167,100,30,0.9898648909118667,2.7780436408329e-25
original,nob,25,168,100,30,0.9824471510976716,5.79887620875012e-22
original,nob,25,169,100,30,0.991909559568457,1.1999420514573835e-26
original,nob,25,170,100,30,0.989829408397278,2.9167163129621096e-25
original,nob,25,171,100,30,0.9852590161645985,5.120465787384095e-23
original,nob,25,172,100,30,0.9898860122642774,2.6984283716781154e-25
original,nob,25,173,100,30,0.9882265580714497,2.241051305094428e-24
original,nob,25,174,100,30,0.9873026878252286,6.416842185602949e-24
original,nob,25,175,100,30,0.9898595776165457,2.7984119690516984e-25
original,nob,25,176,100,30,0.9889396361718175,9.385634067498707e-25
original,nob,25,177,100,30,0.9889958711464186,8.742186378168719e-25
original,nob,25,178,100,30,0.9926491618029257,3.1493531759600106e-27
original,nob,25,179,100,30,0.9805483458429557,2.4144865066488016e-21
original,nob,25,180,100,30,0.9892458220162911,6.34721965036581e-25
original,nob,25,181,100,30,0.9786969332482827,8.525126119932556e-21
original,nob,25,182,100,30,0.9928682680811506,2.0644983977930043e-27
original,nob,25,183,100,30,0.9899261002197729,2.553111807584358e-25
original,nob,25,184,100,30,0.9881805640740926,2.366117175953149e-24
original,nob,25,185,100,30,0.9940924244093015,1.4895293254257954e-28
original,nob,25,186,100,30,0.9873480999669156,6.1045976209045806e-24
original,nob,25,187,100,30,0.9823594262565997,6.214728806135034e-22
original,nob,25,188,100,30,0.9891681974598904,7.016285181412539e-25
original,nob,25,189,100,30,0.9903101226287998,1.485166786557387e-25
original,nob,25,190,100,30,0.9905312288704101,1.0765023760875055e-25
original,nob,25,191,100,30,0.9926500505721381,3.1440434585640333e-27
original,nob,25,192,100,30,0.9828263038460376,4.281310835271366e-22
original,nob,25,193,100,30,0.9919887685267995,1.0460425003033148e-26
original,nob,25,194,100,30,0.9832333198392451,3.067774938635557e-22
original,nob,25,195,100,30,0.9933361246833375,8.007499650505817e-28
original,nob,25,196,100,30,0.9811927397845935,1.5125263580446196e-21
original,nob,25,197,100,30,0.9873616315928007,6.014319876776038e-24
original,nob,25,198,100,30,0.9936237788628224,4.32482079246766e-28
original,nob,25,199,100,30,0.9829189872042527,3.971189566553115e-22
original,nob,50,0,100,30,0.9953147524335709,5.845244590803726e-30
original,nob,50,1,100,30,0.9939036869229891,2.310798692139797e-28
original,nob,50,2,100,30,0.9984725966163152,9.124961023085539e-37
original,nob,50,3,100,30,0.9965416442547838,8.393840775797641e-32
original,nob,50,4,100,30,0.9955586877088555,2.769168855403547e-30
original,nob,50,5,100,30,0.9969940535845958,1.1822691946219216e-32
original,nob,50,6,100,30,0.9948113631634496,2.432000908864994e-29
original,nob,50,7,100,30,0.9974513823908341,1.1761183229001009e-33
original,nob,50,8,100,30,0.9967366025401321,3.7297475317752045e-32
original,nob,50,9,100,30,0.995365512881043,5.0200102427467405e-30
original,nob,50,10,100,30,0.9976163109746912,4.614396139955188e-34
original,nob,50,11,100,30,0.9978209156681765,1.315214747601865e-34
original,nob,50,12,100,30,0.9907515503500676,7.752688374963057e-26
original,nob,50,13,100,30,0.995971716820768,7.07882587910034e-31
original,nob,50,14,100,30,0.9970426063855107,9.41531845813494e-33
original,nob,50,15,100,30,0.9962605544456851,2.5023303549295213e-31
original,nob,50,16,100,30,0.9963140017425283,2.046239440301788e-31
original,nob,50,17,100,30,0.9964376498378811,1.2700577878686932e-31
original,nob,50,18,100,30,0.994426033130948,6.614569679352154e-29
original,nob,50,19,100,30,0.9964389608120457,1.2635399982522392e-31
original,nob,50,20,100,30,0.9930225984467795,1.5212631591613301e-27
original,nob,50,21,100,30,0.9966355287012292,5.713059367391674e-32
original,nob,50,22,100,30,0.9958637214682736,1.0245499606754026e-30
original,nob,50,23,100,30,0.9952955483366503,6.189029072679827e-30
original,nob,50,24,100,30,0.994903939498904,1.8912389846052316e-29
original,nob,50,25,100,30,0.9952820342780441,6.442102501384685e-30
original,nob,50,26,100,30,0.9957986249998386,1.2743969031223435e-30
original,nob,50,27,100,30,0.9962427989930585,2.673614610741693e-31
original,nob,50,28,100,30,0.9947749377562242,2.681650983866485e-29
original,nob,50,29,100,30,0.9968042726251404,2.7826238663188645e-32
original,nob,50,30,100,30,0.9969588153848868,1.3915060882580437e-32
original,nob,50,31,100,30,0.9965031555878887,9.798332724860618e-32
original,nob,50,32,100,30,0.9957971646972253,1.2806008869998846e-30
original,nob,50,33,100,30,0.9958010511427958,1.2641512695761024e-30
original,nob,50,34,100,30,0.9949320842638685,1.7504433932431708e-29
original,nob,50,35,100,30,0.9957371672324368,1.5611274500543786e-30
original,nob,50,36,100,30,0.9948719020228383,2.0642683529799783e-29
original,nob,50,37,100,30,0.9965444441949292,8.29933999834288e-32
original,nob,50,38,100,30,0.9967599777390695,3.3731327395028135e-32
original,nob,50,39,100,30,0.9926259079299319,3.2912706113946745e-27
original,nob,50,40,100,30,0.9961059010454467,4.408930511424297e-31
original,nob,50,41,100,30,0.9953175061553966,5.797427928621231e-30
original,nob,50,42,100,30,0.9959319601427697,8.120245977925706e-31
original,nob,50,43,100,30,0.9926005334343597,3.452888134772395e-27
original,nob,50,44,100,30,0.995468600808712,3.666112344206159e-30
original,nob,50,45,100,30,0.9969319781632346,1.5733797967622689e-32
original,nob,50,46,100,30,0.9971236998344483,6.382634924921461e-33
original,nob,50,47,100,30,0.995301197942433,6.085992224430885e-30
original,nob,50,48,100,30,0.996252105534899,2.582523561781925e-31
original,nob,50,49,100,30,0.9972761234929495,2.980897227866682e-33
original,nob,50,50,100,30,0.9965243405826311,9.000377738967362e-32
original,nob,50,51,100,30,0.9969438003697921,1.4907011064779384e-32
original,nob,50,52,100,30,0.9939339545976118,2.1556566885823875e-28
original,nob,50,53,100,30,0.9930668575677484,1.3919735519978969e-27
original,nob,50,54,100,30,0.9944783646596278,5.798111378226073e-29
original,nob,50,55,100,30,0.997875485637102,9.224428144314548e-35
original,nob,50,56,100,30,0.9963955666388353,1.4966420737333498e-31
original,nob,50,57,100,30,0.9963921864310014,1.5163806951666961e-31
original,nob,50,58,100,30,0.9957643789595506,1.427491108590855e-30
original,nob,50,59,100,30,0.996297072963218,2.1815852249794404e-31
original,nob,50,60,100,30,0.9970868712952033,7.625342859527433e-33
original,nob,50,61,100,30,0.9957837271298737,1.3390200041960841e-30
original,nob,50,62,100,30,0.9966373754833568,5.66937613602214e-32
original,nob,50,63,100,30,0.9968389670046489,2.3887809730428514e-32
original,nob,50,64,100,30,0.997083642493981,7.744370162611303e-33
original,nob,50,65,100,30,0.9948442969557042,2.2250275373507461e-29
original,nob,50,66,100,30,0.9965229486502124,9.050895372792119e-32
original,nob,50,67,100,30,0.9949930216984021,1.4782827816385528e-29
original,nob,50,68,100,30,0.9950985058942555,1.0979306384366398e-29
original,nob,50,69,100,30,0.9964614383861315,1.1565074534077108e-31
original,nob,50,70,100,30,0.9969327179635017,1.5680836554901138e-32
original,nob,50,71,100,30,0.9972560903687351,3.3025364458032995e-33
original,nob,50,72,100,30,0.9925669894025579,3.677854943781128e-27
original,nob,50,73,100,30,0.9974243413619218,1.3631712888862484e-33
original,nob,50,74,100,30,0.9956145634775304,2.3201613467076815e-30
original,nob,50,75,100,30,0.9959612606613963,7.339986744377667e-31
original,nob,50,76,100,30,0.9951087717387287,1.0662382415153837e-29
original,nob,50,77,100,30,0.9982590849689384,5.691171083653254e-36
original,nob,50,78,100,30,0.9965576722618785,7.866086870713056e-32
original,nob,50,79,100,30,0.9963286301266524,1.9356073183127655e-31
original,nob,50,80,100,30,0.9958365800904916,1.1226067328274922e-30
original,nob,50,81,100,30,0.9935701442876187,4.861344487698194e-28
original,nob,50,82,100,30,0.99571486057689,1.6792398704013515e-30
original,nob,50,83,100,30,0.9963540811328436,1.7562585965426727e-31
original,nob,50,84,100,30,0.9960946093628806,4.591011869402934e-31
original,nob,50,85,100,30,0.9973384337136408,2.1567985720685495e-33
original,nob,50,86,100,30,0.9967200747449654,4.0026856649937207e-32
original,nob,50,87,100,30,0.9940375602243128,1.6947677027431253e-28
original,nob,50,88,100,30,0.9947958410417507,2.535622784383622e-29
original,nob,50,89,100,30,0.9961221331874,4.158902821281811e-31
original,nob,50,90,100,30,0.9978522183701022,1.074247668107643e-34
original,nob,50,91,100,30,0.9952537013117989,7.004171975779626e-30
original,nob,50,92,100,30,0.9965466588095682,8.225295144125391e-32
original,nob,50,93,100,30,0.9964329563569834,1.2936492167677122e-31
original,nob,50,94,100,30,0.9973958928208417,1.5895094176802566e-33
original,nob,50,95,100,30,0.9944053990765095,6.964874770081685e-29
original,nob,50,96,100,30,0.9954934894710433,3.394567249579566e-30
original,nob,50,97,100,30,0.9979093524638323,7.367579947789016e-35
original,nob,50,98,100,30,0.9987094401678194,8.637676998725843e-38
original,nob,50,99,100,30,0.9958433383402973,1.097407527044273e-30
original,nob,50,100,100,30,0.9958076662660043,1.2366026825518276e-30
original,nob,50,101,100,30,0.9966676529235825,4.995984818007042e-32
original,nob,50,102,100,30,0.9966694462895954,4.958528655052452e-32
original,nob,50,103,100,30,0.9971346525354893,6.051069283086378e-33
original,nob,50,104,100,30,0.9967897600233396,2.9645929785030756e-32
original,nob,50,105,100,30,0.9967596935051591,3.377272026735236e-32
original,nob,50,106,100,30,0.9960690996315162,5.028365848150321e-31
original,nob,50,107,100,30,0.9956731328039388,1.92275128267966e-30
original,nob,50,108,100,30,0.9969875697838552,1.2184281294830632e-32
original,nob,50,109,100,30,0.9942366222774461,1.05482182183675e-28
original,nob,50,110,100,30,0.9948998083056845,1.9127686396208182e-29
original,nob,50,111,100,30,0.9961638121611014,3.5759087408568857e-31
original,nob,50,112,100,30,0.9951459280833279,9.584914042711409e-30
original,nob,50,113,100,30,0.9956885079717116,1.8294477126513047e-30
original,nob,50,114,100,30,0.9951153221632559,1.0464620400592747e-29
original,nob,50,115,100,30,0.9955419774351465,2.9183584583195175e-30
original,nob,50,116,100,30,0.9958272706661283,1.1581986989429116e-30
original,nob,50,117,100,30,0.9980395800509038,2.996569599202816e-35
original,nob,50,118,100,30,0.9974108733063585,1.4663069198161707e-33
original,nob,50,119,100,30,0.9957958322802062,1.2862860086177053e-30
original,nob,50,120,100,30,0.9951079326794086,1.068796336572576e-29
original,nob,50,121,100,30,0.9938633908379297,2.533450857044465e-28
original,nob,50,122,100,30,0.9960492269617514,5.39554160477851e-31
original,nob,50,123,100,30,0.9960818031522423,4.805951663676208e-31
original,nob,50,124,100,30,0.9970525296512407,8.983086656714813e-33
original,nob,50,125,100,30,0.9959943565980263,6.542640569989139e-31
original,nob,50,126,100,30,0.9980246348628419,3.332427883207894e-35
original,nob,50,127,100,30,0.9924941088696447,4.214315696422037e-27
original,nob,50,128,100,30,0.9973353749176243,2.1917199815738013e-33
original,nob,50,129,100,30,0.9945277752668229,5.114037362890319e-29
original,nob,50,130,100,30,0.9966757204668504,4.8295281150574885e-32
original,nob,50,131,100,30,0.9941017282250509,1.4571039221146888e-28
original,nob,50,132,100,30,0.9961102783948024,4.340165676222524e-31
original,nob,50,133,100,30,0.9977983748742789,1.518825612617721e-34
original,nob,50,134,100,30,0.9962422922896518,2.6786587541365416e-31
original,nob,50,135,100,30,0.9950360793663288,1.31026424654319e-29
original,nob,50,136,100,30,0.9971261049683745,6.308412498089552e-33
original,nob,50,137,100,30,0.9960833917129241,4.778790786121066e-31
original,nob,50,138,100,30,0.994816621101684,2.397801142546125e-29
original,nob,50,139,100,30,0.9978011094901664,1.4926513301224687e-34
original,nob,50,140,100,30,0.9953791351775875,4.817733262706665e-30
original,nob,50,141,100,30,0.9957613638509876,1.441756846339274e-30
original,nob,50,142,100,30,0.996800262874202,2.8318354281447077e-32
original,nob,50,143,100,30,0.9965134919114486,9.401141876124142e-32
original,nob,50,144,100,30,0.9966048507561484,6.485991500287178e-32
original,nob,50,145,100,30,0.9966359507427913,5.703049067034467e-32
original,nob,50,146,100,30,0.9972120307976641,4.126536992535863e-33
original,nob,50,147,100,30,0.996418799964006,1.3672923172264363e-31
original,nob,50,148,100,30,0.994233943116974,1.0616901168119843e-28
original,nob,50,149,100,30,0.9963868157392144,1.548240357715914e-31
original,nob,50,150,100,30,0.9961885367556992,3.2669153712639373e-31
original,nob,50,151,100,30,0.9965116443065755,9.471023556507724e-32
original,nob,50,152,100,30,0.9969356048254594,1.5475748559829486e-32
original,nob,50,153,100,30,0.9962839605193354,2.292080602884182e-31
original,nob,50,154,100,30,0.994976453810312,1.5481015174488785e-29
original,nob,50,155,100,30,0.9954489513185227,3.894593279173436e-30
original,nob,50,156,100,30,0.9945139323742184,5.297714932831162e-29
original,nob,50,157,100,30,0.9969068813542056,1.763198518759087e-32
original,nob,50,158,100,30,0.9967311738650206,3.817429431298015e-32
original,nob,50,159,100,30,0.9963527235043513,1.7654219025401384e-31
original,nob,50,160,100,30,0.9979275681893056,6.518758606881606e-35
original,nob,50,161,100,30,0.9970435366143059,9.373994716083054e-33
original,nob,50,162,100,30,0.9970054032640802,1.121362141740563e-32
original,nob,50,163,100,30,0.998120841517992,1.657443708894832e-35
original,nob,50,164,100,30,0.9981858830539113,1.0125966723519686e-35
original,nob,50,165,100,30,0.9957761143966137,1.3732041187021755e-30
original,nob,50,166,100,30,0.9969541641973344,1.421558300208412e-32
original,nob,50,167,100,30,0.9968504803659672,2.2699734712687591e-32
original,nob,50,168,100,30,0.9965770046906445,7.270545184658538e-32
original,nob,50,169,100,30,0.997268118195611,3.1057662614233575e-33
original,nob,50,170,100,30,0.9970386451854754,9.593188289977631e-33
original,nob,50,171,100,30,0.9973826306626312,1.7065314631043805e-33
original,nob,50,172,100,30,0.9950780244898527,1.1637891857217837e-29
original,nob,50,173,100,30,0.9968555694639571,2.219227367017533e-32
original,nob,50,174,100,30,0.9972610190134821,3.2205467500311515e-33
original,nob,50,175,100,30,0.9956335845109041,2.183431724625037e-30
original,nob,50,176,100,30,0.996835726954103,2.4232415151284336e-32
original,nob,50,177,100,30,0.9948019613379958,2.4942853493696262e-29
original,nob,50,178,100,30,0.9983030227600447,3.980115623961996e-36
original,nob,50,179,100,30,0.9929710817926592,1.6857571245882124e-27
original,nob,50,180,100,30,0.9934647541572359,6.099970813030555e-28
original,nob,50,181,100,30,0.9975064203065177,8.666748841750577e-34
original,nob,50,182,100,30,0.9972873249854316,2.8139831822963088e-33
original,nob,50,183,100,30,0.9950508171260363,1.256953518934731e-29
original,nob,50,184,100,30,0.9948251000752236,2.343589494710172e-29
original,nob,50,185,100,30,0.9968948270650627,1.8617372718607018e-32
original,nob,50,186,100,30,0.9972103927561548,4.160568567617929e-33
original,nob,50,187,100,30,0.9972745187222056,3.0055490296046764e-33
original,nob,50,188,100,30,0.9966316752288277,5.805216326026135e-32
original,nob,50,189,100,30,0.996038238315583,5.609107576338328e-31
original,nob,50,190,100,30,0.998059291152638,2.601561893260424e-35
original,nob,50,191,100,30,0.9958909310894732,9.342778293916611e-31
original,nob,50,192,100,30,0.9972342118795455,3.690433167861619e-33
original,nob,50,193,100,30,0.9972247613665618,3.870725505503392e-33
original,nob,50,194,100,30,0.9962203810414043,2.905426437904026e-31
original,nob,50,195,100,30,0.9959270153551656,8.259279475576924e-31
original,nob,50,196,100,30,0.9957050601678037,1.7337107779850635e-30
original,nob,50,197,100,30,0.9967816776714884,3.0706640650172165e-32
original,nob,50,198,100,30,0.9947975231593116,2.5241985823566996e-29
original,nob,50,199,100,30,0.9938973817969627,2.3443939257083516e-28
original,nob,75,0,100,30,0.9978988254035315,7.903793460734056e-35
original,nob,75,1,100,30,0.9986283140079872,2.0270054901350315e-37
original,nob,75,2,100,30,0.9986962318668717,9.960317679431397e-38
original,nob,75,3,100,30,0.9985988986039205,2.727629934171569e-37
original,nob,75,4,100,30,0.9983087325858696,3.796806258874119e-36
original,nob,75,5,100,30,0.999025906270935,1.6855732384978092e-39
original,nob,75,6,100,30,0.9991443652748059,2.7459145551092697e-40
original,nob,75,7,100,30,0.9986583609123785,1.4868533124075176e-37
original,nob,75,8,100,30,0.9986340341291263,1.9118861813565546e-37
original,nob,75,9,100,30,0.9991604872227019,2.1041380691632463e-40
original,nob,75,10,100,30,0.9983543742449227,2.589416432865888e-36
original,nob,75,11,100,30,0.9977210510750197,2.4613935129803875e-34
original,nob,75,12,100,30,0.9987888501484616,3.5520789370507584e-38
original,nob,75,13,100,30,0.9984501757043405,1.1188553294048917e-36
original,nob,75,14,100,30,0.9992625184712159,3.4314436172398627e-41
original,nob,75,15,100,30,0.9986345679187947,1.9014591415786865e-37
original,nob,75,16,100,30,0.9984026720489555,1.7069132908013086e-36
original,nob,75,17,100,30,0.9987188320512106,7.798527701251412e-38
original,nob,75,18,100,30,0.9991890389910665,1.296482844154256e-40
original,nob,75,19,100,30,0.9987926547399184,3.399093055912924e-38
original,nob,75,20,100,30,0.9986549622309581,1.5404302657473202e-37
original,nob,75,21,100,30,0.9976818503010431,3.1244535047213283e-34
original,nob,75,22,100,30,0.9992281074234098,6.496302076066303e-41
original,nob,75,23,100,30,0.999052984102682,1.1360836448317025e-39
original,nob,75,24,100,30,0.9992977075780131,1.731032808983656e-41
original,nob,75,25,100,30,0.9978204399534367,1.3192363792753334e-34
original,nob,75,26,100,30,0.999181583644582,1.473627402921253e-40
original,nob,75,27,100,30,0.9989655207950545,3.910953947509335e-39
original,nob,75,28,100,30,0.9989215509666288,7.002560152662794e-39
original,nob,75,29,100,30,0.9989266109901138,6.556551095360281e-39
original,nob,75,30,100,30,0.9987084422096603,8.731605814165826e-38
original,nob,75,31,100,30,0.9991592369248128,2.1484211165102125e-40
original,nob,75,32,100,30,0.9990477902092827,1.226455631898345e-39
original,nob,75,33,100,30,0.9992001142268699,1.069517624730482e-40
original,nob,75,34,100,30,0.9985944430133386,2.8515316462335282e-37
original,nob,75,35,100,30,0.9981206539321079,1.659759668795347e-35
original,nob,75,36,100,30,0.998698512480292,9.719283466187392e-38
original,nob,75,37,100,30,0.9974865610183788,9.683562114125766e-34
original,nob,75,38,100,30,0.9980645229943236,2.505156047698341e-35
original,nob,75,39,100,30,0.9988184212275891,2.513435578526846e-38
original,nob,75,40,100,30,0.9989908356708415,2.765102258609067e-39
original,nob,75,41,100,30,0.9989541332682479,4.5584464492315045e-39
original,nob,75,42,100,30,0.9984040679007684,1.686163174720329e-36
original,nob,75,43,100,30,0.9988273579250286,2.2601143605623012e-38
original,nob,75,44,100,30,0.9990576631606606,1.0600033619245505e-39
original,nob,75,45,100,30,0.9992186079707341,7.709225509482363e-41
original,nob,75,46,100,30,0.9990686925122622,8.989866980484982e-40
original,nob,75,47,100,30,0.9989025795583868,8.937884122886908e-39
original,nob,75,48,100,30,0.9986697828500747,1.3192101902292499e-37
original,nob,75,49,100,30,0.9988356777696502,2.0457868373230987e-38
original,nob,75,50,100,30,0.9981775082009651,1.0799872994605834e-35
original,nob,75,51,100,30,0.9980760480754369,2.3043687137359928e-35
original,nob,75,52,100,30,0.9989199577879245,7.148717030838724e-39
original,nob,75,53,100,30,0.9987829134105012,3.803621686067703e-38
original,nob,75,54,100,30,0.9980412320602852,2.96144014502984e-35
original,nob,75,55,100,30,0.9983890348692388,1.922490444404069e-36
original,nob,75,56,100,30,0.9990470367535874,1.2401064786084391e-39
original,nob,75,57,100,30,0.99869533669792,1.0056434246289733e-37
original,nob,75,58,100,30,0.9986169958305863,2.2739875816851354e-37
original,nob,75,59,100,30,0.9981821169320665,1.0424035135255444e-35
original,nob,75,60,100,30,0.9988440440498348,1.8494209305049229e-38
original,nob,75,61,100,30,0.9990090105385229,2.1441695922852542e-39
original,nob,75,62,100,30,0.9981132214502044,1.7539774154969295e-35
original,nob,75,63,100,30,0.9990308441040786,1.5698608835807998e-39
original,nob,75,64,100,30,0.9985087130298193,6.528762756571577e-37
original,nob,75,65,100,30,0.99878985711844,3.5109774967917903e-38
original,nob,75,66,100,30,0.9989044196357858,8.730443210792226e-39
original,nob,75,67,100,30,0.9984756775188166,8.870796791454944e-37
original,nob,75,68,100,30,0.9985057555813655,6.712262868964834e-37
original,nob,75,69,100,30,0.9985439051019883,4.674359008741386e-37
original,nob,75,70,100,30,0.9985517589780716,4.3337023221203945e-37
original,nob,75,71,100,30,0.9983428783413862,2.8542896277178202e-36
original,nob,75,72,100,30,0.9987287871052143,6.992138181796187e-38
original,nob,75,73,100,30,0.9983346155367955,3.05997490405345e-36
original,nob,75,74,100,30,0.9990960311757802,5.924754229893388e-40
original,nob,75,75,100,30,0.9987992445447952,3.1484996021596793e-38
original,nob,75,76,100,30,0.999256222594182,3.8649684344868956e-41
original,nob,75,77,100,30,0.9993162430354658,1.190493641284278e-41
original,nob,75,78,100,30,0.9988520341278894,1.6783576905621867e-38
original,nob,75,79,100,30,0.9991563538286077,2.253853858705553e-40
original,nob,75,80,100,30,0.9985121256590995,6.322812706017943e-37
original,nob,75,81,100,30,0.999026031854572,1.6825347275319342e-39
original,nob,75,82,100,30,0.9983119708052033,3.696361056882748e-36
original,nob,75,83,100,30,0.9986741709035724,1.2596085732013328e-37
original,nob,75,84,100,30,0.9988679480457278,1.3805426117366164e-38
original,nob,75,85,100,30,0.9987759365311247,4.120342901723073e-38
original,nob,75,86,100,30,0.9991092741082843,4.819189196497915e-40
original,nob,75,87,100,30,0.998394854132048,1.8275810291847068e-36
original,nob,75,88,100,30,0.998357328639256,2.5251328162484115e-36
original,nob,75,89,100,30,0.9988854916490586,1.109516119562026e-38
original,nob,75,90,100,30,0.9974816870925057,9.94949682185923e-34
original,nob,75,91,100,30,0.9987507051321434,5.481773800224781e-38
original,nob,75,92,100,30,0.9991432220108145,2.7977093453216263e-40
original,nob,75,93,100,30,0.9987208344590857,7.629700766805691e-38
original,nob,75,94,100,30,0.9988929899564905,1.0095054308181382e-38
original,nob,75,95,100,30,0.9994438888828338,6.602385546502605e-43
original,nob,75,96,100,30,0.999174489613418,1.6628167121108136e-40
original,nob,75,97,100,30,0.9984782929235775,8.660209583593097e-37
original,nob,75,98,100,30,0.998696673336772,9.913230639826702e-38
original,nob,75,99,100,30,0.9987701330132555,4.402272871458442e-38
original,nob,75,100,100,30,0.998251762876225,6.035329979055915e-36
original,nob,75,101,100,30,0.9987769061204353,4.0749088595503746e-38
original,nob,75,102,100,30,0.9981064841575793,1.8436497163606517e-35
original,nob,75,103,100,30,0.9989849312035578,3.000308027632064e-39
original,nob,75,104,100,30,0.997883695140242,8.738178464760509e-35
original,nob,75,105,100,30,0.999026084685496,1.6812579975086074e-39
original,nob,75,106,100,30,0.9989716272626918,3.599994654128775e-39
original,nob,75,107,100,30,0.9979168063043717,7.008549691323822e-35
original,nob,75,108,100,30,0.9984127967545157,1.561624005700556e-36
original,nob,75,109,100,30,0.9985771857306569,3.382433386258684e-37
original,nob,75,110,100,30,0.9991345719941058,3.220006995511063e-40
original,nob,75,111,100,30,0.9983767616818554,2.1378531609849202e-36
original,nob,75,112,100,30,0.9984591062776587,1.0319545618917448e-36
original,nob,75,113,100,30,0.9993827955280503,2.8397799817926022e-42
original,nob,75,114,100,30,0.9986986954057337,9.700186921970597e-38
original,nob,75,115,100,30,0.9988510531878572,1.698537737882901e-38
original,nob,75,116,100,30,0.9979598890658108,5.232142987736289e-35
original,nob,75,117,100,30,0.9992315274482738,6.104866415293826e-41
original,nob,75,118,100,30,0.9992770074838396,2.599394632532293e-41
original,nob,75,119,100,30,0.9984894485944288,7.813040969590637e-37
original,nob,75,120,100,30,0.9987154916256261,8.087905324601716e-38
original,nob,75,121,100,30,0.9983982009837561,1.77498509346238e-36
original,nob,75,122,100,30,0.9985637890610584,3.856329972573928e-37
original,nob,75,123,100,30,0.9985553869118167,4.184257920028411e-37
original,nob,75,124,100,30,0.9988536106750667,1.6463905531165385e-38
original,nob,75,125,100,30,0.9989117833381534,7.94422507341498e-39
original,nob,75,126,100,30,0.9985809303083929,3.2599902330495697e-37
original,nob,75,127,100,30,0.9992048575596705,9.840970137325555e-41
original,nob,75,128,100,30,0.9985681376282228,3.696139020888176e-37
original,nob,75,129,100,30,0.9989382956089176,5.6254441705682064e-39
original,nob,75,130,100,30,0.9979812378979923,4.5162184255312097e-35
original,nob,75,131,100,30,0.9993819886742507,2.892182854698522e-42
original,nob,75,132,100,30,0.9980607935724769,2.5735304521519197e-35
original,nob,75,133,100,30,0.9981520200027238,1.3115806662382116e-35
original,nob,75,134,100,30,0.9988814516481266,1.1671402877230821e-38
original,nob,75,135,100,30,0.9990825717048358,7.286120485988544e-40
original,nob,75,136,100,30,0.9990590690925855,1.0380848550952733e-39
original,nob,75,137,100,30,0.998618165088783,2.2472354074981852e-37
original,nob,75,138,100,30,0.9984648878671311,9.790833729491784e-37
original,nob,75,139,100,30,0.9985105009407257,6.420099227001202e-37
original,nob,75,140,100,30,0.9992102755890585,8.942953844860687e-41
original,nob,75,141,100,30,0.9984130645170884,1.557942317238633e-36
original,nob,75,142,100,30,0.9983354815047178,3.0377902137504145e-36
original,nob,75,143,100,30,0.9991142787560437,4.453781976949605e-40
original,nob,75,144,100,30,0.9986493504721405,1.6328336032404245e-37
original,nob,75,145,100,30,0.998682050467518,1.1588138183764401e-37
original,nob,75,146,100,30,0.9978801753158202,8.943667565061488e-35
original,nob,75,147,100,30,0.9983583922876718,2.5023543374503297e-36
original,nob,75,148,100,30,0.9989593897306789,4.2481059161545576e-39
original,nob,75,149,100,30,0.9982050314472651,8.729088247166034e-36
original,nob,75,150,100,30,0.9989173160298178,7.397327102940493e-39
original,nob,75,151,100,30,0.9986227374571444,2.1454019991217796e-37
original,nob,75,152,100,30,0.9986692301841555,1.326899795326999e-37
original,nob,75,153,100,30,0.998984122801703,3.033919142275735e-39
original,nob,75,154,100,30,0.9987116029853175,8.437321256800424e-38
original,nob,75,155,100,30,0.9993892110655461,2.4534146261029784e-42
original,nob,75,156,100,30,0.9977194777468111,2.4852667848966335e-34
original,nob,75,157,100,30,0.9988379310794746,1.9910770800013365e-38
original,nob,75,158,100,30,0.9994651190515811,3.8290810693562055e-43
original,nob,75,159,100,30,0.998172936254231,1.1185109369736766e-35
original,nob,75,160,100,30,0.9987853630475305,3.6978896181251797e-38
original,nob,75,161,100,30,0.9983122754387869,3.687039825840683e-36
original,nob,75,162,100,30,0.9982445074425949,6.395331336711765e-36
original,nob,75,163,100,30,0.9991405576325609,2.9219581117263804e-40
original,nob,75,164,100,30,0.9987128643835492,8.322470858682997e-38
original,nob,75,165,100,30,0.998698632275999,9.706773424990945e-38
original,nob,75,166,100,30,0.9984921706434825,7.618349116902297e-37
original,nob,75,167,100,30,0.9988988635194178,9.3708373826383e-39
original,nob,75,168,100,30,0.998651084920572,1.603738818718897e-37
original,nob,75,169,100,30,0.9991050841118913,5.146321562785107e-40
original,nob,75,170,100,30,0.9991215206723097,3.970368614687044e-40
original,nob,75,171,100,30,0.9988691979023767,1.3593665027531273e-38
original,nob,75,172,100,30,0.9987678173693129,4.519683197470484e-38
original,nob,75,173,100,30,0.9967959120415145,2.8861463123373474e-32
original,nob,75,174,100,30,0.9983487929137328,2.7150243958523842e-36
original,nob,75,175,100,30,0.9984842617239471,8.19687560169998e-37
original,nob,75,176,100,30,0.998577072361989,3.386206143698759e-37
original,nob,75,177,100,30,0.9984062940045201,1.6535549125267836e-36
original,nob,75,178,100,30,0.9977824915178236,1.679472351501233e-34
original,nob,75,179,100,30,0.9992732807102374,2.793333585566739e-41
original,nob,75,180,100,30,0.9983195986906385,3.469423423206357e-36
original,nob,75,181,100,30,0.9983625351828864,2.4154388157205445e-36
original,nob,75,182,100,30,0.9987621209301293,4.820997445709865e-38
original,nob,75,183,100,30,0.998557113372328,4.114833661647733e-37
original,nob,75,184,100,30,0.9983600497583195,2.4672388796768018e-36
original,nob,75,185,100,30,0.9990328586181484,1.5248074830000603e-39
original,nob,75,186,100,30,0.9987258897959387,7.218454528500638e-38
original,nob,75,187,100,30,0.9979700191679588,4.880232008378401e-35
original,nob,75,188,100,30,0.99876290962975,4.778195000068944e-38
original,nob,75,189,100,30,0.9989975606398833,2.5181175255795548e-39
original,nob,75,190,100,30,0.9988474531082381,1.7745458351756107e-38
original,nob,75,191,100,30,0.9979480571353846,5.67295224249975e-35
original,nob,75,192,100,30,0.9982252960961898,7.447133899879481e-36
original,nob,75,193,100,30,0.9983768634585026,2.135978645176044e-36
original,nob,75,194,100,30,0.9992375338100726,5.469948316037912e-41
original,nob,75,195,100,30,0.9991221055314891,3.933535742979204e-40
original,nob,75,196,100,30,0.9993198393858596,1.1057898357720138e-41
original,nob,75,197,100,30,0.9986051887551771,2.561204575383898e-37
original,nob,75,198,100,30,0.9978024343099767,1.4801220232559558e-34
original,nob,75,199,100,30,0.9990287004821867,1.619156962230057e-39
original,nob,100,0,100,30,1.0,0.0
original,nob,100,1,100,30,1.0,0.0
original,nob,100,2,100,30,1.0,0.0
original,nob,100,3,100,30,1.0,0.0
original,nob,100,4,100,30,1.0,0.0
original,nob,100,5,100,30,1.0,0.0
original,nob,100,6,100,30,1.0,0.0
original,nob,100,7,100,30,1.0,0.0
original,nob,100,8,100,30,1.0,0.0
original,nob,100,9,100,30,1.0,0.0
original,nob,100,10,100,30,1.0,0.0
original,nob,100,11,100,30,1.0,0.0
original,nob,100,12,100,30,1.0,0.0
original,nob,100,13,100,30,1.0,0.0
original,nob,100,14,100,30,1.0,0.0
original,nob,100,15,100,30,1.0,0.0
original,nob,100,16,100,30,1.0,0.0
original,nob,100,17,100,30,1.0,0.0
original,nob,100,18,100,30,1.0,0.0
original,nob,100,19,100,30,1.0,0.0
original,nob,100,20,100,30,1.0,0.0
original,nob,100,21,100,30,1.0,0.0
original,nob,100,22,100,30,1.0,0.0
original,nob,100,23,100,30,1.0,0.0
original,nob,100,24,100,30,1.0,0.0
original,nob,100,25,100,30,1.0,0.0
original,nob,100,26,100,30,1.0,0.0
original,nob,100,27,100,30,1.0,0.0
original,nob,100,28,100,30,1.0,0.0
original,nob,100,29,100,30,1.0,0.0
original,nob,100,30,100,30,1.0,0.0
original,nob,100,31,100,30,1.0,0.0
original,nob,100,32,100,30,1.0,0.0
original,nob,100,33,100,30,1.0,0.0
original,nob,100,34,100,30,1.0,0.0
original,nob,100,35,100,30,1.0,0.0
original,nob,100,36,100,30,1.0,0.0
original,nob,100,37,100,30,1.0,0.0
original,nob,100,38,100,30,1.0,0.0
original,nob,100,39,100,30,1.0,0.0
original,nob,100,40,100,30,1.0,0.0
original,nob,100,41,100,30,1.0,0.0
original,nob,100,42,100,30,1.0,0.0
original,nob,100,43,100,30,1.0,0.0
original,nob,100,44,100,30,1.0,0.0
original,nob,100,45,100,30,1.0,0.0
original,nob,100,46,100,30,1.0,0.0
original,nob,100,47,100,30,1.0,0.0
original,nob,100,48,100,30,1.0,0.0
original,nob,100,49,100,30,1.0,0.0
original,nob,100,50,100,30,1.0,0.0
original,nob,100,51,100,30,1.0,0.0
original,nob,100,52,100,30,1.0,0.0
original,nob,100,53,100,30,1.0,0.0
original,nob,100,54,100,30,1.0,0.0
original,nob,100,55,100,30,1.0,0.0
original,nob,100,56,100,30,1.0,0.0
original,nob,100,57,100,30,1.0,0.0
original,nob,100,58,100,30,1.0,0.0
original,nob,100,59,100,30,1.0,0.0
original,nob,100,60,100,30,1.0,0.0
original,nob,100,61,100,30,1.0,0.0
original,nob,100,62,100,30,1.0,0.0
original,nob,100,63,100,30,1.0,0.0
original,nob,100,64,100,30,1.0,0.0
original,nob,100,65,100,30,1.0,0.0
original,nob,100,66,100,30,1.0,0.0
original,nob,100,67,100,30,1.0,0.0
original,nob,100,68,100,30,1.0,0.0
original,nob,100,69,100,30,1.0,0.0
original,nob,100,70,100,30,1.0,0.0
original,nob,100,71,100,30,1.0,0.0
original,nob,100,72,100,30,1.0,0.0
original,nob,100,73,100,30,1.0,0.0
original,nob,100,74,100,30,1.0,0.0
original,nob,100,75,100,30,1.0,0.0
original,nob,100,76,100,30,1.0,0.0
original,nob,100,77,100,30,1.0,0.0
original,nob,100,78,100,30,1.0,0.0
original,nob,100,79,100,30,1.0,0.0
original,nob,100,80,100,30,1.0,0.0
original,nob,100,81,100,30,1.0,0.0
original,nob,100,82,100,30,1.0,0.0
original,nob,100,83,100,30,1.0,0.0
original,nob,100,84,100,30,1.0,0.0
original,nob,100,85,100,30,1.0,0.0
original,nob,100,86,100,30,1.0,0.0
original,nob,100,87,100,30,1.0,0.0
original,nob,100,88,100,30,1.0,0.0
original,nob,100,89,100,30,1.0,0.0
original,nob,100,90,100,30,1.0,0.0
original,nob,100,91,100,30,1.0,0.0
original,nob,100,92,100,30,1.0,0.0
original,nob,100,93,100,30,1.0,0.0
original,nob,100,94,100,30,1.0,0.0
original,nob,100,95,100,30,1.0,0.0
original,nob,100,96,100,30,1.0,0.0
original,nob,100,97,100,30,1.0,0.0
original,nob,100,98,100,30,1.0,0.0
original,nob,100,99,100,30,1.0,0.0
original,nob,100,100,100,30,1.0,0.0
original,nob,100,101,100,30,1.0,0.0
original,nob,100,102,100,30,1.0,0.0
original,nob,100,103,100,30,1.0,0.0
original,nob,100,104,100,30,1.0,0.0
original,nob,100,105,100,30,1.0,0.0
original,nob,100,106,100,30,1.0,0.0
original,nob,100,107,100,30,1.0,0.0
original,nob,100,108,100,30,1.0,0.0
original,nob,100,109,100,30,1.0,0.0
original,nob,100,110,100,30,1.0,0.0
original,nob,100,111,100,30,1.0,0.0
original,nob,100,112,100,30,1.0,0.0
original,nob,100,113,100,30,1.0,0.0
original,nob,100,114,100,30,1.0,0.0
original,nob,100,115,100,30,1.0,0.0
original,nob,100,116,100,30,1.0,0.0
original,nob,100,117,100,30,1.0,0.0
original,nob,100,118,100,30,1.0,0.0
original,nob,100,119,100,30,1.0,0.0
original,nob,100,120,100,30,1.0,0.0
original,nob,100,121,100,30,1.0,0.0
original,nob,100,122,100,30,1.0,0.0
original,nob,100,123,100,30,1.0,0.0
original,nob,100,124,100,30,1.0,0.0
original,nob,100,125,100,30,1.0,0.0
original,nob,100,126,100,30,1.0,0.0
original,nob,100,127,100,30,1.0,0.0
original,nob,100,128,100,30,1.0,0.0
original,nob,100,129,100,30,1.0,0.0
original,nob,100,130,100,30,1.0,0.0
original,nob,100,131,100,30,1.0,0.0
original,nob,100,132,100,30,1.0,0.0
original,nob,100,133,100,30,1.0,0.0
original,nob,100,134,100,30,1.0,0.0
original,nob,100,135,100,30,1.0,0.0
original,nob,100,136,100,30,1.0,0.0
original,nob,100,137,100,30,1.0,0.0
original,nob,100,138,100,30,1.0,0.0
original,nob,100,139,100,30,1.0,0.0
original,nob,100,140,100,30,1.0,0.0
original,nob,100,141,100,30,1.0,0.0
original,nob,100,142,100,30,1.0,0.0
original,nob,100,143,100,30,1.0,0.0
original,nob,100,144,100,30,1.0,0.0
original,nob,100,145,100,30,1.0,0.0
original,nob,100,146,100,30,1.0,0.0
original,nob,100,147,100,30,1.0,0.0
original,nob,100,148,100,30,1.0,0.0
original,nob,100,149,100,30,1.0,0.0
original,nob,100,150,100,30,1.0,0.0
original,nob,100,151,100,30,1.0,0.0
original,nob,100,152,100,30,1.0,0.0
original,nob,100,153,100,30,1.0,0.0
original,nob,100,154,100,30,1.0,0.0
original,nob,100,155,100,30,1.0,0.0
original,nob,100,156,100,30,1.0,0.0
original,nob,100,157,100,30,1.0,0.0
original,nob,100,158,100,30,1.0,0.0
original,nob,100,159,100,30,1.0,0.0
original,nob,100,160,100,30,1.0,0.0
original,nob,100,161,100,30,1.0,0.0
original,nob,100,162,100,30,1.0,0.0
original,nob,100,163,100,30,1.0,0.0
original,nob,100,164,100,30,1.0,0.0
original,nob,100,165,100,30,1.0,0.0
original,nob,100,166,100,30,1.0,0.0
original,nob,100,167,100,30,1.0,0.0
original,nob,100,168,100,30,1.0,0.0
original,nob,100,169,100,30,1.0,0.0
original,nob,100,170,100,30,1.0,0.0
original,nob,100,171,100,30,1.0,0.0
original,nob,100,172,100,30,1.0,0.0
original,nob,100,173,100,30,1.0,0.0
original,nob,100,174,100,30,1.0,0.0
original,nob,100,175,100,30,1.0,0.0
original,nob,100,176,100,30,1.0,0.0
original,nob,100,177,100,30,1.0,0.0
original,nob,100,178,100,30,1.0,0.0
original,nob,100,179,100,30,1.0,0.0
original,nob,100,180,100,30,1.0,0.0
original,nob,100,181,100,30,1.0,0.0
original,nob,100,182,100,30,1.0,0.0
original,nob,100,183,100,30,1.0,0.0
original,nob,100,184,100,30,1.0,0.0
original,nob,100,185,100,30,1.0,0.0
original,nob,100,186,100,30,1.0,0.0
original,nob,100,187,100,30,1.0,0.0
original,nob,100,188,100,30,1.0,0.0
original,nob,100,189,100,30,1.0,0.0
original,nob,100,190,100,30,1.0,0.0
original,nob,100,191,100,30,1.0,0.0
original,nob,100,192,100,30,1.0,0.0
original,nob,100,193,100,30,1.0,0.0
original,nob,100,194,100,30,1.0,0.0
original,nob,100,195,100,30,1.0,0.0
original,nob,100,196,100,30,1.0,0.0
original,nob,100,197,100,30,1.0,0.0
original,nob,100,198,100,30,1.0,0.0
original,nob,100,199,100,30,1.0,0.0
original,rus,10,0,100,29,0.9622640754781097,8.633195084174715e-17
original,rus,10,1,100,29,0.9643658526484907,4.032492964945684e-17
original,rus,10,2,100,29,0.9480783685595865,5.896746079314092e-15
original,rus,10,3,100,29,0.9653192212106385,2.812056551055632e-17
original,rus,10,4,100,29,0.9398382495284076,4.100976308827307e-14
original,rus,10,5,100,29,0.974498416323562,4.677235019538066e-19
original,rus,10,6,100,29,0.8997233672764711,3.185553362890435e-11
original,rus,10,7,100,29,0.9743398649494532,5.080694369135151e-19
original,rus,10,8,100,29,0.9581753866191801,3.379043889158501e-16
original,rus,10,9,100,29,0.9547394564387304,9.612297699427874e-16
original,rus,10,10,100,29,0.9663370875741772,1.8922737428980327e-17
original,rus,10,11,100,29,0.9795957664771399,2.37448544309016e-20
original,rus,10,12,100,29,0.9570752716950396,4.766305150059322e-16
original,rus,10,13,100,29,0.9545262789373787,1.0228863053316795e-15
original,rus,10,14,100,29,0.9744173557682875,4.87965136067008e-19
original,rus,10,15,100,29,0.9748237189417828,3.9404906179005553e-19
original,rus,10,16,100,29,0.962608059241629,7.64479951322063e-17
original,rus,10,17,100,29,0.9828504977472371,2.317580372729336e-21
original,rus,10,18,100,29,0.9500008909837134,3.584018128034746e-15
original,rus,10,19,100,29,0.9595354327067105,2.1800885746535473e-16
original,rus,10,20,100,29,0.9828162319627193,2.3804028275321455e-21
original,rus,10,21,100,29,0.9437538600630895,1.6922611627978077e-14
original,rus,10,22,100,29,0.9553275407827633,8.084713017111373e-16
original,rus,10,23,100,29,0.9764948749059326,1.5744452369711732e-19
original,rus,10,24,100,29,0.9403370353130085,3.6759595918709565e-14
original,rus,10,25,100,29,0.939657114447954,4.2662157218307885e-14
original,rus,10,26,100,29,0.9695331783435667,5.0152789744116565e-18
original,rus,10,27,100,29,0.958529000322908,3.0194218737787603e-16
original,rus,10,28,100,29,0.9687826149320655,6.93519648930373e-18
original,rus,10,29,100,29,0.966435095715499,1.8202902965209555e-17
original,rus,10,30,100,29,0.952025518455994,2.0760962926123163e-15
original,rus,10,31,100,29,0.9434944877520025,1.797916635137101e-14
original,rus,10,32,100,29,0.9706066242803616,3.1098916391000894e-18
original,rus,10,33,100,29,0.9528611160314678,1.645833034731813e-15
original,rus,10,34,100,29,0.9252220729278439,7.078457650553462e-13
original,rus,10,35,100,29,0.9540869646241982,1.161619355218379e-15
original,rus,10,36,100,29,0.959251280077821,2.392051077900177e-16
original,rus,10,37,100,29,0.9689485240173757,6.460128780568886e-18
original,rus,10,38,100,29,0.985145339255934,3.3777440038434754e-22
original,rus,10,39,100,29,0.9825603371602184,2.9017803465306977e-21
original,rus,10,40,100,29,0.9714942403675181,2.0665211321267112e-18
original,rus,10,41,100,29,0.9558586052848362,6.901078042586239e-16
original,rus,10,42,100,29,0.9383068373268535,5.705380113493327e-14
original,rus,10,43,100,29,0.9486937172126612,5.038526201108308e-15
original,rus,10,44,100,29,0.9480942409225979,5.8730121228767414e-15
original,rus,10,45,100,29,0.9741406210040404,5.633293247747837e-19
original,rus,10,46,100,29,0.9648826576573613,3.3208282541927836e-17
original,rus,10,47,100,29,0.9287829805624652,3.742614624181308e-13
original,rus,10,48,100,29,0.9650732049994781,3.0891304294924986e-17
original,rus,10,49,100,29,0.9712047080871171,2.364550179844534e-18
original,rus,10,50,100,29,0.9875051259194568,3.3140556600345434e-23
original,rus,10,51,100,29,0.9697307176316097,4.598997888828774e-18
original,rus,10,52,100,29,0.9744575032181617,4.7784084668689575e-19
original,rus,10,53,100,29,0.9601344377920599,1.7888564395625821e-16
original,rus,10,54,100,29,0.966903984936266,1.5096009484422716e-17
original,rus,10,55,100,29,0.9479820832175562,6.0426280814181925e-15
original,rus,10,56,100,29,0.9606464664918284,1.5069582004328362e-16
original,rus,10,57,100,29,0.9732624935802565,8.79640474299343e-19
original,rus,10,58,100,29,0.9467429402442312,8.242281297719284e-15
original,rus,10,59,100,29,0.9756321097463962,2.548422621756765e-19
original,rus,10,60,100,29,0.9610727372910297,1.3041996718213258e-16
original,rus,10,61,100,29,0.9835960896949141,1.2774009007640608e-21
original,rus,10,62,100,29,0.9489279747459612,4.743274718684099e-15
original,rus,10,63,100,29,0.9649965386875773,3.180496625124905e-17
original,rus,10,64,100,29,0.9611695147028015,1.2618239355901921e-16
original,rus,10,65,100,29,0.9733679664112284,8.344516735366458e-19
original,rus,10,66,100,29,0.9602036762443017,1.7480824739845496e-16
original,rus,10,67,100,29,0.9767963174844818,1.3250154517574646e-19
original,rus,10,68,100,29,0.9611713533475507,1.261031301282006e-16
original,rus,10,69,100,29,0.9499999261920375,3.584931293831985e-15
original,rus,10,70,100,29,0.9258453754934994,6.345882376666273e-13
original,rus,10,71,100,29,0.9680258506796459,9.540098151590841e-18
original,rus,10,72,100,29,0.9627114519572841,7.368813003939112e-17
original,rus,10,73,100,29,0.9751336514713178,3.3397823557819977e-19
original,rus,10,74,100,29,0.9632539044042163,6.06559443921115e-17
original,rus,10,75,100,29,0.9616684813607461,1.0628078530946e-16
original,rus,10,76,100,29,0.9723783287603682,1.357644173240059e-18
original,rus,10,77,100,29,0.9580932444480688,3.4680532689105737e-16
original,rus,10,78,100,29,0.9483647060321021,5.481889041216596e-15
original,rus,10,79,100,29,0.9656350058277348,2.49003080113878e-17
original,rus,10,80,100,29,0.9657121663570055,2.416704897817769e-17
original,rus,10,81,100,29,0.961507135351277,1.123742501407277e-16
original,rus,10,82,100,29,0.9692530829246722,5.665423247417797e-18
original,rus,10,83,100,29,0.9634898687963859,5.568125840897428e-17
original,rus,10,84,100,29,0.9798574563921084,1.9978190655163098e-20
original,rus,10,85,100,29,0.9412786692131808,2.982243635052913e-14
original,rus,10,86,100,29,0.9623285232571802,8.439475334703656e-17
original,rus,10,87,100,29,0.9626150526550293,7.625835174610044e-17
original,rus,10,88,100,29,0.9655841322484762,2.5394943573065212e-17
original,rus,10,89,100,29,0.9807519454433382,1.0877160327180786e-20
original,rus,10,90,100,29,0.9409657955493262,3.1980638075539924e-14
original,rus,10,91,100,29,0.9592004374937175,2.4319259847043656e-16
original,rus,10,92,100,29,0.9045373754928433,1.6882985835966358e-11
original,rus,10,93,100,29,0.9371753514279879,7.242705378444753e-14
original,rus,10,94,100,29,0.9594754917605853,2.2233018525973035e-16
original,rus,10,95,100,29,0.9738059042301661,6.688188630810066e-19
original,rus,10,96,100,29,0.9695197146894009,5.044881346380971e-18
original,rus,10,97,100,29,0.9522789143464786,1.935761911258003e-15
original,rus,10,98,100,29,0.9469713885414772,7.788161995092031e-15
original,rus,10,99,100,29,0.9762579904099908,1.8001716277119126e-19
original,rus,10,100,100,29,0.9442495247004803,1.5061060396476114e-14
original,rus,10,101,100,29,0.9402563389602252,3.741845436349426e-14
original,rus,10,102,100,29,0.960639694426976,1.510402241310106e-16
original,rus,10,103,100,29,0.9627509338260974,7.265873735659055e-17
original,rus,10,104,100,29,0.9475191319303737,6.791679714234221e-15
original,rus,10,105,100,29,0.9587532273508285,2.810054591983663e-16
original,rus,10,106,100,29,0.9622521775073568,8.66940434420743e-17
original,rus,10,107,100,29,0.971897017746803,1.7093764462504355e-18
original,rus,10,108,100,29,0.9806598138731475,1.1595170043253187e-20
original,rus,10,109,100,29,0.963215155428802,6.151104743589769e-17
original,rus,10,110,100,29,0.9565767225311391,5.553933783563972e-16
original,rus,10,111,100,29,0.9475812704843459,6.686393309978176e-15
original,rus,10,112,100,29,0.937084287756148,7.3816989665735e-14
original,rus,10,113,100,29,0.9801427243251545,1.6506527484007994e-20
original,rus,10,114,100,29,0.9396926510165337,4.2333217050507567e-14
original,rus,10,115,100,29,0.9453349871049269,1.162488490926787e-14
original,rus,10,116,100,29,0.9612262376293536,1.237581460223005e-16
original,rus,10,117,100,29,0.9736128079186136,7.376947419725296e-19
original,rus,10,118,100,29,0.9679053340004539,1.0030003050550171e-17
original,rus,10,119,100,29,0.9766420964873163,1.44765788377736e-19
original,rus,10,120,100,29,0.9613353447387905,1.1921556628859014e-16
original,rus,10,121,100,29,0.9779718537049874,6.613106589314603e-20
original,rus,10,122,100,29,0.9846742047175466,5.134426808401053e-22
original,rus,10,123,100,29,0.958585958725206,2.964915770481364e-16
original,rus,10,124,100,29,0.9719559958747098,1.662154543848323e-18
original,rus,10,125,100,29,0.9805545672404531,1.2468892165789292e-20
original,rus,10,126,100,29,0.9623158913833321,8.477125493454962e-17
original,rus,10,127,100,29,0.9795795877911723,2.3998009188236486e-20
original,rus,10,128,100,29,0.9680206161567877,9.560908932791359e-18
original,rus,10,129,100,29,0.9662771584827555,1.9375755308496953e-17
original,rus,10,130,100,29,0.9599585948134017,1.8963884372249727e-16
original,rus,10,131,100,29,0.953602343929913,1.3346711949708317e-15
original,rus,10,132,100,29,0.9435669727135304,1.767793626757954e-14
original,rus,10,133,100,29,0.9429611195119749,2.0345557844933222e-14
original,rus,10,134,100,29,0.9838476426177285,1.0383951581476607e-21
original,rus,10,135,100,29,0.9742976492172243,5.193413895177737e-19
original,rus,10,136,100,29,0.9759110070668464,2.185211572213185e-19
original,rus,10,137,100,29,0.9708609926220277,2.769732551315685e-18
original,rus,10,138,100,29,0.9716776756422819,1.8960900970242524e-18
original,rus,10,139,100,29,0.9840293308925532,8.922821937693716e-22
original,rus,10,140,100,29,0.9500191145338315,3.566809972322889e-15
original,rus,10,141,100,29,0.9562950717658525,6.050350082712101e-16
original,rus,10,142,100,29,0.9912938372010598,2.580836023131822e-25
original,rus,10,143,100,29,0.960150184868346,1.7795067248379499e-16
original,rus,10,144,100,29,0.9341373037588901,1.3454813191700618e-13
original,rus,10,145,100,29,0.9078431141762054,1.0703749795939395e-11
original,rus,10,146,100,29,0.9513307639849122,2.5104462367434562e-15
original,rus,10,147,100,29,0.9465222871627959,8.703973534169543e-15
original,rus,10,148,100,29,0.9500946984879084,3.496247968152193e-15
original,rus,10,149,100,29,0.9629059469048459,6.874422726217217e-17
original,rus,10,150,100,29,0.9625131849475789,7.906414426676429e-17
original,rus,10,151,100,29,0.9722491830150475,1.4447881138275443e-18
original,rus,10,152,100,29,0.9687840107922696,6.931068365718436e-18
original,rus,10,153,100,29,0.9684891654481584,7.855295082170032e-18
original,rus,10,154,100,29,0.9454079492421567,1.1422126251219531e-14
original,rus,10,155,100,29,0.9625460091995051,7.814980873779134e-17
original,rus,10,156,100,29,0.9639654327072898,4.677999876477245e-17
original,rus,10,157,100,29,0.9810495165381088,8.829284666838998e-21
original,rus,10,158,100,29,0.9750206616465846,3.5482139969913286e-19
original,rus,10,159,100,29,0.9782443842019153,5.599022627757424e-20
original,rus,10,160,100,29,0.9670349458440249,1.4320302029074028e-17
original,rus,10,161,100,29,0.9765874707436731,1.493557146498568e-19
original,rus,10,162,100,29,0.9616522055050386,1.0688133131404877e-16
original,rus,10,163,100,29,0.9366564701656358,8.068203037274216e-14
original,rus,10,164,100,29,0.9595650969715241,2.158990750167393e-16
original,rus,10,165,100,29,0.9672306595593501,1.322944913725091e-17
original,rus,10,166,100,29,0.8954901413581371,5.425145265891238e-11
original,rus,10,167,100,29,0.9800765218253709,1.725842264276539e-20
original,rus,10,168,100,29,0.9714791642907873,2.081139770110947e-18
original,rus,10,169,100,29,0.9782589632561439,5.549056651395367e-20
original,rus,10,170,100,29,0.9633758532722433,5.803591645804981e-17
original,rus,10,171,100,29,0.9255820294496442,6.646430373093037e-13
original,rus,10,172,100,29,0.9763092471237589,1.748934428574649e-19
original,rus,10,173,100,29,0.9567572190531823,5.255867413336538e-16
original,rus,10,174,100,29,0.92504364894532,7.302055541075174e-13
original,rus,10,175,100,29,0.9749600756890751,3.6648659027602507e-19
original,rus,10,176,100,29,0.9719834567732578,1.6405813946196136e-18
original,rus,10,177,100,29,0.9757446788903781,2.395586358293559e-19
original,rus,10,178,100,29,0.9812437276735297,7.691740099113678e-21
original,rus,10,179,100,29,0.9622720891238417,8.60888580415169e-17
original,rus,10,180,100,29,0.9498772081417094,3.7028485571052545e-15
original,rus,10,181,100,29,0.9531540699043571,1.5156237356105252e-15
original,rus,10,182,100,29,0.9692784347823137,5.603522140561263e-18
original,rus,10,183,100,29,0.9583604372151743,3.1861943118752906e-16
original,rus,10,184,100,29,0.9139924252803912,4.373483790683765e-12
original,rus,10,185,100,29,0.9768784544581403,1.2636881797285753e-19
original,rus,10,186,100,29,0.9420382553446108,2.5129172644120025e-14
original,rus,10,187,100,29,0.9639699063838396,4.670289069864316e-17
original,rus,10,188,100,29,0.9501540517948925,3.4417433533975186e-15
original,rus,10,189,100,29,0.9606328188166479,1.5139063753804535e-16
original,rus,10,190,100,29,0.9544865276245429,1.03477946138228e-15
original,rus,10,191,100,29,0.9354175114704434,1.0402179894295535e-13
original,rus,10,192,100,29,0.9607971839207127,1.432159722651046e-16
original,rus,10,193,100,29,0.9474254725266251,6.953266744469834e-15
original,rus,10,194,100,29,0.977294882881072,9.911650035854627e-20
original,rus,10,195,100,29,0.9729941633501503,1.004997332357227e-18
original,rus,10,196,100,29,0.9752200513483671,3.188101394159196e-19
original,rus,10,197,100,29,0.9746935535562398,4.221357059244593e-19
original,rus,10,198,100,29,0.9444666330002671,1.4306759227048523e-14
original,rus,10,199,100,29,0.9258720172699264,6.316184659590793e-13
original,rus,25,0,100,29,0.9906225920169986,7.0067024694355215e-25
original,rus,25,1,100,29,0.9897696238817376,2.258226124706169e-24
original,rus,25,2,100,29,0.9889315393447919,6.505496346319986e-24
original,rus,25,3,100,29,0.9871939665807832,4.610904638769146e-23
original,rus,25,4,100,29,0.9843291123973016,6.9209650689864455e-22
original,rus,25,5,100,29,0.988551648045478,1.023689389979252e-23
original,rus,25,6,100,29,0.990070245444214,1.5123901791582049e-24
original,rus,25,7,100,29,0.9912326660742419,2.8356690537773535e-25
original,rus,25,8,100,29,0.9925826016397419,2.9906388092631297e-26
original,rus,25,9,100,29,0.99349570008783,5.103750861711371e-27
original,rus,25,10,100,29,0.9890111884301891,5.90391319410951e-24
original,rus,25,11,100,29,0.9839923977344779,9.203458739944382e-22
original,rus,25,12,100,29,0.9876354123883433,2.878959248310322e-23
original,rus,25,13,100,29,0.9828013617365149,2.408152634682966e-21
original,rus,25,14,100,29,0.9842750897916932,7.247796581329379e-22
original,rus,25,15,100,29,0.9798149547167954,2.0549719312280436e-20
original,rus,25,16,100,29,0.9914515823602351,2.0181636142354033e-25
original,rus,25,17,100,29,0.9889615806218315,6.272233186329343e-24
original,rus,25,18,100,29,0.9801753710510909,1.614700133202268e-20
original,rus,25,19,100,29,0.988826260772991,7.387809798874176e-24
original,rus,25,20,100,29,0.9939902965633182,1.7597515311667136e-27
original,rus,25,21,100,29,0.9843833200061706,6.606761885050806e-22
original,rus,25,22,100,29,0.9926608901994668,2.592695433938137e-26
original,rus,25,23,100,29,0.9907900671905134,5.498989995397361e-25
original,rus,25,24,100,29,0.987920196419373,2.1054371838378737e-23
original,rus,25,25,100,29,0.9864089739146362,1.0247043409873303e-22
original,rus,25,26,100,29,0.9855654068096054,2.2988446871900607e-22
original,rus,25,27,100,29,0.9855388862316062,2.3561574116329346e-22
original,rus,25,28,100,29,0.9864177251706305,1.0158847506367266e-22
original,rus,25,29,100,29,0.9862641165658526,1.1813783878735662e-22
original,rus,25,30,100,29,0.9881651056171991,1.599099245750546e-23
original,rus,25,31,100,29,0.9875696405787282,3.091527178861267e-23
original,rus,25,32,100,29,0.9758311175609784,2.2840279992115916e-19
original,rus,25,33,100,29,0.9899336852788105,1.8171847836746906e-24
original,rus,25,34,100,29,0.9825307646978709,2.9684016193961315e-21
original,rus,25,35,100,29,0.9879251171162926,2.0939486445528034e-23
original,rus,25,36,100,29,0.9902058206986545,1.2572067490840543e-24
original,rus,25,37,100,29,0.9857841743833625,1.872956818981473e-22
original,rus,25,38,100,29,0.9903259337584169,1.0650380874099696e-24
original,rus,25,39,100,29,0.9879659540953792,2.0008186265500213e-23
original,rus,25,40,100,29,0.9838407872440844,1.0443186611018384e-21
original,rus,25,41,100,29,0.9813205149672121,7.280618100313099e-21
original,rus,25,42,100,29,0.9892620827209068,4.328754692537365e-24
original,rus,25,43,100,29,0.9827688756573182,2.4698198085662153e-21
original,rus,25,44,100,29,0.9861586542012188,1.3090737855840556e-22
original,rus,25,45,100,29,0.9928870545318351,1.7014027993320977e-26
original,rus,25,46,100,29,0.986637346625673,8.162539883005077e-23
original,rus,25,47,100,29,0.9902158528424811,1.2400056467434667e-24
original,rus,25,48,100,29,0.9886503286409,9.113035793429263e-24
original,rus,25,49,100,29,0.9907822111610547,5.562396643372417e-25
original,rus,25,50,100,29,0.9921169522815001,6.785122218524251e-26
original,rus,25,51,100,29,0.9817315051750307,5.404762256209514e-21
original,rus,25,52,100,29,0.984144842324312,8.095372192866309e-22
original,rus,25,53,100,29,0.9871122445191999,5.0219722695284456e-23
original,rus,25,54,100,29,0.9858887833494725,1.696253703388931e-22
original,rus,25,55,100,29,0.9854803132494626,2.487451582445748e-22
original,rus,25,56,100,29,0.9920328052318039,7.827021768191535e-26
original,rus,25,57,100,29,0.994566453514732,4.529191918601232e-28
original,rus,25,58,100,29,0.9814892736132322,6.4474626273283555e-21
original,rus,25,59,100,29,0.9887361229886765,8.22987533931935e-24
original,rus,25,60,100,29,0.9829052710861148,2.2203360241907386e-21
original,rus,25,61,100,29,0.9925080566477018,3.4214000137200893e-26
original,rus,25,62,100,29,0.977528878568899,8.629919244786337e-20
original,rus,25,63,100,29,0.984411810395065,6.446963718185312e-22
original,rus,25,64,100,29,0.9893930137024232,3.670851310496195e-24
original,rus,25,65,100,29,0.9916845072096324,1.3918027855740319e-25
original,rus,25,66,100,29,0.9915274715058376,1.7900596785220754e-25
original,rus,25,67,100,29,0.990949130778831,4.350540366703318e-25
original,rus,25,68,100,29,0.986258402273302,1.1879907361540747e-22
original,rus,25,69,100,29,0.9898334481116191,2.0760487025006014e-24
original,rus,25,70,100,29,0.992657276545201,2.609927606216023e-26
original,rus,25,71,100,29,0.990719387178629,6.094333061611982e-25
original,rus,25,72,100,29,0.9845383568884304,5.779453207981346e-22
original,rus,25,73,100,29,0.9786913854605902,4.241645738265659e-20
original,rus,25,74,100,29,0.9821686287272484,3.907480171609776e-21
original,rus,25,75,100,29,0.9920982245083132,7.005229156113238e-26
original,rus,25,76,100,29,0.9868779972466122,6.395687384388709e-23
original,rus,25,77,100,29,0.9866657123217017,7.93301928242801e-23
original,rus,25,78,100,29,0.9901715974702421,1.3175611638794467e-24
original,rus,25,79,100,29,0.984392746479502,6.553489209763038e-22
original,rus,25,80,100,29,0.9940347956040477,1.5921720373706203e-27
original,rus,25,81,100,29,0.988036735976077,1.8484208847494354e-23
original,rus,25,82,100,29,0.9940090712743249,1.687150908135796e-27
original,rus,25,83,100,29,0.9788119866334665,3.9315597433639736e-20
original,rus,25,84,100,29,0.982347393805747,3.414108474581692e-21
original,rus,25,85,100,29,0.9874743118746849,3.4254890594938245e-23
original,rus,25,86,100,29,0.9865841971054569,8.609218791844025e-23
original,rus,25,87,100,29,0.9867308101341831,7.428667587313674e-23
original,rus,25,88,100,29,0.9911218982846735,3.357253996357786e-25
original,rus,25,89,100,29,0.9855440167251376,2.3449680124103253e-22
original,rus,25,90,100,29,0.9862755603448755,1.1682383521569147e-22
original,rus,25,91,100,29,0.983333494014962,1.5804131209366343e-21
original,rus,25,92,100,29,0.9902607359763131,1.1656825170807325e-24
original,rus,25,93,100,29,0.9819947347343313,4.449932132752261e-21
original,rus,25,94,100,29,0.9762944413427432,1.7635943535478892e-19
original,rus,25,95,100,29,0.9763499126086758,1.7092471092272552e-19
original,rus,25,96,100,29,0.9873450419008226,3.93180678664721e-23
original,rus,25,97,100,29,0.9915019475038891,1.8639694097964172e-25
original,rus,25,98,100,29,0.9954021233331347,4.775681069194857e-29
original,rus,25,99,100,29,0.9873430941156517,3.939939447705852e-23
original,rus,25,100,100,29,0.9928666497908647,1.7682770827799332e-26
original,rus,25,101,100,29,0.9899862811239668,1.693630320440787e-24
original,rus,25,102,100,29,0.985351265794479,2.800947139652921e-22
original,rus,25,103,100,29,0.9857962576206285,1.85170983416969e-22
original,rus,25,104,100,29,0.9856352157033083,2.1540894596514783e-22
original,rus,25,105,100,29,0.9891619373807029,4.903828950382786e-24
original,rus,25,106,100,29,0.9895651425615681,2.9463187225169152e-24
original,rus,25,107,100,29,0.9930330434728877,1.28703724046968e-26
original,rus,25,108,100,29,0.9895982000058404,2.82332169231733e-24
original,rus,25,109,100,29,0.9915778203587092,1.6521518675849011e-25
original,rus,25,110,100,29,0.9887996499635163,7.627715533545967e-24
original,rus,25,111,100,29,0.9853211451260915,2.879196787216586e-22
original,rus,25,112,100,29,0.9886314034835105,9.319297211961463e-24
original,rus,25,113,100,29,0.9717921105354085,1.7964484647412977e-18
original,rus,25,114,100,29,0.9898062716215982,2.151890266486839e-24
original,rus,25,115,100,29,0.9876639902155601,2.790882570204678e-23
original,rus,25,116,100,29,0.9864633334256026,9.710460650659252e-23
original,rus,25,117,100,29,0.9892067971404773,4.63800757770426e-24
original,rus,25,118,100,29,0.9884090481048617,1.2088815951927291e-23
original,rus,25,119,100,29,0.9852616888253901,3.039624756998275e-22
original,rus,25,120,100,29,0.989061478626941,5.5510383719439586e-24
original,rus,25,121,100,29,0.9827515333601445,2.5033348387509772e-21
original,rus,25,122,100,29,0.9878253941958509,2.338484020671146e-23
original,rus,25,123,100,29,0.984320863349188,6.969972816969548e-22
original,rus,25,124,100,29,0.9842171483113803,7.614162037664295e-22
original,rus,25,125,100,29,0.9860004725746355,1.5247027543657315e-22
original,rus,25,126,100,29,0.9770672898731381,1.1325100019281845e-19
original,rus,25,127,100,29,0.9849756439058582,3.9336192013233553e-22
original,rus,25,128,100,29,0.9943908184045828,6.9517367826427675e-28
original,rus,25,129,100,29,0.9787171777558347,4.173488781082762e-20
original,rus,25,130,100,29,0.9903459592905225,1.035778505157306e-24
original,rus,25,131,100,29,0.9913447443642346,2.385100121178074e-25
original,rus,25,132,100,29,0.9916101607430086,1.5688281852748779e-25
original,rus,25,133,100,29,0.9819351149987261,4.651394314334287e-21
original,rus,25,134,100,29,0.9918672361522591,1.0322109483632091e-25
original,rus,25,135,100,29,0.9897859495708988,2.2102694954772416e-24
original,rus,25,136,100,29,0.9831983865243461,1.7610164898398147e-21
original,rus,25,137,100,29,0.9770181122031246,1.165402108855735e-19
original,rus,25,138,100,29,0.9893061726808199,4.095924564497252e-24
original,rus,25,139,100,29,0.991501198715817,1.8661797061603878e-25
original,rus,25,140,100,29,0.9904028244518698,9.566970549148773e-25
original,rus,25,141,100,29,0.9902514922857761,1.1806436254707816e-24
original,rus,25,142,100,29,0.9936423427798676,3.754607436454956e-27
original,rus,25,143,100,29,0.9915041509676707,1.857479200923011e-25
original,rus,25,144,100,29,0.9912006468508858,2.97815645645859e-25
original,rus,25,145,100,29,0.9911061395992328,3.4382845153473237e-25
original,rus,25,146,100,29,0.9862830663612847,1.159693314868094e-22
original,rus,25,147,100,29,0.9854823744339715,2.482718746815088e-22
original,rus,25,148,100,29,0.986960722866215,5.875140794846699e-23
original,rus,25,149,100,29,0.9929183962356252,1.6032289233572446e-26
original,rus,25,150,100,29,0.991238250965045,2.8114718560036455e-25
original,rus,25,151,100,29,0.9939062566364343,2.1215755824119643e-27
original,rus,25,152,100,29,0.9870216537469731,5.517114494411056e-23
original,rus,25,153,100,29,0.9842644674908232,7.313716366178094e-22
original,rus,25,154,100,29,0.9900580708228731,1.537506602960599e-24
original,rus,25,155,100,29,0.987035179119205,5.440428319027241e-23
original,rus,25,156,100,29,0.9862650248433579,1.1803305071338922e-22
original,rus,25,157,100,29,0.9784655610326499,4.883891204397735e-20
original,rus,25,158,100,29,0.9871799896230691,4.678926119515286e-23
original,rus,25,159,100,29,0.9772479277845657,1.0189161576043412e-19
original,rus,25,160,100,29,0.9935614124986485,4.451656007157079e-27
original,rus,25,161,100,29,0.9850921776400582,3.543532041005016e-22
original,rus,25,162,100,29,0.990588908150794,7.352760312965653e-25
original,rus,25,163,100,29,0.9809984922110558,9.152935096834795e-21
original,rus,25,164,100,29,0.9886557776954665,9.054435622769519e-24
original,rus,25,165,100,29,0.9917311834740006,1.2903083518624414e-25
original,rus,25,166,100,29,0.9818337965196863,5.013213423005111e-21
original,rus,25,167,100,29,0.9872943916549165,4.1484189267431027e-23
original,rus,25,168,100,29,0.9887737696038789,7.867931297926252e-24
original,rus,25,169,100,29,0.9859969349895429,1.5298805956229284e-22
original,rus,25,170,100,29,0.9939177098439009,2.0685102762836792e-27
original,rus,25,171,100,29,0.9899716864822252,1.727111726361333e-24
original,rus,25,172,100,29,0.9889482603236815,6.374690187447879e-24
original,rus,25,173,100,29,0.9871387084620178,4.885286688875871e-23
original,rus,25,174,100,29,0.992018282025195,8.02116513301327e-26
original,rus,25,175,100,29,0.9908070494432956,5.364203732100832e-25
original,rus,25,176,100,29,0.9793064533678904,2.866681314752269e-20
original,rus,25,177,100,29,0.9811183260446585,8.409565706688853e-21
original,rus,25,178,100,29,0.9901475677490791,1.3615288353645882e-24
original,rus,25,179,100,29,0.9876105597953408,2.957637968897883e-23
original,rus,25,180,100,29,0.9886805833740141,8.792050210804346e-24
original,rus,25,181,100,29,0.9862038730065721,1.2528346939376391e-22
original,rus,25,182,100,29,0.9771835867348547,1.0581100374631792e-19
original,rus,25,183,100,29,0.9934323511377037,5.8150756262426994e-27
original,rus,25,184,100,29,0.9882927949804576,1.3822897608034038e-23
original,rus,25,185,100,29,0.9863054620651978,1.1345398698758286e-22
original,rus,25,186,100,29,0.9903715287437622,9.994996688368435e-25
original,rus,25,187,100,29,0.9819433741220578,4.622991314245884e-21
original,rus,25,188,100,29,0.990528892378733,8.008816853136771e-25
original,rus,25,189,100,29,0.9900610839329358,1.5312548265127267e-24
original,rus,25,190,100,29,0.9826541069800291,2.699567234215566e-21
original,rus,25,191,100,29,0.9953498642652125,5.561157515368729e-29
original,rus,25,192,100,29,0.9933848990421763,6.406835063342562e-27
original,rus,25,193,100,29,0.9890737569698476,5.467900474778693e-24
original,rus,25,194,100,29,0.9865953672523682,8.513507616700859e-23
original,rus,25,195,100,29,0.9883223804298864,1.3361003562143232e-23
original,rus,25,196,100,29,0.9879349218960034,2.0712297652853273e-23
original,rus,25,197,100,29,0.9938150122473932,2.5915854268425756e-27
original,rus,25,198,100,29,0.9891092865477961,5.2337712479985556e-24
original,rus,25,199,100,29,0.9921685191466955,6.211691322268195e-26
original,rus,50,0,100,29,0.9948302905045606,2.316627420381151e-28
original,rus,50,1,100,29,0.9922261057194516,5.624512463851898e-26
original,rus,50,2,100,29,0.9952490408387401,7.42457131304183e-29
original,rus,50,3,100,29,0.9937892023550676,2.7410398977013255e-27
original,rus,50,4,100,29,0.996967847331489,1.7462819168817322e-31
original,rus,50,5,100,29,0.9931675162429894,9.900595756709498e-27
original,rus,50,6,100,29,0.9967081053896919,5.288562355493875e-31
original,rus,50,7,100,29,0.990550184840277,7.770101910316175e-25
original,rus,50,8,100,29,0.9955629942045542,2.955519487792913e-29
original,rus,50,9,100,29,0.9970470919750549,1.2219387521710391e-31
original,rus,50,10,100,29,0.9941222242803247,1.3051042731863408e-27
original,rus,50,11,100,29,0.9965351324879184,1.0547497643242444e-30
original,rus,50,12,100,29,0.9967781953961372,3.956710015135972e-31
original,rus,50,13,100,29,0.9967987828908415,3.6291205929615e-31
original,rus,50,14,100,29,0.9976430486651449,5.846778700778002e-33
original,rus,50,15,100,29,0.9962368825199749,3.2101103134728866e-30
original,rus,50,16,100,29,0.9945486049537788,4.733726164978535e-28
original,rus,50,17,100,29,0.9946929779158696,3.2976349982551703e-28
original,rus,50,18,100,29,0.9911500548999256,3.216857675622239e-25
original,rus,50,19,100,29,0.9975240163143111,1.1362587173363458e-32
original,rus,50,20,100,29,0.9946873905475708,3.344705418078052e-28
original,rus,50,21,100,29,0.9942030778035295,1.0830295079658198e-27
original,rus,50,22,100,29,0.9961938665351762,3.7415388513886514e-30
original,rus,50,23,100,29,0.9952942577530375,6.527069019442672e-29
original,rus,50,24,100,29,0.995299907429637,6.422280083102644e-29
original,rus,50,25,100,29,0.9905787830037561,7.459833696192433e-25
original,rus,50,26,100,29,0.9947245716732643,3.0428100745271053e-28
original,rus,50,27,100,29,0.9976902876374849,4.449738443551565e-33
original,rus,50,28,100,29,0.9973702015765235,2.5612164630973164e-32
original,rus,50,29,100,29,0.9952071303255681,8.357157809573221e-29
original,rus,50,30,100,29,0.9976874189566273,4.524853993338819e-33
original,rus,50,31,100,29,0.9957786769602789,1.5101529056467955e-29
original,rus,50,32,100,29,0.9964564019057396,1.4278442087068795e-30
original,rus,50,33,100,29,0.9958112184163369,1.3606033349142208e-29
original,rus,50,34,100,29,0.9964440827842509,1.496223957431761e-30
original,rus,50,35,100,29,0.9978912977322253,1.3032190013018229e-33
original,rus,50,36,100,29,0.9956013360450326,2.6293388311867e-29
original,rus,50,37,100,29,0.9975050516556706,1.2594045956681414e-32
original,rus,50,38,100,29,0.9968279331112883,3.208059895390947e-31
original,rus,50,39,100,29,0.99576616176824,1.5716137160747802e-29
original,rus,50,40,100,29,0.9944542978074798,5.963815848910066e-28
original,rus,50,41,100,29,0.9963509520495963,2.1200100077113433e-30
original,rus,50,42,100,29,0.9954940675929919,3.637788380235455e-29
original,rus,50,43,100,29,0.9957186116378721,1.8268602729721285e-29
original,rus,50,44,100,29,0.9950681414762967,1.2283127732270926e-28
original,rus,50,45,100,29,0.9978297923962219,1.92053858155537e-33
original,rus,50,46,100,29,0.9971994963424374,5.980659809305989e-32
original,rus,50,47,100,29,0.9939445938244841,1.9487393855121602e-27
original,rus,50,48,100,29,0.9965115022982758,1.1559499760207286e-30
original,rus,50,49,100,29,0.996159526466104,4.223024860215104e-30
original,rus,50,50,100,29,0.9931940674337115,9.395082239365964e-27
original,rus,50,51,100,29,0.9977235505016608,3.659066197342268e-33
original,rus,50,52,100,29,0.9931390165279578,1.0471138849791674e-26
original,rus,50,53,100,29,0.9983164296861693,6.251850610881544e-35
original,rus,50,54,100,29,0.995578828701751,2.8165216400173533e-29
original,rus,50,55,100,29,0.9964580682133388,1.4188204652431532e-30
original,rus,50,56,100,29,0.9951402442130854,1.0072641056203229e-28
original,rus,50,57,100,29,0.9976124411796837,6.958025128139906e-33
original,rus,50,58,100,29,0.9943262642843522,8.109972903793942e-28
original,rus,50,59,100,29,0.9956326788163805,2.3878091436087247e-29
original,rus,50,60,100,29,0.9957134378942375,1.8568333615900036e-29
original,rus,50,61,100,29,0.9971295505866311,8.340801516657706e-32
original,rus,50,62,100,29,0.9946768741128613,3.4349914475303277e-28
original,rus,50,63,100,29,0.9973217525241715,3.276083725630404e-32
original,rus,50,64,100,29,0.9971532407151268,7.458975507909983e-32
original,rus,50,65,100,29,0.9899904290535747,1.6842247942662572e-24
original,rus,50,66,100,29,0.9956902378159825,1.9969201395903713e-29
original,rus,50,67,100,29,0.9978287891795719,1.9325473154277082e-33
original,rus,50,68,100,29,0.9961218705553561,4.81653691189229e-30
original,rus,50,69,100,29,0.9977274220543673,3.576023976838821e-33
original,rus,50,70,100,29,0.9965841418151749,8.704657040100655e-31
original,rus,50,71,100,29,0.995522307201567,3.3423262087633673e-29
original,rus,50,72,100,29,0.9964786794568008,1.3114812111482375e-30
original,rus,50,73,100,29,0.9958251786209993,1.3007515455068613e-29
original,rus,50,74,100,29,0.9957573639987692,1.616195732044099e-29
original,rus,50,75,100,29,0.9962367094396088,3.212100859313806e-30
original,rus,50,76,100,29,0.9960829959741808,5.50953139155199e-30
original,rus,50,77,100,29,0.9947803106094893,2.637179120930926e-28
original,rus,50,78,100,29,0.9952657860110832,7.079665108097288e-29
original,rus,50,79,100,29,0.9971430220232324,7.828189070123958e-32
original,rus,50,80,100,29,0.9963284641996422,2.3030408914045293e-30
original,rus,50,81,100,29,0.9968483786459658,2.940235582335557e-31
original,rus,50,82,100,29,0.9941017246170647,1.3677469075894144e-27
original,rus,50,83,100,29,0.9969541754821112,1.855479883143072e-31
original,rus,50,84,100,29,0.9929398054679245,1.5392101246003362e-26
original,rus,50,85,100,29,0.9966449836125739,6.831807764787631e-31
original,rus,50,86,100,29,0.9979581698401795,8.438111700514273e-34
original,rus,50,87,100,29,0.9963253649619773,2.3293824803913646e-30
original,rus,50,88,100,29,0.9935458389826036,4.5988182322491274e-27
original,rus,50,89,100,29,0.9958259423651237,1.2975485303896625e-29
original,rus,50,90,100,29,0.9958372443700788,1.2509951966350464e-29
original,rus,50,91,100,29,0.9978382166363349,1.822390129897249e-33
original,rus,50,92,100,29,0.9968290364733153,3.193048727515609e-31
original,rus,50,93,100,29,0.9971410561460198,7.901130574424151e-32
original,rus,50,94,100,29,0.9940041983853592,1.7057228182868833e-27
original,rus,50,95,100,29,0.9907839314516086,5.548454466314005e-25
original,rus,50,96,100,29,0.9967289041756201,4.85544912485008e-31
original,rus,50,97,100,29,0.9962781497222314,2.766779569415402e-30
original,rus,50,98,100,29,0.9952712438122664,6.970493907663358e-29
original,rus,50,99,100,29,0.9957675620596411,1.5646237775563915e-29
original,rus,50,100,100,29,0.9976364137953184,6.0726896936709974e-33
original,rus,50,101,100,29,0.9971001161835846,9.570789540147936e-32
original,rus,50,102,100,29,0.9970448303439834,1.2346175525636013e-31
original,rus,50,103,100,29,0.996735649305839,4.72219923947438e-31
original,rus,50,104,100,29,0.9973036170238009,3.5881937257649516e-32
original,rus,50,105,100,29,0.9969023145513872,2.3297692958175695e-31
original,rus,50,106,100,29,0.9957796478491511,1.5054792108050367e-29
original,rus,50,107,100,29,0.9959240193902285,9.418167968321365e-30
original,rus,50,108,100,29,0.9960191567499057,6.850737856307977e-30
original,rus,50,109,100,29,0.9926579114585433,2.606892286023307e-26
original,rus,50,110,100,29,0.9974387558015835,1.7937207969933856e-32
original,rus,50,111,100,29,0.996533620226327,1.0609721425663975e-30
original,rus,50,112,100,29,0.9934453071615678,5.6625345950514384e-27
original,rus,50,113,100,29,0.9966000376874383,8.174186772343614e-31
original,rus,50,114,100,29,0.9965992100608277,8.201050143155618e-31
original,rus,50,115,100,29,0.9909437338346636,4.385554393608899e-25
original,rus,50,116,100,29,0.9974561584153515,1.6361623038101437e-32
original,rus,50,117,100,29,0.9965163186156052,1.1346216074163774e-30
original,rus,50,118,100,29,0.9957027261333777,1.9203421743662234e-29
original,rus,50,119,100,29,0.9970559103631369,1.1736449024565825e-31
original,rus,50,120,100,29,0.9968356669281715,3.1042026407509554e-31
original,rus,50,121,100,29,0.996039364668204,6.396619840335178e-30
original,rus,50,122,100,29,0.9970871389328454,1.0164681119642762e-31
original,rus,50,123,100,29,0.994818784826684,2.387048030747237e-28
original,rus,50,124,100,29,0.9944793106395138,5.611564284142362e-28
original,rus,50,125,100,29,0.9972045373872411,5.837121047170384e-32
original,rus,50,126,100,29,0.9932276276011893,8.790300197237772e-27
original,rus,50,127,100,29,0.9950518071474087,1.2842622121342156e-28
original,rus,50,128,100,29,0.9944214702081594,6.457202903732473e-28
original,rus,50,129,100,29,0.9946523212421235,3.6546367014163096e-28
original,rus,50,130,100,29,0.997288904751788,3.8613738257964766e-32
original,rus,50,131,100,29,0.9969996952518403,1.5145655248889316e-31
original,rus,50,132,100,29,0.9972893924638278,3.852017650769365e-32
original,rus,50,133,100,29,0.9969977989211608,1.5275230351315365e-31
original,rus,50,134,100,29,0.9950549047040484,1.2734743196767056e-28
original,rus,50,135,100,29,0.996324186203457,2.339474195361931e-30
original,rus,50,136,100,29,0.9973870239132678,2.3488971567681044e-32
original,rus,50,137,100,29,0.9948510478490815,2.1944234961175277e-28
original,rus,50,138,100,29,0.9951377423936689,1.0142722083637121e-28
original,rus,50,139,100,29,0.9971057449482239,9.323323045255025e-32
original,rus,50,140,100,29,0.9962603933134744,2.950084856172931e-30
original,rus,50,141,100,29,0.9981444309163886,2.3221636069468836e-34
original,rus,50,142,100,29,0.9951728995985452,9.198066096423249e-29
original,rus,50,143,100,29,0.9940186148987689,1.6513185948315672e-27
original,rus,50,144,100,29,0.9973951657964062,2.2520985235839754e-32
original,rus,50,145,100,29,0.9959655979446538,8.202705133961034e-30
original,rus,50,146,100,29,0.9938090131817979,2.6256347056247523e-27
original,rus,50,147,100,29,0.9970941000028234,9.842001740518115e-32
original,rus,50,148,100,29,0.995884004319221,1.0743429523199593e-29
original,rus,50,149,100,29,0.9983833586751752,3.6169331422433904e-35
original,rus,50,150,100,29,0.9928813471315501,1.7198684000581252e-26
original,rus,50,151,100,29,0.9974301638475318,1.8765845558752065e-32
original,rus,50,152,100,29,0.9958760174635676,1.102778944812033e-29
original,rus,50,153,100,29,0.9966266257608705,7.353304203432929e-31
original,rus,50,154,100,29,0.9950946709638003,1.1422281743434313e-28
original,rus,50,155,100,29,0.9966042848909596,8.037606665785528e-31
original,rus,50,156,100,29,0.9961574152153113,4.254421386529481e-30
original,rus,50,157,100,29,0.9956384664563215,2.3455214491288414e-29
original,rus,50,158,100,29,0.9957529212596479,1.6391511263193808e-29
original,rus,50,159,100,29,0.9951504191221998,9.79221408440904e-29
original,rus,50,160,100,29,0.996989957559448,1.582199698601852e-31
original,rus,50,161,100,29,0.9969519056680813,1.8742093265688895e-31
original,rus,50,162,100,29,0.9967340141431554,4.754187289112028e-31
original,rus,50,163,100,29,0.9973531054312725,2.7950815833125525e-32
original,rus,50,164,100,29,0.9958853480786164,1.0696259444247552e-29
original,rus,50,165,100,29,0.9962517460601638,3.0433659637483633e-30
original,rus,50,166,100,29,0.9959930961392635,7.480459662918761e-30
original,rus,50,167,100,29,0.9958763046978404,1.1017443294153023e-29
original,rus,50,168,100,29,0.9957813841896874,1.4971541297600748e-29
original,rus,50,169,100,29,0.9981871716849782,1.6958007050884148e-34
original,rus,50,170,100,29,0.995703662419452,1.914711878954624e-29
original,rus,50,171,100,29,0.9960142689022304,6.964971905024771e-30
original,rus,50,172,100,29,0.996210046982979,3.5327564249691284e-30
original,rus,50,173,100,29,0.9963450625110358,2.166597200876003e-30
original,rus,50,174,100,29,0.9954292228336592,4.4100733685655826e-29
original,rus,50,175,100,29,0.99627659668991,2.782380925566999e-30
original,rus,50,176,100,29,0.9964789971153646,1.3098873674329225e-30
original,rus,50,177,100,29,0.9967134359887008,5.174274300581004e-31
original,rus,50,178,100,29,0.9967407036308086,4.624578793186362e-31
original,rus,50,179,100,29,0.9968001854214469,3.6077436830486854e-31
original,rus,50,180,100,29,0.9946013313440056,4.152918835164944e-28
original,rus,50,181,100,29,0.998039369014854,4.881238092423595e-34
original,rus,50,182,100,29,0.9959121437221351,9.794758620385007e-30
original,rus,50,183,100,29,0.9972671611837901,4.3005261987566905e-32
original,rus,50,184,100,29,0.9967152837797448,5.135194308738106e-31
original,rus,50,185,100,29,0.9932715566614045,8.053059844555875e-27
original,rus,50,186,100,29,0.9944184210364878,6.504897838998532e-28
original,rus,50,187,100,29,0.9968439978320919,2.995815281877736e-31
original,rus,50,188,100,29,0.9956526350369199,2.244906295777137e-29
original,rus,50,189,100,29,0.9980086919887695,6.018346909144931e-34
original,rus,50,190,100,29,0.9957094890810102,1.8800156445961003e-29
original,rus,50,191,100,29,0.9968670344130087,2.714068515010797e-31
original,rus,50,192,100,29,0.9937894203521499,2.739744837176453e-27
original,rus,50,193,100,29,0.9942322300042132,1.011941450727176e-27
original,rus,50,194,100,29,0.9970489929960936,1.2113749001925513e-31
original,rus,50,195,100,29,0.9959399673984382,8.93350456054248e-30
original,rus,50,196,100,29,0.9957205495530854,1.8157490989231856e-29
original,rus,50,197,100,29,0.9947203739611099,3.0755839575990157e-28
original,rus,50,198,100,29,0.9969547332258915,1.850904237864399e-31
original,rus,50,199,100,29,0.9948749593467715,2.0610579466964485e-28
original,rus,75,0,100,29,0.9982510941829021,1.0448839428931736e-34
original,rus,75,1,100,29,0.9989550325311354,1.003202959301077e-37
original,rus,75,2,100,29,0.9984217362928881,2.6156347611119183e-35
original,rus,75,3,100,29,0.9988851651802735,2.402519027118734e-37
original,rus,75,4,100,29,0.998525622325382,1.0438394134611461e-35
original,rus,75,5,100,29,0.9982803174930353,8.324285275253228e-35
original,rus,75,6,100,29,0.998363092456201,4.2788851405632567e-35
original,rus,75,7,100,29,0.9986456693695347,3.318964796751818e-36
original,rus,75,8,100,29,0.9984696045558829,1.726328445012208e-35
original,rus,75,9,100,29,0.9975559083179958,9.54001490062265e-33
original,rus,75,10,100,29,0.9994574210382495,1.4455106036322398e-41
original,rus,75,11,100,29,0.9986421730380448,3.436450734700858e-36
original,rus,75,12,100,29,0.9984155075159667,2.7583834128181085e-35
original,rus,75,13,100,29,0.9986538393672826,3.058776902949014e-36
original,rus,75,14,100,29,0.9991141488811969,1.0796267745256467e-38
original,rus,75,15,100,29,0.9986374495827788,3.601291229612484e-36
original,rus,75,16,100,29,0.9992228631040441,1.844570051563434e-39
original,rus,75,17,100,29,0.9973438648903719,2.929568284915591e-32
original,rus,75,18,100,29,0.9990627504205373,2.3111049722919825e-38
original,rus,75,19,100,29,0.9980376789350073,4.938300033085303e-34
original,rus,75,20,100,29,0.9984626309648865,1.8355282515858639e-35
original,rus,75,21,100,29,0.9979845353154172,7.081288129150569e-34
original,rus,75,22,100,29,0.9990626129939306,2.31568208180395e-38
original,rus,75,23,100,29,0.999070804752178,2.0570191413854396e-38
original,rus,75,24,100,29,0.9984983371512834,1.3368248557835293e-35
original,rus,75,25,100,29,0.9980069602123705,6.089329325639151e-34
original,rus,75,26,100,29,0.9990791195501132,1.8220447555631204e-38
original,rus,75,27,100,29,0.9987275816725648,1.4303099922267167e-36
original,rus,75,28,100,29,0.998507699145618,1.228659457773749e-35
original,rus,75,29,100,29,0.9989855704246193,6.723173115224964e-38
original,rus,75,30,100,29,0.9982408265758754,1.1307386472893034e-34
original,rus,75,31,100,29,0.9986478750622706,3.246772570184719e-36
original,rus,75,32,100,29,0.9989672355896093,8.561489189663445e-38
original,rus,75,33,100,29,0.9982309717598508,1.2192416848237597e-34
original,rus,75,34,100,29,0.9988073711327182,5.9696633186155685e-37
original,rus,75,35,100,29,0.9974702434985337,1.5181297913188604e-32
original,rus,75,36,100,29,0.9991003385406557,1.3302609310987914e-38
original,rus,75,37,100,29,0.9981932719815805,1.6204201660925469e-34
original,rus,75,38,100,29,0.9982614258080539,9.646195707904886e-35
original,rus,75,39,100,29,0.9978414976549606,1.7854366260843082e-33
original,rus,75,40,100,29,0.9992307493953653,1.6073645347254015e-39
original,rus,75,41,100,29,0.9986745087451778,2.4824459956062248e-36
original,rus,75,42,100,29,0.9986067396659677,4.8647040971355586e-36
original,rus,75,43,100,29,0.9986006755967376,5.158268179574204e-36
original,rus,75,44,100,29,0.9987810981894545,8.01012650748046e-37
original,rus,75,45,100,29,0.997932089418006,1.00136684223489e-33
original,rus,75,46,100,29,0.9980401622385242,4.854667618260113e-34
original,rus,75,47,100,29,0.9983143843628313,6.355092322343875e-35
original,rus,75,48,100,29,0.9990825744536371,1.7319288742217952e-38
original,rus,75,49,100,29,0.9991486239927587,6.318730547825267e-39
original,rus,75,50,100,29,0.9991921109179589,3.114219753232479e-39
original,rus,75,51,100,29,0.9985554290172924,7.924392278881945e-36
original,rus,75,52,100,29,0.9981125124175115,2.922848132501213e-34
original,rus,75,53,100,29,0.9988532061790587,3.5180021115364525e-37
original,rus,75,54,100,29,0.9987088047659948,1.7428887750530866e-36
original,rus,75,55,100,29,0.9982731702289693,8.803306172902653e-35
original,rus,75,56,100,29,0.9986394391272312,3.530987039549211e-36
original,rus,75,57,100,29,0.9991337899658312,7.977497507276397e-39
original,rus,75,58,100,29,0.9992304504222521,1.6158158283404046e-39
original,rus,75,59,100,29,0.9991297383903295,8.496024225045088e-39
original,rus,75,60,100,29,0.9991521930422697,5.970477201567519e-39
original,rus,75,61,100,29,0.9989453015942634,1.1368645079744921e-37
original,rus,75,62,100,29,0.9987634243562228,9.727387749946612e-37
original,rus,75,63,100,29,0.9970671336795037,1.1147355563452826e-31
original,rus,75,64,100,29,0.9986563945622913,2.9813637544368417e-36
original,rus,75,65,100,29,0.9984803248249309,1.5701330390118246e-35
original,rus,75,66,100,29,0.9970735485751389,1.0823065346731817e-31
original,rus,75,67,100,29,0.9986889551385488,2.141241237882657e-36
original,rus,75,68,100,29,0.999054815330419,2.589576287697179e-38
original,rus,75,69,100,29,0.9992167471672659,2.0504052796184812e-39
original,rus,75,70,100,29,0.9986627746211805,2.7959195893846053e-36
original,rus,75,71,100,29,0.998806084815589,6.057127646666782e-37
original,rus,75,72,100,29,0.9988294991295645,4.636630739208866e-37
original,rus,75,73,100,29,0.9992269474955066,1.717948858215134e-39
original,rus,75,74,100,29,0.9985025734824919,1.286831989705488e-35
original,rus,75,75,100,29,0.9985766377775607,6.490871287248179e-36
original,rus,75,76,100,29,0.9990713841959066,2.0397762052748072e-38
original,rus,75,77,100,29,0.9987871308975086,7.49143422607602e-37
original,rus,75,78,100,29,0.998530218057397,1.0007866214271612e-35
original,rus,75,79,100,29,0.9987218975870431,1.5189667761398035e-36
original,rus,75,80,100,29,0.9990463295439671,2.921525374207201e-38
original,rus,75,81,100,29,0.9993040058917169,4.164460529465661e-40
original,rus,75,82,100,29,0.9986809066724075,2.3255616344684513e-36
original,rus,75,83,100,29,0.9983229876922417,5.931199760247692e-35
original,rus,75,84,100,29,0.9991843506822098,3.5430567051190176e-39
original,rus,75,85,100,29,0.9989708347267725,8.167525946510658e-38
original,rus,75,86,100,29,0.9984785507667713,1.5950429082380272e-35
original,rus,75,87,100,29,0.9992340944354684,1.5155576051945845e-39
original,rus,75,88,100,29,0.9986624294365469,2.805672967739621e-36
original,rus,75,89,100,29,0.9985456118433954,8.682616397687834e-36
original,rus,75,90,100,29,0.9987058343622665,1.7977714852932854e-36
original,rus,75,91,100,29,0.9987714298728358,8.911206769228038e-37
original,rus,75,92,100,29,0.9991494428635693,6.237205641738885e-39
original,rus,75,93,100,29,0.9979241884286978,1.0542207401584842e-33
original,rus,75,94,100,29,0.9978004008425287,2.3026039756003134e-33
original,rus,75,95,100,29,0.9983806042910767,3.7009581481432024e-35
original,rus,75,96,100,29,0.998266920128919,9.242983650203351e-35
original,rus,75,97,100,29,0.9985937062295022,5.5158760830602854e-36
original,rus,75,98,100,29,0.9980170008926191,5.688310355598482e-34
original,rus,75,99,100,29,0.9979588477612337,8.400401769431944e-34
original,rus,75,100,100,29,0.9987880934043574,7.4116145639627325e-37
original,rus,75,101,100,29,0.9993517157347683,1.597122553294524e-40
original,rus,75,102,100,29,0.9981538922417666,2.167432877802395e-34
original,rus,75,103,100,29,0.9979530390215293,8.728640499175087e-34
original,rus,75,104,100,29,0.9983913118154903,3.384123774190726e-35
original,rus,75,105,100,29,0.9985331558883077,9.741327720627252e-36
original,rus,75,106,100,29,0.9985610528731788,7.518141674616663e-36
original,rus,75,107,100,29,0.9984525895451491,2.004036113485123e-35
original,rus,75,108,100,29,0.9991135125574121,1.0901393420461566e-38
original,rus,75,109,100,29,0.998261549220289,9.636962842553566e-35
original,rus,75,110,100,29,0.9986925658584737,2.0630291307918383e-36
original,rus,75,111,100,29,0.9983541310464874,4.6059355313409343e-35
original,rus,75,112,100,29,0.997033685792232,1.2988923058601048e-31
original,rus,75,113,100,29,0.9990601168830547,2.400291770397846e-38
original,rus,75,114,100,29,0.998920522141747,1.5552478927236952e-37
original,rus,75,115,100,29,0.9993381607425301,2.111684642573056e-40
original,rus,75,116,100,29,0.9990150195131606,4.517789888824378e-38
original,rus,75,117,100,29,0.9974702028053997,1.5184591388026548e-32
original,rus,75,118,100,29,0.9978871256069122,1.338429337998763e-33
original,rus,75,119,100,29,0.998165448504493,1.991399927290281e-34
original,rus,75,120,100,29,0.998790205250159,7.239232786281938e-37
original,rus,75,121,100,29,0.9990407839343892,3.1592951326440135e-38
original,rus,75,122,100,29,0.9980651106473044,4.084216784278722e-34
original,rus,75,123,100,29,0.9986830750620832,2.2745084938819652e-36
original,rus,75,124,100,29,0.9984430930243527,2.17647101045499e-35
original,rus,75,125,100,29,0.9989543485345223,1.0121001849455394e-37
original,rus,75,126,100,29,0.9986954067188608,2.0033614269832976e-36
original,rus,75,127,100,29,0.9973288696730692,3.160618276865257e-32
original,rus,75,128,100,29,0.9987105061941404,1.7121552661141808e-36
original,rus,75,129,100,29,0.9982300399413194,1.2279336429902535e-34
original,rus,75,130,100,29,0.9990526476922207,2.670875739323148e-38
original,rus,75,131,100,29,0.9987579158486032,1.032860774166876e-36
original,rus,75,132,100,29,0.9984361738659728,2.3106476118016534e-35
original,rus,75,133,100,29,0.9992885581969267,5.6004925716409e-40
original,rus,75,134,100,29,0.998787156875674,7.489269475032167e-37
original,rus,75,135,100,29,0.9989512552816304,1.0532560742909448e-37
original,rus,75,136,100,29,0.9981261554847393,2.6503810336241407e-34
original,rus,75,137,100,29,0.9978714993290636,1.478282475946458e-33
original,rus,75,138,100,29,0.9992351677427441,1.4871448667413602e-39
original,rus,75,139,100,29,0.9983215240092929,6.001416608840868e-35
original,rus,75,140,100,29,0.9982769574105673,8.546394393191298e-35
original,rus,75,141,100,29,0.9986056690625112,4.9153811015108306e-36
original,rus,75,142,100,29,0.9977413438162819,3.291612621301613e-33
original,rus,75,143,100,29,0.9981265848549546,2.6422007575115258e-34
original,rus,75,144,100,29,0.9983401139532511,5.164201635925357e-35
original,rus,75,145,100,29,0.9983884838799449,3.465266545308101e-35
original,rus,75,146,100,29,0.9988362493425123,4.288547804304606e-37
original,rus,75,147,100,29,0.9979248413963941,1.0497567088393285e-33
original,rus,75,148,100,29,0.9984331913491312,2.3708132546012256e-35
original,rus,75,149,100,29,0.9979860273696346,7.010904556972019e-34
original,rus,75,150,100,29,0.9983307624467495,5.570803221511126e-35
original,rus,75,151,100,29,0.9993585161075836,1.385253145517631e-40
original,rus,75,152,100,29,0.9983073052917265,6.724733974148818e-35
original,rus,75,153,100,29,0.9994858502842348,6.991219159944778e-42
original,rus,75,154,100,29,0.9984450761898569,2.1393654043853852e-35
original,rus,75,155,100,29,0.9990867886813224,1.6275969566642557e-38
original,rus,75,156,100,29,0.9986447180719108,3.350557050831046e-36
original,rus,75,157,100,29,0.9989325859679427,1.3364074989618722e-37
original,rus,75,158,100,29,0.9985165946685652,1.1334453106072567e-35
original,rus,75,159,100,29,0.9988492502181304,3.6853277117321418e-37
original,rus,75,160,100,29,0.9993246954808662,2.771285721347391e-40
original,rus,75,161,100,29,0.9989647245584288,8.846688145152249e-38
original,rus,75,162,100,29,0.998867400200415,2.973803872727257e-37
original,rus,75,163,100,29,0.9985749118858369,6.597865408217099e-36
original,rus,75,164,100,29,0.9972175628009826,5.480868373501179e-32
original,rus,75,165,100,29,0.9989481875233558,1.095598403781926e-37
original,rus,75,166,100,29,0.9985694108162427,6.949891127150303e-36
original,rus,75,167,100,29,0.9984893822001457,1.4484751355427873e-35
original,rus,75,168,100,29,0.9981993861722154,1.5479909666895636e-34
original,rus,75,169,100,29,0.9985235760957765,1.0635547796044289e-35
original,rus,75,170,100,29,0.999292653809668,5.180685197194417e-40
original,rus,75,171,100,29,0.9981440076779022,2.3293185382952447e-34
original,rus,75,172,100,29,0.9992408021008008,1.3459109880045344e-39
original,rus,75,173,100,29,0.9979912637074699,6.768987088986173e-34
original,rus,75,174,100,29,0.9984558719891237,1.9474387158179904e-35
original,rus,75,175,100,29,0.9981305603884791,2.56756209264448e-34
original,rus,75,176,100,29,0.9987418893502202,1.2279107661901638e-36
original,rus,75,177,100,29,0.9984814220484417,1.5549075061442343e-35
original,rus,75,178,100,29,0.9980646288864395,4.097955007599491e-34
original,rus,75,179,100,29,0.9981692244959964,1.936814593966585e-34
original,rus,75,180,100,29,0.9981296140894599,2.5851492026664886e-34
original,rus,75,181,100,29,0.9990265571922556,3.8536581372963424e-38
original,rus,75,182,100,29,0.9985912923398113,5.6449943366087714e-36
original,rus,75,183,100,29,0.9988057807422894,6.0779760427832355e-37
original,rus,75,184,100,29,0.9993761035193827,9.51886425801354e-41
original,rus,75,185,100,29,0.9986509291884046,3.149209520604994e-36
original,rus,75,186,100,29,0.9990611648608322,2.3644262382419797e-38
original,rus,75,187,100,29,0.9982118110007946,1.4099481981590743e-34
original,rus,75,188,100,29,0.9991718404551193,4.3509960646498945e-39
original,rus,75,189,100,29,0.9974060601498034,2.1283470978701384e-32
original,rus,75,190,100,29,0.9982070319287756,1.4616366339611756e-34
original,rus,75,191,100,29,0.9992255647374594,1.7598857083900962e-39
original,rus,75,192,100,29,0.9992985325070735,4.628835367454116e-40
original,rus,75,193,100,29,0.9978248752997353,1.9800651030127393e-33
original,rus,75,194,100,29,0.9989151259563368,1.6634942564825707e-37
original,rus,75,195,100,29,0.9987621026449717,9.868614133268436e-37
original,rus,75,196,100,29,0.9987430157506674,1.2131600966282582e-36
original,rus,75,197,100,29,0.9990879979583814,1.598751674535852e-38
original,rus,75,198,100,29,0.9989592767670148,9.4959409557308e-38
original,rus,75,199,100,29,0.9994041360679086,5.118262871106811e-41
original,rus,100,0,100,29,0.9999999999999996,9.704893611509605e-205
original,rus,100,1,100,29,0.9999999999999996,9.704893611509605e-205
original,rus,100,2,100,29,0.9999999999999996,9.704893611509605e-205
original,rus,100,3,100,29,0.9999999999999996,9.704893611509605e-205
original,rus,100,4,100,29,0.9999999999999996,9.704893611509605e-205
original,rus,100,5,100,29,0.9999999999999996,9.704893611509605e-205
original,rus,100,6,100,29,0.9999999999999996,9.704893611509605e-205
original,rus,100,7,100,29,0.9999999999999996,9.704893611509605e-205
original,rus,100,8,100,29,0.9999999999999996,9.704893611509605e-205
original,rus,100,9,100,29,0.9999999999999996,9.704893611509605e-205
original,rus,100,10,100,29,0.9999999999999996,9.704893611509605e-205
original,rus,100,11,100,29,0.9999999999999996,9.704893611509605e-205
original,rus,100,12,100,29,0.9999999999999996,9.704893611509605e-205
original,rus,100,13,100,29,0.9999999999999996,9.704893611509605e-205
original,rus,100,14,100,29,0.9999999999999996,9.704893611509605e-205
original,rus,100,15,100,29,0.9999999999999996,9.704893611509605e-205
original,rus,100,16,100,29,0.9999999999999996,9.704893611509605e-205
original,rus,100,17,100,29,0.9999999999999996,9.704893611509605e-205
original,rus,100,18,100,29,0.9999999999999996,9.704893611509605e-205
original,rus,100,19,100,29,0.9999999999999996,9.704893611509605e-205
original,rus,100,20,100,29,0.9999999999999996,9.704893611509605e-205
original,rus,100,21,100,29,0.9999999999999996,9.704893611509605e-205
original,rus,100,22,100,29,0.9999999999999996,9.704893611509605e-205
original,rus,100,23,100,29,0.9999999999999996,9.704893611509605e-205
original,rus,100,24,100,29,0.9999999999999996,9.704893611509605e-205
original,rus,100,25,100,29,0.9999999999999996,9.704893611509605e-205
original,rus,100,26,100,29,0.9999999999999996,9.704893611509605e-205
original,rus,100,27,100,29,0.9999999999999996,9.704893611509605e-205
original,rus,100,28,100,29,0.9999999999999996,9.704893611509605e-205
original,rus,100,29,100,29,0.9999999999999996,9.704893611509605e-205
original,rus,100,30,100,29,0.9999999999999996,9.704893611509605e-205
original,rus,100,31,100,29,0.9999999999999996,9.704893611509605e-205
original,rus,100,32,100,29,0.9999999999999996,9.704893611509605e-205
original,rus,100,33,100,29,0.9999999999999996,9.704893611509605e-205
original,rus,100,34,100,29,0.9999999999999996,9.704893611509605e-205
original,rus,100,35,100,29,0.9999999999999996,9.704893611509605e-205
original,rus,100,36,100,29,0.9999999999999996,9.704893611509605e-205
original,rus,100,37,100,29,0.9999999999999996,9.704893611509605e-205
original,rus,100,38,100,29,0.9999999999999996,9.704893611509605e-205
original,rus,100,39,100,29,0.9999999999999996,9.704893611509605e-205
original,rus,100,40,100,29,0.9999999999999996,9.704893611509605e-205
original,rus,100,41,100,29,0.9999999999999996,9.704893611509605e-205
original,rus,100,42,100,29,0.9999999999999996,9.704893611509605e-205
original,rus,100,43,100,29,0.9999999999999996,9.704893611509605e-205
original,rus,100,44,100,29,0.9999999999999996,9.704893611509605e-205
original,rus,100,45,100,29,0.9999999999999996,9.704893611509605e-205
original,rus,100,46,100,29,0.9999999999999996,9.704893611509605e-205
original,rus,100,47,100,29,0.9999999999999996,9.704893611509605e-205
original,rus,100,48,100,29,0.9999999999999996,9.704893611509605e-205
original,rus,100,49,100,29,0.9999999999999996,9.704893611509605e-205
original,rus,100,50,100,29,0.9999999999999996,9.704893611509605e-205
original,rus,100,51,100,29,0.9999999999999996,9.704893611509605e-205
original,rus,100,52,100,29,0.9999999999999996,9.704893611509605e-205
original,rus,100,53,100,29,0.9999999999999996,9.704893611509605e-205
original,rus,100,54,100,29,0.9999999999999996,9.704893611509605e-205
original,rus,100,55,100,29,0.9999999999999996,9.704893611509605e-205
original,rus,100,56,100,29,0.9999999999999996,9.704893611509605e-205
original,rus,100,57,100,29,0.9999999999999996,9.704893611509605e-205
original,rus,100,58,100,29,0.9999999999999996,9.704893611509605e-205
original,rus,100,59,100,29,0.9999999999999996,9.704893611509605e-205
original,rus,100,60,100,29,0.9999999999999996,9.704893611509605e-205
original,rus,100,61,100,29,0.9999999999999996,9.704893611509605e-205
original,rus,100,62,100,29,0.9999999999999996,9.704893611509605e-205
original,rus,100,63,100,29,0.9999999999999996,9.704893611509605e-205
original,rus,100,64,100,29,0.9999999999999996,9.704893611509605e-205
original,rus,100,65,100,29,0.9999999999999996,9.704893611509605e-205
original,rus,100,66,100,29,0.9999999999999996,9.704893611509605e-205
original,rus,100,67,100,29,0.9999999999999996,9.704893611509605e-205
original,rus,100,68,100,29,0.9999999999999996,9.704893611509605e-205
original,rus,100,69,100,29,0.9999999999999996,9.704893611509605e-205
original,rus,100,70,100,29,0.9999999999999996,9.704893611509605e-205
original,rus,100,71,100,29,0.9999999999999996,9.704893611509605e-205
original,rus,100,72,100,29,0.9999999999999996,9.704893611509605e-205
original,rus,100,73,100,29,0.9999999999999996,9.704893611509605e-205
original,rus,100,74,100,29,0.9999999999999996,9.704893611509605e-205
original,rus,100,75,100,29,0.9999999999999996,9.704893611509605e-205
original,rus,100,76,100,29,0.9999999999999996,9.704893611509605e-205
original,rus,100,77,100,29,0.9999999999999996,9.704893611509605e-205
original,rus,100,78,100,29,0.9999999999999996,9.704893611509605e-205
original,rus,100,79,100,29,0.9999999999999996,9.704893611509605e-205
original,rus,100,80,100,29,0.9999999999999996,9.704893611509605e-205
original,rus,100,81,100,29,0.9999999999999996,9.704893611509605e-205
original,rus,100,82,100,29,0.9999999999999996,9.704893611509605e-205
original,rus,100,83,100,29,0.9999999999999996,9.704893611509605e-205
original,rus,100,84,100,29,0.9999999999999996,9.704893611509605e-205
original,rus,100,85,100,29,0.9999999999999996,9.704893611509605e-205
original,rus,100,86,100,29,0.9999999999999996,9.704893611509605e-205
original,rus,100,87,100,29,0.9999999999999996,9.704893611509605e-205
original,rus,100,88,100,29,0.9999999999999996,9.704893611509605e-205
original,rus,100,89,100,29,0.9999999999999996,9.704893611509605e-205
original,rus,100,90,100,29,0.9999999999999996,9.704893611509605e-205
original,rus,100,91,100,29,0.9999999999999996,9.704893611509605e-205
original,rus,100,92,100,29,0.9999999999999996,9.704893611509605e-205
original,rus,100,93,100,29,0.9999999999999996,9.704893611509605e-205
original,rus,100,94,100,29,0.9999999999999996,9.704893611509605e-205
original,rus,100,95,100,29,0.9999999999999996,9.704893611509605e-205
original,rus,100,96,100,29,0.9999999999999996,9.704893611509605e-205
original,rus,100,97,100,29,0.9999999999999996,9.704893611509605e-205
original,rus,100,98,100,29,0.9999999999999996,9.704893611509605e-205
original,rus,100,99,100,29,0.9999999999999996,9.704893611509605e-205
original,rus,100,100,100,29,0.9999999999999996,9.704893611509605e-205
original,rus,100,101,100,29,0.9999999999999996,9.704893611509605e-205
original,rus,100,102,100,29,0.9999999999999996,9.704893611509605e-205
original,rus,100,103,100,29,0.9999999999999996,9.704893611509605e-205
original,rus,100,104,100,29,0.9999999999999996,9.704893611509605e-205
original,rus,100,105,100,29,0.9999999999999996,9.704893611509605e-205
original,rus,100,106,100,29,0.9999999999999996,9.704893611509605e-205
original,rus,100,107,100,29,0.9999999999999996,9.704893611509605e-205
original,rus,100,108,100,29,0.9999999999999996,9.704893611509605e-205
original,rus,100,109,100,29,0.9999999999999996,9.704893611509605e-205
original,rus,100,110,100,29,0.9999999999999996,9.704893611509605e-205
original,rus,100,111,100,29,0.9999999999999996,9.704893611509605e-205
original,rus,100,112,100,29,0.9999999999999996,9.704893611509605e-205
original,rus,100,113,100,29,0.9999999999999996,9.704893611509605e-205
original,rus,100,114,100,29,0.9999999999999996,9.704893611509605e-205
original,rus,100,115,100,29,0.9999999999999996,9.704893611509605e-205
original,rus,100,116,100,29,0.9999999999999996,9.704893611509605e-205
original,rus,100,117,100,29,0.9999999999999996,9.704893611509605e-205
original,rus,100,118,100,29,0.9999999999999996,9.704893611509605e-205
original,rus,100,119,100,29,0.9999999999999996,9.704893611509605e-205
original,rus,100,120,100,29,0.9999999999999996,9.704893611509605e-205
original,rus,100,121,100,29,0.9999999999999996,9.704893611509605e-205
original,rus,100,122,100,29,0.9999999999999996,9.704893611509605e-205
original,rus,100,123,100,29,0.9999999999999996,9.704893611509605e-205
original,rus,100,124,100,29,0.9999999999999996,9.704893611509605e-205
original,rus,100,125,100,29,0.9999999999999996,9.704893611509605e-205
original,rus,100,126,100,29,0.9999999999999996,9.704893611509605e-205
original,rus,100,127,100,29,0.9999999999999996,9.704893611509605e-205
original,rus,100,128,100,29,0.9999999999999996,9.704893611509605e-205
original,rus,100,129,100,29,0.9999999999999996,9.704893611509605e-205
original,rus,100,130,100,29,0.9999999999999996,9.704893611509605e-205
original,rus,100,131,100,29,0.9999999999999996,9.704893611509605e-205
original,rus,100,132,100,29,0.9999999999999996,9.704893611509605e-205
original,rus,100,133,100,29,0.9999999999999996,9.704893611509605e-205
original,rus,100,134,100,29,0.9999999999999996,9.704893611509605e-205
original,rus,100,135,100,29,0.9999999999999996,9.704893611509605e-205
original,rus,100,136,100,29,0.9999999999999996,9.704893611509605e-205
original,rus,100,137,100,29,0.9999999999999996,9.704893611509605e-205
original,rus,100,138,100,29,0.9999999999999996,9.704893611509605e-205
original,rus,100,139,100,29,0.9999999999999996,9.704893611509605e-205
original,rus,100,140,100,29,0.9999999999999996,9.704893611509605e-205
original,rus,100,141,100,29,0.9999999999999996,9.704893611509605e-205
original,rus,100,142,100,29,0.9999999999999996,9.704893611509605e-205
original,rus,100,143,100,29,0.9999999999999996,9.704893611509605e-205
original,rus,100,144,100,29,0.9999999999999996,9.704893611509605e-205
original,rus,100,145,100,29,0.9999999999999996,9.704893611509605e-205
original,rus,100,146,100,29,0.9999999999999996,9.704893611509605e-205
original,rus,100,147,100,29,0.9999999999999996,9.704893611509605e-205
original,rus,100,148,100,29,0.9999999999999996,9.704893611509605e-205
original,rus,100,149,100,29,0.9999999999999996,9.704893611509605e-205
original,rus,100,150,100,29,0.9999999999999996,9.704893611509605e-205
original,rus,100,151,100,29,0.9999999999999996,9.704893611509605e-205
original,rus,100,152,100,29,0.9999999999999996,9.704893611509605e-205
original,rus,100,153,100,29,0.9999999999999996,9.704893611509605e-205
original,rus,100,154,100,29,0.9999999999999996,9.704893611509605e-205
original,rus,100,155,100,29,0.9999999999999996,9.704893611509605e-205
original,rus,100,156,100,29,0.9999999999999996,9.704893611509605e-205
original,rus,100,157,100,29,0.9999999999999996,9.704893611509605e-205
original,rus,100,158,100,29,0.9999999999999996,9.704893611509605e-205
original,rus,100,159,100,29,0.9999999999999996,9.704893611509605e-205
original,rus,100,160,100,29,0.9999999999999996,9.704893611509605e-205
original,rus,100,161,100,29,0.9999999999999996,9.704893611509605e-205
original,rus,100,162,100,29,0.9999999999999996,9.704893611509605e-205
original,rus,100,163,100,29,0.9999999999999996,9.704893611509605e-205
original,rus,100,164,100,29,0.9999999999999996,9.704893611509605e-205
original,rus,100,165,100,29,0.9999999999999996,9.704893611509605e-205
original,rus,100,166,100,29,0.9999999999999996,9.704893611509605e-205
original,rus,100,167,100,29,0.9999999999999996,9.704893611509605e-205
original,rus,100,168,100,29,0.9999999999999996,9.704893611509605e-205
original,rus,100,169,100,29,0.9999999999999996,9.704893611509605e-205
original,rus,100,170,100,29,0.9999999999999996,9.704893611509605e-205
original,rus,100,171,100,29,0.9999999999999996,9.704893611509605e-205
original,rus,100,172,100,29,0.9999999999999996,9.704893611509605e-205
original,rus,100,173,100,29,0.9999999999999996,9.704893611509605e-205
original,rus,100,174,100,29,0.9999999999999996,9.704893611509605e-205
original,rus,100,175,100,29,0.9999999999999996,9.704893611509605e-205
original,rus,100,176,100,29,0.9999999999999996,9.704893611509605e-205
original,rus,100,177,100,29,0.9999999999999996,9.704893611509605e-205
original,rus,100,178,100,29,0.9999999999999996,9.704893611509605e-205
original,rus,100,179,100,29,0.9999999999999996,9.704893611509605e-205
original,rus,100,180,100,29,0.9999999999999996,9.704893611509605e-205
original,rus,100,181,100,29,0.9999999999999996,9.704893611509605e-205
original,rus,100,182,100,29,0.9999999999999996,9.704893611509605e-205
original,rus,100,183,100,29,0.9999999999999996,9.704893611509605e-205
original,rus,100,184,100,29,0.9999999999999996,9.704893611509605e-205
original,rus,100,185,100,29,0.9999999999999996,9.704893611509605e-205
original,rus,100,186,100,29,0.9999999999999996,9.704893611509605e-205
original,rus,100,187,100,29,0.9999999999999996,9.704893611509605e-205
original,rus,100,188,100,29,0.9999999999999996,9.704893611509605e-205
original,rus,100,189,100,29,0.9999999999999996,9.704893611509605e-205
original,rus,100,190,100,29,0.9999999999999996,9.704893611509605e-205
original,rus,100,191,100,29,0.9999999999999996,9.704893611509605e-205
original,rus,100,192,100,29,0.9999999999999996,9.704893611509605e-205
original,rus,100,193,100,29,0.9999999999999996,9.704893611509605e-205
original,rus,100,194,100,29,0.9999999999999996,9.704893611509605e-205
original,rus,100,195,100,29,0.9999999999999996,9.704893611509605e-205
original,rus,100,196,100,29,0.9999999999999996,9.704893611509605e-205
original,rus,100,197,100,29,0.9999999999999996,9.704893611509605e-205
original,rus,100,198,100,29,0.9999999999999996,9.704893611509605e-205
original,rus,100,199,100,29,0.9999999999999996,9.704893611509605e-205
original,zho,10,0,100,29,0.9188107932869299,2.06751567660878e-12
original,zho,10,1,100,29,0.988003839097772,1.9178618488145006e-23
original,zho,10,2,100,29,0.973605776883981,7.40322127083552e-19
original,zho,10,3,100,29,0.9577045232001973,3.9193889977001644e-16
original,zho,10,4,100,29,0.9365407241910096,8.263793005336671e-14
original,zho,10,5,100,29,0.969667244765244,4.7291389674509704e-18
original,zho,10,6,100,29,0.9844752612285091,6.103839017056981e-22
original,zho,10,7,100,29,0.97343427274653,8.071520645570028e-19
original,zho,10,8,100,29,0.9627456899986817,7.279468828747484e-17
original,zho,10,9,100,29,0.9687203420611532,7.121690599505069e-18
original,zho,10,10,100,29,0.9606309601832363,1.5148549101956665e-16
original,zho,10,11,100,29,0.9737291414939576,6.954546154333108e-19
original,zho,10,12,100,29,0.9658870183704361,2.2578614769716444e-17
original,zho,10,13,100,29,0.9680479854234046,9.45255928187548e-18
original,zho,10,14,100,29,0.9696747006484302,4.7136774204064784e-18
original,zho,10,15,100,29,0.9771389982067924,1.0860840458690516e-19
original,zho,10,16,100,29,0.9595418764538147,2.1754895355584082e-16
original,zho,10,17,100,29,0.9813710548432971,7.021217971823888e-21
original,zho,10,18,100,29,0.9734808363271864,7.884768842340485e-19
original,zho,10,19,100,29,0.959156032831785,2.46725281518424e-16
original,zho,10,20,100,29,0.9726129922755966,1.2116125988754109e-18
original,zho,10,21,100,29,0.9359534018985461,9.325355052849445e-14
original,zho,10,22,100,29,0.9589307567138738,2.653887356728812e-16
original,zho,10,23,100,29,0.9526258578086636,1.7577880179288834e-15
original,zho,10,24,100,29,0.990450307757943,8.949836274337241e-25
original,zho,10,25,100,29,0.967770532564606,1.0605451169824047e-17
original,zho,10,26,100,29,0.9653479246463996,2.7812704871341583e-17
original,zho,10,27,100,29,0.9520785511080296,2.0459719468167633e-15
original,zho,10,28,100,29,0.9732562704305736,8.823761033262769e-19
original,zho,10,29,100,29,0.9136735964800478,4.588639735565161e-12
original,zho,10,30,100,29,0.9857480207853788,1.9378831124619763e-22
original,zho,10,31,100,29,0.9423300880135959,2.3514769117121742e-14
original,zho,10,32,100,29,0.9356677373066026,9.885867966547883e-14
original,zho,10,33,100,29,0.937244826675705,7.138289378892134e-14
original,zho,10,34,100,29,0.948729123360033,4.992840110530152e-15
original,zho,10,35,100,29,0.9320936749332861,2.0077600691128228e-13
original,zho,10,36,100,29,0.9750099209819207,3.5686404353502293e-19
original,zho,10,37,100,29,0.9721868430819783,1.4886773929414523e-18
original,zho,10,38,100,29,0.9521295607965582,2.0173777203358785e-15
original,zho,10,39,100,29,0.9644368367091948,3.9270372553480796e-17
original,zho,10,40,100,29,0.9354645006561089,1.0303367945349509e-13
original,zho,10,41,100,29,0.9591058073588835,2.5077811159507823e-16
original,zho,10,42,100,29,0.9533860368929362,1.4193388087396686e-15
original,zho,10,43,100,29,0.9852155492263942,3.1697755252817767e-22
original,zho,10,44,100,29,0.9709593261901055,2.647711627233935e-18
original,zho,10,45,100,29,0.9801270589918256,1.668165898492934e-20
original,zho,10,46,100,29,0.9842987554139986,7.102903768652164e-22
original,zho,10,47,100,29,0.9609044135279873,1.3810470960131964e-16
original,zho,10,48,100,29,0.9399406972740731,4.010151380382092e-14
original,zho,10,49,100,29,0.9871179231442164,4.992347633580282e-23
original,zho,10,50,100,29,0.9689896076566267,6.3472280597509025e-18
original,zho,10,51,100,29,0.9663498143039627,1.8827801457599354e-17
original,zho,10,52,100,29,0.9917959700308492,1.1607541443170014e-25
original,zho,10,53,100,29,0.9455134377058961,1.1134739573466822e-14
original,zho,10,54,100,29,0.9391136419383092,4.799542316016585e-14
original,zho,10,55,100,29,0.9706793533678567,3.0088913562383963e-18
original,zho,10,56,100,29,0.9655581849672009,2.565070475753232e-17
original,zho,10,57,100,29,0.9766162565625189,1.4692048518856722e-19
original,zho,10,58,100,29,0.9576568040939907,3.978382722431307e-16
original,zho,10,59,100,29,0.9871846062604268,4.656356396078841e-23
original,zho,10,60,100,29,0.9506912318837774,2.9829030482973272e-15
original,zho,10,61,100,29,0.9666186500795483,1.6922360968577834e-17
original,zho,10,62,100,29,0.9729035383436805,1.0509327121414076e-18
original,zho,10,63,100,29,0.9459022471748245,1.0132092745007207e-14
original,zho,10,64,100,29,0.9495537656810602,4.030995931665524e-15
original,zho,10,65,100,29,0.9526124896515619,1.764355903814236e-15
original,zho,10,66,100,29,0.9530484691254453,1.5614225630931019e-15
original,zho,10,67,100,29,0.9394070049207496,4.504475158743089e-14
original,zho,10,68,100,29,0.9560319671202401,6.5507644256232e-16
original,zho,10,69,100,29,0.953338936623469,1.4384199954163452e-15
original,zho,10,70,100,29,0.9436692154254468,1.7260946330484268e-14
original,zho,10,71,100,29,0.9636373991115127,5.276534728577134e-17
original,zho,10,72,100,29,0.9460349949964687,9.809304778152897e-15
original,zho,10,73,100,29,0.968819783082103,6.8260466147932664e-18
original,zho,10,74,100,29,0.9466672195396907,8.398109451668564e-15
original,zho,10,75,100,29,0.9791216011181002,3.228854511655781e-20
original,zho,10,76,100,29,0.9461749715374426,9.479232291706322e-15
original,zho,10,77,100,29,0.9606254036058527,1.5176939267103625e-16
original,zho,10,78,100,29,0.9671339935255449,1.3758262370596819e-17
original,zho,10,79,100,29,0.9702882873222096,3.5899315579006175e-18
original,zho,10,80,100,29,0.9277606230501871,4.508948184589286e-13
original,zho,10,81,100,29,0.9655843349571093,2.5392954788798334e-17
original,zho,10,82,100,29,0.9538001190875082,1.2613611862468858e-15
original,zho,10,83,100,29,0.9536976571613055,1.2988639062313309e-15
original,zho,10,84,100,29,0.9635958922757089,5.357112917443929e-17
original,zho,10,85,100,29,0.9712444120011025,2.321456293919727e-18
original,zho,10,86,100,29,0.9905721549893365,7.5307043229636945e-25
original,zho,10,87,100,29,0.9631004222735419,6.410866937252384e-17
original,zho,10,88,100,29,0.9734028618881985,8.199799443658024e-19
original,zho,10,89,100,29,0.9760563382277874,2.0155132949274918e-19
original,zho,10,90,100,29,0.9733909845778894,8.248794149316042e-19
original,zho,10,91,100,29,0.9539795745616384,1.1980757555347598e-15
original,zho,10,92,100,29,0.9732326452211878,8.928332294633852e-19
original,zho,10,93,100,29,0.9813584423487753,7.085139901229487e-21
original,zho,10,94,100,29,0.9868691420471368,6.453865817698282e-23
original,zho,10,95,100,29,0.9700674861665037,3.962142447373273e-18
original,zho,10,96,100,29,0.969644753038665,4.776065249827883e-18
original,zho,10,97,100,29,0.9522167312119636,1.9693650593341797e-15
original,zho,10,98,100,29,0.9784280765129063,4.9988145519053735e-20
original,zho,10,99,100,29,0.9746927266611799,4.223198999303271e-19
original,zho,10,100,100,29,0.9725548702000931,1.2463632116118043e-18
original,zho,10,101,100,29,0.9259024214860067,6.282449302284592e-13
original,zho,10,102,100,29,0.9654141938495319,2.711378191170337e-17
original,zho,10,103,100,29,0.9756890386250192,2.470037909004117e-19
original,zho,10,104,100,29,0.9705223806223986,3.2307940343761424e-18
original,zho,10,105,100,29,0.9644837406385083,3.858759447201682e-17
original,zho,10,106,100,29,0.9782596758374605,5.546625060747251e-20
original,zho,10,107,100,29,0.9575718130446275,4.0854889725004795e-16
original,zho,10,108,100,29,0.9775794490357266,8.373875797235115e-20
original,zho,10,109,100,29,0.9751835665306602,3.2513589969619695e-19
original,zho,10,110,100,29,0.9572849541244879,4.4669567149036585e-16
original,zho,10,111,100,29,0.9701766541235411,3.773874718899919e-18
original,zho,10,112,100,29,0.9792726142430351,2.930034370336158e-20
original,zho,10,113,100,29,0.9648805340768937,3.323498552689028e-17
original,zho,10,114,100,29,0.948878839039502,4.803847752969038e-15
original,zho,10,115,100,29,0.9849054383199897,4.187418110456345e-22
original,zho,10,116,100,29,0.9771108675389565,1.1040827658393109e-19
original,zho,10,117,100,29,0.9711499131069,2.4252383315831052e-18
original,zho,10,118,100,29,0.9539184912223443,1.2192802812544962e-15
original,zho,10,119,100,29,0.949556765305807,4.0278332101859164e-15
original,zho,10,120,100,29,0.9600714322679009,1.8267211190229112e-16
original,zho,10,121,100,29,0.9472554524110006,7.255689225434633e-15
original,zho,10,122,100,29,0.9685344628721342,7.706272825055633e-18
original,zho,10,123,100,29,0.9791121817858773,3.248395865109918e-20
original,zho,10,124,100,29,0.9594740049929412,2.224383690295119e-16
original,zho,10,125,100,29,0.9567588144427129,5.253299960747539e-16
original,zho,10,126,100,29,0.9704791806788107,3.2944632317329034e-18
original,zho,10,127,100,29,0.9646201423638341,3.6663802469783417e-17
original,zho,10,128,100,29,0.9191019397219594,1.973100091920841e-12
original,zho,10,129,100,29,0.981573054952449,6.067442431062348e-21
original,zho,10,130,100,29,0.9687825271267919,6.9354562409565856e-18
original,zho,10,131,100,29,0.9541509548382613,1.1403857779594527e-15
original,zho,10,132,100,29,0.974319033419013,5.136030602753748e-19
original,zho,10,133,100,29,0.958097856845935,3.4629984727947527e-16
original,zho,10,134,100,29,0.9869246008570374,6.097416992148155e-23
original,zho,10,135,100,29,0.9719413653239829,1.6737549780776463e-18
original,zho,10,136,100,29,0.9739218862400382,6.303581064433659e-19
original,zho,10,137,100,29,0.9458519899979204,1.0256832769854428e-14
original,zho,10,138,100,29,0.979998772565147,1.818184665026698e-20
original,zho,10,139,100,29,0.9561894876738386,6.246768012980135e-16
original,zho,10,140,100,29,0.9785810581503493,4.5449668160490546e-20
original,zho,10,141,100,29,0.9742908584852523,5.211760030034387e-19
original,zho,10,142,100,29,0.9454890377124734,1.1200614280803321e-14
original,zho,10,143,100,29,0.972290626891568,1.4162753743494573e-18
original,zho,10,144,100,29,0.9539802263357239,1.1978513444635074e-15
original,zho,10,145,100,29,0.9788349328589308,3.8749890387189406e-20
original,zho,10,146,100,29,0.9447911415468281,1.3244057377452365e-14
original,zho,10,147,100,29,0.9596434074823174,2.104196961861854e-16
original,zho,10,148,100,29,0.9686535260964699,7.326935056434336e-18
original,zho,10,149,100,29,0.9781385259106083,5.974491529629207e-20
original,zho,10,150,100,29,0.9415882300074907,2.78199597732243e-14
original,zho,10,151,100,29,0.9518177024388979,2.19813011461188e-15
original,zho,10,152,100,29,0.9710973533797033,2.48480019014358e-18
original,zho,10,153,100,29,0.9805373203597496,1.2617743513551167e-20
original,zho,10,154,100,29,0.9819228317524227,4.69393479167382e-21
original,zho,10,155,100,29,0.978827463551709,3.8933204150464783e-20
original,zho,10,156,100,29,0.9813244779115652,7.25996217347781e-21
original,zho,10,157,100,29,0.9737998806965578,6.708743614494684e-19
original,zho,10,158,100,29,0.9704912804367816,3.2765144093113506e-18
original,zho,10,159,100,29,0.9445510414564642,1.4023022827190562e-14
original,zho,10,160,100,29,0.9579493465835291,3.629216383015099e-16
original,zho,10,161,100,29,0.9822485040966797,3.679409436528568e-21
original,zho,10,162,100,29,0.9821433368565926,3.982377867109512e-21
original,zho,10,163,100,29,0.9770357113142799,1.1535309433084384e-19
original,zho,10,164,100,29,0.9764698749426004,1.59696811870377e-19
original,zho,10,165,100,29,0.9668141691115155,1.565024702161797e-17
original,zho,10,166,100,29,0.9528095507021783,1.669793336183111e-15
original,zho,10,167,100,29,0.9444463072194333,1.4375869952610247e-14
original,zho,10,168,100,29,0.9519732150834795,2.1062067410491382e-15
original,zho,10,169,100,29,0.9479299339705511,6.123022127485068e-15
original,zho,10,170,100,29,0.9874690720882896,3.444779085901705e-23
original,zho,10,171,100,29,0.9627300580790031,7.320135490803262e-17
original,zho,10,172,100,29,0.9634614723796806,5.625930634867105e-17
original,zho,10,173,100,29,0.9361139310432292,9.023377074168384e-14
original,zho,10,174,100,29,0.9622029099339461,8.820838717719526e-17
original,zho,10,175,100,29,0.9731284411949115,9.40337674846046e-19
original,zho,10,176,100,29,0.9563271201946373,5.991867971081778e-16
original,zho,10,177,100,29,0.9739220334793594,6.303106071636876e-19
original,zho,10,178,100,29,0.9688091570303364,6.8570884829084215e-18
original,zho,10,179,100,29,0.9756563544158958,2.5147635222415398e-19
original,zho,10,180,100,29,0.9572033006472194,4.581401235885751e-16
original,zho,10,181,100,29,0.9679456343427487,9.863652668740033e-18
original,zho,10,182,100,29,0.9766041687194059,1.4793858993957385e-19
original,zho,10,183,100,29,0.9713617791679431,2.1982746294420626e-18
original,zho,10,184,100,29,0.9463472395740457,9.087080361132818e-15
original,zho,10,185,100,29,0.9657911370807452,2.3437281421346346e-17
original,zho,10,186,100,29,0.9552464665148539,8.281070014042988e-16
original,zho,10,187,100,29,0.9660461383234012,2.1217474741117262e-17
original,zho,10,188,100,29,0.9812251487175647,7.794386425171158e-21
original,zho,10,189,100,29,0.9627144001461991,7.361080048198887e-17
original,zho,10,190,100,29,0.9694245302642549,5.258811772110032e-18
original,zho,10,191,100,29,0.9599185104211928,1.921721812330042e-16
original,zho,10,192,100,29,0.950988968655077,2.7535879676290015e-15
original,zho,10,193,100,29,0.9675445527051906,1.1638986770313305e-17
original,zho,10,194,100,29,0.9566197462587296,5.481502652622356e-16
original,zho,10,195,100,29,0.9763343953750034,1.7242918146321963e-19
original,zho,10,196,100,29,0.9629614784051144,6.738995604026162e-17
original,zho,10,197,100,29,0.9725244487746331,1.2649168910352226e-18
original,zho,10,198,100,29,0.9849315954679344,4.091138596258151e-22
original,zho,10,199,100,29,0.9774254212320315,9.176433753308975e-20
original,zho,25,0,100,29,0.9879449751137582,2.048172182253925e-23
original,zho,25,1,100,29,0.9848439562255584,4.422033868694367e-22
original,zho,25,2,100,29,0.9935295328014797,4.757719273388151e-27
original,zho,25,3,100,29,0.9884170042681885,1.197783094082745e-23
original,zho,25,4,100,29,0.9863626537691249,1.0725775254322315e-22
original,zho,25,5,100,29,0.9680536120747812,9.430425503064172e-18
original,zho,25,6,100,29,0.9832776414462134,1.652888320863489e-21
original,zho,25,7,100,29,0.9905607006233953,7.654651637601896e-25
original,zho,25,8,100,29,0.9836157417781132,1.2570400531415886e-21
original,zho,25,9,100,29,0.9939718243877267,1.8339947192152455e-27
original,zho,25,10,100,29,0.9865511834788067,8.897944956112097e-23
original,zho,25,11,100,29,0.9840873187155702,8.498126956257117e-22
original,zho,25,12,100,29,0.9894419252536079,3.449790789240063e-24
original,zho,25,13,100,29,0.9909774737210566,4.1708666581651285e-25
original,zho,25,14,100,29,0.9907756809707026,5.615616507985758e-25
original,zho,25,15,100,29,0.9803573314437065,1.4272298786986004e-20
original,zho,25,16,100,29,0.987697478655994,2.69084605061439e-23
original,zho,25,17,100,29,0.9908894247784268,4.752707395345984e-25
original,zho,25,18,100,29,0.986446240403044,9.876316632698111e-23
original,zho,25,19,100,29,0.9903041773561813,1.0976922618370227e-24
original,zho,25,20,100,29,0.9913650049680678,2.3110940079302137e-25
original,zho,25,21,100,29,0.9730676768212889,9.691061660660998e-19
original,zho,25,22,100,29,0.97678562054885,1.333201673323385e-19
original,zho,25,23,100,29,0.9880950281901808,1.7310562827300815e-23
original,zho,25,24,100,29,0.9880237534621953,1.8755425695893642e-23
original,zho,25,25,100,29,0.9818271716916506,5.0377548505482886e-21
original,zho,25,26,100,29,0.9759314740899977,2.1605395445086874e-19
original,zho,25,27,100,29,0.9892269678397123,4.5228844725338485e-24
original,zho,25,28,100,29,0.9872098736997571,4.5346032781308686e-23
original,zho,25,29,100,29,0.9875352515044398,3.2083625579205944e-23
original,zho,25,30,100,29,0.9872489461742467,4.352115547968355e-23
original,zho,25,31,100,29,0.9876225989193383,2.9192792247663203e-23
original,zho,25,32,100,29,0.9952418039712666,7.578390854928699e-29
original,zho,25,33,100,29,0.9912765359524689,2.6506727176767517e-25
original,zho,25,34,100,29,0.9816351950924197,5.799081206439396e-21
original,zho,25,35,100,29,0.9865591896582534,8.82711442077121e-23
original,zho,25,36,100,29,0.9880126414233935,1.8990485841509775e-23
original,zho,25,37,100,29,0.9920989444430401,6.996647099738898e-26
original,zho,25,38,100,29,0.9841904765959154,7.788499961038675e-22
original,zho,25,39,100,29,0.9903843746022764,9.817206449659132e-25
original,zho,25,40,100,29,0.9876572417832398,2.8114533939660183e-23
original,zho,25,41,100,29,0.9911154294867376,3.39030005637521e-25
original,zho,25,42,100,29,0.9812435779402771,7.692562335646024e-21
original,zho,25,43,100,29,0.9909849409217217,4.124686463534527e-25
original,zho,25,44,100,29,0.9932337414962435,8.684081574761615e-27
original,zho,25,45,100,29,0.9884529931576429,1.1487478338953996e-23
original,zho,25,46,100,29,0.9850932440281558,3.5401337520848504e-22
original,zho,25,47,100,29,0.9892541721096083,4.371802623034128e-24
original,zho,25,48,100,29,0.9900643343171275,1.5245371182611994e-24
original,zho,25,49,100,29,0.9868680026136964,6.461387312732639e-23
original,zho,25,50,100,29,0.9912652482979429,2.697173708586221e-25
original,zho,25,51,100,29,0.9854181067612422,2.63427692366936e-22
original,zho,25,52,100,29,0.989404880805927,3.616044370154535e-24
original,zho,25,53,100,29,0.9929216019399388,1.593488780099429e-26
original,zho,25,54,100,29,0.9859188707948355,1.6483640719237062e-22
original,zho,25,55,100,29,0.987704432899279,2.67049286296747e-23
original,zho,25,56,100,29,0.9955946115030999,2.6840204499212626e-29
original,zho,25,57,100,29,0.9876377928699487,2.871525605072732e-23
original,zho,25,58,100,29,0.9863062773086896,1.1336338322277074e-22
original,zho,25,59,100,29,0.9880326813983077,1.8568520583857852e-23
original,zho,25,60,100,29,0.991371071642115,2.289351155866184e-25
original,zho,25,61,100,29,0.9881202349912702,1.682473322586556e-23
original,zho,25,62,100,29,0.9911965615686192,2.9968052555476256e-25
original,zho,25,63,100,29,0.9880426007602222,1.8362881804980496e-23
original,zho,25,64,100,29,0.9923222420888176,4.75742275470053e-26
original,zho,25,65,100,29,0.9884347228070088,1.1734043929236425e-23
original,zho,25,66,100,29,0.9880345223766276,1.8530194896649037e-23
original,zho,25,67,100,29,0.985005389168821,3.830442470361712e-22
original,zho,25,68,100,29,0.9922496487801087,5.399602080677467e-26
original,zho,25,69,100,29,0.9811636001066857,8.143553315315167e-21
original,zho,25,70,100,29,0.9914074352008556,2.1629427263908106e-25
original,zho,25,71,100,29,0.9910180159286386,3.925770028553715e-25
original,zho,25,72,100,29,0.9920396153252725,7.737491634167834e-26
original,zho,25,73,100,29,0.9866377206207139,8.159474157733504e-23
original,zho,25,74,100,29,0.9898755710843277,1.9633692903919563e-24
original,zho,25,75,100,29,0.9920825188300858,7.194892059024661e-26
original,zho,25,76,100,29,0.9902037749362157,1.2607414005632035e-24
original,zho,25,77,100,29,0.9858132623290341,1.8221864881455777e-22
original,zho,25,78,100,29,0.9910018008231111,4.0221527125169388e-25
original,zho,25,79,100,29,0.9878864534068793,2.1858030057269857e-23
original,zho,25,80,100,29,0.9906663513574854,6.579627659901613e-25
original,zho,25,81,100,29,0.9790932475233043,3.288008131495138e-20
original,zho,25,82,100,29,0.9926824442328078,2.4920801179969793e-26
original,zho,25,83,100,29,0.98583581273675,1.7837061517875693e-22
original,zho,25,84,100,29,0.9826154727986068,2.781248136268523e-21
original,zho,25,85,100,29,0.9855191316114245,2.3997042345626476e-22
original,zho,25,86,100,29,0.9845981348750001,5.486904667005492e-22
original,zho,25,87,100,29,0.9893381925807054,3.934157584128462e-24
original,zho,25,88,100,29,0.9832639490149667,1.6711188938131263e-21
original,zho,25,89,100,29,0.9912267841067363,2.8613616248170897e-25
original,zho,25,90,100,29,0.9905026007784183,8.312938976413765e-25
original,zho,25,91,100,29,0.9777382135002833,7.614950844771366e-20
original,zho,25,92,100,29,0.9912419826661129,2.795410460334812e-25
original,zho,25,93,100,29,0.9856283301683377,2.167983021370093e-22
original,zho,25,94,100,29,0.9848466950199888,4.411329104315473e-22
original,zho,25,95,100,29,0.9896941531089478,2.492694113746793e-24
original,zho,25,96,100,29,0.9876676440257199,2.7798030813233725e-23
original,zho,25,97,100,29,0.9830454269597463,1.9884203634601405e-21
original,zho,25,98,100,29,0.989430948610719,3.4983006630935185e-24
original,zho,25,99,100,29,0.9900533521563125,1.547344638025474e-24
original,zho,25,100,100,29,0.9906915426185714,6.344827791203923e-25
original,zho,25,101,100,29,0.9870834357637903,5.174785083017074e-23
original,zho,25,102,100,29,0.9896041874000547,2.8015591645294346e-24
original,zho,25,103,100,29,0.9914624098364925,1.9840520046633043e-25
original,zho,25,104,100,29,0.9881213469489081,1.6803595000531156e-23
original,zho,25,105,100,29,0.9717855768623181,1.802004631918183e-18
original,zho,25,106,100,29,0.9921572428341047,6.333111295177176e-26
original,zho,25,107,100,29,0.9875846047737392,3.041926682551966e-23
original,zho,25,108,100,29,0.9819862889702103,4.477972124815765e-21
original,zho,25,109,100,29,0.9934340395815063,5.7949830475691974e-27
original,zho,25,110,100,29,0.9900715453370391,1.5097310334306388e-24
original,zho,25,111,100,29,0.985531151656396,2.3731195877979765e-22
original,zho,25,112,100,29,0.9850341944046906,3.732917427280014e-22
original,zho,25,113,100,29,0.9848843359295186,4.266614770055555e-22
original,zho,25,114,100,29,0.9913264762510389,2.4537021925593007e-25
original,zho,25,115,100,29,0.9901934740476396,1.2786793283465485e-24
original,zho,25,116,100,29,0.9920747387790506,7.290594290458515e-26
original,zho,25,117,100,29,0.9893946138967679,3.6634164206972524e-24
original,zho,25,118,100,29,0.9825617115316091,2.8987180310431817e-21
original,zho,25,119,100,29,0.9918990840803763,9.791398618041176e-26
original,zho,25,120,100,29,0.9854853665763574,2.475863091959085e-22
original,zho,25,121,100,29,0.9885290251909574,1.0511991847405836e-23
original,zho,25,122,100,29,0.9831688589041578,1.8029469913887514e-21
original,zho,25,123,100,29,0.9874128472939112,3.65818897515607e-23
original,zho,25,124,100,29,0.9852272080007518,3.1364104631935047e-22
original,zho,25,125,100,29,0.9867821530788201,7.051988820957327e-23
original,zho,25,126,100,29,0.9941205642066698,1.3100765269600266e-27
original,zho,25,127,100,29,0.9902106294957611,1.2489342273902286e-24
original,zho,25,128,100,29,0.9851572384936866,3.3416319652022554e-22
original,zho,25,129,100,29,0.9926908536401491,2.453814095434167e-26
original,zho,25,130,100,29,0.9917249221542715,1.3035134425907535e-25
original,zho,25,131,100,29,0.98562190516172,2.181022047685824e-22
original,zho,25,132,100,29,0.992109165870628,6.875846507838473e-26
original,zho,25,133,100,29,0.9933125865502074,7.41657139663216e-27
original,zho,25,134,100,29,0.9869480981708298,5.951960044087473e-23
original,zho,25,135,100,29,0.9912541165073907,2.7437709012371634e-25
original,zho,25,136,100,29,0.9931247498819334,1.0768035977456366e-26
original,zho,25,137,100,29,0.9873571181333192,3.881730060867626e-23
original,zho,25,138,100,29,0.9808300413209808,1.0300969549003353e-20
original,zho,25,139,100,29,0.9930778854351996,1.179903509157139e-26
original,zho,25,140,100,29,0.9853560607375975,2.7886735512755204e-22
original,zho,25,141,100,29,0.9927369320323816,2.2536166983575956e-26
original,zho,25,142,100,29,0.9829939581498882,2.070848674599577e-21
original,zho,25,143,100,29,0.9887623075145175,7.976540038573063e-24
original,zho,25,144,100,29,0.9870105277994113,5.58094469225227e-23
original,zho,25,145,100,29,0.9848953592667482,4.2250733096857194e-22
original,zho,25,146,100,29,0.9902850848439501,1.1271088561586254e-24
original,zho,25,147,100,29,0.9888353479407574,7.307498145630289e-24
original,zho,25,148,100,29,0.9851543479589058,3.3503712279543354e-22
original,zho,25,149,100,29,0.9866389489521181,8.149412728850082e-23
original,zho,25,150,100,29,0.9845031758020399,5.958302764602257e-22
original,zho,25,151,100,29,0.9899943651190865,1.6753443875216532e-24
original,zho,25,152,100,29,0.9932527228586441,8.361833337881613e-27
original,zho,25,153,100,29,0.9874508783736201,3.51254139808557e-23
original,zho,25,154,100,29,0.9903053685437708,1.095880707257529e-24
original,zho,25,155,100,29,0.9877419340621666,2.5631702713674058e-23
original,zho,25,156,100,29,0.994530176646451,4.95384790594053e-28
original,zho,25,157,100,29,0.9891299747606884,5.101750965788335e-24
original,zho,25,158,100,29,0.9922857427073425,5.070902007486555e-26
original,zho,25,159,100,29,0.99294670726256,1.5190818272596907e-26
original,zho,25,160,100,29,0.991462557961415,1.9835890637467184e-25
original,zho,25,161,100,29,0.9858473302286604,1.7643438556847555e-22
original,zho,25,162,100,29,0.9863159097177787,1.1229792085691692e-22
original,zho,25,163,100,29,0.984115870465151,8.295959612895032e-22
original,zho,25,164,100,29,0.9816265622280834,5.835695140477808e-21
original,zho,25,165,100,29,0.9900592442843194,1.5350690342145128e-24
original,zho,25,166,100,29,0.9941120958126861,1.3357150480237348e-27
original,zho,25,167,100,29,0.9885732905363736,9.979965593538145e-24
original,zho,25,168,100,29,0.9919828879125792,8.513124535735098e-26
original,zho,25,169,100,29,0.9850557173813901,3.661552502141487e-22
original,zho,25,170,100,29,0.9838339281607041,1.050276633403478e-21
original,zho,25,171,100,29,0.9848286779971929,4.482192036768091e-22
original,zho,25,172,100,29,0.9897845869583803,2.2142358245577323e-24
original,zho,25,173,100,29,0.9923563768784682,4.4805754311929314e-26
original,zho,25,174,100,29,0.9893699352703009,3.7796437250628665e-24
original,zho,25,175,100,29,0.9768765415924481,1.265086054935551e-19
original,zho,25,176,100,29,0.9899869162137012,1.6921870959150255e-24
original,zho,25,177,100,29,0.988093525609822,1.7339929096392827e-23
original,zho,25,178,100,29,0.9898923699280556,1.9200320646565318e-24
original,zho,25,179,100,29,0.9884569285308981,1.1435000317419115e-23
original,zho,25,180,100,29,0.992586071130651,2.971869335256397e-26
original,zho,25,181,100,29,0.9870319494685212,5.45864964607209e-23
original,zho,25,182,100,29,0.9847059923611152,4.993437977819219e-22
original,zho,25,183,100,29,0.9924750039525265,3.630188931896941e-26
original,zho,25,184,100,29,0.9913188322302333,2.482945883970547e-25
original,zho,25,185,100,29,0.988222588212091,1.4978741852600203e-23
original,zho,25,186,100,29,0.9897368264521328,2.35749152637291e-24
original,zho,25,187,100,29,0.9871715142346156,4.720624070834975e-23
original,zho,25,188,100,29,0.9836902181701818,1.1825708091725702e-21
original,zho,25,189,100,29,0.9736425757450543,7.266661743583881e-19
original,zho,25,190,100,29,0.9832887663651707,1.6382118430887098e-21
original,zho,25,191,100,29,0.9913924704581809,2.214160446759678e-25
original,zho,25,192,100,29,0.9863395842226583,1.0971846761115332e-22
original,zho,25,193,100,29,0.9923115914000938,4.846991974021513e-26
original,zho,25,194,100,29,0.9926995656364662,2.4147452219516234e-26
original,zho,25,195,100,29,0.9867778472392094,7.082886446469769e-23
original,zho,25,196,100,29,0.985908205142025,1.6651954178009277e-22
original,zho,25,197,100,29,0.9918248715959572,1.106936470870201e-25
original,zho,25,198,100,29,0.9928591493287129,1.7934644558485903e-26
original,zho,25,199,100,29,0.9939300947553122,2.0125123613613272e-27
original,zho,50,0,100,29,0.996618298915079,7.601788989866127e-31
original,zho,50,1,100,29,0.9966989351635502,5.490655519709204e-31
original,zho,50,2,100,29,0.9926317153230971,2.734879455817074e-26
original,zho,50,3,100,29,0.9958566996547658,1.1744624590165827e-29
original,zho,50,4,100,29,0.996028539729327,6.636293176200154e-30
original,zho,50,5,100,29,0.9951064030901967,1.1059697436846472e-28
original,zho,50,6,100,29,0.9943274423993943,8.08732417788325e-28
original,zho,50,7,100,29,0.9955091632618287,3.476967870144022e-29
original,zho,50,8,100,29,0.9973924270700426,2.2842390893182422e-32
original,zho,50,9,100,29,0.9962781988038628,2.766287830844177e-30
original,zho,50,10,100,29,0.9954649528104963,3.967574299975851e-29
original,zho,50,11,100,29,0.9958425535671382,1.2296645309988858e-29
original,zho,50,12,100,29,0.9960869387471585,5.435257504529748e-30
original,zho,50,13,100,29,0.9969245299263909,2.1143198965283127e-31
original,zho,50,14,100,29,0.9953201152683214,6.060081544044349e-29
original,zho,50,15,100,29,0.9983464248874355,4.905524704361466e-35
original,zho,50,16,100,29,0.9957138899931341,1.8541961759901007e-29
original,zho,50,17,100,29,0.9962822327918653,2.7261475996393338e-30
original,zho,50,18,100,29,0.9974345780430396,1.833579906247919e-32
original,zho,50,19,100,29,0.9961473743540303,4.406718863822306e-30
original,zho,50,20,100,29,0.9985730762412134,6.7134537663136e-36
original,zho,50,21,100,29,0.9973502350322361,2.8362324919942805e-32
original,zho,50,22,100,29,0.9934510717135805,5.595861942499831e-27
original,zho,50,23,100,29,0.994008081794619,1.6909068732718264e-27
original,zho,50,24,100,29,0.9961872356405075,3.8303532663910976e-30
original,zho,50,25,100,29,0.9926233720740594,2.7768475580209845e-26
original,zho,50,26,100,29,0.9946266176757773,3.89844963918675e-28
original,zho,50,27,100,29,0.9951735350514961,9.181766965200655e-29
original,zho,50,28,100,29,0.9971290530446544,8.360315813188612e-32
original,zho,50,29,100,29,0.994885524250659,2.0045568766915215e-28
original,zho,50,30,100,29,0.9971027799771796,9.452928706553142e-32
original,zho,50,31,100,29,0.996619381132478,7.5690603884870625e-31
original,zho,50,32,100,29,0.9972278202375663,5.214606808286631e-32
original,zho,50,33,100,29,0.9970581967494571,1.1614152762468377e-31
original,zho,50,34,100,29,0.9978031273198669,2.2644059291400684e-33
original,zho,50,35,100,29,0.9942226658471618,1.0347730993181724e-27
original,zho,50,36,100,29,0.9963801036892387,1.902765484901423e-30
original,zho,50,37,100,29,0.9962911548132457,2.6392764113195047e-30
original,zho,50,38,100,29,0.9969869744106822,1.6034723042357014e-31
original,zho,50,39,100,29,0.9956344632839297,2.374696185029112e-29
original,zho,50,40,100,29,0.9971880207723206,6.319687115798619e-32
original,zho,50,41,100,29,0.9957756747891588,1.524689960821721e-29
original,zho,50,42,100,29,0.992470271349135,3.661030936814239e-26
original,zho,50,43,100,29,0.9949612780054989,1.6395340717828624e-28
original,zho,50,44,100,29,0.9939260821352255,2.030499719833489e-27
original,zho,50,45,100,29,0.9973003236995216,3.6477421891318907e-32
original,zho,50,46,100,29,0.9965260974623165,1.0924335477638718e-30
original,zho,50,47,100,29,0.9952548696782448,7.302786127839335e-29
original,zho,50,48,100,29,0.9933711011354099,6.589082499506294e-27
original,zho,50,49,100,29,0.9961026226140123,5.1488865993548075e-30
original,zho,50,50,100,29,0.9943990721753587,6.81523215138212e-28
original,zho,50,51,100,29,0.9962591367069579,2.9634739287183628e-30
original,zho,50,52,100,29,0.9953725029526419,5.207263449851654e-29
original,zho,50,53,100,29,0.9974346717365377,1.8326770799351373e-32
original,zho,50,54,100,29,0.9960008821887567,7.286923703830093e-30
original,zho,50,55,100,29,0.99636277909117,2.029244210681827e-30
original,zho,50,56,100,29,0.9928268828825851,1.9056519169096557e-26
original,zho,50,57,100,29,0.9963324086166154,2.269914585474527e-30
original,zho,50,58,100,29,0.99680082800637,3.5979886045270187e-31
original,zho,50,59,100,29,0.9963225764109896,2.353321509892699e-30
original,zho,50,60,100,29,0.9978897716578596,1.315997493839769e-33
original,zho,50,61,100,29,0.9964409753310436,1.513944840870219e-30
original,zho,50,62,100,29,0.9944397873450049,6.177433032879006e-28
original,zho,50,63,100,29,0.9944700065606235,5.7402788902066965e-28
original,zho,50,64,100,29,0.9966457473033895,6.81087405592871e-31
original,zho,50,65,100,29,0.9955516305510645,3.0591556502941436e-29
original,zho,50,66,100,29,0.9975039932780116,1.266628312121589e-32
original,zho,50,67,100,29,0.99741381023284,2.0441777122386993e-32
original,zho,50,68,100,29,0.9973614621732946,2.6784024753056043e-32
original,zho,50,69,100,29,0.9951958157340126,8.626893612091646e-29
original,zho,50,70,100,29,0.9974141488783481,2.0405711164725177e-32
original,zho,50,71,100,29,0.9958862495790674,1.066472153979269e-29
original,zho,50,72,100,29,0.9971774759115888,6.646818272106302e-32
original,zho,50,73,100,29,0.9948878585339135,1.9922680991331773e-28
original,zho,50,74,100,29,0.9969911036839638,1.5740964722168244e-31
original,zho,50,75,100,29,0.995184634334546,8.901351103006352e-29
original,zho,50,76,100,29,0.9964908513523253,1.2516752011379534e-30
original,zho,50,77,100,29,0.9981593765319138,2.082170457598364e-34
original,zho,50,78,100,29,0.9969854387677116,1.6145257923292767e-31
original,zho,50,79,100,29,0.9959602034387864,8.351755013063878e-30
original,zho,50,80,100,29,0.9951290772420178,1.0388954341802613e-28
original,zho,50,81,100,29,0.9967619010299832,4.235165783565206e-31
original,zho,50,82,100,29,0.9971816353951317,6.515951393052805e-32
original,zho,50,83,100,29,0.9953899626265135,4.94869579780216e-29
original,zho,50,84,100,29,0.9959173627315366,9.62757355794406e-30
original,zho,50,85,100,29,0.9968919502275759,2.437083758426112e-31
original,zho,50,86,100,29,0.9961140742637781,4.9486848584688866e-30
original,zho,50,87,100,29,0.9965846396169427,8.687572381058394e-31
original,zho,50,88,100,29,0.9967994512446937,3.618919181409382e-31
original,zho,50,89,100,29,0.9962306410192475,3.2826185854991006e-30
original,zho,50,90,100,29,0.9948616573365365,2.1342933504678086e-28
original,zho,50,91,100,29,0.9968007300274601,3.59947444243613e-31
original,zho,50,92,100,29,0.9946048799474515,4.116303307302347e-28
original,zho,50,93,100,29,0.9964264734395282,1.5992433875428963e-30
original,zho,50,94,100,29,0.9974078168146697,2.108992511237223e-32
original,zho,50,95,100,29,0.9961509912694795,4.351286171861006e-30
original,zho,50,96,100,29,0.9952912606664686,6.583298615612342e-29
original,zho,50,97,100,29,0.9945604354110386,4.597223490080728e-28
original,zho,50,98,100,29,0.9934662098838208,5.424217725148443e-27
original,zho,50,99,100,29,0.9945667475152612,4.525892389361204e-28
original,zho,50,100,100,29,0.9965098184404438,1.1634938356183217e-30
original,zho,50,101,100,29,0.9973514801686107,2.818313444960017e-32
original,zho,50,102,100,29,0.995907349829804,9.950689501182939e-30
original,zho,50,103,100,29,0.9963670022398675,1.9977152973439127e-30
original,zho,50,104,100,29,0.996205865989453,3.585646348814795e-30
original,zho,50,105,100,29,0.9958297188252512,1.2818177146064994e-29
original,zho,50,106,100,29,0.9968952542879653,2.402385924124367e-31
original,zho,50,107,100,29,0.9962995449078142,2.5599291936636214e-30
original,zho,50,108,100,29,0.9972520150567796,4.633271463115882e-32
original,zho,50,109,100,29,0.9967992962433813,3.6212826750650473e-31
original,zho,50,110,100,29,0.9942038759859204,1.0810231112279031e-27
original,zho,50,111,100,29,0.9975073850516841,1.2436130590249103e-32
original,zho,50,112,100,29,0.9966185305193878,7.594773775038378e-31
original,zho,50,113,100,29,0.9963672204587517,1.996098520340821e-30
original,zho,50,114,100,29,0.9951889495665501,8.79448615237339e-29
original,zho,50,115,100,29,0.9960553657138189,6.056985500929805e-30
original,zho,50,116,100,29,0.9972951664489598,3.7428340629702504e-32
original,zho,50,117,100,29,0.9978248044044566,1.9809357197515887e-33
original,zho,50,118,100,29,0.9965524013054485,9.860504878034693e-31
original,zho,50,119,100,29,0.9951762817831789,9.111621373481412e-29
original,zho,50,120,100,29,0.9961634980613897,4.164543520199981e-30
original,zho,50,121,100,29,0.9976730239579433,4.9198287682260285e-33
original,zho,50,122,100,29,0.9941029865487887,1.3638117422997494e-27
original,zho,50,123,100,29,0.9946973419976579,3.261297369332956e-28
original,zho,50,124,100,29,0.9954579951662946,4.050377499457892e-29
original,zho,50,125,100,29,0.9968253233726717,3.2438255994828125e-31
original,zho,50,126,100,29,0.9970151618836499,1.4126197586850257e-31
original,zho,50,127,100,29,0.9967655648050314,4.1710194723056e-31
original,zho,50,128,100,29,0.9955429592813987,3.1404889857138227e-29
original,zho,50,129,100,29,0.9962302954912987,3.28667657465076e-30
original,zho,50,130,100,29,0.995899879662001,1.0198257822023643e-29
original,zho,50,131,100,29,0.9974406536613207,1.7758800183403017e-32
original,zho,50,132,100,29,0.9961037994767878,5.127971922243391e-30
original,zho,50,133,100,29,0.9962723167307758,2.8257987398604558e-30
original,zho,50,134,100,29,0.9948884851093173,1.9889813993632021e-28
original,zho,50,135,100,29,0.9963024814923715,2.53268299816914e-30
original,zho,50,136,100,29,0.9973953311365357,2.2501716251010823e-32
original,zho,50,137,100,29,0.9952872026094175,6.660148247116965e-29
original,zho,50,138,100,29,0.9981977331165445,1.56727167106896e-34
original,zho,50,139,100,29,0.997047377964962,1.2203440937484623e-31
original,zho,50,140,100,29,0.994024537176832,1.6294384603748773e-27
original,zho,50,141,100,29,0.9960725364175409,5.7111450758982224e-30
original,zho,50,142,100,29,0.994833514867905,2.297240494665062e-28
original,zho,50,143,100,29,0.9958713552937841,1.1196983106961595e-29
original,zho,50,144,100,29,0.9960903149746533,5.372393996517351e-30
original,zho,50,145,100,29,0.99399155010716,1.754815501282429e-27
original,zho,50,146,100,29,0.9961022892874302,5.1548246630183365e-30
original,zho,50,147,100,29,0.9960611602627836,5.938166037057005e-30
original,zho,50,148,100,29,0.9960649355280804,5.861917537571034e-30
original,zho,50,149,100,29,0.9971722533313286,6.814577934395308e-32
original,zho,50,150,100,29,0.9970593392000466,1.1553487361270325e-31
original,zho,50,151,100,29,0.9976477304219553,5.692079152785824e-33
original,zho,50,152,100,29,0.9961094876375258,5.027988538633846e-30
original,zho,50,153,100,29,0.9955659271582895,2.929303852343835e-29
original,zho,50,154,100,29,0.9979049367950987,1.1940075498739833e-33
original,zho,50,155,100,29,0.996364149887609,2.018960069566571e-30
original,zho,50,156,100,29,0.9970107148419484,1.441261000937602e-31
original,zho,50,157,100,29,0.9971430595981592,7.826800988965724e-32
original,zho,50,158,100,29,0.9967806798753017,3.9157734751489e-31
original,zho,50,159,100,29,0.9970823678875961,1.0391468820295982e-31
original,zho,50,160,100,29,0.9932444267021137,8.501291520585307e-27
original,zho,50,161,100,29,0.9974836103429175,1.4134534996014933e-32
original,zho,50,162,100,29,0.9950267381471241,1.3747343379898488e-28
original,zho,50,163,100,29,0.9967623880667766,4.226586306162563e-31
original,zho,50,164,100,29,0.9916818119014188,1.3978833386635182e-25
original,zho,50,165,100,29,0.9972887763471364,3.8638406123697915e-32
original,zho,50,166,100,29,0.9976131968904385,6.928382567441386e-33
original,zho,50,167,100,29,0.9929643552247616,1.468716045693642e-26
original,zho,50,168,100,29,0.9975434329173177,1.0218045121313827e-32
original,zho,50,169,100,29,0.9954366342881403,4.314695278032739e-29
original,zho,50,170,100,29,0.9954075270115085,4.700612540705289e-29
original,zho,50,171,100,29,0.9973552078283482,2.7652924335941795e-32
original,zho,50,172,100,29,0.9966911048387324,5.668853620869951e-31
original,zho,50,173,100,29,0.9948334384713339,2.2976980973013635e-28
original,zho,50,174,100,29,0.9972141601420725,5.571937672163607e-32
original,zho,50,175,100,29,0.9970264939635968,1.3420000294821351e-31
original,zho,50,176,100,29,0.9955361354904428,3.205895988851604e-29
original,zho,50,177,100,29,0.995907454136811,9.947272394169058e-30
original,zho,50,178,100,29,0.9927501784621584,2.1989276474409942e-26
original,zho,50,179,100,29,0.9967491284455471,4.466002186062663e-31
original,zho,50,180,100,29,0.996830869503111,3.1682541435651817e-31
original,zho,50,181,100,29,0.996543961810752,1.0190897470030085e-30
original,zho,50,182,100,29,0.9954283618225296,4.421279360423104e-29
original,zho,50,183,100,29,0.9934210649947526,5.951046125722515e-27
original,zho,50,184,100,29,0.9951491645264289,9.826396613368365e-29
original,zho,50,185,100,29,0.9918933630125636,9.884833061563856e-26
original,zho,50,186,100,29,0.9944537103565917,5.972329539121227e-28
original,zho,50,187,100,29,0.9947294294581138,3.005286260454075e-28
original,zho,50,188,100,29,0.996299867221456,2.5569255050564455e-30
original,zho,50,189,100,29,0.9959548522567737,8.502081335614265e-30
original,zho,50,190,100,29,0.9969132307791392,2.221482802110888e-31
original,zho,50,191,100,29,0.9968295759370513,3.1857330508175024e-31
original,zho,50,192,100,29,0.99696483037433,1.769853893253346e-31
original,zho,50,193,100,29,0.9970040551846396,1.4851593114168694e-31
original,zho,50,194,100,29,0.9954096940994104,4.6708151395339274e-29
original,zho,50,195,100,29,0.9966016082702281,8.12343212043059e-31
original,zho,50,196,100,29,0.9984868967887055,1.4809594079238612e-35
original,zho,50,197,100,29,0.9957056126148279,1.9030335326897713e-29
original,zho,50,198,100,29,0.9964802344322627,1.3036962404058768e-30
original,zho,50,199,100,29,0.9951418121003793,1.0028950104884484e-28
original,zho,75,0,100,29,0.9993773810768496,9.259134562518776e-41
original,zho,75,1,100,29,0.9978971924395378,1.2549311162829027e-33
original,zho,75,2,100,29,0.9977447394198837,3.2254954608753306e-33
original,zho,75,3,100,29,0.9982564446502719,1.0025761277454715e-34
original,zho,75,4,100,29,0.9980568684270482,4.325237236782544e-34
original,zho,75,5,100,29,0.9991194705766305,9.953124100590518e-39
original,zho,75,6,100,29,0.9992974348197565,4.72755327718664e-40
original,zho,75,7,100,29,0.9984552942527892,1.957291742459522e-35
original,zho,75,8,100,29,0.9983032896469772,6.943164308354166e-35
original,zho,75,9,100,29,0.9986487140942427,3.2196948846087075e-36
original,zho,75,10,100,29,0.9990441852256104,3.011426610943762e-38
original,zho,75,11,100,29,0.9988611582535462,3.2027251238951348e-37
original,zho,75,12,100,29,0.9981902368645659,1.657528080340573e-34
original,zho,75,13,100,29,0.9992969656031089,4.7703428979042e-40
original,zho,75,14,100,29,0.999323953687925,2.812652769925906e-40
original,zho,75,15,100,29,0.9989810722163988,7.136794627160733e-38
original,zho,75,16,100,29,0.9991806985661262,3.7632414066020246e-39
original,zho,75,17,100,29,0.9985974886154586,5.319045263446181e-36
original,zho,75,18,100,29,0.9986156734669189,4.460295837214817e-36
original,zho,75,19,100,29,0.9983671897616745,4.1366341641912497e-35
original,zho,75,20,100,29,0.9972672122295041,4.299443176189784e-32
original,zho,75,21,100,29,0.9990185577490795,4.3036420390064135e-38
original,zho,75,22,100,29,0.99781493889624,2.1056034648670237e-33
original,zho,75,23,100,29,0.9990707516178237,2.0586070358312507e-38
original,zho,75,24,100,29,0.9988549499188956,3.446504598133779e-37
original,zho,75,25,100,29,0.9992909097276805,5.355760673304684e-40
original,zho,75,26,100,29,0.9986390166691653,3.545808227819487e-36
original,zho,75,27,100,29,0.9990593384795764,2.4272568015688934e-38
original,zho,75,28,100,29,0.9986882414879985,2.157020943685995e-36
original,zho,75,29,100,29,0.9988687872745172,2.925035567620568e-37
original,zho,75,30,100,29,0.9989832146358067,6.93694130189855e-38
original,zho,75,31,100,29,0.9983935411386026,3.321401055267413e-35
original,zho,75,32,100,29,0.9980908188471554,3.4099841327861343e-34
original,zho,75,33,100,29,0.9993066919350876,3.952708982936374e-40
original,zho,75,34,100,29,0.9969966348523166,1.535527798118753e-31
original,zho,75,35,100,29,0.9983491781763892,4.796474427677856e-35
original,zho,75,36,100,29,0.998423235914459,2.5823042549903537e-35
original,zho,75,37,100,29,0.9985556276001314,7.909707782417667e-36
original,zho,75,38,100,29,0.9990225702485436,4.0721815975038044e-38
original,zho,75,39,100,29,0.998804060874136,6.19715259981517e-37
original,zho,75,40,100,29,0.9982702804512443,9.00412972067289e-35
original,zho,75,41,100,29,0.9981695666527309,1.9319374908768615e-34
original,zho,75,42,100,29,0.9976300088849818,6.298411771318341e-33
original,zho,75,43,100,29,0.9989302664195776,1.3761310020980798e-37
original,zho,75,44,100,29,0.9986646068289726,2.7446729909049476e-36
original,zho,75,45,100,29,0.9988164433503651,5.38521650180966e-37
original,zho,75,46,100,29,0.999147386038963,6.443853321246661e-39
original,zho,75,47,100,29,0.9988927599423795,2.190827133554577e-37
original,zho,75,48,100,29,0.9985068229554246,1.2384277994248356e-35
original,zho,75,49,100,29,0.9977983306163327,2.332005408623832e-33
original,zho,75,50,100,29,0.9982245130457047,1.2806786913779775e-34
original,zho,75,51,100,29,0.9982645434202125,9.415448779596443e-35
original,zho,75,52,100,29,0.9978131047774077,2.1295665022656493e-33
original,zho,75,53,100,29,0.9988226875445411,5.01424160747216e-37
original,zho,75,54,100,29,0.9988240999347764,4.9336796895221124e-37
original,zho,75,55,100,29,0.9989610611132053,9.278583289200601e-38
original,zho,75,56,100,29,0.9988440203253945,3.917855336453206e-37
original,zho,75,57,100,29,0.9986567598972651,2.9704448495021532e-36
original,zho,75,58,100,29,0.9985783605596177,6.385673937869876e-36
original,zho,75,59,100,29,0.9990960775893165,1.417844404791201e-38
original,zho,75,60,100,29,0.9994775804058219,8.671317493503076e-42
original,zho,75,61,100,29,0.9990852709647626,1.6644814071634762e-38
original,zho,75,62,100,29,0.9986931979481204,2.0496125433574268e-36
original,zho,75,63,100,29,0.9982425791314288,1.1156368161772163e-34
original,zho,75,64,100,29,0.9985734527261813,6.689595231954245e-36
original,zho,75,65,100,29,0.9986951981531075,2.007687065485604e-36
original,zho,75,66,100,29,0.9980418785386971,4.797634672064722e-34
original,zho,75,67,100,29,0.9984461216702955,2.1200407642355325e-35
original,zho,75,68,100,29,0.9992802189683025,6.554338724686637e-40
original,zho,75,69,100,29,0.9987687639155732,9.175684296363371e-37
original,zho,75,70,100,29,0.9986979102515827,1.952107350423229e-36
original,zho,75,71,100,29,0.9983743005581006,3.900106000005539e-35
original,zho,75,72,100,29,0.9989730751636712,7.9308346484129e-38
original,zho,75,73,100,29,0.9976650697965675,5.1515360740344916e-33
original,zho,75,74,100,29,0.9979337552076528,9.905414226021992e-34
original,zho,75,75,100,29,0.9978555183432184,1.6352055531439037e-33
original,zho,75,76,100,29,0.9965078208728629,1.1725022406556636e-30
original,zho,75,77,100,29,0.998644170103204,3.36888103892942e-36
original,zho,75,78,100,29,0.9990242524008088,3.978620742377749e-38
original,zho,75,79,100,29,0.9983157345899509,6.286761473059479e-35
original,zho,75,80,100,29,0.9985344913578902,9.622351743797931e-36
original,zho,75,81,100,29,0.9987042794414817,1.8271348680872338e-36
original,zho,75,82,100,29,0.9989609466556253,9.292386314339821e-38
original,zho,75,83,100,29,0.9986325412857171,3.7803150961256166e-36
original,zho,75,84,100,29,0.9989717949370602,8.06529479879543e-38
original,zho,75,85,100,29,0.9986988295320973,1.9335939362568576e-36
original,zho,75,86,100,29,0.9986358421650912,3.659036378659796e-36
original,zho,75,87,100,29,0.9992023497967961,2.6217733500896532e-39
original,zho,75,88,100,29,0.9988616912041858,3.1825602924344235e-37
original,zho,75,89,100,29,0.9986303673540953,3.862209504864869e-36
original,zho,75,90,100,29,0.997818796046811,2.0560215252963846e-33
original,zho,75,91,100,29,0.9979989927752984,6.425998162140449e-34
original,zho,75,92,100,29,0.9984556902834416,1.9505326610263495e-35
original,zho,75,93,100,29,0.9980941221294638,3.33125405075581e-34
original,zho,75,94,100,29,0.9983476839495129,4.855374968671774e-35
original,zho,75,95,100,29,0.9990810359585366,1.7715359186004712e-38
original,zho,75,96,100,29,0.9985027600600068,1.2846705113370602e-35
original,zho,75,97,100,29,0.9985612729934613,7.502640129011063e-36
original,zho,75,98,100,29,0.9984434566288481,2.169623571419887e-35
original,zho,75,99,100,29,0.9986339935557311,3.7265054474762894e-36
original,zho,75,100,100,29,0.9984638740543114,1.815605965111169e-35
original,zho,75,101,100,29,0.9984278048417848,2.4831639221808805e-35
original,zho,75,102,100,29,0.9986089906495614,4.759727636254815e-36
original,zho,75,103,100,29,0.9994670554680797,1.135018529267164e-41
original,zho,75,104,100,29,0.9983435955909972,5.019973157709334e-35
original,zho,75,105,100,29,0.9982092389139295,1.4375526234869562e-34
original,zho,75,106,100,29,0.9977002288819494,4.198269435374573e-33
original,zho,75,107,100,29,0.9984470351503694,2.1032884390718023e-35
original,zho,75,108,100,29,0.999055117314472,2.5784336975543907e-38
original,zho,75,109,100,29,0.9989906076999497,6.2863879306045e-38
original,zho,75,110,100,29,0.9987147016828719,1.638501772150487e-36
original,zho,75,111,100,29,0.9986361459301726,3.648058606330117e-36
original,zho,75,112,100,29,0.9992776795383125,6.873389938252204e-40
original,zho,75,113,100,29,0.9990267009273257,3.845986706626519e-38
original,zho,75,114,100,29,0.9982048601638852,1.4857004811915284e-34
original,zho,75,115,100,29,0.9991030430533684,1.2772978318358698e-38
original,zho,75,116,100,29,0.9990547922487865,2.590429783793798e-38
original,zho,75,117,100,29,0.998364259746274,4.237904453583216e-35
original,zho,75,118,100,29,0.9991567728480197,5.549620729917078e-39
original,zho,75,119,100,29,0.9984726497992185,1.680556495983446e-35
original,zho,75,120,100,29,0.9989106140232247,1.759313090421869e-37
original,zho,75,121,100,29,0.9985813685299961,6.205775332798698e-36
original,zho,75,122,100,29,0.998546215151043,8.634149462449169e-36
original,zho,75,123,100,29,0.9984985291346141,1.3345209153058808e-35
original,zho,75,124,100,29,0.9993400639466136,2.0311866951035486e-40
original,zho,75,125,100,29,0.998659791965864,2.8812425887460854e-36
original,zho,75,126,100,29,0.9981777165550596,1.8190759163686056e-34
original,zho,75,127,100,29,0.9985009898213367,1.3053145623437736e-35
original,zho,75,128,100,29,0.9986517351716904,3.123919220348715e-36
original,zho,75,129,100,29,0.9987523832659141,1.0966930768597168e-36
original,zho,75,130,100,29,0.9978619899284987,1.5698883656270344e-33
original,zho,75,131,100,29,0.9985299767363998,1.003005775459319e-35
original,zho,75,132,100,29,0.9993796891062156,8.806472339768913e-41
original,zho,75,133,100,29,0.9991408299885561,7.145606898952904e-39
original,zho,75,134,100,29,0.9987147648909384,1.637414908536941e-36
original,zho,75,135,100,29,0.9985940555680404,5.4974182148241366e-36
original,zho,75,136,100,29,0.9989048680077166,1.888738636036917e-37
original,zho,75,137,100,29,0.9984389632252081,2.2556607634765005e-35
original,zho,75,138,100,29,0.9979047145935813,1.1957167212354225e-33
original,zho,75,139,100,29,0.9983397775973363,5.178336653154316e-35
original,zho,75,140,100,29,0.9981097167114124,2.981788723463743e-34
original,zho,75,141,100,29,0.9990573956195377,2.4957887717467954e-38
original,zho,75,142,100,29,0.9989436922666086,1.1604967585817582e-37
original,zho,75,143,100,29,0.9986618421742324,2.822338797689193e-36
original,zho,75,144,100,29,0.9986217024066273,4.20522318875066e-36
original,zho,75,145,100,29,0.9983988447983961,3.1764814952739604e-35
original,zho,75,146,100,29,0.9983100503168529,6.579098788960981e-35
original,zho,75,147,100,29,0.9987413235111164,1.2353831537590248e-36
original,zho,75,148,100,29,0.999087377309263,1.613496564537857e-38
original,zho,75,149,100,29,0.9989656092775584,8.745214546496062e-38
original,zho,75,150,100,29,0.9987406005984532,1.2449910865572051e-36
original,zho,75,151,100,29,0.9985170389800715,1.1288736721401777e-35
original,zho,75,152,100,29,0.9989499818461398,1.0706451070526883e-37
original,zho,75,153,100,29,0.9985342424729874,9.644422197190469e-36
original,zho,75,154,100,29,0.9993024239671495,4.294035031680605e-40
original,zho,75,155,100,29,0.9985916482171135,5.625784324647189e-36
original,zho,75,156,100,29,0.9989582727943344,9.620301432638797e-38
original,zho,75,157,100,29,0.9990659238647835,2.2077123864541155e-38
original,zho,75,158,100,29,0.9988866631107157,2.3593242432335148e-37
original,zho,75,159,100,29,0.9986480612936116,3.2407442725765435e-36
original,zho,75,160,100,29,0.9991598075079038,5.286069445815259e-39
original,zho,75,161,100,29,0.9987292728269385,1.4048723423098175e-36
original,zho,75,162,100,29,0.9987322590208426,1.360975400880019e-36
original,zho,75,163,100,29,0.9984710078203265,1.705094976484684e-35
original,zho,75,164,100,29,0.9992316238760546,1.5828792884408802e-39
original,zho,75,165,100,29,0.998622176765053,4.185738436301934e-36
original,zho,75,166,100,29,0.9992716167920139,7.694151927726318e-40
original,zho,75,167,100,29,0.9986379333788872,3.584077156747087e-36
original,zho,75,168,100,29,0.9988633451883884,3.120725807749905e-37
original,zho,75,169,100,29,0.9986312729185857,3.827898322671383e-36
original,zho,75,170,100,29,0.9987627896372608,9.794973010475227e-37
original,zho,75,171,100,29,0.9988443149131535,3.904404821510624e-37
original,zho,75,172,100,29,0.9985733622010216,6.695324795989389e-36
original,zho,75,173,100,29,0.9988376881061799,4.217556584184895e-37
original,zho,75,174,100,29,0.9986287462318433,3.924344729165062e-36
original,zho,75,175,100,29,0.9987423974938776,1.2212359818948832e-36
original,zho,75,176,100,29,0.9983496867083806,4.7765800964739214e-35
original,zho,75,177,100,29,0.998576931093738,6.472848092353894e-36
original,zho,75,178,100,29,0.9986094846852904,4.736970352258926e-36
original,zho,75,179,100,29,0.998527286088854,1.028059095886794e-35
original,zho,75,180,100,29,0.9992858973117532,5.889885972858555e-40
original,zho,75,181,100,29,0.9978856607576772,1.3509992769740929e-33
original,zho,75,182,100,29,0.9985428620632105,8.906728117484951e-36
original,zho,75,183,100,29,0.9985680131457161,7.042060238602039e-36
original,zho,75,184,100,29,0.9985685046183174,7.0095219448991e-36
original,zho,75,185,100,29,0.9986546361985427,3.034438398485394e-36
original,zho,75,186,100,29,0.9988869071913877,2.352354368464756e-37
original,zho,75,187,100,29,0.9980657355218168,4.066460952701957e-34
original,zho,75,188,100,29,0.9989982573965868,5.673076456392389e-38
original,zho,75,189,100,29,0.998534611900699,9.611679143801324e-36
original,zho,75,190,100,29,0.9988280915104653,4.712435324264006e-37
original,zho,75,191,100,29,0.9982862304040887,7.94635698807285e-35
original,zho,75,192,100,29,0.9986430889834259,3.4053059203440607e-36
original,zho,75,193,100,29,0.9990318271589521,3.581456265317908e-38
original,zho,75,194,100,29,0.9985127267772418,1.1739733913656654e-35
original,zho,75,195,100,29,0.9985813251387782,6.208336743515534e-36
original,zho,75,196,100,29,0.9994232981314598,3.292520896551553e-41
original,zho,75,197,100,29,0.9977277726491968,3.5685907628835464e-33
original,zho,75,198,100,29,0.9984703730417588,1.7146699853314142e-35
original,zho,75,199,100,29,0.9988171014626225,5.344952371209691e-37
original,zho,100,0,100,29,0.9999999999999999,0.0
original,zho,100,1,100,29,0.9999999999999999,0.0
original,zho,100,2,100,29,0.9999999999999999,0.0
original,zho,100,3,100,29,0.9999999999999999,0.0
original,zho,100,4,100,29,0.9999999999999999,0.0
original,zho,100,5,100,29,0.9999999999999999,0.0
original,zho,100,6,100,29,0.9999999999999999,0.0
original,zho,100,7,100,29,0.9999999999999999,0.0
original,zho,100,8,100,29,0.9999999999999999,0.0
original,zho,100,9,100,29,0.9999999999999999,0.0
original,zho,100,10,100,29,0.9999999999999999,0.0
original,zho,100,11,100,29,0.9999999999999999,0.0
original,zho,100,12,100,29,0.9999999999999999,0.0
original,zho,100,13,100,29,0.9999999999999999,0.0
original,zho,100,14,100,29,0.9999999999999999,0.0
original,zho,100,15,100,29,0.9999999999999999,0.0
original,zho,100,16,100,29,0.9999999999999999,0.0
original,zho,100,17,100,29,0.9999999999999999,0.0
original,zho,100,18,100,29,0.9999999999999999,0.0
original,zho,100,19,100,29,0.9999999999999999,0.0
original,zho,100,20,100,29,0.9999999999999999,0.0
original,zho,100,21,100,29,0.9999999999999999,0.0
original,zho,100,22,100,29,0.9999999999999999,0.0
original,zho,100,23,100,29,0.9999999999999999,0.0
original,zho,100,24,100,29,0.9999999999999999,0.0
original,zho,100,25,100,29,0.9999999999999999,0.0
original,zho,100,26,100,29,0.9999999999999999,0.0
original,zho,100,27,100,29,0.9999999999999999,0.0
original,zho,100,28,100,29,0.9999999999999999,0.0
original,zho,100,29,100,29,0.9999999999999999,0.0
original,zho,100,30,100,29,0.9999999999999999,0.0
original,zho,100,31,100,29,0.9999999999999999,0.0
original,zho,100,32,100,29,0.9999999999999999,0.0
original,zho,100,33,100,29,0.9999999999999999,0.0
original,zho,100,34,100,29,0.9999999999999999,0.0
original,zho,100,35,100,29,0.9999999999999999,0.0
original,zho,100,36,100,29,0.9999999999999999,0.0
original,zho,100,37,100,29,0.9999999999999999,0.0
original,zho,100,38,100,29,0.9999999999999999,0.0
original,zho,100,39,100,29,0.9999999999999999,0.0
original,zho,100,40,100,29,0.9999999999999999,0.0
original,zho,100,41,100,29,0.9999999999999999,0.0
original,zho,100,42,100,29,0.9999999999999999,0.0
original,zho,100,43,100,29,0.9999999999999999,0.0
original,zho,100,44,100,29,0.9999999999999999,0.0
original,zho,100,45,100,29,0.9999999999999999,0.0
original,zho,100,46,100,29,0.9999999999999999,0.0
original,zho,100,47,100,29,0.9999999999999999,0.0
original,zho,100,48,100,29,0.9999999999999999,0.0
original,zho,100,49,100,29,0.9999999999999999,0.0
original,zho,100,50,100,29,0.9999999999999999,0.0
original,zho,100,51,100,29,0.9999999999999999,0.0
original,zho,100,52,100,29,0.9999999999999999,0.0
original,zho,100,53,100,29,0.9999999999999999,0.0
original,zho,100,54,100,29,0.9999999999999999,0.0
original,zho,100,55,100,29,0.9999999999999999,0.0
original,zho,100,56,100,29,0.9999999999999999,0.0
original,zho,100,57,100,29,0.9999999999999999,0.0
original,zho,100,58,100,29,0.9999999999999999,0.0
original,zho,100,59,100,29,0.9999999999999999,0.0
original,zho,100,60,100,29,0.9999999999999999,0.0
original,zho,100,61,100,29,0.9999999999999999,0.0
original,zho,100,62,100,29,0.9999999999999999,0.0
original,zho,100,63,100,29,0.9999999999999999,0.0
original,zho,100,64,100,29,0.9999999999999999,0.0
original,zho,100,65,100,29,0.9999999999999999,0.0
original,zho,100,66,100,29,0.9999999999999999,0.0
original,zho,100,67,100,29,0.9999999999999999,0.0
original,zho,100,68,100,29,0.9999999999999999,0.0
original,zho,100,69,100,29,0.9999999999999999,0.0
original,zho,100,70,100,29,0.9999999999999999,0.0
original,zho,100,71,100,29,0.9999999999999999,0.0
original,zho,100,72,100,29,0.9999999999999999,0.0
original,zho,100,73,100,29,0.9999999999999999,0.0
original,zho,100,74,100,29,0.9999999999999999,0.0
original,zho,100,75,100,29,0.9999999999999999,0.0
original,zho,100,76,100,29,0.9999999999999999,0.0
original,zho,100,77,100,29,0.9999999999999999,0.0
original,zho,100,78,100,29,0.9999999999999999,0.0
original,zho,100,79,100,29,0.9999999999999999,0.0
original,zho,100,80,100,29,0.9999999999999999,0.0
original,zho,100,81,100,29,0.9999999999999999,0.0
original,zho,100,82,100,29,0.9999999999999999,0.0
original,zho,100,83,100,29,0.9999999999999999,0.0
original,zho,100,84,100,29,0.9999999999999999,0.0
original,zho,100,85,100,29,0.9999999999999999,0.0
original,zho,100,86,100,29,0.9999999999999999,0.0
original,zho,100,87,100,29,0.9999999999999999,0.0
original,zho,100,88,100,29,0.9999999999999999,0.0
original,zho,100,89,100,29,0.9999999999999999,0.0
original,zho,100,90,100,29,0.9999999999999999,0.0
original,zho,100,91,100,29,0.9999999999999999,0.0
original,zho,100,92,100,29,0.9999999999999999,0.0
original,zho,100,93,100,29,0.9999999999999999,0.0
original,zho,100,94,100,29,0.9999999999999999,0.0
original,zho,100,95,100,29,0.9999999999999999,0.0
original,zho,100,96,100,29,0.9999999999999999,0.0
original,zho,100,97,100,29,0.9999999999999999,0.0
original,zho,100,98,100,29,0.9999999999999999,0.0
original,zho,100,99,100,29,0.9999999999999999,0.0
original,zho,100,100,100,29,0.9999999999999999,0.0
original,zho,100,101,100,29,0.9999999999999999,0.0
original,zho,100,102,100,29,0.9999999999999999,0.0
original,zho,100,103,100,29,0.9999999999999999,0.0
original,zho,100,104,100,29,0.9999999999999999,0.0
original,zho,100,105,100,29,0.9999999999999999,0.0
original,zho,100,106,100,29,0.9999999999999999,0.0
original,zho,100,107,100,29,0.9999999999999999,0.0
original,zho,100,108,100,29,0.9999999999999999,0.0
original,zho,100,109,100,29,0.9999999999999999,0.0
original,zho,100,110,100,29,0.9999999999999999,0.0
original,zho,100,111,100,29,0.9999999999999999,0.0
original,zho,100,112,100,29,0.9999999999999999,0.0
original,zho,100,113,100,29,0.9999999999999999,0.0
original,zho,100,114,100,29,0.9999999999999999,0.0
original,zho,100,115,100,29,0.9999999999999999,0.0
original,zho,100,116,100,29,0.9999999999999999,0.0
original,zho,100,117,100,29,0.9999999999999999,0.0
original,zho,100,118,100,29,0.9999999999999999,0.0
original,zho,100,119,100,29,0.9999999999999999,0.0
original,zho,100,120,100,29,0.9999999999999999,0.0
original,zho,100,121,100,29,0.9999999999999999,0.0
original,zho,100,122,100,29,0.9999999999999999,0.0
original,zho,100,123,100,29,0.9999999999999999,0.0
original,zho,100,124,100,29,0.9999999999999999,0.0
original,zho,100,125,100,29,0.9999999999999999,0.0
original,zho,100,126,100,29,0.9999999999999999,0.0
original,zho,100,127,100,29,0.9999999999999999,0.0
original,zho,100,128,100,29,0.9999999999999999,0.0
original,zho,100,129,100,29,0.9999999999999999,0.0
original,zho,100,130,100,29,0.9999999999999999,0.0
original,zho,100,131,100,29,0.9999999999999999,0.0
original,zho,100,132,100,29,0.9999999999999999,0.0
original,zho,100,133,100,29,0.9999999999999999,0.0
original,zho,100,134,100,29,0.9999999999999999,0.0
original,zho,100,135,100,29,0.9999999999999999,0.0
original,zho,100,136,100,29,0.9999999999999999,0.0
original,zho,100,137,100,29,0.9999999999999999,0.0
original,zho,100,138,100,29,0.9999999999999999,0.0
original,zho,100,139,100,29,0.9999999999999999,0.0
original,zho,100,140,100,29,0.9999999999999999,0.0
original,zho,100,141,100,29,0.9999999999999999,0.0
original,zho,100,142,100,29,0.9999999999999999,0.0
original,zho,100,143,100,29,0.9999999999999999,0.0
original,zho,100,144,100,29,0.9999999999999999,0.0
original,zho,100,145,100,29,0.9999999999999999,0.0
original,zho,100,146,100,29,0.9999999999999999,0.0
original,zho,100,147,100,29,0.9999999999999999,0.0
original,zho,100,148,100,29,0.9999999999999999,0.0
original,zho,100,149,100,29,0.9999999999999999,0.0
original,zho,100,150,100,29,0.9999999999999999,0.0
original,zho,100,151,100,29,0.9999999999999999,0.0
original,zho,100,152,100,29,0.9999999999999999,0.0
original,zho,100,153,100,29,0.9999999999999999,0.0
original,zho,100,154,100,29,0.9999999999999999,0.0
original,zho,100,155,100,29,0.9999999999999999,0.0
original,zho,100,156,100,29,0.9999999999999999,0.0
original,zho,100,157,100,29,0.9999999999999999,0.0
original,zho,100,158,100,29,0.9999999999999999,0.0
original,zho,100,159,100,29,0.9999999999999999,0.0
original,zho,100,160,100,29,0.9999999999999999,0.0
original,zho,100,161,100,29,0.9999999999999999,0.0
original,zho,100,162,100,29,0.9999999999999999,0.0
original,zho,100,163,100,29,0.9999999999999999,0.0
original,zho,100,164,100,29,0.9999999999999999,0.0
original,zho,100,165,100,29,0.9999999999999999,0.0
original,zho,100,166,100,29,0.9999999999999999,0.0
original,zho,100,167,100,29,0.9999999999999999,0.0
original,zho,100,168,100,29,0.9999999999999999,0.0
original,zho,100,169,100,29,0.9999999999999999,0.0
original,zho,100,170,100,29,0.9999999999999999,0.0
original,zho,100,171,100,29,0.9999999999999999,0.0
original,zho,100,172,100,29,0.9999999999999999,0.0
original,zho,100,173,100,29,0.9999999999999999,0.0
original,zho,100,174,100,29,0.9999999999999999,0.0
original,zho,100,175,100,29,0.9999999999999999,0.0
original,zho,100,176,100,29,0.9999999999999999,0.0
original,zho,100,177,100,29,0.9999999999999999,0.0
original,zho,100,178,100,29,0.9999999999999999,0.0
original,zho,100,179,100,29,0.9999999999999999,0.0
original,zho,100,180,100,29,0.9999999999999999,0.0
original,zho,100,181,100,29,0.9999999999999999,0.0
original,zho,100,182,100,29,0.9999999999999999,0.0
original,zho,100,183,100,29,0.9999999999999999,0.0
original,zho,100,184,100,29,0.9999999999999999,0.0
original,zho,100,185,100,29,0.9999999999999999,0.0
original,zho,100,186,100,29,0.9999999999999999,0.0
original,zho,100,187,100,29,0.9999999999999999,0.0
original,zho,100,188,100,29,0.9999999999999999,0.0
original,zho,100,189,100,29,0.9999999999999999,0.0
original,zho,100,190,100,29,0.9999999999999999,0.0
original,zho,100,191,100,29,0.9999999999999999,0.0
original,zho,100,192,100,29,0.9999999999999999,0.0
original,zho,100,193,100,29,0.9999999999999999,0.0
original,zho,100,194,100,29,0.9999999999999999,0.0
original,zho,100,195,100,29,0.9999999999999999,0.0
original,zho,100,196,100,29,0.9999999999999999,0.0
original,zho,100,197,100,29,0.9999999999999999,0.0
original,zho,100,198,100,29,0.9999999999999999,0.0
original,zho,100,199,100,29,0.9999999999999999,0.0
synthetic,dan,10,0,100,30,0.9815514778114128,1.1576056887417387e-21
synthetic,dan,10,1,100,30,0.9944100500686459,6.884443982243398e-29
synthetic,dan,10,2,100,30,0.994382373873733,7.376062126637392e-29
synthetic,dan,10,3,100,30,0.9926505365486804,3.1411436345923384e-27
synthetic,dan,10,4,100,30,0.9705973044060396,7.384981698983066e-19
synthetic,dan,10,5,100,30,0.9929267402633688,1.8404051569392593e-27
synthetic,dan,10,6,100,30,0.9767542311834324,2.85862072707249e-20
synthetic,dan,10,7,100,30,0.9929734094644556,1.677982202540678e-27
synthetic,dan,10,8,100,30,0.9882988275405858,2.0568673316565738e-24
synthetic,dan,10,9,100,30,0.983852270205003,1.8187277780868806e-22
synthetic,dan,10,10,100,30,0.9937584151777585,3.2104427036575854e-28
synthetic,dan,10,11,100,30,0.9916294505501949,1.9291446717713192e-26
synthetic,dan,10,12,100,30,0.9879626460564197,3.051679887585111e-24
synthetic,dan,10,13,100,30,0.9846300972482268,9.155170875135407e-23
synthetic,dan,10,14,100,30,0.9928801523062705,2.0169989499647714e-27
synthetic,dan,10,15,100,30,0.9926519807294953,3.1325408442904498e-27
synthetic,dan,10,16,100,30,0.9953297258194003,5.589589265356109e-30
synthetic,dan,10,17,100,30,0.9930683696861579,1.387742089449573e-27
synthetic,dan,10,18,100,30,0.9851114000753128,5.881680682992324e-23
synthetic,dan,10,19,100,30,0.9652307916199427,7.469892911545143e-18
synthetic,dan,10,20,100,30,0.9903654914183877,1.37113353242543e-25
synthetic,dan,10,21,100,30,0.9921133624844853,8.405724606790283e-27
synthetic,dan,10,22,100,30,0.989217638777944,6.582973696232967e-25
synthetic,dan,10,23,100,30,0.9909404439361731,5.814116825411658e-26
synthetic,dan,10,24,100,30,0.9913193014720261,3.204457081088394e-26
synthetic,dan,10,25,100,30,0.9914111024947925,2.762839795630132e-26
synthetic,dan,10,26,100,30,0.9872118651905345,7.08624940071512e-24
synthetic,dan,10,27,100,30,0.9889133809153203,9.70085660295905e-25
synthetic,dan,10,28,100,30,0.9948794125840232,2.0224350025381433e-29
synthetic,dan,10,29,100,30,0.991289421195994,3.3617715186930206e-26
synthetic,dan,10,30,100,30,0.9905796522965483,1.0022348458349946e-25
synthetic,dan,10,31,100,30,0.9941382151682859,1.3361592219633858e-28
synthetic,dan,10,32,100,30,0.9881905942987667,2.338303617345476e-24
synthetic,dan,10,33,100,30,0.9776897800517262,1.6176538536376828e-20
synthetic,dan,10,34,100,30,0.9930148536187344,1.5450018239356101e-27
synthetic,dan,10,35,100,30,0.9938141570156678,2.8324901247300173e-28
synthetic,dan,10,36,100,30,0.9932526954499523,9.526311307610837e-28
synthetic,dan,10,37,100,30,0.9841524052211432,1.401168849217697e-22
synthetic,dan,10,38,100,30,0.9975588228775869,6.439601154689527e-34
synthetic,dan,10,39,100,30,0.9900060958740983,2.284584773196512e-25
synthetic,dan,10,40,100,30,0.9934274733281855,6.604124240686383e-28
synthetic,dan,10,41,100,30,0.9928451025611823,2.1600856179702e-27
synthetic,dan,10,42,100,30,0.9856171517148342,3.636781187311298e-23
synthetic,dan,10,43,100,30,0.9896630161431132,3.6569625518923604e-25
synthetic,dan,10,44,100,30,0.9924702055176067,4.4055074885450744e-27
synthetic,dan,10,45,100,30,0.9876556343577036,4.333653262846056e-24
synthetic,dan,10,46,100,30,0.9939252335337588,2.1993359930669978e-28
synthetic,dan,10,47,100,30,0.988475110088604,1.66485648816833e-24
synthetic,dan,10,48,100,30,0.9886919728478849,1.2777675895272802e-24
synthetic,dan,10,49,100,30,0.9963743443483487,1.624634598039037e-31
synthetic,dan,10,50,100,30,0.9899044993182872,2.6304858976033575e-25
synthetic,dan,10,51,100,30,0.9954666597222642,3.688116154807394e-30
synthetic,dan,10,52,100,30,0.9647949402027509,8.869354289755599e-18
synthetic,dan,10,53,100,30,0.9813542460496665,1.3418186947964391e-21
synthetic,dan,10,54,100,30,0.9899908223234644,2.3337371261537832e-25
synthetic,dan,10,55,100,30,0.9915520424959059,2.1934545892593715e-26
synthetic,dan,10,56,100,30,0.9802860756808969,2.9077655665023845e-21
synthetic,dan,10,57,100,30,0.9890547636658348,8.112386813286109e-25
synthetic,dan,10,58,100,30,0.9871282751793589,7.759049327930965e-24
synthetic,dan,10,59,100,30,0.991505769371219,2.3671123086976386e-26
synthetic,dan,10,60,100,30,0.9894332889426076,4.9677113779607065e-25
synthetic,dan,10,61,100,30,0.9902199476374423,1.6898852064632983e-25
synthetic,dan,10,62,100,30,0.9885006086994376,1.614274039993457e-24
synthetic,dan,10,63,100,30,0.9838621408342231,1.80333394421947e-22
synthetic,dan,10,64,100,30,0.9843080521344845,1.2214970329875673e-22
synthetic,dan,10,65,100,30,0.989529646271454,4.372327895022545e-25
synthetic,dan,10,66,100,30,0.9943263544431098,8.472425730008248e-29
synthetic,dan,10,67,100,30,0.9895187221366832,4.43633296003115e-25
synthetic,dan,10,68,100,30,0.991552367328718,2.1922784519524185e-26
synthetic,dan,10,69,100,30,0.9777762248108622,1.5328913761585514e-20
synthetic,dan,10,70,100,30,0.9798557364283099,3.923845053412905e-21
synthetic,dan,10,71,100,30,0.9954322291468547,4.099374104227481e-30
synthetic,dan,10,72,100,30,0.993070988231923,1.38044266359123e-27
synthetic,dan,10,73,100,30,0.9909041328031646,6.147639815370739e-26
synthetic,dan,10,74,100,30,0.9841637576406023,1.3872781299742306e-22
synthetic,dan,10,75,100,30,0.9891685716816411,7.012908318398445e-25
synthetic,dan,10,76,100,30,0.9907592721093954,7.662918213235703e-26
synthetic,dan,10,77,100,30,0.9842405959587214,1.2965656638052484e-22
synthetic,dan,10,78,100,30,0.9927967232778874,2.3731036175493626e-27
synthetic,dan,10,79,100,30,0.9942686802402286,9.757747228116275e-29
synthetic,dan,10,80,100,30,0.9925243612496648,3.9833794284209644e-27
synthetic,dan,10,81,100,30,0.9898195237851497,2.9564757455567314e-25
synthetic,dan,10,82,100,30,0.9968211730987472,2.5838023629145126e-32
synthetic,dan,10,83,100,30,0.9888162083552889,1.0954989751360345e-24
synthetic,dan,10,84,100,30,0.9915280612669594,2.281920073871964e-26
synthetic,dan,10,85,100,30,0.9879837703353465,2.9779375465774306e-24
synthetic,dan,10,86,100,30,0.9800237049281572,3.493397785584285e-21
synthetic,dan,10,87,100,30,0.9895178700150856,4.441361959537324e-25
synthetic,dan,10,88,100,30,0.9940820067360665,1.526630891252284e-28
synthetic,dan,10,89,100,30,0.9918326322914257,1.3692920247912252e-26
synthetic,dan,10,90,100,30,0.991570112074541,2.1289112496183753e-26
synthetic,dan,10,91,100,30,0.9945465193860415,4.874738093024508e-29
synthetic,dan,10,92,100,30,0.9889091394943506,9.752691572356076e-25
synthetic,dan,10,93,100,30,0.992779694621458,2.4526085204521785e-27
synthetic,dan,10,94,100,30,0.9863339760017327,1.7855806949283462e-23
synthetic,dan,10,95,100,30,0.9880293948798454,2.8242739153399526e-24
synthetic,dan,10,96,100,30,0.9915490031030717,2.2044878691564685e-26
synthetic,dan,10,97,100,30,0.995380150105969,4.8029696665171774e-30
synthetic,dan,10,98,100,30,0.9912450856062678,3.608439147565827e-26
synthetic,dan,10,99,100,30,0.9939861974721094,1.910410533165219e-28
synthetic,dan,10,100,100,30,0.9912890642587976,3.363693315472566e-26
synthetic,dan,10,101,100,30,0.9844772071306039,1.0506141993242156e-22
synthetic,dan,10,102,100,30,0.99194676958023,1.1252010072249628e-26
synthetic,dan,10,103,100,30,0.979559944569686,4.803468150217747e-21
synthetic,dan,10,104,100,30,0.9926876138415099,2.9270798424201304e-27
synthetic,dan,10,105,100,30,0.9951356753966003,9.871654293682878e-30
synthetic,dan,10,106,100,30,0.992423183427122,4.805324826974909e-27
synthetic,dan,10,107,100,30,0.9746562927007703,9.460985710222726e-20
synthetic,dan,10,108,100,30,0.9561146989890396,1.8391286063111307e-16
synthetic,dan,10,109,100,30,0.9863597851593942,1.7392192674572833e-23
synthetic,dan,10,110,100,30,0.992931806767198,1.8220913302471992e-27
synthetic,dan,10,111,100,30,0.9925978734026153,3.470250500828633e-27
synthetic,dan,10,112,100,30,0.9864034735994792,1.6632777376122648e-23
synthetic,dan,10,113,100,30,0.9823034663672872,6.494273601560996e-22
synthetic,dan,10,114,100,30,0.992781252623424,2.4452329338245616e-27
synthetic,dan,10,115,100,30,0.9890967500078316,7.689380948419535e-25
synthetic,dan,10,116,100,30,0.9906184236794708,9.46229404366996e-26
synthetic,dan,10,117,100,30,0.9832534132605063,3.01707396668566e-22
synthetic,dan,10,118,100,30,0.9932084619852896,1.0436079923686088e-27
synthetic,dan,10,119,100,30,0.9899816381980197,2.363763450016486e-25
synthetic,dan,10,120,100,30,0.9889662100886345,9.076285279453819e-25
synthetic,dan,10,121,100,30,0.9823587075434796,6.21824723047901e-22
synthetic,dan,10,122,100,30,0.98408644097665,1.4844682381231287e-22
synthetic,dan,10,123,100,30,0.984111007412975,1.452923328991946e-22
synthetic,dan,10,124,100,30,0.9925572214675237,3.7458777211373415e-27
synthetic,dan,10,125,100,30,0.9831214481745856,3.3648054883068956e-22
synthetic,dan,10,126,100,30,0.9941713080571504,1.2345902647982893e-28
synthetic,dan,10,127,100,30,0.9925850497354415,3.5550949312277976e-27
synthetic,dan,10,128,100,30,0.983544116459936,2.365299603385526e-22
synthetic,dan,10,129,100,30,0.984052520775917,1.5290689434764903e-22
synthetic,dan,10,130,100,30,0.9831136500131809,3.3864738698253585e-22
synthetic,dan,10,131,100,30,0.9958777025345853,9.772006880504364e-31
synthetic,dan,10,132,100,30,0.9942110106931885,1.122201250065375e-28
synthetic,dan,10,133,100,30,0.9867866570880336,1.1172919348369439e-23
synthetic,dan,10,134,100,30,0.9747886727588917,8.799277613740747e-20
synthetic,dan,10,135,100,30,0.9915526719383159,2.1911760695534762e-26
synthetic,dan,10,136,100,30,0.9620407368934466,2.5031915850727754e-17
synthetic,dan,10,137,100,30,0.98886577707415,1.0297577036300359e-24
synthetic,dan,10,138,100,30,0.9870986651078774,8.011257348179926e-24
synthetic,dan,10,139,100,30,0.9953443691236808,5.349643306862356e-30
synthetic,dan,10,140,100,30,0.9847104810083398,8.511331954808944e-23
synthetic,dan,10,141,100,30,0.9915103410139561,2.3494040703703308e-26
synthetic,dan,10,142,100,30,0.9953792463795502,4.816113617363759e-30
synthetic,dan,10,143,100,30,0.9891911733552082,6.811731154780367e-25
synthetic,dan,10,144,100,30,0.9948034777142607,2.48414065737383e-29
synthetic,dan,10,145,100,30,0.996028990457686,5.794894397053759e-31
synthetic,dan,10,146,100,30,0.9914643046119345,2.5334785907144427e-26
synthetic,dan,10,147,100,30,0.9917058858020039,1.6974287238893225e-26
synthetic,dan,10,148,100,30,0.9932875796652658,8.861364293531337e-28
synthetic,dan,10,149,100,30,0.9918524290777093,1.3237104530202892e-26
synthetic,dan,10,150,100,30,0.9846523150850843,8.97284078497402e-23
synthetic,dan,10,151,100,30,0.9906083146081125,9.60545127619125e-26
synthetic,dan,10,152,100,30,0.9821455396427621,7.347346381507551e-22
synthetic,dan,10,153,100,30,0.9912036948883504,3.8537828966658457e-26
synthetic,dan,10,154,100,30,0.9873437572329843,6.133836086086869e-24
synthetic,dan,10,155,100,30,0.994023921454908,1.749710629367809e-28
synthetic,dan,10,156,100,30,0.9853302214413854,4.7869350566099325e-23
synthetic,dan,10,157,100,30,0.9901479178395369,1.8718990707366064e-25
synthetic,dan,10,158,100,30,0.9960924590022431,4.626468571360794e-31
synthetic,dan,10,159,100,30,0.9922542745352434,6.536282027135636e-27
synthetic,dan,10,160,100,30,0.9863083600136423,1.8327265435971893e-23
synthetic,dan,10,161,100,30,0.9850624371281101,6.156501522921933e-23
synthetic,dan,10,162,100,30,0.9793093378506788,5.688281386586554e-21
synthetic,dan,10,163,100,30,0.9904367631575003,1.236297936304524e-25
synthetic,dan,10,164,100,30,0.9919736443507146,1.0739325608161576e-26
synthetic,dan,10,165,100,30,0.9973201855514167,2.373042837451731e-33
synthetic,dan,10,166,100,30,0.9897827177170708,3.1089883109788137e-25
synthetic,dan,10,167,100,30,0.98964468418731,3.7483931601691176e-25
synthetic,dan,10,168,100,30,0.9861476290985632,2.155919611225969e-23
synthetic,dan,10,169,100,30,0.9916152065596523,1.9754441476432492e-26
synthetic,dan,10,170,100,30,0.9925183572252134,4.028256042380147e-27
synthetic,dan,10,171,100,30,0.9937309346802967,3.4135256631539504e-28
synthetic,dan,10,172,100,30,0.9877605372942541,3.8480625700008274e-24
synthetic,dan,10,173,100,30,0.9843887963449383,1.1369466678417453e-22
synthetic,dan,10,174,100,30,0.9886776097688134,1.3005639273299908e-24
synthetic,dan,10,175,100,30,0.9910929505050876,4.588433564519399e-26
synthetic,dan,10,176,100,30,0.9873284008539372,6.238271740903238e-24
synthetic,dan,10,177,100,30,0.9955368062472361,2.9660172799593343e-30
synthetic,dan,10,178,100,30,0.9894147764463698,5.090379800011412e-25
synthetic,dan,10,179,100,30,0.9951571267898522,9.280562245363594e-30
synthetic,dan,10,180,100,30,0.9931576237459072,1.1581010894279373e-27
synthetic,dan,10,181,100,30,0.9906012370317778,9.706872039621108e-26
synthetic,dan,10,182,100,30,0.9815917497048045,1.1230022269079019e-21
synthetic,dan,10,183,100,30,0.9926900915907497,2.9132688381639958e-27
synthetic,dan,10,184,100,30,0.9842086803862218,1.3335543101736848e-22
synthetic,dan,10,185,100,30,0.9886604174802531,1.3283466814876948e-24
synthetic,dan,10,186,100,30,0.9839452358225318,1.6784514802486813e-22
synthetic,dan,10,187,100,30,0.9935371290840789,5.22166162420242e-28
synthetic,dan,10,188,100,30,0.992068838664175,9.092558327660377e-27
synthetic,dan,10,189,100,30,0.9941076139477133,1.4369308172526409e-28
synthetic,dan,10,190,100,30,0.9894858218090705,4.6343883825508425e-25
synthetic,dan,10,191,100,30,0.9880172179475831,2.864549548169796e-24
synthetic,dan,10,192,100,30,0.9941402064330709,1.3298347820423848e-28
synthetic,dan,10,193,100,30,0.983464188462563,2.5300805559683853e-22
synthetic,dan,10,194,100,30,0.9931711067064101,1.126650848810296e-27
synthetic,dan,10,195,100,30,0.98331918006575,2.856510315613863e-22
synthetic,dan,10,196,100,30,0.9859133149194572,2.7226831323086903e-23
synthetic,dan,10,197,100,30,0.9945056527824974,5.410481823403284e-29
synthetic,dan,10,198,100,30,0.9804079767045938,2.667904155279259e-21
synthetic,dan,10,199,100,30,0.9961271788727087,4.08390647743919e-31
synthetic,dan,25,0,100,30,0.997917171532114,6.991382336649355e-35
synthetic,dan,25,1,100,30,0.9974942250015649,9.278708092016613e-34
synthetic,dan,25,2,100,30,0.9977243931270249,2.4113868738076733e-34
synthetic,dan,25,3,100,30,0.9974211644597454,1.3868735100684896e-33
synthetic,dan,25,4,100,30,0.9973857449031274,1.678355119466223e-33
synthetic,dan,25,5,100,30,0.9973030380180333,2.5944287382232296e-33
synthetic,dan,25,6,100,30,0.9963217224093709,1.987138263786134e-31
synthetic,dan,25,7,100,30,0.9965707357734006,7.458911703086927e-32
synthetic,dan,25,8,100,30,0.994265762218463,9.827355757976957e-29
synthetic,dan,25,9,100,30,0.9971888480504532,4.633119183969727e-33
synthetic,dan,25,10,100,30,0.9942101992970677,1.1243997674243918e-28
synthetic,dan,25,11,100,30,0.995365119501509,5.025966959344639e-30
synthetic,dan,25,12,100,30,0.9935953778609373,4.601665630051833e-28
synthetic,dan,25,13,100,30,0.9977644515909423,1.8809979669408545e-34
synthetic,dan,25,14,100,30,0.9955401146580449,2.9354437003984337e-30
synthetic,dan,25,15,100,30,0.9949565014462438,1.6362428508446077e-29
synthetic,dan,25,16,100,30,0.9975640122571864,6.250776357668639e-34
synthetic,dan,25,17,100,30,0.9962271075160835,2.833983932623462e-31
synthetic,dan,25,18,100,30,0.9983029399391046,3.9828339766599426e-36
synthetic,dan,25,19,100,30,0.9952553413674797,6.970433965326329e-30
synthetic,dan,25,20,100,30,0.9966477224459525,5.43031334484898e-32
synthetic,dan,25,21,100,30,0.9965686257433918,7.52332553153438e-32
synthetic,dan,25,22,100,30,0.9971475410974483,5.6814024500704205e-33
synthetic,dan,25,23,100,30,0.9978180489567468,1.3396230327447605e-34
synthetic,dan,25,24,100,30,0.9979999162032875,3.9655814165981014e-35
synthetic,dan,25,25,100,30,0.9916766569738067,1.7828024063934182e-26
synthetic,dan,25,26,100,30,0.9947643827508289,2.7583176657755744e-29
synthetic,dan,25,27,100,30,0.9977945513441069,1.5561373631196097e-34
synthetic,dan,25,28,100,30,0.9947460204094245,2.896560945064841e-29
synthetic,dan,25,29,100,30,0.9960270289502061,5.8350277511311125e-31
synthetic,dan,25,30,100,30,0.991905964824596,1.2074014354333861e-26
synthetic,dan,25,31,100,30,0.9946028816220279,4.2163293202850785e-29
synthetic,dan,25,32,100,30,0.9928637634810377,2.0827723642310874e-27
synthetic,dan,25,33,100,30,0.9970936742900632,7.38009375927638e-33
synthetic,dan,25,34,100,30,0.9928301049222893,2.2241432304611364e-27
synthetic,dan,25,35,100,30,0.9964385890646438,1.2653850589891087e-31
synthetic,dan,25,36,100,30,0.9987110881481597,8.484618709706155e-38
synthetic,dan,25,37,100,30,0.997843871311542,1.1341387032935313e-34
synthetic,dan,25,38,100,30,0.9966218787857807,6.045752097019248e-32
synthetic,dan,25,39,100,30,0.9985380414722339,4.944721368173649e-37
synthetic,dan,25,40,100,30,0.9914092816414931,2.771020518415278e-26
synthetic,dan,25,41,100,30,0.9976020552545676,5.015697334950756e-34
synthetic,dan,25,42,100,30,0.9969887005543878,1.212049025893989e-32
synthetic,dan,25,43,100,30,0.9953620490362577,5.0726871982279985e-30
synthetic,dan,25,44,100,30,0.9975433211675365,7.035668654926708e-34
synthetic,dan,25,45,100,30,0.9964116622494993,1.4058818101186303e-31
synthetic,dan,25,46,100,30,0.996705838161933,4.252533170199789e-32
synthetic,dan,25,47,100,30,0.9961226438066297,4.15125551514963e-31
synthetic,dan,25,48,100,30,0.9942921824341898,9.213568427376073e-29
synthetic,dan,25,49,100,30,0.9966055787518706,6.466576838914494e-32
synthetic,dan,25,50,100,30,0.9963841050225727,1.5645556182828007e-31
synthetic,dan,25,51,100,30,0.9962717837008809,2.3993228444863418e-31
synthetic,dan,25,52,100,30,0.9970651288623916,8.460832981945827e-33
synthetic,dan,25,53,100,30,0.9963559374144108,1.7438010799939853e-31
synthetic,dan,25,54,100,30,0.9968661380453425,2.1171892508798625e-32
synthetic,dan,25,55,100,30,0.9988391441854959,1.9621888293156874e-38
synthetic,dan,25,56,100,30,0.9965511759714732,8.076162821049375e-32
synthetic,dan,25,57,100,30,0.9947455414015176,2.900251821557039e-29
synthetic,dan,25,58,100,30,0.9977029749550193,2.7489656657995728e-34
synthetic,dan,25,59,100,30,0.9966331731831986,5.769229553801006e-32
synthetic,dan,25,60,100,30,0.9973566254866986,1.9595544506934474e-33
synthetic,dan,25,61,100,30,0.9936664212281279,3.938057585701951e-28
synthetic,dan,25,62,100,30,0.9981110124974982,1.7829219589314068e-35
synthetic,dan,25,63,100,30,0.9907290819535745,8.019479158465002e-26
synthetic,dan,25,64,100,30,0.9977137535873335,2.573949580455914e-34
synthetic,dan,25,65,100,30,0.9972424452137899,3.5397489503657804e-33
synthetic,dan,25,66,100,30,0.9968124795169093,2.6843665480700054e-32
synthetic,dan,25,67,100,30,0.9990805855126852,7.510002559672508e-40
synthetic,dan,25,68,100,30,0.9949538746265952,1.6481879278234163e-29
synthetic,dan,25,69,100,30,0.9957618532473664,1.4394323464100965e-30
synthetic,dan,25,70,100,30,0.9988394577969102,1.9547842267511717e-38
synthetic,dan,25,71,100,30,0.9955389136974384,2.9465079935137583e-30
synthetic,dan,25,72,100,30,0.9922287810630159,6.842928549856805e-27
synthetic,dan,25,73,100,30,0.9971072177195104,6.913502357236372e-33
synthetic,dan,25,74,100,30,0.9958303111868059,1.1464605431644162e-30
synthetic,dan,25,75,100,30,0.9972819868532456,2.8924137456626608e-33
synthetic,dan,25,76,100,30,0.9941057035248002,1.4434501289651613e-28
synthetic,dan,25,77,100,30,0.997569933067089,6.041621261592477e-34
synthetic,dan,25,78,100,30,0.9954333304757755,4.085585600073311e-30
synthetic,dan,25,79,100,30,0.9967423344012335,3.6392005229010925e-32
synthetic,dan,25,80,100,30,0.9975659312616642,6.182261632738432e-34
synthetic,dan,25,81,100,30,0.994365350481635,7.69443370221294e-29
synthetic,dan,25,82,100,30,0.9956623461916875,1.9908252649343137e-30
synthetic,dan,25,83,100,30,0.9957938520204198,1.2947786276634506e-30
synthetic,dan,25,84,100,30,0.9965914040117142,6.854473732595259e-32
synthetic,dan,25,85,100,30,0.9956556685767701,2.034081655519209e-30
synthetic,dan,25,86,100,30,0.9975743337889136,5.8903939741714305e-34
synthetic,dan,25,87,100,30,0.9979704445886947,4.865945642145461e-35
synthetic,dan,25,88,100,30,0.9947521974863297,2.849353999944851e-29
synthetic,dan,25,89,100,30,0.9951279927047758,1.0091715414359543e-29
synthetic,dan,25,90,100,30,0.9964148552096053,1.3884960200012976e-31
synthetic,dan,25,91,100,30,0.997293956202338,2.7193039148728298e-33
synthetic,dan,25,92,100,30,0.9968408717012907,2.368735905590786e-32
synthetic,dan,25,93,100,30,0.9954961101111998,3.3670888357296236e-30
synthetic,dan,25,94,100,30,0.9972643361486798,3.166433401643016e-33
synthetic,dan,25,95,100,30,0.9971302608419725,6.18204778623366e-33
synthetic,dan,25,96,100,30,0.9944856104430942,5.692745791983853e-29
synthetic,dan,25,97,100,30,0.9968306502956068,2.4781651439459115e-32
synthetic,dan,25,98,100,30,0.9943716693213918,7.574799136977348e-29
synthetic,dan,25,99,100,30,0.9966825980233428,4.6917053816430884e-32
synthetic,dan,25,100,100,30,0.9969105839009607,1.733917978922468e-32
synthetic,dan,25,101,100,30,0.9965239941528651,9.012926246049776e-32
synthetic,dan,25,102,100,30,0.9980259978222089,3.300408920042636e-35
synthetic,dan,25,103,100,30,0.9958293632672786,1.150108155028084e-30
synthetic,dan,25,104,100,30,0.997099045263017,7.191664397683027e-33
synthetic,dan,25,105,100,30,0.9941546046508553,1.2849248963484316e-28
synthetic,dan,25,106,100,30,0.9936219670328641,4.342009567911718e-28
synthetic,dan,25,107,100,30,0.9972466115502234,3.465693605428221e-33
synthetic,dan,25,108,100,30,0.9967750598585615,3.160126889321288e-32
synthetic,dan,25,109,100,30,0.9969354971313481,1.548335441546108e-32
synthetic,dan,25,110,100,30,0.9967185272238774,4.0291684544946285e-32
synthetic,dan,25,111,100,30,0.99534173567286,5.392077348826549e-30
synthetic,dan,25,112,100,30,0.9981746357895648,1.1040439241547598e-35
synthetic,dan,25,113,100,30,0.9978460644884733,1.1181091759784549e-34
synthetic,dan,25,114,100,30,0.9960747408500263,4.928445194520316e-31
synthetic,dan,25,115,100,30,0.9954380414532492,4.027089277129219e-30
synthetic,dan,25,116,100,30,0.996440937861946,1.2537693729137184e-31
synthetic,dan,25,117,100,30,0.9980976540312654,1.9676278341743002e-35
synthetic,dan,25,118,100,30,0.9952416016671741,7.257801181844324e-30
synthetic,dan,25,119,100,30,0.9980862662768453,2.1389519747961805e-35
synthetic,dan,25,120,100,30,0.9974981431483267,9.07785501559171e-34
synthetic,dan,25,121,100,30,0.9976966473207863,2.856791634514786e-34
synthetic,dan,25,122,100,30,0.992381299257932,5.189553663724941e-27
synthetic,dan,25,123,100,30,0.9988120347830651,2.710351082764899e-38
synthetic,dan,25,124,100,30,0.9950887076815503,1.1289929301114515e-29
synthetic,dan,25,125,100,30,0.9939522875314967,2.0664491622195164e-28
synthetic,dan,25,126,100,30,0.9970808192484307,7.849858124203539e-33
synthetic,dan,25,127,100,30,0.9966272522375864,5.912693796005298e-32
synthetic,dan,25,128,100,30,0.995831293664319,1.1426912873598686e-30
synthetic,dan,25,129,100,30,0.9966942773787093,4.46599155936852e-32
synthetic,dan,25,130,100,30,0.9968684975777372,2.0950112742981207e-32
synthetic,dan,25,131,100,30,0.9985931445252422,2.8886115695875402e-37
synthetic,dan,25,132,100,30,0.9976416718020765,3.973258485422972e-34
synthetic,dan,25,133,100,30,0.9885504246443142,1.519541499964984e-24
synthetic,dan,25,134,100,30,0.9969090034195511,1.746361103184188e-32
synthetic,dan,25,135,100,30,0.99511947499437,1.034101283569688e-29
synthetic,dan,25,136,100,30,0.997688369451904,3.0037827516863167e-34
synthetic,dan,25,137,100,30,0.9892225455619075,6.541352717544774e-25
synthetic,dan,25,138,100,30,0.9957847131917882,1.3346504593354843e-30
synthetic,dan,25,139,100,30,0.9972929239041806,2.7338458322561263e-33
synthetic,dan,25,140,100,30,0.9966198416042463,6.096919804732421e-32
synthetic,dan,25,141,100,30,0.9965365308912771,8.569004686762041e-32
synthetic,dan,25,142,100,30,0.9941646179353961,1.2545266335798363e-28
synthetic,dan,25,143,100,30,0.9959142605376781,8.628177017384433e-31
synthetic,dan,25,144,100,30,0.9983346227569934,3.059789314085295e-36
synthetic,dan,25,145,100,30,0.9962394783944117,2.7068317164162244e-31
synthetic,dan,25,146,100,30,0.9971789002452168,4.867712748412745e-33
synthetic,dan,25,147,100,30,0.9966092464687116,6.369581748646116e-32
synthetic,dan,25,148,100,30,0.997227643550319,3.8148922234057026e-33
synthetic,dan,25,149,100,30,0.9949589302759202,1.6252696554103967e-29
synthetic,dan,25,150,100,30,0.9958373860139891,1.1195737609959117e-30
synthetic,dan,25,151,100,30,0.99663255272702,5.784110158558944e-32
synthetic,dan,25,152,100,30,0.9897026053014911,3.4665270838243817e-25
synthetic,dan,25,153,100,30,0.9986041085810781,2.5890961965362926e-37
synthetic,dan,25,154,100,30,0.9977703929291217,1.8122727358597713e-34
synthetic,dan,25,155,100,30,0.9977044393783894,2.7245556216902947e-34
synthetic,dan,25,156,100,30,0.9960026961176662,6.354822309594368e-31
synthetic,dan,25,157,100,30,0.995731370855603,1.5910538413388062e-30
synthetic,dan,25,158,100,30,0.9959404566317155,7.886411160532997e-31
synthetic,dan,25,159,100,30,0.9978420489001903,1.147620398934998e-34
synthetic,dan,25,160,100,30,0.9970840026036455,7.731010046695257e-33
synthetic,dan,25,161,100,30,0.9965985633724909,6.655933655007764e-32
synthetic,dan,25,162,100,30,0.9949865542000397,1.5051821121211797e-29
synthetic,dan,25,163,100,30,0.994947370860549,1.6781120524347382e-29
synthetic,dan,25,164,100,30,0.9975999298816991,5.078229578927054e-34
synthetic,dan,25,165,100,30,0.9977401906134843,2.1875226393290425e-34
synthetic,dan,25,166,100,30,0.9986508772033494,1.6071976545018966e-37
synthetic,dan,25,167,100,30,0.9981499543706732,1.3322385412352156e-35
synthetic,dan,25,168,100,30,0.9977799523057086,1.706571040172279e-34
synthetic,dan,25,169,100,30,0.9982195080074387,7.794200685781619e-36
synthetic,dan,25,170,100,30,0.9947750730595752,2.680681171436151e-29
synthetic,dan,25,171,100,30,0.9971237264996908,6.381807609903416e-33
synthetic,dan,25,172,100,30,0.9981911432571595,9.722878691424566e-36
synthetic,dan,25,173,100,30,0.9955950509588879,2.468649937574624e-30
synthetic,dan,25,174,100,30,0.9955286194574243,3.0429481620649972e-30
synthetic,dan,25,175,100,30,0.9969117436606139,1.724839610529877e-32
synthetic,dan,25,176,100,30,0.9967054004127123,4.260440128546873e-32
synthetic,dan,25,177,100,30,0.993899310560854,2.334069185719847e-28
synthetic,dan,25,178,100,30,0.9985717312009779,3.5684464947634607e-37
synthetic,dan,25,179,100,30,0.9971286541286077,6.23062070167427e-33
synthetic,dan,25,180,100,30,0.9950407997164634,1.2929651568690324e-29
synthetic,dan,25,181,100,30,0.9958848063273757,9.539285359139037e-31
synthetic,dan,25,182,100,30,0.9972911005451921,2.759707895490536e-33
synthetic,dan,25,183,100,30,0.9983674776518205,2.3154173395671366e-36
synthetic,dan,25,184,100,30,0.9975836105038294,5.583048738338913e-34
synthetic,dan,25,185,100,30,0.9952754178337396,6.569478760341762e-30
synthetic,dan,25,186,100,30,0.997643195229526,3.93751249222631e-34
synthetic,dan,25,187,100,30,0.9935041198325268,5.606564543128525e-28
synthetic,dan,25,188,100,30,0.99650135706949,9.869014769182078e-32
synthetic,dan,25,189,100,30,0.9963542333786346,1.7552337724153363e-31
synthetic,dan,25,190,100,30,0.9920314586260194,9.70903190164185e-27
synthetic,dan,25,191,100,30,0.9932250149990468,1.0086580752902441e-27
synthetic,dan,25,192,100,30,0.9958843867224979,9.552887423701355e-31
synthetic,dan,25,193,100,30,0.9983197189660754,3.465951014695082e-36
synthetic,dan,25,194,100,30,0.9980797233986367,2.243549738861502e-35
synthetic,dan,25,195,100,30,0.9973477217487933,2.0538997869350652e-33
synthetic,dan,25,196,100,30,0.9963700711727933,1.6516050300152668e-31
synthetic,dan,25,197,100,30,0.996126551343367,4.09316488495373e-31
synthetic,dan,25,198,100,30,0.9983022279146491,4.0062752910628496e-36
synthetic,dan,25,199,100,30,0.9951223711646797,1.0255613025978384e-29
synthetic,dan,50,0,100,30,0.9993047590323376,1.5030281257966116e-41
synthetic,dan,50,1,100,30,0.9991999486478659,1.0726202324634158e-40
synthetic,dan,50,2,100,30,0.9977790264330126,1.7165526209298296e-34
synthetic,dan,50,3,100,30,0.9978626026187846,1.0038386136283188e-34
synthetic,dan,50,4,100,30,0.9994850307053047,2.2515723757584818e-43
synthetic,dan,50,5,100,30,0.9990093834175493,2.1329070063510228e-39
synthetic,dan,50,6,100,30,0.9977463927960161,2.105032038615195e-34
synthetic,dan,50,7,100,30,0.9993260784236824,9.71984577337862e-42
synthetic,dan,50,8,100,30,0.9988119981453112,2.711520964527327e-38
synthetic,dan,50,9,100,30,0.9991845844398245,1.399784967006593e-40
synthetic,dan,50,10,100,30,0.9986381440158376,1.8329539721575937e-37
synthetic,dan,50,11,100,30,0.99897513631718,3.431853898122444e-39
synthetic,dan,50,12,100,30,0.9991284676244296,3.5528497471424926e-40
synthetic,dan,50,13,100,30,0.9992816434110106,2.375594573747876e-41
synthetic,dan,50,14,100,30,0.9991939101476413,1.1916489521384177e-40
synthetic,dan,50,15,100,30,0.9989745000281001,3.461790652735196e-39
synthetic,dan,50,16,100,30,0.9992684416320423,3.06522366064381e-41
synthetic,dan,50,17,100,30,0.9986834316957819,1.1419364023668439e-37
synthetic,dan,50,18,100,30,0.9992111447420537,8.80618790606223e-41
synthetic,dan,50,19,100,30,0.9984677932309247,9.534746479251085e-37
synthetic,dan,50,20,100,30,0.9988412155022006,1.9137614277295106e-38
synthetic,dan,50,21,100,30,0.9989678450270173,3.789769975295937e-39
synthetic,dan,50,22,100,30,0.9989451150489481,5.140383955129472e-39
synthetic,dan,50,23,100,30,0.9982269233251143,7.352178140611505e-36
synthetic,dan,50,24,100,30,0.9986116330891869,2.400516316129238e-37
synthetic,dan,50,25,100,30,0.9992347452726684,5.75667752288058e-41
synthetic,dan,50,26,100,30,0.9990117172750882,2.063652739781545e-39
synthetic,dan,50,27,100,30,0.9987603602528632,4.917836430885759e-38
synthetic,dan,50,28,100,30,0.998765699340446,4.6296132310509724e-38
synthetic,dan,50,29,100,30,0.999161073055583,2.08368198122346e-40
synthetic,dan,50,30,100,30,0.9981245552302807,1.6122068672768127e-35
synthetic,dan,50,31,100,30,0.9995128696367269,1.0343163600335585e-43
synthetic,dan,50,32,100,30,0.9983168334553368,3.550153425419601e-36
synthetic,dan,50,33,100,30,0.9987384054060292,6.287192749598874e-38
synthetic,dan,50,34,100,30,0.9989737900582929,3.495480131977911e-39
synthetic,dan,50,35,100,30,0.9976683641780166,3.3885029809875245e-34
synthetic,dan,50,36,100,30,0.9983031431592967,3.976166946375747e-36
synthetic,dan,50,37,100,30,0.9979934081374611,4.149938695401203e-35
synthetic,dan,50,38,100,30,0.9993021022808256,1.5854408225078353e-41
synthetic,dan,50,39,100,30,0.9985717003589283,3.5695247768180307e-37
synthetic,dan,50,40,100,30,0.9991379069309771,3.0506369182656675e-40
synthetic,dan,50,41,100,30,0.9991526867380621,2.394899994565957e-40
synthetic,dan,50,42,100,30,0.9989345738152099,5.907769534912949e-39
synthetic,dan,50,43,100,30,0.9993709616601353,3.7044713436808206e-42
synthetic,dan,50,44,100,30,0.9990713274470391,8.64039160832707e-40
synthetic,dan,50,45,100,30,0.9995478487464473,3.64489579934894e-44
synthetic,dan,50,46,100,30,0.996169656224883,3.5005179168322758e-31
synthetic,dan,50,47,100,30,0.9988031932847924,3.006673967463545e-38
synthetic,dan,50,48,100,30,0.9993021649421127,1.583449686850785e-41
synthetic,dan,50,49,100,30,0.9987633570193067,4.75407244373196e-38
synthetic,dan,50,50,100,30,0.9986914854473488,1.0479858316214227e-37
synthetic,dan,50,51,100,30,0.9987783693813533,4.007221834835809e-38
synthetic,dan,50,52,100,30,0.9992705851992191,2.94188753538183e-41
synthetic,dan,50,53,100,30,0.9990710438537174,8.677389912422588e-40
synthetic,dan,50,54,100,30,0.999231301848897,6.129996712451907e-41
synthetic,dan,50,55,100,30,0.9990581741647743,1.0519875668586906e-39
synthetic,dan,50,56,100,30,0.999159109302861,2.152989570470335e-40
synthetic,dan,50,57,100,30,0.9991526084366816,2.3979991407502354e-40
synthetic,dan,50,58,100,30,0.9976635544998955,3.4875809210526896e-34
synthetic,dan,50,59,100,30,0.9981346643411478,1.4948079949784715e-35
synthetic,dan,50,60,100,30,0.9990986108226478,5.6924804660192654e-40
synthetic,dan,50,61,100,30,0.998447167321394,1.1496264946342029e-36
synthetic,dan,50,62,100,30,0.9984504082114692,1.1165092608931552e-36
synthetic,dan,50,63,100,30,0.9990944168593993,6.074553255888338e-40
synthetic,dan,50,64,100,30,0.99859812306556,2.748830398447066e-37
synthetic,dan,50,65,100,30,0.9989639630155156,3.994178917491471e-39
synthetic,dan,50,66,100,30,0.9985767003944587,3.3986121833283064e-37
synthetic,dan,50,67,100,30,0.9984676324623508,9.548752937101964e-37
synthetic,dan,50,68,100,30,0.9988187711602128,2.5030397367336663e-38
synthetic,dan,50,69,100,30,0.9986857407012246,1.1142311277169462e-37
synthetic,dan,50,70,100,30,0.9975181582788882,8.11332305940892e-34
synthetic,dan,50,71,100,30,0.9989984304316287,2.4877138651268883e-39
synthetic,dan,50,72,100,30,0.9983093177788002,3.778468808658703e-36
synthetic,dan,50,73,100,30,0.9986284405707477,2.024390226041599e-37
synthetic,dan,50,74,100,30,0.9993411304902049,7.085324329117548e-42
synthetic,dan,50,75,100,30,0.9980576496469823,2.632512230649953e-35
synthetic,dan,50,76,100,30,0.9993506863576592,5.775060806810342e-42
synthetic,dan,50,77,100,30,0.9985970602286331,2.7781331611936483e-37
synthetic,dan,50,78,100,30,0.9993448710693956,6.542635791635514e-42
synthetic,dan,50,79,100,30,0.9981994168952276,9.118904136052949e-36
synthetic,dan,50,80,100,30,0.9991301686417257,3.45702739868789e-40
synthetic,dan,50,81,100,30,0.9989254406421548,6.657299449261313e-39
synthetic,dan,50,82,100,30,0.9994558254653299,4.873099320605855e-43
synthetic,dan,50,83,100,30,0.9978453337616343,1.123426407434185e-34
synthetic,dan,50,84,100,30,0.9982001364661376,9.068057166069871e-36
synthetic,dan,50,85,100,30,0.9991129416365837,4.548804784051369e-40
synthetic,dan,50,86,100,30,0.9990726461478733,8.47026670434934e-40
synthetic,dan,50,87,100,30,0.9977634542981442,1.8927683869317947e-34
synthetic,dan,50,88,100,30,0.9986147681013297,2.325777351355975e-37
synthetic,dan,50,89,100,30,0.9981438016463656,1.3955743362443443e-35
synthetic,dan,50,90,100,30,0.9959089251262656,8.786978924235586e-31
synthetic,dan,50,91,100,30,0.9989356871643025,5.821964470666347e-39
synthetic,dan,50,92,100,30,0.9985888640231009,3.014041116876457e-37
synthetic,dan,50,93,100,30,0.9983221669120469,3.395975012375939e-36
synthetic,dan,50,94,100,30,0.9989578298507579,4.338089764360467e-39
synthetic,dan,50,95,100,30,0.9989686895172544,3.7466092051695405e-39
synthetic,dan,50,96,100,30,0.9994976282063505,1.591966358873743e-43
synthetic,dan,50,97,100,30,0.9977209822345964,2.4624336095729e-34
synthetic,dan,50,98,100,30,0.9991498380832787,2.510076013828851e-40
synthetic,dan,50,99,100,30,0.9987440802971062,5.902832995473497e-38
synthetic,dan,50,100,100,30,0.9991634260851793,2.003365063972746e-40
synthetic,dan,50,101,100,30,0.9992017401349593,1.0394910097823326e-40
synthetic,dan,50,102,100,30,0.9984245130275688,1.4078591137600265e-36
synthetic,dan,50,103,100,30,0.9976809429233352,3.141601596342577e-34
synthetic,dan,50,104,100,30,0.9994663255449546,3.70994733395404e-43
synthetic,dan,50,105,100,30,0.9990072846147693,2.1970230633313502e-39
synthetic,dan,50,106,100,30,0.9988694754780706,1.3547046983916544e-38
synthetic,dan,50,107,100,30,0.998793350996447,3.371767107100565e-38
synthetic,dan,50,108,100,30,0.9995864677710266,1.0445893892745726e-44
synthetic,dan,50,109,100,30,0.9994180587943617,1.2464597592440016e-42
synthetic,dan,50,110,100,30,0.9981970046227145,9.291300024913451e-36
synthetic,dan,50,111,100,30,0.9973909797464466,1.631963664767741e-33
synthetic,dan,50,112,100,30,0.9994375973645231,7.728319741917815e-43
synthetic,dan,50,113,100,30,0.9994279843502151,9.797327801535227e-43
synthetic,dan,50,114,100,30,0.9984069296946916,1.6443512867932605e-36
synthetic,dan,50,115,100,30,0.9990486987860632,1.210179949515715e-39
synthetic,dan,50,116,100,30,0.9988868833308956,1.0902857030127762e-38
synthetic,dan,50,117,100,30,0.9987130631856597,8.30450289388906e-38
synthetic,dan,50,118,100,30,0.9984452111060723,1.1700552107440852e-36
synthetic,dan,50,119,100,30,0.9980112771340919,3.661861291538991e-35
synthetic,dan,50,120,100,30,0.9989372999501498,5.699718643165056e-39
synthetic,dan,50,121,100,30,0.9986094318403603,2.4543202422124673e-37
synthetic,dan,50,122,100,30,0.9989978277552278,2.508743971307163e-39
synthetic,dan,50,123,100,30,0.9994246984651332,1.061513900575797e-42
synthetic,dan,50,124,100,30,0.9984305060319926,1.3347584566359188e-36
synthetic,dan,50,125,100,30,0.9985227729750431,5.718369943743467e-37
synthetic,dan,50,126,100,30,0.9981855313328525,1.015346482419246e-35
synthetic,dan,50,127,100,30,0.9986965195493079,9.929610052222631e-38
synthetic,dan,50,128,100,30,0.9989962163791434,2.5657856487983376e-39
synthetic,dan,50,129,100,30,0.9982155690435173,8.038913083443802e-36
synthetic,dan,50,130,100,30,0.9992143679270071,8.315775742081467e-41
synthetic,dan,50,131,100,30,0.997476811780079,1.0222277242892619e-33
synthetic,dan,50,132,100,30,0.9991732005825809,1.6995254146512295e-40
synthetic,dan,50,133,100,30,0.9989621389391987,4.0937199756495706e-39
synthetic,dan,50,134,100,30,0.998365376361389,2.3574619878411374e-36
synthetic,dan,50,135,100,30,0.9983578231965655,2.5145178229660674e-36
synthetic,dan,50,136,100,30,0.9986409712735876,1.7804236635583166e-37
synthetic,dan,50,137,100,30,0.9985690220287258,3.664325423744377e-37
synthetic,dan,50,138,100,30,0.9985740294129899,3.488943273090189e-37
synthetic,dan,50,139,100,30,0.9990990453733756,5.654195506135541e-40
synthetic,dan,50,140,100,30,0.9992021488411085,1.0320672971207287e-40
synthetic,dan,50,141,100,30,0.9985554695491871,4.180910286242148e-37
synthetic,dan,50,142,100,30,0.9984247970416035,1.4043125563620917e-36
synthetic,dan,50,143,100,30,0.9994233619041258,1.0965573185712832e-42
synthetic,dan,50,144,100,30,0.9995706028265624,1.7692991491815855e-44
synthetic,dan,50,145,100,30,0.9991783179181076,1.5580891956352705e-40
synthetic,dan,50,146,100,30,0.9987492963364263,5.568906451088557e-38
synthetic,dan,50,147,100,30,0.9983538685466256,2.600570860232437e-36
synthetic,dan,50,148,100,30,0.9992078948741733,9.3277386694006e-41
synthetic,dan,50,149,100,30,0.9990537651400665,1.1230415021376022e-39
synthetic,dan,50,150,100,30,0.9979783568819178,4.6072122557247774e-35
synthetic,dan,50,151,100,30,0.9981540483485734,1.2915854291363642e-35
synthetic,dan,50,152,100,30,0.9981767857874935,1.0859913152050182e-35
synthetic,dan,50,153,100,30,0.9982433198513248,6.456122061831544e-36
synthetic,dan,50,154,100,30,0.9989058443327175,8.57291044078781e-39
synthetic,dan,50,155,100,30,0.9986767099479987,1.2262734575770392e-37
synthetic,dan,50,156,100,30,0.9972676216440186,3.1136693471311375e-33
synthetic,dan,50,157,100,30,0.9983967334479998,1.7978720287617688e-36
synthetic,dan,50,158,100,30,0.9975309940957244,7.545799991326847e-34
synthetic,dan,50,159,100,30,0.9988160233493832,2.585757802206488e-38
synthetic,dan,50,160,100,30,0.9984841051511775,8.208729856575668e-37
synthetic,dan,50,161,100,30,0.9994996882088902,1.5029903330520632e-43
synthetic,dan,50,162,100,30,0.9986425574625679,1.7515679341826717e-37
synthetic,dan,50,163,100,30,0.9989222387471209,6.940325319599873e-39
synthetic,dan,50,164,100,30,0.9987376849878775,6.337615168656965e-38
synthetic,dan,50,165,100,30,0.9989129700228631,7.823854465613582e-39
synthetic,dan,50,166,100,30,0.9984787363556004,8.624968929254747e-37
synthetic,dan,50,167,100,30,0.9993260058787078,9.734499979478158e-42
synthetic,dan,50,168,100,30,0.9985896188759767,2.9915611086883383e-37
synthetic,dan,50,169,100,30,0.999559761300771,2.5082983520307385e-44
synthetic,dan,50,170,100,30,0.9984036148224184,1.6928726231411472e-36
synthetic,dan,50,171,100,30,0.9991839795621311,1.4143871824166374e-40
synthetic,dan,50,172,100,30,0.9985529393340821,4.284544934775574e-37
synthetic,dan,50,173,100,30,0.9984585440889183,1.0372346017636448e-36
synthetic,dan,50,174,100,30,0.9986766768650672,1.226702485519036e-37
synthetic,dan,50,175,100,30,0.9959633481256587,7.287144786024532e-31
synthetic,dan,50,176,100,30,0.9987786334442164,3.9951186676562737e-38
synthetic,dan,50,177,100,30,0.9994214503154728,1.1485474006604017e-42
synthetic,dan,50,178,100,30,0.9986038219955473,2.5965434331285686e-37
synthetic,dan,50,179,100,30,0.9991879881924162,1.3201922942124854e-40
synthetic,dan,50,180,100,30,0.9989854280700761,2.979821592380547e-39
synthetic,dan,50,181,100,30,0.9987110015174743,8.492601518895345e-38
synthetic,dan,50,182,100,30,0.9994692029587319,3.439572126030065e-43
synthetic,dan,50,183,100,30,0.9979442409388815,5.822323790318065e-35
synthetic,dan,50,184,100,30,0.9987533167461844,5.323587229661791e-38
synthetic,dan,50,185,100,30,0.9990181522309599,1.8833668900296386e-39
synthetic,dan,50,186,100,30,0.9992182457956438,7.759384596106808e-41
synthetic,dan,50,187,100,30,0.9987061044771998,8.95536092257679e-38
synthetic,dan,50,188,100,30,0.9992490411474915,4.42131300679851e-41
synthetic,dan,50,189,100,30,0.9986860793624561,1.1102204903004567e-37
synthetic,dan,50,190,100,30,0.9986303708492262,1.984889660462238e-37
synthetic,dan,50,191,100,30,0.9987194978009407,7.742015935042833e-38
synthetic,dan,50,192,100,30,0.9970431618177636,9.390624082645649e-33
synthetic,dan,50,193,100,30,0.9994107499429296,1.4843842362725563e-42
synthetic,dan,50,194,100,30,0.9984565055626826,1.0565914152129434e-36
synthetic,dan,50,195,100,30,0.999094931368248,6.026432334169794e-40
synthetic,dan,50,196,100,30,0.9985861410506006,3.096442968619651e-37
synthetic,dan,50,197,100,30,0.9991550054144138,2.304795543682714e-40
synthetic,dan,50,198,100,30,0.998538645764669,4.9162019312871054e-37
synthetic,dan,50,199,100,30,0.999431447288975,8.999042433704024e-43
synthetic,dan,75,0,100,30,0.9997608693246045,4.888416144694815e-48
synthetic,dan,75,1,100,30,0.9994682816014056,3.5240877889008777e-43
synthetic,dan,75,2,100,30,0.9996572667081703,7.540309900766579e-46
synthetic,dan,75,3,100,30,0.9991503731034448,2.488059506773287e-40
synthetic,dan,75,4,100,30,0.9985648058008378,3.818308640280264e-37
synthetic,dan,75,5,100,30,0.9995268514135552,6.880548998838165e-44
synthetic,dan,75,6,100,30,0.9995688840027147,1.8710532091876863e-44
synthetic,dan,75,7,100,30,0.999672513164893,3.987999786704461e-46
synthetic,dan,75,8,100,30,0.9998235119510746,6.957502840736143e-50
synthetic,dan,75,9,100,30,0.9994709112494284,3.287830373638813e-43
synthetic,dan,75,10,100,30,0.9996996149435061,1.1901706251101282e-46
synthetic,dan,75,11,100,30,0.9997484138369481,9.950749816882163e-48
synthetic,dan,75,12,100,30,0.9987800160386558,3.9323004556406485e-38
synthetic,dan,75,13,100,30,0.9996899466978526,1.8543694938670556e-46
synthetic,dan,75,14,100,30,0.9990456854636279,1.2649426785996292e-39
synthetic,dan,75,15,100,30,0.9996387497699633,1.574947792965166e-45
synthetic,dan,75,16,100,30,0.9995515484782822,3.2489239542580883e-44
synthetic,dan,75,17,100,30,0.9992229515695581,7.130660313596415e-41
synthetic,dan,75,18,100,30,0.9995823369957582,1.2005154808808712e-44
synthetic,dan,75,19,100,30,0.9997026070634579,1.0345456764676337e-46
synthetic,dan,75,20,100,30,0.9993265355661785,9.627972433147554e-42
synthetic,dan,75,21,100,30,0.999040549441162,1.3636162304118245e-39
synthetic,dan,75,22,100,30,0.9995054992029316,1.2762598558390136e-43
synthetic,dan,75,23,100,30,0.9996827686821256,2.5546598373488384e-46
synthetic,dan,75,24,100,30,0.9997819762149794,1.340861648881213e-48
synthetic,dan,75,25,100,30,0.9997713011620645,2.6181649305000795e-48
synthetic,dan,75,26,100,30,0.9995403581893542,4.587397815061746e-44
synthetic,dan,75,27,100,30,0.9998577095623411,3.411844931254578e-51
synthetic,dan,75,28,100,30,0.9995869835997047,1.026497883226703e-44
synthetic,dan,75,29,100,30,0.9995748233619924,1.5408322566375956e-44
synthetic,dan,75,30,100,30,0.9994744214294025,2.9953415985636676e-43
synthetic,dan,75,31,100,30,0.9992207952266539,7.412646674946124e-41
synthetic,dan,75,32,100,30,0.9998366702756871,2.3517277373725957e-50
synthetic,dan,75,33,100,30,0.9997906122769787,7.614992400869724e-49
synthetic,dan,75,34,100,30,0.999849729466534,7.323890447631977e-51
synthetic,dan,75,35,100,30,0.999637274353793,1.6674165395508113e-45
synthetic,dan,75,36,100,30,0.9994359961779162,8.042047997115384e-43
synthetic,dan,75,37,100,30,0.9995833872837724,1.1589420600050201e-44
synthetic,dan,75,38,100,30,0.999653216282668,8.888166848786349e-46
synthetic,dan,75,39,100,30,0.9995079337352558,1.19107158170446e-43
synthetic,dan,75,40,100,30,0.9996273406152566,2.4338349403543678e-45
synthetic,dan,75,41,100,30,0.9996043328741882,5.629647088185822e-45
synthetic,dan,75,42,100,30,0.9991899438343971,1.2763840627720355e-40
synthetic,dan,75,43,100,30,0.9998484700391131,8.231596661524037e-51
synthetic,dan,75,44,100,30,0.9995932223939452,8.295276049094768e-45
synthetic,dan,75,45,100,30,0.9996036420141529,5.768811848780593e-45
synthetic,dan,75,46,100,30,0.9994697105673207,3.393817389530523e-43
synthetic,dan,75,47,100,30,0.9997644317188629,3.962040155649498e-48
synthetic,dan,75,48,100,30,0.9995697202550629,1.82088718604202e-44
synthetic,dan,75,49,100,30,0.9995531606000734,3.0892083841608656e-44
synthetic,dan,75,50,100,30,0.9997363562845234,1.9162556094545639e-47
synthetic,dan,75,51,100,30,0.999711209106535,6.859811286003619e-47
synthetic,dan,75,52,100,30,0.9994200272164766,1.1887280507561359e-42
synthetic,dan,75,53,100,30,0.9995543104333541,2.9797809722901606e-44
synthetic,dan,75,54,100,30,0.9997369107366398,1.8606073032287417e-47
synthetic,dan,75,55,100,30,0.9994787173469344,2.670277575367166e-43
synthetic,dan,75,56,100,30,0.9997318134919357,2.4339659513129505e-47
synthetic,dan,75,57,100,30,0.9997889643762714,8.49823908439898e-49
synthetic,dan,75,58,100,30,0.9994452933697813,6.372788415655114e-43
synthetic,dan,75,59,100,30,0.9998158638031786,1.2599908077324658e-49
synthetic,dan,75,60,100,30,0.9997117723090524,6.674896972615521e-47
synthetic,dan,75,61,100,30,0.999627583691367,2.4117070936872233e-45
synthetic,dan,75,62,100,30,0.99976641490481,3.519820370507337e-48
synthetic,dan,75,63,100,30,0.9992822863856313,2.346007993230461e-41
synthetic,dan,75,64,100,30,0.999670555492401,4.334988232952209e-46
synthetic,dan,75,65,100,30,0.9995873907985162,1.0124222794740536e-44
synthetic,dan,75,66,100,30,0.999702293159289,1.0499367784225474e-46
synthetic,dan,75,67,100,30,0.9998619264380962,2.239173688936984e-51
synthetic,dan,75,68,100,30,0.9996257430243812,2.5840248580604954e-45
synthetic,dan,75,69,100,30,0.9993574359198172,4.989318002748984e-42
synthetic,dan,75,70,100,30,0.999518960203617,8.673027775335001e-44
synthetic,dan,75,71,100,30,0.9996413255430863,1.424837670910532e-45
synthetic,dan,75,72,100,30,0.999442298152947,6.87169332794213e-43
synthetic,dan,75,73,100,30,0.9994531320510532,5.221770163929996e-43
synthetic,dan,75,74,100,30,0.9994074592287032,1.6047158199942444e-42
synthetic,dan,75,75,100,30,0.9994127387163461,1.4157803823813289e-42
synthetic,dan,75,76,100,30,0.9996816524477737,2.68340714741992e-46
synthetic,dan,75,77,100,30,0.9998157947598846,1.2666206281330675e-49
synthetic,dan,75,78,100,30,0.9996731590237236,3.8793053849277854e-46
synthetic,dan,75,79,100,30,0.9994151518690136,1.3364925982347076e-42
synthetic,dan,75,80,100,30,0.9996471609266112,1.132525252968563e-45
synthetic,dan,75,81,100,30,0.9998167567207688,1.1771021038849512e-49
synthetic,dan,75,82,100,30,0.9996500641316569,1.0088359790256208e-45
synthetic,dan,75,83,100,30,0.9986862055787199,1.1087291903599891e-37
synthetic,dan,75,84,100,30,0.99969506176953,1.4691527727560505e-46
synthetic,dan,75,85,100,30,0.9997628397826664,4.353765670838764e-48
synthetic,dan,75,86,100,30,0.9996628845820753,5.9829658402245524e-46
synthetic,dan,75,87,100,30,0.9994237634718748,1.0859173085133859e-42
synthetic,dan,75,88,100,30,0.9997059281032254,8.840537086224314e-47
synthetic,dan,75,89,100,30,0.9992515428882943,4.219575370366696e-41
synthetic,dan,75,90,100,30,0.9998629100303371,2.0259209653924e-51
synthetic,dan,75,91,100,30,0.9996988737401321,1.2319456921599811e-46
synthetic,dan,75,92,100,30,0.9996254121290261,2.6161890077477175e-45
synthetic,dan,75,93,100,30,0.9998133535002786,1.5229663034640064e-49
synthetic,dan,75,94,100,30,0.9995553172304726,2.8869328003209765e-44
synthetic,dan,75,95,100,30,0.9996926619271602,1.6395454718200007e-46
synthetic,dan,75,96,100,30,0.9997922792503342,6.808872564496829e-49
synthetic,dan,75,97,100,30,0.9997268957983201,3.1389321420268047e-47
synthetic,dan,75,98,100,30,0.9995928251423488,8.409392742994844e-45
synthetic,dan,75,99,100,30,0.9993786699933488,3.117306579675708e-42
synthetic,dan,75,100,100,30,0.9993204026432102,1.0930421167538144e-41
synthetic,dan,75,101,100,30,0.9998014040053068,3.6305105738295985e-49
synthetic,dan,75,102,100,30,0.9996471525497534,1.1329016801572969e-45
synthetic,dan,75,103,100,30,0.9997447562758034,1.2178748518880403e-47
synthetic,dan,75,104,100,30,0.9996102677858835,4.556228771502844e-45
synthetic,dan,75,105,100,30,0.999600976789767,6.336172438866278e-45
synthetic,dan,75,106,100,30,0.9997078667532309,8.058760269828049e-47
synthetic,dan,75,107,100,30,0.9998582401377534,3.23799836392841e-51
synthetic,dan,75,108,100,30,0.9997937162031004,6.178346843787483e-49
synthetic,dan,75,109,100,30,0.9993072484296165,1.4294335085840534e-41
synthetic,dan,75,110,100,30,0.999675470716268,3.5123966254979684e-46
synthetic,dan,75,111,100,30,0.9995466023874411,3.7880760449925037e-44
synthetic,dan,75,112,100,30,0.9994269245343163,1.005447776990595e-42
synthetic,dan,75,113,100,30,0.9998380429297373,2.089662838483078e-50
synthetic,dan,75,114,100,30,0.9994149591801912,1.3426688916638635e-42
synthetic,dan,75,115,100,30,0.9996759195350222,3.4450077441321737e-46
synthetic,dan,75,116,100,30,0.9995954681208771,7.676739109032123e-45
synthetic,dan,75,117,100,30,0.9996788262467603,3.036816656539425e-46
synthetic,dan,75,118,100,30,0.9994321367395296,8.847501278483855e-43
synthetic,dan,75,119,100,30,0.9997539249693398,7.297959943688158e-48
synthetic,dan,75,120,100,30,0.9997159938464638,5.429306441636639e-47
synthetic,dan,75,121,100,30,0.9997910708190634,7.384840292295106e-49
synthetic,dan,75,122,100,30,0.9996684518358512,4.738963492489273e-46
synthetic,dan,75,123,100,30,0.9995406505545048,4.546723553046264e-44
synthetic,dan,75,124,100,30,0.9997344922325295,2.114880498900682e-47
synthetic,dan,75,125,100,30,0.9994341868049678,8.410779161183151e-43
synthetic,dan,75,126,100,30,0.9996510371596722,9.702714495823186e-46
synthetic,dan,75,127,100,30,0.9996504745805143,9.923981013583059e-46
synthetic,dan,75,128,100,30,0.9991344730644384,3.2251621309131318e-40
synthetic,dan,75,129,100,30,0.9997641929339912,4.018632262014498e-48
synthetic,dan,75,130,100,30,0.9994609252832597,4.2713896014420954e-43
synthetic,dan,75,131,100,30,0.9994632074580454,4.025133959055414e-43
synthetic,dan,75,132,100,30,0.9994426532459757,6.810707227838713e-43
synthetic,dan,75,133,100,30,0.9997956911530325,5.3999069674374364e-49
synthetic,dan,75,134,100,30,0.9997739331849603,2.2265063960438498e-48
synthetic,dan,75,135,100,30,0.9996243146748707,2.7255459446849353e-45
synthetic,dan,75,136,100,30,0.9993781217879687,3.156023704053234e-42
synthetic,dan,75,137,100,30,0.9994181244270051,1.2444935973761246e-42
synthetic,dan,75,138,100,30,0.9995984535461382,6.920655822383813e-45
synthetic,dan,75,139,100,30,0.9996231350591968,2.847813131921638e-45
synthetic,dan,75,140,100,30,0.9995870603212311,1.0238320432106243e-44
synthetic,dan,75,141,100,30,0.9992705563544496,2.943516159480086e-41
synthetic,dan,75,142,100,30,0.9996024194355579,6.02294110787918e-45
synthetic,dan,75,143,100,30,0.9997986404018866,4.405409962893432e-49
synthetic,dan,75,144,100,30,0.9997217106590901,4.0843498073871457e-47
synthetic,dan,75,145,100,30,0.9996455703622905,1.2061205423157103e-45
synthetic,dan,75,146,100,30,0.9995730599708085,1.632734094350771e-44
synthetic,dan,75,147,100,30,0.9993678996180471,3.96500078376668e-42
synthetic,dan,75,148,100,30,0.9997289361050588,2.826138237185821e-47
synthetic,dan,75,149,100,30,0.9996999821899551,1.1699631322113396e-46
synthetic,dan,75,150,100,30,0.9995734877550577,1.6099833674974954e-44
synthetic,dan,75,151,100,30,0.9995083383537611,1.1774359212329722e-43
synthetic,dan,75,152,100,30,0.9997215591704597,4.1155831982070527e-47
synthetic,dan,75,153,100,30,0.9996242500013187,2.732120997382036e-45
synthetic,dan,75,154,100,30,0.9995859842644871,1.0618156723347156e-44
synthetic,dan,75,155,100,30,0.9994804456483869,2.5489948330325417e-43
synthetic,dan,75,156,100,30,0.9991667415940734,1.8950654843760582e-40
synthetic,dan,75,157,100,30,0.9994731462417199,3.098682354554967e-43
synthetic,dan,75,158,100,30,0.9997945218726295,5.848993849111614e-49
synthetic,dan,75,159,100,30,0.9995149376059781,9.745239592140128e-44
synthetic,dan,75,160,100,30,0.9995764682415461,1.4594590916809972e-44
synthetic,dan,75,161,100,30,0.9994098552304104,1.5162436080936945e-42
synthetic,dan,75,162,100,30,0.9994636889706243,3.974890600769091e-43
synthetic,dan,75,163,100,30,0.9993682222838488,3.9367663425750196e-42
synthetic,dan,75,164,100,30,0.9997331143141525,2.2738138566723177e-47
synthetic,dan,75,165,100,30,0.9997754607329765,2.02490550067518e-48
synthetic,dan,75,166,100,30,0.9997006050612223,1.1364168549784726e-46
synthetic,dan,75,167,100,30,0.9995669315669768,1.993216415733817e-44
synthetic,dan,75,168,100,30,0.9994493369852989,5.752490001063932e-43
synthetic,dan,75,169,100,30,0.9996347333376512,1.838578737474534e-45
synthetic,dan,75,170,100,30,0.9995052882390185,1.2839020774430713e-43
synthetic,dan,75,171,100,30,0.9998001625331868,3.961452580917142e-49
synthetic,dan,75,172,100,30,0.9997462885045135,1.1194319964057904e-47
synthetic,dan,75,173,100,30,0.9998150795871511,1.3372262909202799e-49
synthetic,dan,75,174,100,30,0.999776349332621,1.9155684316118867e-48
synthetic,dan,75,175,100,30,0.9995823196958264,1.2012117104505079e-44
synthetic,dan,75,176,100,30,0.9996740634362382,3.731715463375651e-46
synthetic,dan,75,177,100,30,0.9994231865769999,1.1012331070025449e-42
synthetic,dan,75,178,100,30,0.9996992704939671,1.2094178142570676e-46
synthetic,dan,75,179,100,30,0.9997654783332319,3.722612723031243e-48
synthetic,dan,75,180,100,30,0.9997770010090138,1.8388960579379896e-48
synthetic,dan,75,181,100,30,0.9997968991292197,4.969744214321015e-49
synthetic,dan,75,182,100,30,0.9996003029871062,6.48759354051876e-45
synthetic,dan,75,183,100,30,0.9993828314538442,2.8374673335483463e-42
synthetic,dan,75,184,100,30,0.9998262065280951,5.609377836687647e-50
synthetic,dan,75,185,100,30,0.999164783009098,1.958365272029372e-40
synthetic,dan,75,186,100,30,0.9994554731874606,4.917440356352297e-43
synthetic,dan,75,187,100,30,0.9996731590833591,3.879295476889846e-46
synthetic,dan,75,188,100,30,0.9997839437252963,1.1810581325390975e-48
synthetic,dan,75,189,100,30,0.9991595939757885,2.1356876165079463e-40
synthetic,dan,75,190,100,30,0.9989418432059204,5.368042270058683e-39
synthetic,dan,75,191,100,30,0.9998271340209012,5.204537386817606e-50
synthetic,dan,75,192,100,30,0.999724865396784,3.4818674378568756e-47
synthetic,dan,75,193,100,30,0.9997883716205229,8.838554836681685e-49
synthetic,dan,75,194,100,30,0.9996095339029752,4.677803353035668e-45
synthetic,dan,75,195,100,30,0.9998648801651757,1.6543052372474667e-51
synthetic,dan,75,196,100,30,0.9981405936994604,1.4296947638654016e-35
synthetic,dan,75,197,100,30,0.9996105357263769,4.512577904856239e-45
synthetic,dan,75,198,100,30,0.9996624035018682,6.103594925650099e-46
synthetic,dan,75,199,100,30,0.9995744928826785,1.5576812220097957e-44
synthetic,dan,100,0,100,30,0.9999999999999997,2.841104936914004e-212
synthetic,dan,100,1,100,30,0.9999999999999997,2.841104936914004e-212
synthetic,dan,100,2,100,30,0.9999999999999997,2.841104936914004e-212
synthetic,dan,100,3,100,30,0.9999999999999997,2.841104936914004e-212
synthetic,dan,100,4,100,30,0.9999999999999997,2.841104936914004e-212
synthetic,dan,100,5,100,30,0.9999999999999997,2.841104936914004e-212
synthetic,dan,100,6,100,30,0.9999999999999997,2.841104936914004e-212
synthetic,dan,100,7,100,30,0.9999999999999997,2.841104936914004e-212
synthetic,dan,100,8,100,30,0.9999999999999997,2.841104936914004e-212
synthetic,dan,100,9,100,30,0.9999999999999997,2.841104936914004e-212
synthetic,dan,100,10,100,30,0.9999999999999997,2.841104936914004e-212
synthetic,dan,100,11,100,30,0.9999999999999997,2.841104936914004e-212
synthetic,dan,100,12,100,30,0.9999999999999997,2.841104936914004e-212
synthetic,dan,100,13,100,30,0.9999999999999997,2.841104936914004e-212
synthetic,dan,100,14,100,30,0.9999999999999997,2.841104936914004e-212
synthetic,dan,100,15,100,30,0.9999999999999997,2.841104936914004e-212
synthetic,dan,100,16,100,30,0.9999999999999997,2.841104936914004e-212
synthetic,dan,100,17,100,30,0.9999999999999997,2.841104936914004e-212
synthetic,dan,100,18,100,30,0.9999999999999997,2.841104936914004e-212
synthetic,dan,100,19,100,30,0.9999999999999997,2.841104936914004e-212
synthetic,dan,100,20,100,30,0.9999999999999997,2.841104936914004e-212
synthetic,dan,100,21,100,30,0.9999999999999997,2.841104936914004e-212
synthetic,dan,100,22,100,30,0.9999999999999997,2.841104936914004e-212
synthetic,dan,100,23,100,30,0.9999999999999997,2.841104936914004e-212
synthetic,dan,100,24,100,30,0.9999999999999997,2.841104936914004e-212
synthetic,dan,100,25,100,30,0.9999999999999997,2.841104936914004e-212
synthetic,dan,100,26,100,30,0.9999999999999997,2.841104936914004e-212
synthetic,dan,100,27,100,30,0.9999999999999997,2.841104936914004e-212
synthetic,dan,100,28,100,30,0.9999999999999997,2.841104936914004e-212
synthetic,dan,100,29,100,30,0.9999999999999997,2.841104936914004e-212
synthetic,dan,100,30,100,30,0.9999999999999997,2.841104936914004e-212
synthetic,dan,100,31,100,30,0.9999999999999997,2.841104936914004e-212
synthetic,dan,100,32,100,30,0.9999999999999997,2.841104936914004e-212
synthetic,dan,100,33,100,30,0.9999999999999997,2.841104936914004e-212
synthetic,dan,100,34,100,30,0.9999999999999997,2.841104936914004e-212
synthetic,dan,100,35,100,30,0.9999999999999997,2.841104936914004e-212
synthetic,dan,100,36,100,30,0.9999999999999997,2.841104936914004e-212
synthetic,dan,100,37,100,30,0.9999999999999997,2.841104936914004e-212
synthetic,dan,100,38,100,30,0.9999999999999997,2.841104936914004e-212
synthetic,dan,100,39,100,30,0.9999999999999997,2.841104936914004e-212
synthetic,dan,100,40,100,30,0.9999999999999997,2.841104936914004e-212
synthetic,dan,100,41,100,30,0.9999999999999997,2.841104936914004e-212
synthetic,dan,100,42,100,30,0.9999999999999997,2.841104936914004e-212
synthetic,dan,100,43,100,30,0.9999999999999997,2.841104936914004e-212
synthetic,dan,100,44,100,30,0.9999999999999997,2.841104936914004e-212
synthetic,dan,100,45,100,30,0.9999999999999997,2.841104936914004e-212
synthetic,dan,100,46,100,30,0.9999999999999997,2.841104936914004e-212
synthetic,dan,100,47,100,30,0.9999999999999997,2.841104936914004e-212
synthetic,dan,100,48,100,30,0.9999999999999997,2.841104936914004e-212
synthetic,dan,100,49,100,30,0.9999999999999997,2.841104936914004e-212
synthetic,dan,100,50,100,30,0.9999999999999997,2.841104936914004e-212
synthetic,dan,100,51,100,30,0.9999999999999997,2.841104936914004e-212
synthetic,dan,100,52,100,30,0.9999999999999997,2.841104936914004e-212
synthetic,dan,100,53,100,30,0.9999999999999997,2.841104936914004e-212
synthetic,dan,100,54,100,30,0.9999999999999997,2.841104936914004e-212
synthetic,dan,100,55,100,30,0.9999999999999997,2.841104936914004e-212
synthetic,dan,100,56,100,30,0.9999999999999997,2.841104936914004e-212
synthetic,dan,100,57,100,30,0.9999999999999997,2.841104936914004e-212
synthetic,dan,100,58,100,30,0.9999999999999997,2.841104936914004e-212
synthetic,dan,100,59,100,30,0.9999999999999997,2.841104936914004e-212
synthetic,dan,100,60,100,30,0.9999999999999997,2.841104936914004e-212
synthetic,dan,100,61,100,30,0.9999999999999997,2.841104936914004e-212
synthetic,dan,100,62,100,30,0.9999999999999997,2.841104936914004e-212
synthetic,dan,100,63,100,30,0.9999999999999997,2.841104936914004e-212
synthetic,dan,100,64,100,30,0.9999999999999997,2.841104936914004e-212
synthetic,dan,100,65,100,30,0.9999999999999997,2.841104936914004e-212
synthetic,dan,100,66,100,30,0.9999999999999997,2.841104936914004e-212
synthetic,dan,100,67,100,30,0.9999999999999997,2.841104936914004e-212
synthetic,dan,100,68,100,30,0.9999999999999997,2.841104936914004e-212
synthetic,dan,100,69,100,30,0.9999999999999997,2.841104936914004e-212
synthetic,dan,100,70,100,30,0.9999999999999997,2.841104936914004e-212
synthetic,dan,100,71,100,30,0.9999999999999997,2.841104936914004e-212
synthetic,dan,100,72,100,30,0.9999999999999997,2.841104936914004e-212
synthetic,dan,100,73,100,30,0.9999999999999997,2.841104936914004e-212
synthetic,dan,100,74,100,30,0.9999999999999997,2.841104936914004e-212
synthetic,dan,100,75,100,30,0.9999999999999997,2.841104936914004e-212
synthetic,dan,100,76,100,30,0.9999999999999997,2.841104936914004e-212
synthetic,dan,100,77,100,30,0.9999999999999997,2.841104936914004e-212
synthetic,dan,100,78,100,30,0.9999999999999997,2.841104936914004e-212
synthetic,dan,100,79,100,30,0.9999999999999997,2.841104936914004e-212
synthetic,dan,100,80,100,30,0.9999999999999997,2.841104936914004e-212
synthetic,dan,100,81,100,30,0.9999999999999997,2.841104936914004e-212
synthetic,dan,100,82,100,30,0.9999999999999997,2.841104936914004e-212
synthetic,dan,100,83,100,30,0.9999999999999997,2.841104936914004e-212
synthetic,dan,100,84,100,30,0.9999999999999997,2.841104936914004e-212
synthetic,dan,100,85,100,30,0.9999999999999997,2.841104936914004e-212
synthetic,dan,100,86,100,30,0.9999999999999997,2.841104936914004e-212
synthetic,dan,100,87,100,30,0.9999999999999997,2.841104936914004e-212
synthetic,dan,100,88,100,30,0.9999999999999997,2.841104936914004e-212
synthetic,dan,100,89,100,30,0.9999999999999997,2.841104936914004e-212
synthetic,dan,100,90,100,30,0.9999999999999997,2.841104936914004e-212
synthetic,dan,100,91,100,30,0.9999999999999997,2.841104936914004e-212
synthetic,dan,100,92,100,30,0.9999999999999997,2.841104936914004e-212
synthetic,dan,100,93,100,30,0.9999999999999997,2.841104936914004e-212
synthetic,dan,100,94,100,30,0.9999999999999997,2.841104936914004e-212
synthetic,dan,100,95,100,30,0.9999999999999997,2.841104936914004e-212
synthetic,dan,100,96,100,30,0.9999999999999997,2.841104936914004e-212
synthetic,dan,100,97,100,30,0.9999999999999997,2.841104936914004e-212
synthetic,dan,100,98,100,30,0.9999999999999997,2.841104936914004e-212
synthetic,dan,100,99,100,30,0.9999999999999997,2.841104936914004e-212
synthetic,dan,100,100,100,30,0.9999999999999997,2.841104936914004e-212
synthetic,dan,100,101,100,30,0.9999999999999997,2.841104936914004e-212
synthetic,dan,100,102,100,30,0.9999999999999997,2.841104936914004e-212
synthetic,dan,100,103,100,30,0.9999999999999997,2.841104936914004e-212
synthetic,dan,100,104,100,30,0.9999999999999997,2.841104936914004e-212
synthetic,dan,100,105,100,30,0.9999999999999997,2.841104936914004e-212
synthetic,dan,100,106,100,30,0.9999999999999997,2.841104936914004e-212
synthetic,dan,100,107,100,30,0.9999999999999997,2.841104936914004e-212
synthetic,dan,100,108,100,30,0.9999999999999997,2.841104936914004e-212
synthetic,dan,100,109,100,30,0.9999999999999997,2.841104936914004e-212
synthetic,dan,100,110,100,30,0.9999999999999997,2.841104936914004e-212
synthetic,dan,100,111,100,30,0.9999999999999997,2.841104936914004e-212
synthetic,dan,100,112,100,30,0.9999999999999997,2.841104936914004e-212
synthetic,dan,100,113,100,30,0.9999999999999997,2.841104936914004e-212
synthetic,dan,100,114,100,30,0.9999999999999997,2.841104936914004e-212
synthetic,dan,100,115,100,30,0.9999999999999997,2.841104936914004e-212
synthetic,dan,100,116,100,30,0.9999999999999997,2.841104936914004e-212
synthetic,dan,100,117,100,30,0.9999999999999997,2.841104936914004e-212
synthetic,dan,100,118,100,30,0.9999999999999997,2.841104936914004e-212
synthetic,dan,100,119,100,30,0.9999999999999997,2.841104936914004e-212
synthetic,dan,100,120,100,30,0.9999999999999997,2.841104936914004e-212
synthetic,dan,100,121,100,30,0.9999999999999997,2.841104936914004e-212
synthetic,dan,100,122,100,30,0.9999999999999997,2.841104936914004e-212
synthetic,dan,100,123,100,30,0.9999999999999997,2.841104936914004e-212
synthetic,dan,100,124,100,30,0.9999999999999997,2.841104936914004e-212
synthetic,dan,100,125,100,30,0.9999999999999997,2.841104936914004e-212
synthetic,dan,100,126,100,30,0.9999999999999997,2.841104936914004e-212
synthetic,dan,100,127,100,30,0.9999999999999997,2.841104936914004e-212
synthetic,dan,100,128,100,30,0.9999999999999997,2.841104936914004e-212
synthetic,dan,100,129,100,30,0.9999999999999997,2.841104936914004e-212
synthetic,dan,100,130,100,30,0.9999999999999997,2.841104936914004e-212
synthetic,dan,100,131,100,30,0.9999999999999997,2.841104936914004e-212
synthetic,dan,100,132,100,30,0.9999999999999997,2.841104936914004e-212
synthetic,dan,100,133,100,30,0.9999999999999997,2.841104936914004e-212
synthetic,dan,100,134,100,30,0.9999999999999997,2.841104936914004e-212
synthetic,dan,100,135,100,30,0.9999999999999997,2.841104936914004e-212
synthetic,dan,100,136,100,30,0.9999999999999997,2.841104936914004e-212
synthetic,dan,100,137,100,30,0.9999999999999997,2.841104936914004e-212
synthetic,dan,100,138,100,30,0.9999999999999997,2.841104936914004e-212
synthetic,dan,100,139,100,30,0.9999999999999997,2.841104936914004e-212
synthetic,dan,100,140,100,30,0.9999999999999997,2.841104936914004e-212
synthetic,dan,100,141,100,30,0.9999999999999997,2.841104936914004e-212
synthetic,dan,100,142,100,30,0.9999999999999997,2.841104936914004e-212
synthetic,dan,100,143,100,30,0.9999999999999997,2.841104936914004e-212
synthetic,dan,100,144,100,30,0.9999999999999997,2.841104936914004e-212
synthetic,dan,100,145,100,30,0.9999999999999997,2.841104936914004e-212
synthetic,dan,100,146,100,30,0.9999999999999997,2.841104936914004e-212
synthetic,dan,100,147,100,30,0.9999999999999997,2.841104936914004e-212
synthetic,dan,100,148,100,30,0.9999999999999997,2.841104936914004e-212
synthetic,dan,100,149,100,30,0.9999999999999997,2.841104936914004e-212
synthetic,dan,100,150,100,30,0.9999999999999997,2.841104936914004e-212
synthetic,dan,100,151,100,30,0.9999999999999997,2.841104936914004e-212
synthetic,dan,100,152,100,30,0.9999999999999997,2.841104936914004e-212
synthetic,dan,100,153,100,30,0.9999999999999997,2.841104936914004e-212
synthetic,dan,100,154,100,30,0.9999999999999997,2.841104936914004e-212
synthetic,dan,100,155,100,30,0.9999999999999997,2.841104936914004e-212
synthetic,dan,100,156,100,30,0.9999999999999997,2.841104936914004e-212
synthetic,dan,100,157,100,30,0.9999999999999997,2.841104936914004e-212
synthetic,dan,100,158,100,30,0.9999999999999997,2.841104936914004e-212
synthetic,dan,100,159,100,30,0.9999999999999997,2.841104936914004e-212
synthetic,dan,100,160,100,30,0.9999999999999997,2.841104936914004e-212
synthetic,dan,100,161,100,30,0.9999999999999997,2.841104936914004e-212
synthetic,dan,100,162,100,30,0.9999999999999997,2.841104936914004e-212
synthetic,dan,100,163,100,30,0.9999999999999997,2.841104936914004e-212
synthetic,dan,100,164,100,30,0.9999999999999997,2.841104936914004e-212
synthetic,dan,100,165,100,30,0.9999999999999997,2.841104936914004e-212
synthetic,dan,100,166,100,30,0.9999999999999997,2.841104936914004e-212
synthetic,dan,100,167,100,30,0.9999999999999997,2.841104936914004e-212
synthetic,dan,100,168,100,30,0.9999999999999997,2.841104936914004e-212
synthetic,dan,100,169,100,30,0.9999999999999997,2.841104936914004e-212
synthetic,dan,100,170,100,30,0.9999999999999997,2.841104936914004e-212
synthetic,dan,100,171,100,30,0.9999999999999997,2.841104936914004e-212
synthetic,dan,100,172,100,30,0.9999999999999997,2.841104936914004e-212
synthetic,dan,100,173,100,30,0.9999999999999997,2.841104936914004e-212
synthetic,dan,100,174,100,30,0.9999999999999997,2.841104936914004e-212
synthetic,dan,100,175,100,30,0.9999999999999997,2.841104936914004e-212
synthetic,dan,100,176,100,30,0.9999999999999997,2.841104936914004e-212
synthetic,dan,100,177,100,30,0.9999999999999997,2.841104936914004e-212
synthetic,dan,100,178,100,30,0.9999999999999997,2.841104936914004e-212
synthetic,dan,100,179,100,30,0.9999999999999997,2.841104936914004e-212
synthetic,dan,100,180,100,30,0.9999999999999997,2.841104936914004e-212
synthetic,dan,100,181,100,30,0.9999999999999997,2.841104936914004e-212
synthetic,dan,100,182,100,30,0.9999999999999997,2.841104936914004e-212
synthetic,dan,100,183,100,30,0.9999999999999997,2.841104936914004e-212
synthetic,dan,100,184,100,30,0.9999999999999997,2.841104936914004e-212
synthetic,dan,100,185,100,30,0.9999999999999997,2.841104936914004e-212
synthetic,dan,100,186,100,30,0.9999999999999997,2.841104936914004e-212
synthetic,dan,100,187,100,30,0.9999999999999997,2.841104936914004e-212
synthetic,dan,100,188,100,30,0.9999999999999997,2.841104936914004e-212
synthetic,dan,100,189,100,30,0.9999999999999997,2.841104936914004e-212
synthetic,dan,100,190,100,30,0.9999999999999997,2.841104936914004e-212
synthetic,dan,100,191,100,30,0.9999999999999997,2.841104936914004e-212
synthetic,dan,100,192,100,30,0.9999999999999997,2.841104936914004e-212
synthetic,dan,100,193,100,30,0.9999999999999997,2.841104936914004e-212
synthetic,dan,100,194,100,30,0.9999999999999997,2.841104936914004e-212
synthetic,dan,100,195,100,30,0.9999999999999997,2.841104936914004e-212
synthetic,dan,100,196,100,30,0.9999999999999997,2.841104936914004e-212
synthetic,dan,100,197,100,30,0.9999999999999997,2.841104936914004e-212
synthetic,dan,100,198,100,30,0.9999999999999997,2.841104936914004e-212
synthetic,dan,100,199,100,30,0.9999999999999997,2.841104936914004e-212
synthetic,deu,10,0,100,30,0.9604699763223193,4.3733463446721725e-17
synthetic,deu,10,1,100,30,0.9940451649517292,1.6648323021971047e-28
synthetic,deu,10,2,100,30,0.981631712543348,1.0896147196130248e-21
synthetic,deu,10,3,100,30,0.9822936908028933,6.544287268578517e-22
synthetic,deu,10,4,100,30,0.9925546454003765,3.7640107264036015e-27
synthetic,deu,10,5,100,30,0.9912523652989781,3.566817821870299e-26
synthetic,deu,10,6,100,30,0.9855129867534417,4.020836152219892e-23
synthetic,deu,10,7,100,30,0.9900498938565474,2.1489121969922846e-25
synthetic,deu,10,8,100,30,0.9907827683087407,7.395658764379665e-26
synthetic,deu,10,9,100,30,0.9901560197043537,1.8505542406043557e-25
synthetic,deu,10,10,100,30,0.9894959346744424,4.572653877669487e-25
synthetic,deu,10,11,100,30,0.9917432643876842,1.593776935312746e-26
synthetic,deu,10,12,100,30,0.9766981523951443,2.955680316123406e-20
synthetic,deu,10,13,100,30,0.9808828689236648,1.897755337122348e-21
synthetic,deu,10,14,100,30,0.9797846014897682,4.1205530640525665e-21
synthetic,deu,10,15,100,30,0.9825754451579118,5.23698787092932e-22
synthetic,deu,10,16,100,30,0.980874568385579,1.9092268963185917e-21
synthetic,deu,10,17,100,30,0.9906773355176194,8.666657594202729e-26
synthetic,deu,10,18,100,30,0.9751975303017959,7.01657733250144e-20
synthetic,deu,10,19,100,30,0.9813524927322389,1.3435718195168795e-21
synthetic,deu,10,20,100,30,0.9888638305327504,1.0322687039380715e-24
synthetic,deu,10,21,100,30,0.9858990895946876,2.761189740220287e-23
synthetic,deu,10,22,100,30,0.9922273013262966,6.861131040869573e-27
synthetic,deu,10,23,100,30,0.9761178383451883,4.156026203563395e-20
synthetic,deu,10,24,100,30,0.9865235889990888,1.4700463521794887e-23
synthetic,deu,10,25,100,30,0.9854237208420388,4.379546537109864e-23
synthetic,deu,10,26,100,30,0.9906801359756806,8.630428325750509e-26
synthetic,deu,10,27,100,30,0.9868135875918203,1.086008716628574e-23
synthetic,deu,10,28,100,30,0.9819158975339349,8.774530055979836e-22
synthetic,deu,10,29,100,30,0.9894574278626168,4.811879508431782e-25
synthetic,deu,10,30,100,30,0.9830607001908845,3.5370608405805816e-22
synthetic,deu,10,31,100,30,0.9832533240952251,3.017297227052433e-22
synthetic,deu,10,32,100,30,0.9797934734804443,4.095529985909296e-21
synthetic,deu,10,33,100,30,0.9923671752837532,5.325420500334433e-27
synthetic,deu,10,34,100,30,0.9872095731193139,7.103952163881652e-24
synthetic,deu,10,35,100,30,0.98373384030211,2.0131829192047048e-22
synthetic,deu,10,36,100,30,0.9836123250499117,2.2326111282634506e-22
synthetic,deu,10,37,100,30,0.9908777085539275,6.401417713885193e-26
synthetic,deu,10,38,100,30,0.9836877948504592,2.0938619360062576e-22
synthetic,deu,10,39,100,30,0.9755722782016256,5.682717119410377e-20
synthetic,deu,10,40,100,30,0.9565215740502219,1.6183460313445651e-16
synthetic,deu,10,41,100,30,0.9826302871223181,5.012569995683147e-22
synthetic,deu,10,42,100,30,0.9909145362470771,6.050312188601119e-26
synthetic,deu,10,43,100,30,0.9918511384264155,1.3266386858826994e-26
synthetic,deu,10,44,100,30,0.9773007106425317,2.0557389064405357e-20
synthetic,deu,10,45,100,30,0.9796634445843336,4.4767685140438765e-21
synthetic,deu,10,46,100,30,0.9654792020347305,6.766800105227774e-18
synthetic,deu,10,47,100,30,0.9860006039486726,2.4970971549367997e-23
synthetic,deu,10,48,100,30,0.9922567127251722,6.507632718356869e-27
synthetic,deu,10,49,100,30,0.9819033838399255,8.859239667037621e-22
synthetic,deu,10,50,100,30,0.9848144552133734,7.740786452499046e-23
synthetic,deu,10,51,100,30,0.9937018619325072,3.641310465369665e-28
synthetic,deu,10,52,100,30,0.9763607577380161,3.607147744676636e-20
synthetic,deu,10,53,100,30,0.988926273273263,9.544862567422512e-25
synthetic,deu,10,54,100,30,0.9165306162655392,1.1647195994843608e-12
synthetic,deu,10,55,100,30,0.9866330669478964,1.3122801109315066e-23
synthetic,deu,10,56,100,30,0.9481877560216737,1.7900426838466933e-15
synthetic,deu,10,57,100,30,0.9940195912516833,1.767497418920827e-28
synthetic,deu,10,58,100,30,0.9806649543247297,2.2211400698386998e-21
synthetic,deu,10,59,100,30,0.9898954306785165,2.663613520548911e-25
synthetic,deu,10,60,100,30,0.9941649472741851,1.25353826201705e-28
synthetic,deu,10,61,100,30,0.9475639149257273,2.10839078044329e-15
synthetic,deu,10,62,100,30,0.9812146721717242,1.4882183350163213e-21
synthetic,deu,10,63,100,30,0.9850803671734322,6.054509868216354e-23
synthetic,deu,10,64,100,30,0.9757372279156067,5.1736816233649794e-20
synthetic,deu,10,65,100,30,0.9612711751776508,3.2996151407954706e-17
synthetic,deu,10,66,100,30,0.963124340290902,1.6799847252525373e-17
synthetic,deu,10,67,100,30,0.9587697608590416,7.803617955479103e-17
synthetic,deu,10,68,100,30,0.9831636519107296,3.2497503301473706e-22
synthetic,deu,10,69,100,30,0.9928070884559109,2.3258879301762722e-27
synthetic,deu,10,70,100,30,0.9797677375036253,4.168508522375375e-21
synthetic,deu,10,71,100,30,0.986103795067759,2.2528161144198177e-23
synthetic,deu,10,72,100,30,0.9842757830266223,1.256889797842174e-22
synthetic,deu,10,73,100,30,0.9893053303362292,5.874937197770967e-25
synthetic,deu,10,74,100,30,0.993318821212191,8.302682617473415e-28
synthetic,deu,10,75,100,30,0.9849645798784177,6.741801304750322e-23
synthetic,deu,10,76,100,30,0.9810986735085382,1.621016893144422e-21
synthetic,deu,10,77,100,30,0.9934710968702235,6.017840226687615e-28
synthetic,deu,10,78,100,30,0.9902438566882522,1.6331961492869504e-25
synthetic,deu,10,79,100,30,0.9761177497333253,4.156239836703782e-20
synthetic,deu,10,80,100,30,0.9889813769037725,8.903995578102563e-25
synthetic,deu,10,81,100,30,0.9686195713948775,1.814980568272151e-18
synthetic,deu,10,82,100,30,0.9733288158751419,1.9178225042020956e-19
synthetic,deu,10,83,100,30,0.9873077376913084,6.3814022803690184e-24
synthetic,deu,10,84,100,30,0.9890737001570713,7.919000631051826e-25
synthetic,deu,10,85,100,30,0.9865366805057506,1.4502951360782255e-23
synthetic,deu,10,86,100,30,0.986884529085311,1.0074478973867975e-23
synthetic,deu,10,87,100,30,0.9809974551556064,1.7457874205655044e-21
synthetic,deu,10,88,100,30,0.990073987363588,2.0775044933620127e-25
synthetic,deu,10,89,100,30,0.9821602298287374,7.2638170999481975e-22
synthetic,deu,10,90,100,30,0.9695020790647996,1.2240196566052296e-18
synthetic,deu,10,91,100,30,0.9818772116260932,9.038866203435362e-22
synthetic,deu,10,92,100,30,0.992896915052338,1.9517233070064425e-27
synthetic,deu,10,93,100,30,0.9695054629754818,1.222145095373472e-18
synthetic,deu,10,94,100,30,0.9826703113518696,4.854454147064707e-22
synthetic,deu,10,95,100,30,0.9938835228656445,2.4198372838224183e-28
synthetic,deu,10,96,100,30,0.9696879070806114,1.1249269033622815e-18
synthetic,deu,10,97,100,30,0.9700054173968227,9.72632369833256e-19
synthetic,deu,10,98,100,30,0.9918801644889887,1.2622154284191521e-26
synthetic,deu,10,99,100,30,0.9891632243753777,7.061304268647361e-25
synthetic,deu,10,100,100,30,0.9734685754417821,1.783350937349046e-19
synthetic,deu,10,101,100,30,0.9795074941892289,4.97734141595851e-21
synthetic,deu,10,102,100,30,0.9751662755657841,7.140014218813926e-20
synthetic,deu,10,103,100,30,0.9824462215695215,5.8031439002479755e-22
synthetic,deu,10,104,100,30,0.9869120872182644,9.783779904886547e-24
synthetic,deu,10,105,100,30,0.9909819385239075,5.453575925010759e-26
synthetic,deu,10,106,100,30,0.9909235180598698,5.967436591750582e-26
synthetic,deu,10,107,100,30,0.9878959185615521,3.295896121580586e-24
synthetic,deu,10,108,100,30,0.9858904729787291,2.7847591558236914e-23
synthetic,deu,10,109,100,30,0.97929022078383,5.761629855876603e-21
synthetic,deu,10,110,100,30,0.9650507557525387,8.021109231902306e-18
synthetic,deu,10,111,100,30,0.9878368578368769,3.5270556324573136e-24
synthetic,deu,10,112,100,30,0.9902249603333648,1.6778508259866608e-25
synthetic,deu,10,113,100,30,0.9901339545945462,1.9092230424395357e-25
synthetic,deu,10,114,100,30,0.9830755259039301,3.494282998294718e-22
synthetic,deu,10,115,100,30,0.9862741376133528,1.897515467992129e-23
synthetic,deu,10,116,100,30,0.9784119957610692,1.0250098547615491e-20
synthetic,deu,10,117,100,30,0.9928140343769557,2.2947372414682628e-27
synthetic,deu,10,118,100,30,0.98027026902585,2.940292093587449e-21
synthetic,deu,10,119,100,30,0.9918822642028513,1.2576696190256276e-26
synthetic,deu,10,120,100,30,0.9880047100441068,2.9064741879718956e-24
synthetic,deu,10,121,100,30,0.9814717581588616,1.2290390314964911e-21
synthetic,deu,10,122,100,30,0.9890444091469357,8.219974957307588e-25
synthetic,deu,10,123,100,30,0.9856175657737584,3.6353248930483406e-23
synthetic,deu,10,124,100,30,0.9852110934781102,5.356938890241281e-23
synthetic,deu,10,125,100,30,0.9861467755911812,2.1577688183960723e-23
synthetic,deu,10,126,100,30,0.9890200421591144,8.478404479062899e-25
synthetic,deu,10,127,100,30,0.9871831930613458,7.31067326294746e-24
synthetic,deu,10,128,100,30,0.9692216027162698,1.3889929148917331e-18
synthetic,deu,10,129,100,30,0.9883170295242464,2.0127464564667818e-24
synthetic,deu,10,130,100,30,0.9906370095440749,9.204248128390751e-26
synthetic,deu,10,131,100,30,0.9921451478410986,7.945204595187875e-27
synthetic,deu,10,132,100,30,0.9946327744270042,3.9016124836104446e-29
synthetic,deu,10,133,100,30,0.9884585784331982,1.698432489970947e-24
synthetic,deu,10,134,100,30,0.9872491853516545,6.803705307936839e-24
synthetic,deu,10,135,100,30,0.9917914234001343,1.468884210717771e-26
synthetic,deu,10,136,100,30,0.9860906192997966,2.2827218077675132e-23
synthetic,deu,10,137,100,30,0.9846396097650997,9.07668998408553e-23
synthetic,deu,10,138,100,30,0.9704696174934844,7.84071232928997e-19
synthetic,deu,10,139,100,30,0.9829463514930104,3.883693209641459e-22
synthetic,deu,10,140,100,30,0.9868016783967923,1.0997411665608833e-23
synthetic,deu,10,141,100,30,0.9800400712702971,3.4538870446056865e-21
synthetic,deu,10,142,100,30,0.9849313356834182,6.952106896094273e-23
synthetic,deu,10,143,100,30,0.9677323115472183,2.6670232278702914e-18
synthetic,deu,10,144,100,30,0.9803468197862504,2.7858476144790465e-21
synthetic,deu,10,145,100,30,0.9913802284162614,2.904629686905713e-26
synthetic,deu,10,146,100,30,0.9831124339032168,3.3898646588374965e-22
synthetic,deu,10,147,100,30,0.9849079682693537,7.103555556959561e-23
synthetic,deu,10,148,100,30,0.970683563831487,7.091139836776364e-19
synthetic,deu,10,149,100,30,0.9887435499431757,1.1989275113164791e-24
synthetic,deu,10,150,100,30,0.9713241144725236,5.22522355655545e-19
synthetic,deu,10,151,100,30,0.996106617533493,4.397606241513805e-31
synthetic,deu,10,152,100,30,0.9757368038614398,5.174934237076808e-20
synthetic,deu,10,153,100,30,0.9874486418879196,5.462770974388413e-24
synthetic,deu,10,154,100,30,0.9856370290836115,3.567477320686122e-23
synthetic,deu,10,155,100,30,0.9832322168785949,3.0705807469650936e-22
synthetic,deu,10,156,100,30,0.9841126688743064,1.4508125148847794e-22
synthetic,deu,10,157,100,30,0.970172808419834,9.002626168675175e-19
synthetic,deu,10,158,100,30,0.9934238370579288,6.655313878633295e-28
synthetic,deu,10,159,100,30,0.9854949977691133,4.090852989871566e-23
synthetic,deu,10,160,100,30,0.991069746514343,4.757972888551457e-26
synthetic,deu,10,161,100,30,0.9832254427610353,3.0878656106893016e-22
synthetic,deu,10,162,100,30,0.9875894983381382,4.668386368923441e-24
synthetic,deu,10,163,100,30,0.9634528589453617,1.4851683317054975e-17
synthetic,deu,10,164,100,30,0.9722762109655952,3.276011697041434e-19
synthetic,deu,10,165,100,30,0.983128940684792,3.344107602524629e-22
synthetic,deu,10,166,100,30,0.963597771785576,1.4060719575943522e-17
synthetic,deu,10,167,100,30,0.9783233527110636,1.0849428695130867e-20
synthetic,deu,10,168,100,30,0.9913538141404629,3.0312673570167455e-26
synthetic,deu,10,169,100,30,0.9728656293833312,2.4336479662654e-19
synthetic,deu,10,170,100,30,0.9450167559433378,4.031612727788564e-15
synthetic,deu,10,171,100,30,0.9883107509871945,2.0278651870212e-24
synthetic,deu,10,172,100,30,0.9881741678216556,2.3840137755862036e-24
synthetic,deu,10,173,100,30,0.9833242609160298,2.8444417311816177e-22
synthetic,deu,10,174,100,30,0.9681986433180313,2.1815348613809563e-18
synthetic,deu,10,175,100,30,0.9943285777495889,8.426177144488472e-29
synthetic,deu,10,176,100,30,0.9815288155508292,1.177510325148975e-21
synthetic,deu,10,177,100,30,0.9829850586518708,3.7629786588449153e-22
synthetic,deu,10,178,100,30,0.9894575665267862,4.810997595718081e-25
synthetic,deu,10,179,100,30,0.9882323432301113,2.22576226311019e-24
synthetic,deu,10,180,100,30,0.986990806710788,8.995699079568455e-24
synthetic,deu,10,181,100,30,0.9907042631138672,8.32406823978769e-26
synthetic,deu,10,182,100,30,0.9856674438961142,3.4638018326078944e-23
synthetic,deu,10,183,100,30,0.9675339504969738,2.9024108116818564e-18
synthetic,deu,10,184,100,30,0.980928939958015,1.8352374167447083e-21
synthetic,deu,10,185,100,30,0.9881717266922553,2.3908770633585615e-24
synthetic,deu,10,186,100,30,0.9933213923879284,8.258190834381602e-28
synthetic,deu,10,187,100,30,0.9927994800061434,2.3604600279424778e-27
synthetic,deu,10,188,100,30,0.9947808166744563,2.6398116911580136e-29
synthetic,deu,10,189,100,30,0.9848495817915852,7.495449411614941e-23
synthetic,deu,10,190,100,30,0.9873582817300137,6.036552758542974e-24
synthetic,deu,10,191,100,30,0.9817527819355782,9.940001987111703e-22
synthetic,deu,10,192,100,30,0.9858352338527556,2.940346646753027e-23
synthetic,deu,10,193,100,30,0.9728391665896974,2.466686399622771e-19
synthetic,deu,10,194,100,30,0.9798874833640008,3.838897700836241e-21
synthetic,deu,10,195,100,30,0.9822852918312512,6.587543082552413e-22
synthetic,deu,10,196,100,30,0.9947205935318623,3.0986290238141494e-29
synthetic,deu,10,197,100,30,0.9810006544259703,1.7417111176112577e-21
synthetic,deu,10,198,100,30,0.9875887270267427,4.672427982348702e-24
synthetic,deu,10,199,100,30,0.9732287824678303,2.0197762560818916e-19
synthetic,deu,25,0,100,30,0.9961715621717956,3.4762512976897354e-31
synthetic,deu,25,1,100,30,0.997671024646517,3.33482708368801e-34
synthetic,deu,25,2,100,30,0.9964759526526161,1.0919339153128118e-31
synthetic,deu,25,3,100,30,0.992039070384399,9.580438477378996e-27
synthetic,deu,25,4,100,30,0.9861072340396287,2.245070546338358e-23
synthetic,deu,25,5,100,30,0.9947294348742762,3.0269281189828635e-29
synthetic,deu,25,6,100,30,0.9975815299998819,5.650653101672493e-34
synthetic,deu,25,7,100,30,0.9940550686850119,1.6265826416287622e-28
synthetic,deu,25,8,100,30,0.9976762468768583,3.2317548355142826e-34
synthetic,deu,25,9,100,30,0.9921753469379977,7.529462575605678e-27
synthetic,deu,25,10,100,30,0.992732583759285,2.6856305909088995e-27
synthetic,deu,25,11,100,30,0.9939322331628057,2.1642141550706057e-28
synthetic,deu,25,12,100,30,0.9970734075320997,8.133171829783041e-33
synthetic,deu,25,13,100,30,0.9940163244667518,1.7810270073009598e-28
synthetic,deu,25,14,100,30,0.9933972370513675,7.041127619653644e-28
synthetic,deu,25,15,100,30,0.9939422180592324,2.1150134874341787e-28
synthetic,deu,25,16,100,30,0.9949180060830886,1.81960647526555e-29
synthetic,deu,25,17,100,30,0.9987722950570631,4.2952129902759044e-38
synthetic,deu,25,18,100,30,0.99752896236152,7.63310400278848e-34
synthetic,deu,25,19,100,30,0.9960169781514303,6.044751250278285e-31
synthetic,deu,25,20,100,30,0.9985183758997658,5.961172757453283e-37
synthetic,deu,25,21,100,30,0.9945700879712226,4.588595891583569e-29
synthetic,deu,25,22,100,30,0.9913557532654602,3.021799170957539e-26
synthetic,deu,25,23,100,30,0.9922593031555206,6.47732226451806e-27
synthetic,deu,25,24,100,30,0.9949761167408384,1.5495532175245016e-29
synthetic,deu,25,25,100,30,0.9933707670583517,7.445576140079825e-28
synthetic,deu,25,26,100,30,0.9963549625744157,1.7503329719391717e-31
synthetic,deu,25,27,100,30,0.9949162599848543,1.828359297693087e-29
synthetic,deu,25,28,100,30,0.9934001460330344,6.997946058666974e-28
synthetic,deu,25,29,100,30,0.9938927658459592,2.3692756450716315e-28
synthetic,deu,25,30,100,30,0.9975327625345792,7.47056541308217e-34
synthetic,deu,25,31,100,30,0.9961927087587046,3.217288353369767e-31
synthetic,deu,25,32,100,30,0.9895990570876221,3.9852490669573008e-25
synthetic,deu,25,33,100,30,0.9951187776687823,1.0361673349447863e-29
synthetic,deu,25,34,100,30,0.99693334266376,1.5636243947725424e-32
synthetic,deu,25,35,100,30,0.9963428014969854,1.833750149701838e-31
synthetic,deu,25,36,100,30,0.9974904558237067,9.475811171863694e-34
synthetic,deu,25,37,100,30,0.9943512587769471,7.967576620295728e-29
synthetic,deu,25,38,100,30,0.995416137318265,4.305832497393831e-30
synthetic,deu,25,39,100,30,0.9931018494827869,1.2970570467275066e-27
synthetic,deu,25,40,100,30,0.9928529484408896,2.1272607905823895e-27
synthetic,deu,25,41,100,30,0.9984865747571688,8.02359542090969e-37
synthetic,deu,25,42,100,30,0.9974184055681299,1.4077668686362088e-33
synthetic,deu,25,43,100,30,0.993822522410832,2.779473357557854e-28
synthetic,deu,25,44,100,30,0.9947041854178292,3.2358892243633456e-29
synthetic,deu,25,45,100,30,0.9940402863713631,1.6839794633688658e-28
synthetic,deu,25,46,100,30,0.9974915799373176,9.416624453590276e-34
synthetic,deu,25,47,100,30,0.9955275014753777,3.0535963615527644e-30
synthetic,deu,25,48,100,30,0.9927009569813866,2.853416138374296e-27
synthetic,deu,25,49,100,30,0.9965119152794377,9.460744503547545e-32
synthetic,deu,25,50,100,30,0.9850015863495426,6.514644663896797e-23
synthetic,deu,25,51,100,30,0.9923263178325528,5.737268146909458e-27
synthetic,deu,25,52,100,30,0.9951646084333902,9.08225596042604e-30
synthetic,deu,25,53,100,30,0.9967596191891327,3.378355065484041e-32
synthetic,deu,25,54,100,30,0.9972518471603204,3.374671657300532e-33
synthetic,deu,25,55,100,30,0.9951948540868976,8.319986739201062e-30
synthetic,deu,25,56,100,30,0.9969402207144944,1.5152994589877443e-32
synthetic,deu,25,57,100,30,0.9956345898770838,2.1764172633881367e-30
synthetic,deu,25,58,100,30,0.9918676506127345,1.2896253367059552e-26
synthetic,deu,25,59,100,30,0.9961995477636169,3.1374480403251035e-31
synthetic,deu,25,60,100,30,0.9962907567369172,2.23417805132494e-31
synthetic,deu,25,61,100,30,0.987837117959416,3.526005352599317e-24
synthetic,deu,25,62,100,30,0.9952853565628715,6.379011851775498e-30
synthetic,deu,25,63,100,30,0.9951751645607423,8.809141852915308e-30
synthetic,deu,25,64,100,30,0.9938632963386972,2.5339956407575248e-28
synthetic,deu,25,65,100,30,0.9954845046979145,3.490364339939064e-30
synthetic,deu,25,66,100,30,0.9960469420884454,5.439316764229521e-31
synthetic,deu,25,67,100,30,0.9941321518992546,1.3555890694609067e-28
synthetic,deu,25,68,100,30,0.9941285130593102,1.3673753789702126e-28
synthetic,deu,25,69,100,30,0.987453222570892,5.435077635732034e-24
synthetic,deu,25,70,100,30,0.9925581146523288,3.7396095217385335e-27
synthetic,deu,25,71,100,30,0.9951893180534194,8.454908771727883e-30
synthetic,deu,25,72,100,30,0.9970876964320696,7.595198490740744e-33
synthetic,deu,25,73,100,30,0.99512443872588,1.019504755562399e-29
synthetic,deu,25,74,100,30,0.9978591880148344,1.026503549251261e-34
synthetic,deu,25,75,100,30,0.9980345744774117,3.1053879551394583e-35
synthetic,deu,25,76,100,30,0.9893620770307788,5.455140984116912e-25
synthetic,deu,25,77,100,30,0.9883848300692488,1.8560115399310913e-24
synthetic,deu,25,78,100,30,0.995380282825245,4.801042181416606e-30
synthetic,deu,25,79,100,30,0.9977055990292993,2.7053686834042355e-34
synthetic,deu,25,80,100,30,0.994831236420889,2.3050678801422635e-29
synthetic,deu,25,81,100,30,0.9942676961648572,9.781170739687219e-29
synthetic,deu,25,82,100,30,0.992991385444053,1.6190500621450223e-27
synthetic,deu,25,83,100,30,0.9967770970894638,3.1323320989586716e-32
synthetic,deu,25,84,100,30,0.9870476106516528,8.464061015704674e-24
synthetic,deu,25,85,100,30,0.9963466626097562,1.806873834555882e-31
synthetic,deu,25,86,100,30,0.9947664695854479,2.743000378539362e-29
synthetic,deu,25,87,100,30,0.9957050967360934,1.7335045167130782e-30
synthetic,deu,25,88,100,30,0.9949185047753383,1.817113786306058e-29
synthetic,deu,25,89,100,30,0.996215161926305,2.9620071447138964e-31
synthetic,deu,25,90,100,30,0.9977864516313762,1.638005946853238e-34
synthetic,deu,25,91,100,30,0.9961928867986394,3.215186176335239e-31
synthetic,deu,25,92,100,30,0.9870290801953553,8.63419891391336e-24
synthetic,deu,25,93,100,30,0.9977725266239853,1.7881659768791156e-34
synthetic,deu,25,94,100,30,0.9942916774190195,9.224959407090442e-29
synthetic,deu,25,95,100,30,0.9965385329736184,8.500020830505439e-32
synthetic,deu,25,96,100,30,0.996284884819495,2.2841247111535355e-31
synthetic,deu,25,97,100,30,0.9962253972024953,2.8519930578620125e-31
synthetic,deu,25,98,100,30,0.9955270779516044,3.057639231809565e-30
synthetic,deu,25,99,100,30,0.9935986035848049,4.569414148016897e-28
synthetic,deu,25,100,100,30,0.9959227367316786,8.381362317203514e-31
synthetic,deu,25,101,100,30,0.9980902118083518,2.0780842517534202e-35
synthetic,deu,25,102,100,30,0.9909552265924886,5.683209938049926e-26
synthetic,deu,25,103,100,30,0.9940209113146599,1.7620574108364985e-28
synthetic,deu,25,104,100,30,0.9920491967992162,9.411811827423502e-27
synthetic,deu,25,105,100,30,0.9947704048772051,2.71433010330531e-29
synthetic,deu,25,106,100,30,0.9954421128686877,3.9771617190944726e-30
synthetic,deu,25,107,100,30,0.9935058663442986,5.585557047585765e-28
synthetic,deu,25,108,100,30,0.9948011777065463,2.4995429722420513e-29
synthetic,deu,25,109,100,30,0.9889910283358897,8.79594396310648e-25
synthetic,deu,25,110,100,30,0.9940983769983509,1.4687072636000374e-28
synthetic,deu,25,111,100,30,0.9970401140913198,9.526869212173246e-33
synthetic,deu,25,112,100,30,0.9943242862571816,8.515658972376583e-29
synthetic,deu,25,113,100,30,0.992923436486922,1.852439141577683e-27
synthetic,deu,25,114,100,30,0.995089123457562,1.1276584341877847e-29
synthetic,deu,25,115,100,30,0.9972326216789527,3.720214109404865e-33
synthetic,deu,25,116,100,30,0.9966806149840369,4.731065075124685e-32
synthetic,deu,25,117,100,30,0.996966751906616,1.3415847976351967e-32
synthetic,deu,25,118,100,30,0.994927184523318,1.7742329925099475e-29
synthetic,deu,25,119,100,30,0.9948566531258776,2.1516859979586885e-29
synthetic,deu,25,120,100,30,0.9974623421474295,1.107330710789405e-33
synthetic,deu,25,121,100,30,0.9974529221282187,1.1662205364522212e-33
synthetic,deu,25,122,100,30,0.9948648615835388,2.10421118901966e-29
synthetic,deu,25,123,100,30,0.9981071501087253,1.8346000730624476e-35
synthetic,deu,25,124,100,30,0.9935277250524145,5.328740200505781e-28
synthetic,deu,25,125,100,30,0.9896265470621649,3.8409356146028405e-25
synthetic,deu,25,126,100,30,0.9957310859020592,1.5925386859417956e-30
synthetic,deu,25,127,100,30,0.989671791815446,3.613930323313599e-25
synthetic,deu,25,128,100,30,0.9920847384682179,8.841519741750221e-27
synthetic,deu,25,129,100,30,0.9956644867717201,1.977140744934546e-30
synthetic,deu,25,130,100,30,0.99844817042931,1.1392799818494421e-36
synthetic,deu,25,131,100,30,0.995148162713463,9.523452520654607e-30
synthetic,deu,25,132,100,30,0.9973911612375392,1.630376841958434e-33
synthetic,deu,25,133,100,30,0.9932133421189596,1.0331890243602821e-27
synthetic,deu,25,134,100,30,0.9921362810201338,8.071257779880738e-27
synthetic,deu,25,135,100,30,0.9955269713497283,3.058657613680408e-30
synthetic,deu,25,136,100,30,0.9935177187363534,5.444912268770125e-28
synthetic,deu,25,137,100,30,0.9950123902771408,1.4003713332655902e-29
synthetic,deu,25,138,100,30,0.9972682313800822,3.103967432340081e-33
synthetic,deu,25,139,100,30,0.992015457537711,9.984595188869523e-27
synthetic,deu,25,140,100,30,0.9967860072180736,3.013413655920437e-32
synthetic,deu,25,141,100,30,0.9968083142528978,2.733825486574525e-32
synthetic,deu,25,142,100,30,0.9944260444516103,6.614382059620623e-29
synthetic,deu,25,143,100,30,0.9972677409160505,3.1117693186424864e-33
synthetic,deu,25,144,100,30,0.9971358934769565,6.014528866955132e-33
synthetic,deu,25,145,100,30,0.9968740280699641,2.0438709129238176e-32
synthetic,deu,25,146,100,30,0.9953295353407782,5.592775259936548e-30
synthetic,deu,25,147,100,30,0.9896825818677133,3.5616644992119457e-25
synthetic,deu,25,148,100,30,0.9944279796949423,6.582381362780055e-29
synthetic,deu,25,149,100,30,0.9960969941475761,4.551984915458391e-31
synthetic,deu,25,150,100,30,0.9943441235831794,8.109286572139193e-29
synthetic,deu,25,151,100,30,0.9953896885514025,4.666256720940131e-30
synthetic,deu,25,152,100,30,0.9930691161030022,1.3856577451222587e-27
synthetic,deu,25,153,100,30,0.9958175029187801,1.1966670503578837e-30
synthetic,deu,25,154,100,30,0.9965074658458185,9.630847191139149e-32
synthetic,deu,25,155,100,30,0.9948891985148778,1.9691083005663352e-29
synthetic,deu,25,156,100,30,0.9954846350456064,3.4889567922332016e-30
synthetic,deu,25,157,100,30,0.9957126214290892,1.6915431910779456e-30
synthetic,deu,25,158,100,30,0.9965412028904009,8.408828087194694e-32
synthetic,deu,25,159,100,30,0.9899470795229892,2.479990693982921e-25
synthetic,deu,25,160,100,30,0.9966331298094564,5.770268644007623e-32
synthetic,deu,25,161,100,30,0.994485640873657,5.692307053963194e-29
synthetic,deu,25,162,100,30,0.9979021635872354,7.729956964487929e-35
synthetic,deu,25,163,100,30,0.9930787108139315,1.3591222812136374e-27
synthetic,deu,25,164,100,30,0.994764451153473,2.7578143369393557e-29
synthetic,deu,25,165,100,30,0.9917348404752485,1.6166102510571197e-26
synthetic,deu,25,166,100,30,0.9973332590794955,2.216182262368476e-33
synthetic,deu,25,167,100,30,0.993875409359465,2.465043948823998e-28
synthetic,deu,25,168,100,30,0.9924687177151894,4.417669845432744e-27
synthetic,deu,25,169,100,30,0.9958569736600542,1.0481566372823738e-30
synthetic,deu,25,170,100,30,0.9965593965190369,7.811186374406889e-32
synthetic,deu,25,171,100,30,0.9952786468399653,6.50702641571503e-30
synthetic,deu,25,172,100,30,0.9975965180091485,5.180128421892707e-34
synthetic,deu,25,173,100,30,0.9918997531956489,1.2203925841843265e-26
synthetic,deu,25,174,100,30,0.997908962612904,7.386819837428552e-35
synthetic,deu,25,175,100,30,0.9969679912184058,1.3339412397412723e-32
synthetic,deu,25,176,100,30,0.9930756181258246,1.3676235668471521e-27
synthetic,deu,25,177,100,30,0.994582646119802,4.442574860397816e-29
synthetic,deu,25,178,100,30,0.9934616791343628,6.140162050333806e-28
synthetic,deu,25,179,100,30,0.9878286786556016,3.560228613269979e-24
synthetic,deu,25,180,100,30,0.9951212233110737,1.0289381335887818e-29
synthetic,deu,25,181,100,30,0.9950514267113817,1.2547924579777995e-29
synthetic,deu,25,182,100,30,0.9961797747382158,3.3734638826706493e-31
synthetic,deu,25,183,100,30,0.9940781095434409,1.540729484235911e-28
synthetic,deu,25,184,100,30,0.9968348951995598,2.4321620361412443e-32
synthetic,deu,25,185,100,30,0.993024943639509,1.5141419657662321e-27
synthetic,deu,25,186,100,30,0.9940086248849146,1.8132964966555631e-28
synthetic,deu,25,187,100,30,0.9970847532630885,7.703229245420742e-33
synthetic,deu,25,188,100,30,0.9945797586800339,4.475761743980774e-29
synthetic,deu,25,189,100,30,0.9946600176638812,3.633922767199353e-29
synthetic,deu,25,190,100,30,0.9966761839781305,4.820122750902537e-32
synthetic,deu,25,191,100,30,0.992920422386633,1.8634816499884044e-27
synthetic,deu,25,192,100,30,0.9962219221058499,2.8889125562739826e-31
synthetic,deu,25,193,100,30,0.9944749419440674,5.848510220182537e-29
synthetic,deu,25,194,100,30,0.9950637009986151,1.2120056050278689e-29
synthetic,deu,25,195,100,30,0.9854668020648987,4.202875695324172e-23
synthetic,deu,25,196,100,30,0.9915009614014042,2.3858695398600115e-26
synthetic,deu,25,197,100,30,0.9953503996709052,5.253635252835085e-30
synthetic,deu,25,198,100,30,0.995919068578908,8.48735798275877e-31
synthetic,deu,25,199,100,30,0.9931704504804469,1.1281630161839636e-27
synthetic,deu,50,0,100,30,0.9986953890702657,1.0050787261062327e-37
synthetic,deu,50,1,100,30,0.9987255351701347,7.246617662985054e-38
synthetic,deu,50,2,100,30,0.9991912305239246,1.2483013684887087e-40
synthetic,deu,50,3,100,30,0.9967761599081746,3.1450901438057283e-32
synthetic,deu,50,4,100,30,0.9957713224879807,1.3951352406317447e-30
synthetic,deu,50,5,100,30,0.9988329503265632,2.113875071315659e-38
synthetic,deu,50,6,100,30,0.9988883223701509,1.0707266972818263e-38
synthetic,deu,50,7,100,30,0.9987132836396894,8.284620123442094e-38
synthetic,deu,50,8,100,30,0.998532477855958,5.214608408849025e-37
synthetic,deu,50,9,100,30,0.9992942460253982,1.854347324687798e-41
synthetic,deu,50,10,100,30,0.9989162171453276,7.503085551895334e-39
synthetic,deu,50,11,100,30,0.998699082285211,9.659913249173325e-38
synthetic,deu,50,12,100,30,0.9985289673038323,5.391873826795577e-37
synthetic,deu,50,13,100,30,0.9983611975048072,2.4431912338166247e-36
synthetic,deu,50,14,100,30,0.9978413713251517,1.1526707436233157e-34
synthetic,deu,50,15,100,30,0.9982542770650146,5.9150355733458755e-36
synthetic,deu,50,16,100,30,0.9988127492517676,2.687630820624144e-38
synthetic,deu,50,17,100,30,0.9981756112888284,1.0958188230659873e-35
synthetic,deu,50,18,100,30,0.9972842916414689,2.8583049387360837e-33
synthetic,deu,50,19,100,30,0.9980817226650324,2.2110952439894177e-35
synthetic,deu,50,20,100,30,0.9983734204991971,2.200245715069633e-36
synthetic,deu,50,21,100,30,0.9983966656279651,1.798936309890464e-36
synthetic,deu,50,22,100,30,0.9994181626127826,1.2433509888079021e-42
synthetic,deu,50,23,100,30,0.9982208578734082,7.711942765778602e-36
synthetic,deu,50,24,100,30,0.9983494058989054,2.7009576932556836e-36
synthetic,deu,50,25,100,30,0.9987701513635064,4.4013538722716167e-38
synthetic,deu,50,26,100,30,0.9976635006552999,3.4887051723343544e-34
synthetic,deu,50,27,100,30,0.9982698094814665,5.219860028663502e-36
synthetic,deu,50,28,100,30,0.9985765067559661,3.405087197487145e-37
synthetic,deu,50,29,100,30,0.9982187523407478,7.840604299285687e-36
synthetic,deu,50,30,100,30,0.9988154484149159,2.603383185816361e-38
synthetic,deu,50,31,100,30,0.998187774493416,9.979272967580539e-36
synthetic,deu,50,32,100,30,0.9976509019111803,3.7612125129151836e-34
synthetic,deu,50,33,100,30,0.9983972173224429,1.7902956683746393e-36
synthetic,deu,50,34,100,30,0.9984508530570328,1.112033356290582e-36
synthetic,deu,50,35,100,30,0.9987829079205423,3.803861766342721e-38
synthetic,deu,50,36,100,30,0.9987014177697882,9.420071013115477e-38
synthetic,deu,50,37,100,30,0.9987698652102251,4.415705008257204e-38
synthetic,deu,50,38,100,30,0.9983426679390744,2.859363834318196e-36
synthetic,deu,50,39,100,30,0.9990207957223264,1.813635133550067e-39
synthetic,deu,50,40,100,30,0.9982934394633318,4.306356250901052e-36
synthetic,deu,50,41,100,30,0.9985587189192985,4.051232790515069e-37
synthetic,deu,50,42,100,30,0.9987697066183142,4.423677397137349e-38
synthetic,deu,50,43,100,30,0.9983443267938832,2.8195839960734317e-36
synthetic,deu,50,44,100,30,0.9988867471286377,1.0921540072219028e-38
synthetic,deu,50,45,100,30,0.9971037072755576,7.031738648293492e-33
synthetic,deu,50,46,100,30,0.9989332676720786,6.009929414916657e-39
synthetic,deu,50,47,100,30,0.9992867245015924,2.1509330087655104e-41
synthetic,deu,50,48,100,30,0.9989106141735393,8.064498202206245e-39
synthetic,deu,50,49,100,30,0.9986494896184158,1.630481513613962e-37
synthetic,deu,50,50,100,30,0.9983137334199288,3.6427296755843514e-36
synthetic,deu,50,51,100,30,0.9982640509763537,5.4682232383684005e-36
synthetic,deu,50,52,100,30,0.9971828153709033,4.774098857046476e-33
synthetic,deu,50,53,100,30,0.998898032900471,9.470238021482435e-39
synthetic,deu,50,54,100,30,0.9963603996369731,1.714189901034206e-31
synthetic,deu,50,55,100,30,0.9978832737756393,8.762544870721731e-35
synthetic,deu,50,56,100,30,0.9950299876272215,1.3329067779432097e-29
synthetic,deu,50,57,100,30,0.9979605692632078,5.207794927315102e-35
synthetic,deu,50,58,100,30,0.9994376983653733,7.708916327062364e-43
synthetic,deu,50,59,100,30,0.9977228494015763,2.434367012893866e-34
synthetic,deu,50,60,100,30,0.9978549083040139,1.055581687960123e-34
synthetic,deu,50,61,100,30,0.9973908516522301,1.6330844881033247e-33
synthetic,deu,50,62,100,30,0.999243899232281,4.864377140514329e-41
synthetic,deu,50,63,100,30,0.9988543892140513,1.6308137548478024e-38
synthetic,deu,50,64,100,30,0.9971847782245008,4.727797061641198e-33
synthetic,deu,50,65,100,30,0.9987613893143258,4.861019995798515e-38
synthetic,deu,50,66,100,30,0.9984259460081905,1.3900495973791774e-36
synthetic,deu,50,67,100,30,0.9986517833092077,1.592160109101811e-37
synthetic,deu,50,68,100,30,0.9987459132491229,5.783426377435341e-38
synthetic,deu,50,69,100,30,0.9979926692491843,4.1713651365733273e-35
synthetic,deu,50,70,100,30,0.9965878578360033,6.95483775790323e-32
synthetic,deu,50,71,100,30,0.9990251315156541,1.7044314933141478e-39
synthetic,deu,50,72,100,30,0.9990910509740142,6.398265719931852e-40
synthetic,deu,50,73,100,30,0.9982247987055309,7.476385199818612e-36
synthetic,deu,50,74,100,30,0.9988745756361629,1.271647209786602e-38
synthetic,deu,50,75,100,30,0.996817521546348,2.62560838242754e-32
synthetic,deu,50,76,100,30,0.9987889327556763,3.5486904157724876e-38
synthetic,deu,50,77,100,30,0.9957774516954264,1.3671410753490055e-30
synthetic,deu,50,78,100,30,0.9988884267921602,1.0693201786616425e-38
synthetic,deu,50,79,100,30,0.9984354282771266,1.277371496765717e-36
synthetic,deu,50,80,100,30,0.9988237170760476,2.3603113329486784e-38
synthetic,deu,50,81,100,30,0.9988455378089928,1.81625874191207e-38
synthetic,deu,50,82,100,30,0.9982564869523018,5.811143045959144e-36
synthetic,deu,50,83,100,30,0.996750866201674,3.508195728681478e-32
synthetic,deu,50,84,100,30,0.9977867193083938,1.6352376832890712e-34
synthetic,deu,50,85,100,30,0.9990100688929716,2.112345813132706e-39
synthetic,deu,50,86,100,30,0.997894339627163,8.1431101503579e-35
synthetic,deu,50,87,100,30,0.9978769550917146,9.135586991750996e-35
synthetic,deu,50,88,100,30,0.9961151769013533,4.26439505286635e-31
synthetic,deu,50,89,100,30,0.9994545770682434,5.031928686931683e-43
synthetic,deu,50,90,100,30,0.9982603429851491,5.633908185298308e-36
synthetic,deu,50,91,100,30,0.9981999189332539,9.083400841433799e-36
synthetic,deu,50,92,100,30,0.9991175489885258,4.229092534229242e-40
synthetic,deu,50,93,100,30,0.9991281795433384,3.569320176457066e-40
synthetic,deu,50,94,100,30,0.9988182258228484,2.51925811603234e-38
synthetic,deu,50,95,100,30,0.9984831259205803,8.283230043040342e-37
synthetic,deu,50,96,100,30,0.9984789752083587,8.606041922617484e-37
synthetic,deu,50,97,100,30,0.9988641814872492,1.446225671454855e-38
synthetic,deu,50,98,100,30,0.9987133578037224,8.277941204139045e-38
synthetic,deu,50,99,100,30,0.9988252239119633,2.3183528899775518e-38
synthetic,deu,50,100,100,30,0.9976467998615949,3.8541183396625036e-34
synthetic,deu,50,101,100,30,0.9990904577872044,6.456948870238527e-40
synthetic,deu,50,102,100,30,0.9977572538929294,1.967495754661553e-34
synthetic,deu,50,103,100,30,0.9980534865124647,2.7125471630759694e-35
synthetic,deu,50,104,100,30,0.998971911101778,3.5861149794506795e-39
synthetic,deu,50,105,100,30,0.9988986883709221,9.391716548440858e-39
synthetic,deu,50,106,100,30,0.9977047510439414,2.7193866006344633e-34
synthetic,deu,50,107,100,30,0.9969526493443293,1.4314754007949807e-32
synthetic,deu,50,108,100,30,0.9976623602387031,3.512595741564128e-34
synthetic,deu,50,109,100,30,0.9986825980645904,1.1520951371929074e-37
synthetic,deu,50,110,100,30,0.9985374570840763,4.972447464712167e-37
synthetic,deu,50,111,100,30,0.9982925466774135,4.337980354150467e-36
synthetic,deu,50,112,100,30,0.9984370877128736,1.2585468808908093e-36
synthetic,deu,50,113,100,30,0.9976717579040171,3.3201727363982514e-34
synthetic,deu,50,114,100,30,0.9984420282750435,1.2040151422108948e-36
synthetic,deu,50,115,100,30,0.995030829341462,1.3297567109841643e-29
synthetic,deu,50,116,100,30,0.9982160350024591,8.009597352612354e-36
synthetic,deu,50,117,100,30,0.9986109338931325,2.417486521084505e-37
synthetic,deu,50,118,100,30,0.9967828018290892,3.0557028503606165e-32
synthetic,deu,50,119,100,30,0.9983067049261096,3.860985590402979e-36
synthetic,deu,50,120,100,30,0.9976398483310168,4.016440842778933e-34
synthetic,deu,50,121,100,30,0.997678734816975,3.18369724858674e-34
synthetic,deu,50,122,100,30,0.9968977637247802,1.8372711570080224e-32
synthetic,deu,50,123,100,30,0.9967590193405083,3.38710872421679e-32
synthetic,deu,50,124,100,30,0.9988322213628973,2.1324260633259592e-38
synthetic,deu,50,125,100,30,0.99812325802987,1.6278761795447647e-35
synthetic,deu,50,126,100,30,0.9988037876859993,2.985846139945191e-38
synthetic,deu,50,127,100,30,0.9976284683600152,4.295933082995856e-34
synthetic,deu,50,128,100,30,0.9990243621744735,1.723351659757137e-39
synthetic,deu,50,129,100,30,0.9991983722217394,1.1025806173635568e-40
synthetic,deu,50,130,100,30,0.9952353224734614,7.392758912737671e-30
synthetic,deu,50,131,100,30,0.9988720289974322,1.312510064927691e-38
synthetic,deu,50,132,100,30,0.9982252788349599,7.448147241978051e-36
synthetic,deu,50,133,100,30,0.9989305165584084,6.230496166137672e-39
synthetic,deu,50,134,100,30,0.9990000359942092,2.4324847081991303e-39
synthetic,deu,50,135,100,30,0.9990754877214989,8.114194590442034e-40
synthetic,deu,50,136,100,30,0.9983011111898981,4.043298311044451e-36
synthetic,deu,50,137,100,30,0.9987896862785111,3.5179194105047656e-38
synthetic,deu,50,138,100,30,0.9985746774645161,3.4668240054714462e-37
synthetic,deu,50,139,100,30,0.9976131761311833,4.699995707336182e-34
synthetic,deu,50,140,100,30,0.9975599225879641,6.399149509628485e-34
synthetic,deu,50,141,100,30,0.9984866044223495,8.021395319543041e-37
synthetic,deu,50,142,100,30,0.9983935766820221,1.84803500939155e-36
synthetic,deu,50,143,100,30,0.9987784895410994,4.0017101680648836e-38
synthetic,deu,50,144,100,30,0.998703438590173,9.217017311590572e-38
synthetic,deu,50,145,100,30,0.9984839001464291,8.224275001866783e-37
synthetic,deu,50,146,100,30,0.9984777779500175,8.701303590170965e-37
synthetic,deu,50,147,100,30,0.9974989428823935,9.03735811471503e-34
synthetic,deu,50,148,100,30,0.9990884652357327,6.657748227055522e-40
synthetic,deu,50,149,100,30,0.9984914484465852,7.669559712111017e-37
synthetic,deu,50,150,100,30,0.9963605381342581,1.7132783505827427e-31
synthetic,deu,50,151,100,30,0.9989698527378719,3.68790553858729e-39
synthetic,deu,50,152,100,30,0.9991718467728415,1.7388879897598905e-40
synthetic,deu,50,153,100,30,0.9982094536530157,8.433010887484868e-36
synthetic,deu,50,154,100,30,0.9988438795373026,1.8531073551188054e-38
synthetic,deu,50,155,100,30,0.9989753399151589,3.422325700497827e-39
synthetic,deu,50,156,100,30,0.9983261437164686,3.285085996019685e-36
synthetic,deu,50,157,100,30,0.9975639572245633,6.2527515602083346e-34
synthetic,deu,50,158,100,30,0.9972185550157154,3.993539504779712e-33
synthetic,deu,50,159,100,30,0.9988094763521658,2.7931806648434143e-38
synthetic,deu,50,160,100,30,0.9977749506433384,1.761140489273768e-34
synthetic,deu,50,161,100,30,0.9991550323658657,2.3037669601455627e-40
synthetic,deu,50,162,100,30,0.9986531014831818,1.5705170956424543e-37
synthetic,deu,50,163,100,30,0.9988569219001955,1.5810819714953318e-38
synthetic,deu,50,164,100,30,0.9986448507164589,1.7106163896919819e-37
synthetic,deu,50,165,100,30,0.9974031631825055,1.5285637402616608e-33
synthetic,deu,50,166,100,30,0.9988781633623531,1.2160806896391242e-38
synthetic,deu,50,167,100,30,0.9983853410873411,1.9850872762460214e-36
synthetic,deu,50,168,100,30,0.9985912609124183,2.943196780964564e-37
synthetic,deu,50,169,100,30,0.9974936045847685,9.310887856596641e-34
synthetic,deu,50,170,100,30,0.9980024714805728,3.8952987230896855e-35
synthetic,deu,50,171,100,30,0.997880095946294,8.948352500558669e-35
synthetic,deu,50,172,100,30,0.9981601464955042,1.2331619925062265e-35
synthetic,deu,50,173,100,30,0.9971038046902324,7.028432428104383e-33
synthetic,deu,50,174,100,30,0.9967042957840516,4.2804534859936203e-32
synthetic,deu,50,175,100,30,0.9981711380438046,1.1340094010802729e-35
synthetic,deu,50,176,100,30,0.9975484412955768,6.833350074412053e-34
synthetic,deu,50,177,100,30,0.998651158789367,1.6025104478115145e-37
synthetic,deu,50,178,100,30,0.9956048213899062,2.3932290228775513e-30
synthetic,deu,50,179,100,30,0.9990306921152315,1.5733096780976558e-39
synthetic,deu,50,180,100,30,0.9987676238959711,4.5296233494936355e-38
synthetic,deu,50,181,100,30,0.9956096117380832,2.3570375833483075e-30
synthetic,deu,50,182,100,30,0.9958924981012113,9.293109513680815e-31
synthetic,deu,50,183,100,30,0.9975589404505169,6.435265056458079e-34
synthetic,deu,50,184,100,30,0.9990278591652904,1.638894185494406e-39
synthetic,deu,50,185,100,30,0.9982062320214053,8.647766747643111e-36
synthetic,deu,50,186,100,30,0.9992575311596523,3.770881714194007e-41
synthetic,deu,50,187,100,30,0.9985997476691603,2.704593654051466e-37
synthetic,deu,50,188,100,30,0.9988904927362726,1.041843098249808e-38
synthetic,deu,50,189,100,30,0.9977425638396334,2.1556099735847015e-34
synthetic,deu,50,190,100,30,0.997992804547418,4.1674340637014405e-35
synthetic,deu,50,191,100,30,0.9977831109497294,1.672922616344939e-34
synthetic,deu,50,192,100,30,0.9949419060811981,1.7036448297564249e-29
synthetic,deu,50,193,100,30,0.9980647145543545,2.501689989184301e-35
synthetic,deu,50,194,100,30,0.9982824601836512,4.710560846278336e-36
synthetic,deu,50,195,100,30,0.9985646876125609,3.822710384072021e-37
synthetic,deu,50,196,100,30,0.9989545537570975,4.532866949039533e-39
synthetic,deu,50,197,100,30,0.9992567335633746,3.827973004485284e-41
synthetic,deu,50,198,100,30,0.9989831160137346,3.076267428636811e-39
synthetic,deu,50,199,100,30,0.9980351918130619,3.091771855694243e-35
synthetic,deu,75,0,100,30,0.9995219645427297,7.944857388292178e-44
synthetic,deu,75,1,100,30,0.9996647860892273,5.527507970930517e-46
synthetic,deu,75,2,100,30,0.9995210526051619,8.159650698300986e-44
synthetic,deu,75,3,100,30,0.9995347012911704,5.444073559980275e-44
synthetic,deu,75,4,100,30,0.9994726529606095,3.139538227844067e-43
synthetic,deu,75,5,100,30,0.99911069231689,4.712911270654538e-40
synthetic,deu,75,6,100,30,0.9986469256156314,1.674331907474094e-37
synthetic,deu,75,7,100,30,0.9993144381501748,1.2352379593740791e-41
synthetic,deu,75,8,100,30,0.9995784913644927,1.3648476910636374e-44
synthetic,deu,75,9,100,30,0.9994067311931268,1.6325334137619184e-42
synthetic,deu,75,10,100,30,0.9993228932583077,1.038292833438478e-41
synthetic,deu,75,11,100,30,0.9994999608296428,1.4915675740871467e-43
synthetic,deu,75,12,100,30,0.9994291296925325,9.526300400157898e-43
synthetic,deu,75,13,100,30,0.9996664301304664,5.159892600746257e-46
synthetic,deu,75,14,100,30,0.9996813684141338,2.7171159146233757e-46
synthetic,deu,75,15,100,30,0.9996965507233672,1.3718610102325101e-46
synthetic,deu,75,16,100,30,0.999775455222221,2.0256012914395518e-48
synthetic,deu,75,17,100,30,0.9996161907507365,3.677129907180528e-45
synthetic,deu,75,18,100,30,0.9994743278686218,3.002813550876617e-43
synthetic,deu,75,19,100,30,0.9993633316945068,4.385425387357811e-42
synthetic,deu,75,20,100,30,0.9994630107991072,4.0458233993073896e-43
synthetic,deu,75,21,100,30,0.9991506831758473,2.475381990702766e-40
synthetic,deu,75,22,100,30,0.9996766671163765,3.335419654291684e-46
synthetic,deu,75,23,100,30,0.9996801690690083,2.8638345618000377e-46
synthetic,deu,75,24,100,30,0.9993902092170688,2.397890316404473e-42
synthetic,deu,75,25,100,30,0.9993954563067529,2.1247062281279153e-42
synthetic,deu,75,26,100,30,0.9995670963107001,1.9826292432538209e-44
synthetic,deu,75,27,100,30,0.999418970625542,1.2194005316939035e-42
synthetic,deu,75,28,100,30,0.9993873731077193,2.5587900768168737e-42
synthetic,deu,75,29,100,30,0.9994818915599245,2.451479642517726e-43
synthetic,deu,75,30,100,30,0.9989574290771546,4.361493010577879e-39
synthetic,deu,75,31,100,30,0.9988532837841637,1.6529719844575373e-38
synthetic,deu,75,32,100,30,0.9996069883045654,5.123246552702441e-45
synthetic,deu,75,33,100,30,0.999719187197045,4.634479149274942e-47
synthetic,deu,75,34,100,30,0.999186290903745,1.3593406069118093e-40
synthetic,deu,75,35,100,30,0.9991238891602175,3.8231573942989505e-40
synthetic,deu,75,36,100,30,0.9995474674966215,3.6881506851583737e-44
synthetic,deu,75,37,100,30,0.9990332197833027,1.5168582829216304e-39
synthetic,deu,75,38,100,30,0.9993776350617938,3.1907725665143016e-42
synthetic,deu,75,39,100,30,0.9994708738427778,3.2910854236618722e-43
synthetic,deu,75,40,100,30,0.9993464999732049,6.318597291490447e-42
synthetic,deu,75,41,100,30,0.9994033730596391,1.7667376495336682e-42
synthetic,deu,75,42,100,30,0.9995105242994679,1.1062424526342195e-43
synthetic,deu,75,43,100,30,0.9995958500613392,7.575904702766674e-45
synthetic,deu,75,44,100,30,0.9995385542478841,4.845933033710436e-44
synthetic,deu,75,45,100,30,0.9995914090043102,8.828169074504685e-45
synthetic,deu,75,46,100,30,0.9995796245356914,1.314375770250913e-44
synthetic,deu,75,47,100,30,0.9997029694147473,1.0170397526214832e-46
synthetic,deu,75,48,100,30,0.9994266047663941,1.0133287183382261e-42
synthetic,deu,75,49,100,30,0.9996803219912126,2.8447264922641553e-46
synthetic,deu,75,50,100,30,0.9993981566616434,1.9956606252456796e-42
synthetic,deu,75,51,100,30,0.9985923105820037,2.9126614038124316e-37
synthetic,deu,75,52,100,30,0.9992543663394393,4.002177950689082e-41
synthetic,deu,75,53,100,30,0.9995218033103777,7.982447044829375e-44
synthetic,deu,75,54,100,30,0.9994160799069879,1.3071137768190555e-42
synthetic,deu,75,55,100,30,0.999417879269188,1.2518525526531412e-42
synthetic,deu,75,56,100,30,0.9995879217748789,9.943372234200972e-45
synthetic,deu,75,57,100,30,0.9992675844762456,3.1158728503780795e-41
synthetic,deu,75,58,100,30,0.9992105906106773,8.89315722758793e-41
synthetic,deu,75,59,100,30,0.9987961235253027,3.264964384182372e-38
synthetic,deu,75,60,100,30,0.9996060322062335,5.30049195167334e-45
synthetic,deu,75,61,100,30,0.999561792530373,2.351074441030863e-44
synthetic,deu,75,62,100,30,0.9996908648326481,1.7789650928152622e-46
synthetic,deu,75,63,100,30,0.9985593027936445,4.028330863231606e-37
synthetic,deu,75,64,100,30,0.9993816030881093,2.91754137722029e-42
synthetic,deu,75,65,100,30,0.9993729420506667,3.544535398924969e-42
synthetic,deu,75,66,100,30,0.9993873479517529,2.5602610616374336e-42
synthetic,deu,75,67,100,30,0.9994126876961039,1.4175029239145393e-42
synthetic,deu,75,68,100,30,0.9993917006589577,2.3170964359992594e-42
synthetic,deu,75,69,100,30,0.9998242602294987,6.555742770890633e-50
synthetic,deu,75,70,100,30,0.9995151305288467,9.69112764006093e-44
synthetic,deu,75,71,100,30,0.9995125268113688,1.044551757081804e-43
synthetic,deu,75,72,100,30,0.999389449364404,2.4400513145596967e-42
synthetic,deu,75,73,100,30,0.9995081654805116,1.1832439238884916e-43
synthetic,deu,75,74,100,30,0.9995090841251314,1.1526824471500516e-43
synthetic,deu,75,75,100,30,0.999378686376356,3.116156342362595e-42
synthetic,deu,75,76,100,30,0.9991498428894227,2.5098774345185456e-40
synthetic,deu,75,77,100,30,0.9991662026540149,1.9122913899974026e-40
synthetic,deu,75,78,100,30,0.9991306083994892,3.432648195246984e-40
synthetic,deu,75,79,100,30,0.9994183974686441,1.236344938697145e-42
synthetic,deu,75,80,100,30,0.9992884036244706,2.0811395863719875e-41
synthetic,deu,75,81,100,30,0.9995145596263229,9.852071389624e-44
synthetic,deu,75,82,100,30,0.9994230843507835,1.1039679087247929e-42
synthetic,deu,75,83,100,30,0.9994426325291645,6.814251423201557e-43
synthetic,deu,75,84,100,30,0.9995502178325736,3.386493699004406e-44
synthetic,deu,75,85,100,30,0.9994182214927502,1.241591070080851e-42
synthetic,deu,75,86,100,30,0.9993157948304973,1.2014622611926582e-41
synthetic,deu,75,87,100,30,0.9993232897700901,1.0298153380535408e-41
synthetic,deu,75,88,100,30,0.9994699490046507,3.372520830838033e-43
synthetic,deu,75,89,100,30,0.9995741197564274,1.5769100139994784e-44
synthetic,deu,75,90,100,30,0.9994902147284346,1.9542623317914198e-43
synthetic,deu,75,91,100,30,0.9993340475748776,8.229135048823003e-42
synthetic,deu,75,92,100,30,0.9996301597441736,2.188407555876672e-45
synthetic,deu,75,93,100,30,0.9995038883586852,1.3356995245942482e-43
synthetic,deu,75,94,100,30,0.9995906592746175,9.0576378186821e-45
synthetic,deu,75,95,100,30,0.9995640606030962,2.186357399461765e-44
synthetic,deu,75,96,100,30,0.9996501116462744,1.006920231322427e-45
synthetic,deu,75,97,100,30,0.9991656594928382,1.929799222292623e-40
synthetic,deu,75,98,100,30,0.9994573190501994,4.689194698052393e-43
synthetic,deu,75,99,100,30,0.9992080800487168,9.29726714595551e-41
synthetic,deu,75,100,100,30,0.9993142554079681,1.2398542609647256e-41
synthetic,deu,75,101,100,30,0.9994757401259846,2.891847615488019e-43
synthetic,deu,75,102,100,30,0.9995325101400224,5.814107818536421e-44
synthetic,deu,75,103,100,30,0.9983703016618733,2.2600078718349814e-36
synthetic,deu,75,104,100,30,0.9987619887945722,4.82820311672894e-38
synthetic,deu,75,105,100,30,0.9997517328000667,8.262678864368749e-48
synthetic,deu,75,106,100,30,0.9995601197336144,2.4798637280717784e-44
synthetic,deu,75,107,100,30,0.9994047040028055,1.7123676210804298e-42
synthetic,deu,75,108,100,30,0.9990261292117419,1.6801826597700105e-39
synthetic,deu,75,109,100,30,0.9996037155116976,5.753856321383011e-45
synthetic,deu,75,110,100,30,0.9993277560228844,9.386628287011073e-42
synthetic,deu,75,111,100,30,0.9991521406707619,2.4165908872039888e-40
synthetic,deu,75,112,100,30,0.9997190420549856,4.668123481356162e-47
synthetic,deu,75,113,100,30,0.9994361464209172,8.012115076543022e-43
synthetic,deu,75,114,100,30,0.9995195150754715,8.534042971153657e-44
synthetic,deu,75,115,100,30,0.9988997819491141,9.262056626172143e-39
synthetic,deu,75,116,100,30,0.9988637691153883,1.4535903679564308e-38
synthetic,deu,75,117,100,30,0.9995032998367674,1.3580495238276925e-43
synthetic,deu,75,118,100,30,0.9991657149478552,1.928004930655675e-40
synthetic,deu,75,119,100,30,0.9997633729732928,4.218728281314913e-48
synthetic,deu,75,120,100,30,0.9995290283669627,6.450444934165016e-44
synthetic,deu,75,121,100,30,0.9995885373307076,9.737470161410103e-45
synthetic,deu,75,122,100,30,0.9991512366590125,2.4529014336861447e-40
synthetic,deu,75,123,100,30,0.9993140336500631,1.2454776621892052e-41
synthetic,deu,75,124,100,30,0.9995428632237183,4.2495788176898113e-44
synthetic,deu,75,125,100,30,0.9984761239140195,8.834520715716796e-37
synthetic,deu,75,126,100,30,0.9992953062742648,1.8157367595949256e-41
synthetic,deu,75,127,100,30,0.9991325851227357,3.325021653345822e-40
synthetic,deu,75,128,100,30,0.9991865308326483,1.3537419394887117e-40
synthetic,deu,75,129,100,30,0.9995064712387243,1.2415901702762582e-43
synthetic,deu,75,130,100,30,0.999566902442485,1.995093538209289e-44
synthetic,deu,75,131,100,30,0.9996733873853946,3.841536322891022e-46
synthetic,deu,75,132,100,30,0.9993310109323681,8.770161889399044e-42
synthetic,deu,75,133,100,30,0.9990845270582631,7.071781803290715e-40
synthetic,deu,75,134,100,30,0.9990097489331402,2.121920163048451e-39
synthetic,deu,75,135,100,30,0.9992579797511263,3.739120304930202e-41
synthetic,deu,75,136,100,30,0.999460781794649,4.287330600676683e-43
synthetic,deu,75,137,100,30,0.9996476287619308,1.1116857535349751e-45
synthetic,deu,75,138,100,30,0.9995452840704209,3.9451940597611737e-44
synthetic,deu,75,139,100,30,0.9998015825852878,3.585076234708753e-49
synthetic,deu,75,140,100,30,0.9997227140359166,3.882969470168332e-47
synthetic,deu,75,141,100,30,0.9987113746549606,8.458267392560313e-38
synthetic,deu,75,142,100,30,0.9997263398745595,3.229567911119646e-47
synthetic,deu,75,143,100,30,0.999344198179322,6.63731955334567e-42
synthetic,deu,75,144,100,30,0.9997148954661772,5.730739827170312e-47
synthetic,deu,75,145,100,30,0.9990624820278748,9.86615641131133e-40
synthetic,deu,75,146,100,30,0.9996571151178716,7.587128304404972e-46
synthetic,deu,75,147,100,30,0.9990926396767413,6.243527727825672e-40
synthetic,deu,75,148,100,30,0.9996641052071,5.686760313558285e-46
synthetic,deu,75,149,100,30,0.9995189196276232,8.683273305754275e-44
synthetic,deu,75,150,100,30,0.9991107735634779,4.706889209550682e-40
synthetic,deu,75,151,100,30,0.9997565972347121,6.263541470690155e-48
synthetic,deu,75,152,100,30,0.9995943471754029,7.979916785508732e-45
synthetic,deu,75,153,100,30,0.9996313678971827,2.090436638211184e-45
synthetic,deu,75,154,100,30,0.9994349944210227,8.244297740188662e-43
synthetic,deu,75,155,100,30,0.9992737377608538,2.768846465750163e-41
synthetic,deu,75,156,100,30,0.9994318826342836,8.90307568989808e-43
synthetic,deu,75,157,100,30,0.9991138884218116,4.481328937734875e-40
synthetic,deu,75,158,100,30,0.9994790330892903,2.647728057735618e-43
synthetic,deu,75,159,100,30,0.9997077278266144,8.112573430621774e-47
synthetic,deu,75,160,100,30,0.999219155299257,7.633994783508016e-41
synthetic,deu,75,161,100,30,0.999344619989512,6.577818107355764e-42
synthetic,deu,75,162,100,30,0.9993616253548113,4.5528235191806785e-42
synthetic,deu,75,163,100,30,0.9989428547619886,5.296676593378922e-39
synthetic,deu,75,164,100,30,0.9989810324479271,3.165656909811024e-39
synthetic,deu,75,165,100,30,0.9995588562157681,2.5814521312085166e-44
synthetic,deu,75,166,100,30,0.9991046238701602,5.183484660283007e-40
synthetic,deu,75,167,100,30,0.999126654715123,3.6576861090883426e-40
synthetic,deu,75,168,100,30,0.9997138928951209,6.019373855332767e-47
synthetic,deu,75,169,100,30,0.999589748235287,9.343930350322628e-45
synthetic,deu,75,170,100,30,0.9997633859933098,4.215479975148966e-48
synthetic,deu,75,171,100,30,0.9994071740645265,1.6155588329146898e-42
synthetic,deu,75,172,100,30,0.999564300879735,2.1695501117759296e-44
synthetic,deu,75,173,100,30,0.9994506701807263,5.560593090080808e-43
synthetic,deu,75,174,100,30,0.9997179129549032,4.937702206039081e-47
synthetic,deu,75,175,100,30,0.9995408148127228,4.524018888890283e-44
synthetic,deu,75,176,100,30,0.9995722722784055,1.6754084704176017e-44
synthetic,deu,75,177,100,30,0.999517779733721,8.975733463262957e-44
synthetic,deu,75,178,100,30,0.9990670721848504,9.211243284914589e-40
synthetic,deu,75,179,100,30,0.999692422846138,1.6574894735653113e-46
synthetic,deu,75,180,100,30,0.9994270791244004,1.0016582207433285e-42
synthetic,deu,75,181,100,30,0.9988412303417283,1.9134185187432711e-38
synthetic,deu,75,182,100,30,0.9995318339218462,5.932937389661322e-44
synthetic,deu,75,183,100,30,0.9987682299566978,4.498553153431415e-38
synthetic,deu,75,184,100,30,0.9994440893561614,6.569150050450161e-43
synthetic,deu,75,185,100,30,0.999121291661082,3.984878179957896e-40
synthetic,deu,75,186,100,30,0.9996692029874615,4.590866460048558e-46
synthetic,deu,75,187,100,30,0.9995470107771536,3.740595407336055e-44
synthetic,deu,75,188,100,30,0.9995515753639447,3.2461986235581253e-44
synthetic,deu,75,189,100,30,0.9997495045233116,9.36359431385996e-48
synthetic,deu,75,190,100,30,0.9990976874677563,5.774630695239376e-40
synthetic,deu,75,191,100,30,0.9993507645594715,5.765333675181537e-42
synthetic,deu,75,192,100,30,0.9993587202678924,4.85153919540264e-42
synthetic,deu,75,193,100,30,0.9995559941454993,2.826024909569513e-44
synthetic,deu,75,194,100,30,0.999520707962178,8.242220834063597e-44
synthetic,deu,75,195,100,30,0.9996598871254359,6.772219353936583e-46
synthetic,deu,75,196,100,30,0.9989933954868613,2.6685521450493457e-39
synthetic,deu,75,197,100,30,0.9995697257187361,1.820563571477806e-44
synthetic,deu,75,198,100,30,0.9996860248486611,2.2111122118571325e-46
synthetic,deu,75,199,100,30,0.9995568836385269,2.7478029284875654e-44
synthetic,deu,100,0,100,30,1.0,0.0
synthetic,deu,100,1,100,30,1.0,0.0
synthetic,deu,100,2,100,30,1.0,0.0
synthetic,deu,100,3,100,30,1.0,0.0
synthetic,deu,100,4,100,30,1.0,0.0
synthetic,deu,100,5,100,30,1.0,0.0
synthetic,deu,100,6,100,30,1.0,0.0
synthetic,deu,100,7,100,30,1.0,0.0
synthetic,deu,100,8,100,30,1.0,0.0
synthetic,deu,100,9,100,30,1.0,0.0
synthetic,deu,100,10,100,30,1.0,0.0
synthetic,deu,100,11,100,30,1.0,0.0
synthetic,deu,100,12,100,30,1.0,0.0
synthetic,deu,100,13,100,30,1.0,0.0
synthetic,deu,100,14,100,30,1.0,0.0
synthetic,deu,100,15,100,30,1.0,0.0
synthetic,deu,100,16,100,30,1.0,0.0
synthetic,deu,100,17,100,30,1.0,0.0
synthetic,deu,100,18,100,30,1.0,0.0
synthetic,deu,100,19,100,30,1.0,0.0
synthetic,deu,100,20,100,30,1.0,0.0
synthetic,deu,100,21,100,30,1.0,0.0
synthetic,deu,100,22,100,30,1.0,0.0
synthetic,deu,100,23,100,30,1.0,0.0
synthetic,deu,100,24,100,30,1.0,0.0
synthetic,deu,100,25,100,30,1.0,0.0
synthetic,deu,100,26,100,30,1.0,0.0
synthetic,deu,100,27,100,30,1.0,0.0
synthetic,deu,100,28,100,30,1.0,0.0
synthetic,deu,100,29,100,30,1.0,0.0
synthetic,deu,100,30,100,30,1.0,0.0
synthetic,deu,100,31,100,30,1.0,0.0
synthetic,deu,100,32,100,30,1.0,0.0
synthetic,deu,100,33,100,30,1.0,0.0
synthetic,deu,100,34,100,30,1.0,0.0
synthetic,deu,100,35,100,30,1.0,0.0
synthetic,deu,100,36,100,30,1.0,0.0
synthetic,deu,100,37,100,30,1.0,0.0
synthetic,deu,100,38,100,30,1.0,0.0
synthetic,deu,100,39,100,30,1.0,0.0
synthetic,deu,100,40,100,30,1.0,0.0
synthetic,deu,100,41,100,30,1.0,0.0
synthetic,deu,100,42,100,30,1.0,0.0
synthetic,deu,100,43,100,30,1.0,0.0
synthetic,deu,100,44,100,30,1.0,0.0
synthetic,deu,100,45,100,30,1.0,0.0
synthetic,deu,100,46,100,30,1.0,0.0
synthetic,deu,100,47,100,30,1.0,0.0
synthetic,deu,100,48,100,30,1.0,0.0
synthetic,deu,100,49,100,30,1.0,0.0
synthetic,deu,100,50,100,30,1.0,0.0
synthetic,deu,100,51,100,30,1.0,0.0
synthetic,deu,100,52,100,30,1.0,0.0
synthetic,deu,100,53,100,30,1.0,0.0
synthetic,deu,100,54,100,30,1.0,0.0
synthetic,deu,100,55,100,30,1.0,0.0
synthetic,deu,100,56,100,30,1.0,0.0
synthetic,deu,100,57,100,30,1.0,0.0
synthetic,deu,100,58,100,30,1.0,0.0
synthetic,deu,100,59,100,30,1.0,0.0
synthetic,deu,100,60,100,30,1.0,0.0
synthetic,deu,100,61,100,30,1.0,0.0
synthetic,deu,100,62,100,30,1.0,0.0
synthetic,deu,100,63,100,30,1.0,0.0
synthetic,deu,100,64,100,30,1.0,0.0
synthetic,deu,100,65,100,30,1.0,0.0
synthetic,deu,100,66,100,30,1.0,0.0
synthetic,deu,100,67,100,30,1.0,0.0
synthetic,deu,100,68,100,30,1.0,0.0
synthetic,deu,100,69,100,30,1.0,0.0
synthetic,deu,100,70,100,30,1.0,0.0
synthetic,deu,100,71,100,30,1.0,0.0
synthetic,deu,100,72,100,30,1.0,0.0
synthetic,deu,100,73,100,30,1.0,0.0
synthetic,deu,100,74,100,30,1.0,0.0
synthetic,deu,100,75,100,30,1.0,0.0
synthetic,deu,100,76,100,30,1.0,0.0
synthetic,deu,100,77,100,30,1.0,0.0
synthetic,deu,100,78,100,30,1.0,0.0
synthetic,deu,100,79,100,30,1.0,0.0
synthetic,deu,100,80,100,30,1.0,0.0
synthetic,deu,100,81,100,30,1.0,0.0
synthetic,deu,100,82,100,30,1.0,0.0
synthetic,deu,100,83,100,30,1.0,0.0
synthetic,deu,100,84,100,30,1.0,0.0
synthetic,deu,100,85,100,30,1.0,0.0
synthetic,deu,100,86,100,30,1.0,0.0
synthetic,deu,100,87,100,30,1.0,0.0
synthetic,deu,100,88,100,30,1.0,0.0
synthetic,deu,100,89,100,30,1.0,0.0
synthetic,deu,100,90,100,30,1.0,0.0
synthetic,deu,100,91,100,30,1.0,0.0
synthetic,deu,100,92,100,30,1.0,0.0
synthetic,deu,100,93,100,30,1.0,0.0
synthetic,deu,100,94,100,30,1.0,0.0
synthetic,deu,100,95,100,30,1.0,0.0
synthetic,deu,100,96,100,30,1.0,0.0
synthetic,deu,100,97,100,30,1.0,0.0
synthetic,deu,100,98,100,30,1.0,0.0
synthetic,deu,100,99,100,30,1.0,0.0
synthetic,deu,100,100,100,30,1.0,0.0
synthetic,deu,100,101,100,30,1.0,0.0
synthetic,deu,100,102,100,30,1.0,0.0
synthetic,deu,100,103,100,30,1.0,0.0
synthetic,deu,100,104,100,30,1.0,0.0
synthetic,deu,100,105,100,30,1.0,0.0
synthetic,deu,100,106,100,30,1.0,0.0
synthetic,deu,100,107,100,30,1.0,0.0
synthetic,deu,100,108,100,30,1.0,0.0
synthetic,deu,100,109,100,30,1.0,0.0
synthetic,deu,100,110,100,30,1.0,0.0
synthetic,deu,100,111,100,30,1.0,0.0
synthetic,deu,100,112,100,30,1.0,0.0
synthetic,deu,100,113,100,30,1.0,0.0
synthetic,deu,100,114,100,30,1.0,0.0
synthetic,deu,100,115,100,30,1.0,0.0
synthetic,deu,100,116,100,30,1.0,0.0
synthetic,deu,100,117,100,30,1.0,0.0
synthetic,deu,100,118,100,30,1.0,0.0
synthetic,deu,100,119,100,30,1.0,0.0
synthetic,deu,100,120,100,30,1.0,0.0
synthetic,deu,100,121,100,30,1.0,0.0
synthetic,deu,100,122,100,30,1.0,0.0
synthetic,deu,100,123,100,30,1.0,0.0
synthetic,deu,100,124,100,30,1.0,0.0
synthetic,deu,100,125,100,30,1.0,0.0
synthetic,deu,100,126,100,30,1.0,0.0
synthetic,deu,100,127,100,30,1.0,0.0
synthetic,deu,100,128,100,30,1.0,0.0
synthetic,deu,100,129,100,30,1.0,0.0
synthetic,deu,100,130,100,30,1.0,0.0
synthetic,deu,100,131,100,30,1.0,0.0
synthetic,deu,100,132,100,30,1.0,0.0
synthetic,deu,100,133,100,30,1.0,0.0
synthetic,deu,100,134,100,30,1.0,0.0
synthetic,deu,100,135,100,30,1.0,0.0
synthetic,deu,100,136,100,30,1.0,0.0
synthetic,deu,100,137,100,30,1.0,0.0
synthetic,deu,100,138,100,30,1.0,0.0
synthetic,deu,100,139,100,30,1.0,0.0
synthetic,deu,100,140,100,30,1.0,0.0
synthetic,deu,100,141,100,30,1.0,0.0
synthetic,deu,100,142,100,30,1.0,0.0
synthetic,deu,100,143,100,30,1.0,0.0
synthetic,deu,100,144,100,30,1.0,0.0
synthetic,deu,100,145,100,30,1.0,0.0
synthetic,deu,100,146,100,30,1.0,0.0
synthetic,deu,100,147,100,30,1.0,0.0
synthetic,deu,100,148,100,30,1.0,0.0
synthetic,deu,100,149,100,30,1.0,0.0
synthetic,deu,100,150,100,30,1.0,0.0
synthetic,deu,100,151,100,30,1.0,0.0
synthetic,deu,100,152,100,30,1.0,0.0
synthetic,deu,100,153,100,30,1.0,0.0
synthetic,deu,100,154,100,30,1.0,0.0
synthetic,deu,100,155,100,30,1.0,0.0
synthetic,deu,100,156,100,30,1.0,0.0
synthetic,deu,100,157,100,30,1.0,0.0
synthetic,deu,100,158,100,30,1.0,0.0
synthetic,deu,100,159,100,30,1.0,0.0
synthetic,deu,100,160,100,30,1.0,0.0
synthetic,deu,100,161,100,30,1.0,0.0
synthetic,deu,100,162,100,30,1.0,0.0
synthetic,deu,100,163,100,30,1.0,0.0
synthetic,deu,100,164,100,30,1.0,0.0
synthetic,deu,100,165,100,30,1.0,0.0
synthetic,deu,100,166,100,30,1.0,0.0
synthetic,deu,100,167,100,30,1.0,0.0
synthetic,deu,100,168,100,30,1.0,0.0
synthetic,deu,100,169,100,30,1.0,0.0
synthetic,deu,100,170,100,30,1.0,0.0
synthetic,deu,100,171,100,30,1.0,0.0
synthetic,deu,100,172,100,30,1.0,0.0
synthetic,deu,100,173,100,30,1.0,0.0
synthetic,deu,100,174,100,30,1.0,0.0
synthetic,deu,100,175,100,30,1.0,0.0
synthetic,deu,100,176,100,30,1.0,0.0
synthetic,deu,100,177,100,30,1.0,0.0
synthetic,deu,100,178,100,30,1.0,0.0
synthetic,deu,100,179,100,30,1.0,0.0
synthetic,deu,100,180,100,30,1.0,0.0
synthetic,deu,100,181,100,30,1.0,0.0
synthetic,deu,100,182,100,30,1.0,0.0
synthetic,deu,100,183,100,30,1.0,0.0
synthetic,deu,100,184,100,30,1.0,0.0
synthetic,deu,100,185,100,30,1.0,0.0
synthetic,deu,100,186,100,30,1.0,0.0
synthetic,deu,100,187,100,30,1.0,0.0
synthetic,deu,100,188,100,30,1.0,0.0
synthetic,deu,100,189,100,30,1.0,0.0
synthetic,deu,100,190,100,30,1.0,0.0
synthetic,deu,100,191,100,30,1.0,0.0
synthetic,deu,100,192,100,30,1.0,0.0
synthetic,deu,100,193,100,30,1.0,0.0
synthetic,deu,100,194,100,30,1.0,0.0
synthetic,deu,100,195,100,30,1.0,0.0
synthetic,deu,100,196,100,30,1.0,0.0
synthetic,deu,100,197,100,30,1.0,0.0
synthetic,deu,100,198,100,30,1.0,0.0
synthetic,deu,100,199,100,30,1.0,0.0
synthetic,eng,10,0,100,30,0.9886625773743312,1.324826296060819e-24
synthetic,eng,10,1,100,30,0.9773565728094498,1.9867133479725614e-20
synthetic,eng,10,2,100,30,0.9786776236554856,8.632928063771215e-21
synthetic,eng,10,3,100,30,0.9850032750567708,6.504450264815893e-23
synthetic,eng,10,4,100,30,0.9754230129118779,6.182981291550224e-20
synthetic,eng,10,5,100,30,0.9917812049893269,1.494598868455883e-26
synthetic,eng,10,6,100,30,0.9745703615201489,9.914892374628223e-20
synthetic,eng,10,7,100,30,0.9156727434343785,1.3367346578127574e-12
synthetic,eng,10,8,100,30,0.9769272505335669,2.577467547953729e-20
synthetic,eng,10,9,100,30,0.9901243415485866,1.935318962218018e-25
synthetic,eng,10,10,100,30,0.9902292864284621,1.6675288079116885e-25
synthetic,eng,10,11,100,30,0.9792270159266774,6.01042465704065e-21
synthetic,eng,10,12,100,30,0.976398552703861,3.52805818395366e-20
synthetic,eng,10,13,100,30,0.9736301565817106,1.6387975484909177e-19
synthetic,eng,10,14,100,30,0.9832347299566537,3.0641912214834645e-22
synthetic,eng,10,15,100,30,0.9896521323736089,3.7109924886388528e-25
synthetic,eng,10,16,100,30,0.9909616183164156,5.627459933998318e-26
synthetic,eng,10,17,100,30,0.9846072416222191,9.346316445601102e-23
synthetic,eng,10,18,100,30,0.97664751506772,3.04593798882904e-20
synthetic,eng,10,19,100,30,0.9822268747981258,6.895813612457721e-22
synthetic,eng,10,20,100,30,0.9925036018540703,4.140545220233793e-27
synthetic,eng,10,21,100,30,0.985055875009908,6.194225583333945e-23
synthetic,eng,10,22,100,30,0.9808387930417652,1.9594090858998e-21
synthetic,eng,10,23,100,30,0.9867319932991724,1.1833779178932997e-23
synthetic,eng,10,24,100,30,0.9785330338429917,9.481225542819769e-21
synthetic,eng,10,25,100,30,0.9803743048906258,2.732255832373746e-21
synthetic,eng,10,26,100,30,0.9873623200148368,6.0097602729851364e-24
synthetic,eng,10,27,100,30,0.985824025292072,2.972884981437882e-23
synthetic,eng,10,28,100,30,0.9846181335041555,9.254768722003337e-23
synthetic,eng,10,29,100,30,0.986881170459746,1.0110450332255091e-23
synthetic,eng,10,30,100,30,0.9888826576511245,1.0082185550660264e-24
synthetic,eng,10,31,100,30,0.9798056416100145,4.061439400317314e-21
synthetic,eng,10,32,100,30,0.986606772772338,1.348668939798108e-23
synthetic,eng,10,33,100,30,0.9846394676116668,9.077858181655578e-23
synthetic,eng,10,34,100,30,0.9714859402816636,4.8320088768235395e-19
synthetic,eng,10,35,100,30,0.9950885657978564,1.1294486626502811e-29
synthetic,eng,10,36,100,30,0.9591918117669899,6.774369856030397e-17
synthetic,eng,10,37,100,30,0.9958918249573941,9.314415704034042e-31
synthetic,eng,10,38,100,30,0.9851396287336719,5.728455002511635e-23
synthetic,eng,10,39,100,30,0.9637156066639685,1.3446511867206223e-17
synthetic,eng,10,40,100,30,0.9888630996757829,1.033212961242518e-24
synthetic,eng,10,41,100,30,0.9753107906983012,6.585648862503522e-20
synthetic,eng,10,42,100,30,0.9782020692588965,1.1722181180651531e-20
synthetic,eng,10,43,100,30,0.9755492552357858,5.757348175004341e-20
synthetic,eng,10,44,100,30,0.9741900156926484,1.2176997184808033e-19
synthetic,eng,10,45,100,30,0.9850774710299246,6.070877176544126e-23
synthetic,eng,10,46,100,30,0.9650358640845265,8.068350082798416e-18
synthetic,eng,10,47,100,30,0.9831379588522996,3.319351742846454e-22
synthetic,eng,10,48,100,30,0.9763248394799658,3.6838304153997604e-20
synthetic,eng,10,49,100,30,0.9855800979552876,3.769317078532631e-23
synthetic,eng,10,50,100,30,0.9889132277383231,9.702724141418167e-25
synthetic,eng,10,51,100,30,0.9748671031202144,8.427751843684871e-20
synthetic,eng,10,52,100,30,0.9873844494132056,5.864888471625379e-24
synthetic,eng,10,53,100,30,0.9719346831912509,3.8804089195622177e-19
synthetic,eng,10,54,100,30,0.972602705022278,2.7809146158162915e-19
synthetic,eng,10,55,100,30,0.9833047083719005,2.8911458372762643e-22
synthetic,eng,10,56,100,30,0.9837115691598273,2.0518384488870524e-22
synthetic,eng,10,57,100,30,0.9801589513606446,3.1790914308491518e-21
synthetic,eng,10,58,100,30,0.9945231671320912,5.174514571821085e-29
synthetic,eng,10,59,100,30,0.9574276985932624,1.2118569010175644e-16
synthetic,eng,10,60,100,30,0.9892469964077213,6.337567983306678e-25
synthetic,eng,10,61,100,30,0.9592895205895827,6.554743337904619e-17
synthetic,eng,10,62,100,30,0.9827987475348774,4.377757847058656e-22
synthetic,eng,10,63,100,30,0.9751134611058508,7.353183267177899e-20
synthetic,eng,10,64,100,30,0.9806478572187372,2.2485601768414962e-21
synthetic,eng,10,65,100,30,0.9854037094896034,4.4639320977537144e-23
synthetic,eng,10,66,100,30,0.9854545462011455,4.252450435595453e-23
synthetic,eng,10,67,100,30,0.9875356067401275,4.9587167320045686e-24
synthetic,eng,10,68,100,30,0.9935127001519222,5.504058459624628e-28
synthetic,eng,10,69,100,30,0.9910980740540758,4.551762162302467e-26
synthetic,eng,10,70,100,30,0.9633992038607585,1.5154852607383985e-17
synthetic,eng,10,71,100,30,0.9861917523886194,2.0623002660114202e-23
synthetic,eng,10,72,100,30,0.9847437571253324,8.257310089965043e-23
synthetic,eng,10,73,100,30,0.9671792350963414,3.371942661781992e-18
synthetic,eng,10,74,100,30,0.9851057532848083,5.91278427342725e-23
synthetic,eng,10,75,100,30,0.9796272442057968,4.58861673577081e-21
synthetic,eng,10,76,100,30,0.9726583570065411,2.7037902096365767e-19
synthetic,eng,10,77,100,30,0.9861186856174788,2.219455993804613e-23
synthetic,eng,10,78,100,30,0.9793581432984866,5.5049327336878426e-21
synthetic,eng,10,79,100,30,0.9845422601814519,9.910182931480089e-23
synthetic,eng,10,80,100,30,0.983009588162662,3.6882909025080946e-22
synthetic,eng,10,81,100,30,0.9838498360176534,1.8225427278763173e-22
synthetic,eng,10,82,100,30,0.9885700928368073,1.4835806944736141e-24
synthetic,eng,10,83,100,30,0.9937077926515288,3.5937284605311688e-28
synthetic,eng,10,84,100,30,0.986502884608886,1.5017932146011938e-23
synthetic,eng,10,85,100,30,0.9915838359239897,2.081073170546136e-26
synthetic,eng,10,86,100,30,0.933415314238586,5.471259227307188e-14
synthetic,eng,10,87,100,30,0.9702695779768387,8.607351043952162e-19
synthetic,eng,10,88,100,30,0.979065136834044,6.693789160792282e-21
synthetic,eng,10,89,100,30,0.9854436865092753,4.296830405300411e-23
synthetic,eng,10,90,100,30,0.9754446204650251,6.108120877458904e-20
synthetic,eng,10,91,100,30,0.9895589549008421,4.204815537039826e-25
synthetic,eng,10,92,100,30,0.9918979112163764,1.224269808368956e-26
synthetic,eng,10,93,100,30,0.9816952834865645,1.038394979216524e-21
synthetic,eng,10,94,100,30,0.9807085520542415,2.1526158082551833e-21
synthetic,eng,10,95,100,30,0.9716081004317343,4.553540523214856e-19
synthetic,eng,10,96,100,30,0.980051086210529,3.427529104480482e-21
synthetic,eng,10,97,100,30,0.9753022673289664,6.617204010015222e-20
synthetic,eng,10,98,100,30,0.9764393053920684,3.444582567886465e-20
synthetic,eng,10,99,100,30,0.9864189221905177,1.637168811070607e-23
synthetic,eng,10,100,100,30,0.9515431689299426,7.158469601775414e-16
synthetic,eng,10,101,100,30,0.9814075994822719,1.2894746782891974e-21
synthetic,eng,10,102,100,30,0.9874351974464566,5.544809597346313e-24
synthetic,eng,10,103,100,30,0.988873024342407,1.0204586152493406e-24
synthetic,eng,10,104,100,30,0.9733007598078104,1.945924909389914e-19
synthetic,eng,10,105,100,30,0.9741861850413549,1.2202036671360148e-19
synthetic,eng,10,106,100,30,0.9811757323938386,1.5316288297685364e-21
synthetic,eng,10,107,100,30,0.9742667566270939,1.1685296542151528e-19
synthetic,eng,10,108,100,30,0.9827592141411072,4.519647915905306e-22
synthetic,eng,10,109,100,30,0.9853890741379117,4.526599895372247e-23
synthetic,eng,10,110,100,30,0.9546927915269199,2.8488250367589845e-16
synthetic,eng,10,111,100,30,0.9908865445046691,6.31549527482239e-26
synthetic,eng,10,112,100,30,0.985940004134727,2.6517787171738814e-23
synthetic,eng,10,113,100,30,0.9888135463080112,1.099137410314967e-24
synthetic,eng,10,114,100,30,0.9864928498274328,1.5174077093452476e-23
synthetic,eng,10,115,100,30,0.9907783411997294,7.44534424143982e-26
synthetic,eng,10,116,100,30,0.9733836180075923,1.864011731747419e-19
synthetic,eng,10,117,100,30,0.9847335580972997,8.334409514379609e-23
synthetic,eng,10,118,100,30,0.988715976310838,1.2404963189409387e-24
synthetic,eng,10,119,100,30,0.9912175891572492,3.7697495601645574e-26
synthetic,eng,10,120,100,30,0.978882873583548,7.549062554001283e-21
synthetic,eng,10,121,100,30,0.9789427776639349,7.257382576630073e-21
synthetic,eng,10,122,100,30,0.9730762897137489,2.1849005345795408e-19
synthetic,eng,10,123,100,30,0.9851560063432011,5.641262969051321e-23
synthetic,eng,10,124,100,30,0.988414661244891,1.790704979887565e-24
synthetic,eng,10,125,100,30,0.9600518688778054,5.0543361623527385e-17
synthetic,eng,10,126,100,30,0.9740680535780367,1.2998056243507787e-19
synthetic,eng,10,127,100,30,0.9774790395908908,1.8428397943118628e-20
synthetic,eng,10,128,100,30,0.9803277671857366,2.823567567787305e-21
synthetic,eng,10,129,100,30,0.9918327402567568,1.36903953501174e-26
synthetic,eng,10,130,100,30,0.9927834881758105,2.4346857767448714e-27
synthetic,eng,10,131,100,30,0.9818236413578455,9.41711284480795e-22
synthetic,eng,10,132,100,30,0.9921872234795722,7.371565648724253e-27
synthetic,eng,10,133,100,30,0.9853956830035567,4.498200709842333e-23
synthetic,eng,10,134,100,30,0.9734061237561938,1.8423212372057642e-19
synthetic,eng,10,135,100,30,0.9784206099997507,1.0193523442142765e-20
synthetic,eng,10,136,100,30,0.9734193618073006,1.829672241247821e-19
synthetic,eng,10,137,100,30,0.9634148434729038,1.5065896919991344e-17
synthetic,eng,10,138,100,30,0.9802056378825404,3.0768304041482876e-21
synthetic,eng,10,139,100,30,0.9702430467490062,8.714091683865607e-19
synthetic,eng,10,140,100,30,0.9871303669957009,7.741513570257237e-24
synthetic,eng,10,141,100,30,0.989504813259249,4.519084063056954e-25
synthetic,eng,10,142,100,30,0.9789876132881956,7.045948832511e-21
synthetic,eng,10,143,100,30,0.9775055515817946,1.812993770898834e-20
synthetic,eng,10,144,100,30,0.9902933069978177,1.521503372482935e-25
synthetic,eng,10,145,100,30,0.9786384530576944,8.855503781532769e-21
synthetic,eng,10,146,100,30,0.9820216298780727,8.0881963625357665e-22
synthetic,eng,10,147,100,30,0.9565830702718935,1.5871965688908238e-16
synthetic,eng,10,148,100,30,0.9891169703659471,7.493051143482841e-25
synthetic,eng,10,149,100,30,0.9830593175148966,3.5410750513500307e-22
synthetic,eng,10,150,100,30,0.9620847749137044,2.4635093201651467e-17
synthetic,eng,10,151,100,30,0.9714439282027185,4.931367490026522e-19
synthetic,eng,10,152,100,30,0.9872099297481242,7.101195056228073e-24
synthetic,eng,10,153,100,30,0.9812914558025688,1.4059428349431065e-21
synthetic,eng,10,154,100,30,0.9777580660232869,1.5503474258284135e-20
synthetic,eng,10,155,100,30,0.9746318047273462,9.588333425705766e-20
synthetic,eng,10,156,100,30,0.9891085341481793,7.57439023577384e-25
synthetic,eng,10,157,100,30,0.9911694390914438,4.068447472782082e-26
synthetic,eng,10,158,100,30,0.9825421008151068,5.377954050331906e-22
synthetic,eng,10,159,100,30,0.9894551653877228,4.826290197336966e-25
synthetic,eng,10,160,100,30,0.9755205589292641,5.851641849684665e-20
synthetic,eng,10,161,100,30,0.9731814719597388,2.0697244257344623e-19
synthetic,eng,10,162,100,30,0.987247943975745,6.812932977910471e-24
synthetic,eng,10,163,100,30,0.9899271816876676,2.549294089309624e-25
synthetic,eng,10,164,100,30,0.9860730966725743,2.323064530117996e-23
synthetic,eng,10,165,100,30,0.9733930596368264,1.854883458850452e-19
synthetic,eng,10,166,100,30,0.9850616904548242,6.160783199548026e-23
synthetic,eng,10,167,100,30,0.9920673373161282,9.116601436081407e-27
synthetic,eng,10,168,100,30,0.9886420282693954,1.3586725073982828e-24
synthetic,eng,10,169,100,30,0.9692401453867859,1.377480434952975e-18
synthetic,eng,10,170,100,30,0.9847038451274629,8.562847678720172e-23
synthetic,eng,10,171,100,30,0.9783725669008424,1.0512788163967344e-20
synthetic,eng,10,172,100,30,0.9909545260482863,5.689351302614564e-26
synthetic,eng,10,173,100,30,0.9889622313678551,9.121991550046549e-25
synthetic,eng,10,174,100,30,0.9790309282034109,6.847123778728532e-21
synthetic,eng,10,175,100,30,0.9715814621805212,4.612963684276414e-19
synthetic,eng,10,176,100,30,0.9743601943062729,1.1111471422918187e-19
synthetic,eng,10,177,100,30,0.9808213375531256,1.984335434184425e-21
synthetic,eng,10,178,100,30,0.9869044861129527,9.863173590788447e-24
synthetic,eng,10,179,100,30,0.9838571241190537,1.8111426428860435e-22
synthetic,eng,10,180,100,30,0.9717330406916673,4.284178572528119e-19
synthetic,eng,10,181,100,30,0.9840690704724643,1.507155214255302e-22
synthetic,eng,10,182,100,30,0.9789041279073634,7.444351016504581e-21
synthetic,eng,10,183,100,30,0.981413342962881,1.2839542274443315e-21
synthetic,eng,10,184,100,30,0.9801777142838424,3.1376206115496505e-21
synthetic,eng,10,185,100,30,0.973489823278109,1.76368982264662e-19
synthetic,eng,10,186,100,30,0.9804832302097288,2.5291310547947855e-21
synthetic,eng,10,187,100,30,0.9895458956691182,4.278705527330419e-25
synthetic,eng,10,188,100,30,0.9783416308171322,1.0723250959502774e-20
synthetic,eng,10,189,100,30,0.9866033069425196,1.35353455940266e-23
synthetic,eng,10,190,100,30,0.9885461413627675,1.5274794250685314e-24
synthetic,eng,10,191,100,30,0.974321211833607,1.1347620937049044e-19
synthetic,eng,10,192,100,30,0.9769604828938447,2.526492254451324e-20
synthetic,eng,10,193,100,30,0.9921075070493407,8.493216386330048e-27
synthetic,eng,10,194,100,30,0.9905706191239316,1.0157177358703609e-25
synthetic,eng,10,195,100,30,0.9843077146851427,1.2218623151369208e-22
synthetic,eng,10,196,100,30,0.9757124322829424,5.2473996840379847e-20
synthetic,eng,10,197,100,30,0.9706312662301788,7.267969962382707e-19
synthetic,eng,10,198,100,30,0.9837805107995996,1.9343589336630052e-22
synthetic,eng,10,199,100,30,0.9817467328572982,9.985864590458606e-22
synthetic,eng,25,0,100,30,0.9943970999155551,7.110564890084801e-29
synthetic,eng,25,1,100,30,0.9945584934462243,4.727355606801335e-29
synthetic,eng,25,2,100,30,0.9965897452026825,6.901252850864512e-32
synthetic,eng,25,3,100,30,0.9952521844716143,7.035510157696862e-30
synthetic,eng,25,4,100,30,0.9960401528512088,5.571342671444357e-31
synthetic,eng,25,5,100,30,0.9961858215168902,3.299594566507324e-31
synthetic,eng,25,6,100,30,0.9957283805910206,1.606699823157367e-30
synthetic,eng,25,7,100,30,0.9962627742477079,2.481647886099339e-31
synthetic,eng,25,8,100,30,0.9944089950859882,6.902612093151123e-29
synthetic,eng,25,9,100,30,0.9951066356980849,1.0727617400001435e-29
synthetic,eng,25,10,100,30,0.9968467325659391,2.3080312808543262e-32
synthetic,eng,25,11,100,30,0.9957328237397083,1.5835030695071755e-30
synthetic,eng,25,12,100,30,0.9893545584918045,5.509114415549097e-25
synthetic,eng,25,13,100,30,0.9942514696244519,1.0175008550926644e-28
synthetic,eng,25,14,100,30,0.9943308288049071,8.379590165853591e-29
synthetic,eng,25,15,100,30,0.9944404663778711,6.37933500950708e-29
synthetic,eng,25,16,100,30,0.9934717015674599,6.010063947188271e-28
synthetic,eng,25,17,100,30,0.9902083975390358,1.7179200161421198e-25
synthetic,eng,25,18,100,30,0.9923413763276849,5.582154742395993e-27
synthetic,eng,25,19,100,30,0.989164880304784,7.046284208738956e-25
synthetic,eng,25,20,100,30,0.9949698979974833,1.5765640359823398e-29
synthetic,eng,25,21,100,30,0.9904952279482677,1.134992398952078e-25
synthetic,eng,25,22,100,30,0.9963827511711661,1.5727638091575254e-31
synthetic,eng,25,23,100,30,0.9949983506733238,1.4564547994690523e-29
synthetic,eng,25,24,100,30,0.9939242024575966,2.204554072513431e-28
synthetic,eng,25,25,100,30,0.9957020091194618,1.7510005078251764e-30
synthetic,eng,25,26,100,30,0.995959905810427,7.374473490929435e-31
synthetic,eng,25,27,100,30,0.9905228130717807,1.0899192180425349e-25
synthetic,eng,25,28,100,30,0.9964358479937176,1.2790669826248953e-31
synthetic,eng,25,29,100,30,0.9898129716267804,2.983107403934786e-25
synthetic,eng,25,30,100,30,0.9972970036824349,2.6767921085723017e-33
synthetic,eng,25,31,100,30,0.9913852179293846,2.8812669610047594e-26
synthetic,eng,25,32,100,30,0.9936044479407461,4.511514830189211e-28
synthetic,eng,25,33,100,30,0.9906378881261801,9.192213089129303e-26
synthetic,eng,25,34,100,30,0.9951369177255834,9.836490591135876e-30
synthetic,eng,25,35,100,30,0.9941981598850992,1.1574944862940639e-28
synthetic,eng,25,36,100,30,0.9918541975456401,1.319707888356142e-26
synthetic,eng,25,37,100,30,0.996114588920208,4.273424707031669e-31
synthetic,eng,25,38,100,30,0.9938453294601653,2.6395725975973945e-28
synthetic,eng,25,39,100,30,0.9946113626659663,4.1247258624455536e-29
synthetic,eng,25,40,100,30,0.9950974352826653,1.1012856665129013e-29
synthetic,eng,25,41,100,30,0.9938552069847351,2.581035535315329e-28
synthetic,eng,25,42,100,30,0.9947154714659722,3.1408855869825594e-29
synthetic,eng,25,43,100,30,0.9946658153587271,3.579201446745201e-29
synthetic,eng,25,44,100,30,0.9952939070341561,6.219265110231349e-30
synthetic,eng,25,45,100,30,0.9952291276222844,7.528183482973917e-30
synthetic,eng,25,46,100,30,0.9971212673457742,6.458525481600421e-33
synthetic,eng,25,47,100,30,0.9970668347841318,8.392328323123585e-33
synthetic,eng,25,48,100,30,0.9951220651196716,1.0264606386645629e-29
synthetic,eng,25,49,100,30,0.9968264762010673,2.524187439785559e-32
synthetic,eng,25,50,100,30,0.9952436856204776,7.21351899877034e-30
synthetic,eng,25,51,100,30,0.9925316488729506,3.9295321335306694e-27
synthetic,eng,25,52,100,30,0.9944079665891576,6.920366918782354e-29
synthetic,eng,25,53,100,30,0.9945694135778388,4.5965621152113325e-29
synthetic,eng,25,54,100,30,0.9952934615907659,6.2274946830951825e-30
synthetic,eng,25,55,100,30,0.9934940069975333,5.729653056804524e-28
synthetic,eng,25,56,100,30,0.9973861138335034,1.6750459600084385e-33
synthetic,eng,25,57,100,30,0.9909889674586932,5.394598009965697e-26
synthetic,eng,25,58,100,30,0.9947528245307337,2.844602093921551e-29
synthetic,eng,25,59,100,30,0.9963559791550383,1.743521903784097e-31
synthetic,eng,25,60,100,30,0.9917382813370706,1.607247242385154e-26
synthetic,eng,25,61,100,30,0.9965808668052039,7.156706121643082e-32
synthetic,eng,25,62,100,30,0.9859989793816228,2.5011322893847672e-23
synthetic,eng,25,63,100,30,0.9944599509155326,6.074078403652618e-29
synthetic,eng,25,64,100,30,0.9963372876327196,1.87277478267656e-31
synthetic,eng,25,65,100,30,0.9875159926939413,5.0684776390984634e-24
synthetic,eng,25,66,100,30,0.9965574544871827,7.873046257342073e-32
synthetic,eng,25,67,100,30,0.9940128849333681,1.7953758864231929e-28
synthetic,eng,25,68,100,30,0.9973340687485335,2.206791481162806e-33
synthetic,eng,25,69,100,30,0.9929829348376624,1.6465108950120537e-27
synthetic,eng,25,70,100,30,0.9947537855899081,2.8373332125028954e-29
synthetic,eng,25,71,100,30,0.995955098794219,7.498049953412651e-31
synthetic,eng,25,72,100,30,0.9911144553621846,4.436331117046377e-26
synthetic,eng,25,73,100,30,0.9934594953303341,6.168853963325504e-28
synthetic,eng,25,74,100,30,0.9918396246886592,1.3530283988479687e-26
synthetic,eng,25,75,100,30,0.9957067920010205,1.7239674435613897e-30
synthetic,eng,25,76,100,30,0.9950402143930831,1.2950986689891267e-29
synthetic,eng,25,77,100,30,0.9948774394169488,2.0333485278680163e-29
synthetic,eng,25,78,100,30,0.9939453842786007,2.0996300446051448e-28
synthetic,eng,25,79,100,30,0.9965680321671783,7.541538746291152e-32
synthetic,eng,25,80,100,30,0.9893570854606748,5.490918994744589e-25
synthetic,eng,25,81,100,30,0.9838516850835302,1.8196441255846843e-22
synthetic,eng,25,82,100,30,0.9950805335462765,1.1555286330579384e-29
synthetic,eng,25,83,100,30,0.99430844733281,8.853607839113786e-29
synthetic,eng,25,84,100,30,0.9943662053509287,7.678146513565662e-29
synthetic,eng,25,85,100,30,0.9945238073822233,5.166072397176803e-29
synthetic,eng,25,86,100,30,0.9948904092173263,1.962602300177589e-29
synthetic,eng,25,87,100,30,0.9967559336867208,3.432471733914084e-32
synthetic,eng,25,88,100,30,0.9976276924250795,4.3156326949067785e-34
synthetic,eng,25,89,100,30,0.9893459212393203,5.57173018480112e-25
synthetic,eng,25,90,100,30,0.9951177247701829,1.0392941474008011e-29
synthetic,eng,25,91,100,30,0.9942583157211082,1.0007084135729699e-28
synthetic,eng,25,92,100,30,0.9971410196111314,5.865746305419741e-33
synthetic,eng,25,93,100,30,0.9923727279674536,5.271616909852896e-27
synthetic,eng,25,94,100,30,0.9962877628910208,2.2595156687224582e-31
synthetic,eng,25,95,100,30,0.993860745067379,2.5487447626466225e-28
synthetic,eng,25,96,100,30,0.9937926802923642,2.9729306241599566e-28
synthetic,eng,25,97,100,30,0.9963125218034583,2.0577529963813165e-31
synthetic,eng,25,98,100,30,0.9913442118723775,3.078559510662263e-26
synthetic,eng,25,99,100,30,0.9972011391770744,4.3577634028854984e-33
synthetic,eng,25,100,100,30,0.9927787613423992,2.4570365499923832e-27
synthetic,eng,25,101,100,30,0.9937428730492704,3.3238783065146025e-28
synthetic,eng,25,102,100,30,0.9891736919942731,6.966855399912841e-25
synthetic,eng,25,103,100,30,0.9953585334859576,5.126674766412096e-30
synthetic,eng,25,104,100,30,0.9945624669218113,4.679369516588444e-29
synthetic,eng,25,105,100,30,0.9951889600340271,8.463703820255431e-30
synthetic,eng,25,106,100,30,0.9956965416514367,1.7823846749856257e-30
synthetic,eng,25,107,100,30,0.994379301079304,7.43260951295577e-29
synthetic,eng,25,108,100,30,0.9929166095914185,1.877537795255852e-27
synthetic,eng,25,109,100,30,0.9902107323163071,1.7122183957852232e-25
synthetic,eng,25,110,100,30,0.9929492818466852,1.760214099720723e-27
synthetic,eng,25,111,100,30,0.9932057639047376,1.0494101070723168e-27
synthetic,eng,25,112,100,30,0.9951269135153864,1.0122989657482939e-29
synthetic,eng,25,113,100,30,0.9979832399163999,4.453972507206318e-35
synthetic,eng,25,114,100,30,0.9934286694901828,6.587365297211376e-28
synthetic,eng,25,115,100,30,0.9929284699509856,1.834133757888096e-27
synthetic,eng,25,116,100,30,0.9944629991668341,6.02756791668404e-29
synthetic,eng,25,117,100,30,0.9941042245560018,1.4485159472981753e-28
synthetic,eng,25,118,100,30,0.9961970464680748,3.1664329924064853e-31
synthetic,eng,25,119,100,30,0.9931087905493121,1.2789583201856994e-27
synthetic,eng,25,120,100,30,0.9969442984261788,1.487308138141909e-32
synthetic,eng,25,121,100,30,0.9909251135437311,5.952825643058051e-26
synthetic,eng,25,122,100,30,0.9805592411320672,2.3957813276750413e-21
synthetic,eng,25,123,100,30,0.9916044285304566,2.0111607278982265e-26
synthetic,eng,25,124,100,30,0.9932540538818102,9.499573945767386e-28
synthetic,eng,25,125,100,30,0.9975725243839211,5.952142165681135e-34
synthetic,eng,25,126,100,30,0.9953920856653443,4.6324719484999774e-30
synthetic,eng,25,127,100,30,0.9919103811426568,1.1982432339339472e-26
synthetic,eng,25,128,100,30,0.9941030119733696,1.4526816359966609e-28
synthetic,eng,25,129,100,30,0.9884302523744672,1.7574274711891773e-24
synthetic,eng,25,130,100,30,0.9933754761903616,7.3720818964194625e-28
synthetic,eng,25,131,100,30,0.9971296121602864,6.201615757587836e-33
synthetic,eng,25,132,100,30,0.994381456410516,7.392903871888678e-29
synthetic,eng,25,133,100,30,0.9936728061017339,3.882991818923794e-28
synthetic,eng,25,134,100,30,0.9913509313365055,3.0453941539746976e-26
synthetic,eng,25,135,100,30,0.9944526309779307,6.187130579211383e-29
synthetic,eng,25,136,100,30,0.9959983380442974,6.452338918619968e-31
synthetic,eng,25,137,100,30,0.9917478180649661,1.5815590145296322e-26
synthetic,eng,25,138,100,30,0.9955555522091896,2.7966113879427875e-30
synthetic,eng,25,139,100,30,0.9941999132403314,1.1526191493674235e-28
synthetic,eng,25,140,100,30,0.9939331778355815,2.1595141731952276e-28
synthetic,eng,25,141,100,30,0.9946200801093285,4.0324970380507243e-29
synthetic,eng,25,142,100,30,0.994228974914079,1.0745365856361631e-28
synthetic,eng,25,143,100,30,0.9878319921632449,3.546755019518046e-24
synthetic,eng,25,144,100,30,0.9943419763556121,8.152387779388317e-29
synthetic,eng,25,145,100,30,0.9942572290828982,1.0033564831069908e-28
synthetic,eng,25,146,100,30,0.9881640915798164,2.4124618665473546e-24
synthetic,eng,25,147,100,30,0.9976034611022053,4.974728447981039e-34
synthetic,eng,25,148,100,30,0.992868231630553,2.0646456690942072e-27
synthetic,eng,25,149,100,30,0.9935695933997298,4.867162468952742e-28
synthetic,eng,25,150,100,30,0.9935408071184866,5.1803278601755305e-28
synthetic,eng,25,151,100,30,0.9946614969923638,3.619886867550491e-29
synthetic,eng,25,152,100,30,0.993994705410315,1.8730153023386192e-28
synthetic,eng,25,153,100,30,0.9902176321648172,1.6954711482422545e-25
synthetic,eng,25,154,100,30,0.9950443221370004,1.280194623101239e-29
synthetic,eng,25,155,100,30,0.9929696072008798,1.690699863010877e-27
synthetic,eng,25,156,100,30,0.9934882151490539,5.801273468496563e-28
synthetic,eng,25,157,100,30,0.9948275015963246,2.328443052486894e-29
synthetic,eng,25,158,100,30,0.9951932155530018,8.359710730368092e-30
synthetic,eng,25,159,100,30,0.9925773175076056,3.607179415157374e-27
synthetic,eng,25,160,100,30,0.9948411128571796,2.2442995974834017e-29
synthetic,eng,25,161,100,30,0.9966509918413654,5.356743195141985e-32
synthetic,eng,25,162,100,30,0.9977521219942685,2.031407447666359e-34
synthetic,eng,25,163,100,30,0.9970768016738187,8.002272443253279e-33
synthetic,eng,25,164,100,30,0.9945857052800389,4.407663597744668e-29
synthetic,eng,25,165,100,30,0.9944019116767474,7.025754504646977e-29
synthetic,eng,25,166,100,30,0.9970834042318263,7.753221499083556e-33
synthetic,eng,25,167,100,30,0.9961692662778987,3.505502080991754e-31
synthetic,eng,25,168,100,30,0.9945432926009229,4.9151781769987937e-29
synthetic,eng,25,169,100,30,0.9954281488467797,4.150836348294334e-30
synthetic,eng,25,170,100,30,0.9973952821200567,1.5947301462193793e-33
synthetic,eng,25,171,100,30,0.9943507642655883,7.977323335847579e-29
synthetic,eng,25,172,100,30,0.9945058489817533,5.40778404079511e-29
synthetic,eng,25,173,100,30,0.9953478318685394,5.2943181814806226e-30
synthetic,eng,25,174,100,30,0.996347218484062,1.8030347754206852e-31
synthetic,eng,25,175,100,30,0.9931676444768495,1.1346502743392936e-27
synthetic,eng,25,176,100,30,0.9977007236867584,2.786887684898733e-34
synthetic,eng,25,177,100,30,0.9955078319075695,3.246689839149495e-30
synthetic,eng,25,178,100,30,0.9935099472526455,5.5367552936879975e-28
synthetic,eng,25,179,100,30,0.9937016242623846,3.64322941751142e-28
synthetic,eng,25,180,100,30,0.9936411129821285,4.163535270944536e-28
synthetic,eng,25,181,100,30,0.9944268965681611,6.600273922702098e-29
synthetic,eng,25,182,100,30,0.9949694477153248,1.5785366853460163e-29
synthetic,eng,25,183,100,30,0.9911723466020298,4.049805448310823e-26
synthetic,eng,25,184,100,30,0.9965830823444976,7.092150426444534e-32
synthetic,eng,25,185,100,30,0.9932078572917964,1.0449057668345862e-27
synthetic,eng,25,186,100,30,0.9960314161681956,5.745617636839391e-31
synthetic,eng,25,187,100,30,0.9951722305361045,8.884277365714209e-30
synthetic,eng,25,188,100,30,0.996727391282615,3.87965131942466e-32
synthetic,eng,25,189,100,30,0.9968145414594407,2.6601913520954786e-32
synthetic,eng,25,190,100,30,0.9942932131027354,9.190361459575721e-29
synthetic,eng,25,191,100,30,0.9968095438401964,2.7191378919331434e-32
synthetic,eng,25,192,100,30,0.995900682929161,9.037639087773142e-31
synthetic,eng,25,193,100,30,0.996985173632944,1.2320488608122222e-32
synthetic,eng,25,194,100,30,0.9879291705696951,3.172016658719301e-24
synthetic,eng,25,195,100,30,0.9953607534365086,5.092521742081845e-30
synthetic,eng,25,196,100,30,0.9912378679392019,3.650150437607084e-26
synthetic,eng,25,197,100,30,0.9964493609182354,1.2129232023025133e-31
synthetic,eng,25,198,100,30,0.9947828886105305,2.6252110547380307e-29
synthetic,eng,25,199,100,30,0.9965314425294474,8.746675635988443e-32
synthetic,eng,50,0,100,30,0.9989213389161318,7.021852109879203e-39
synthetic,eng,50,1,100,30,0.9983267523135188,3.26841560244806e-36
synthetic,eng,50,2,100,30,0.9978063284566713,1.4438566883807967e-34
synthetic,eng,50,3,100,30,0.9985347379643151,5.103363902282908e-37
synthetic,eng,50,4,100,30,0.9981499311171226,1.3324728042465588e-35
synthetic,eng,50,5,100,30,0.9966579330781886,5.203604159418382e-32
synthetic,eng,50,6,100,30,0.9978598369258844,1.0221600763049604e-34
synthetic,eng,50,7,100,30,0.9976829487071307,3.103811537970492e-34
synthetic,eng,50,8,100,30,0.9983678729046785,2.3075869591734065e-36
synthetic,eng,50,9,100,30,0.9982391384003519,6.674459670904025e-36
synthetic,eng,50,10,100,30,0.9960417576365252,5.539869692826221e-31
synthetic,eng,50,11,100,30,0.998733934030917,6.606268377770067e-38
synthetic,eng,50,12,100,30,0.9983133174455868,3.65532106046534e-36
synthetic,eng,50,13,100,30,0.998871538086328,1.3205259493713242e-38
synthetic,eng,50,14,100,30,0.9993909766603415,2.3559955595733543e-42
synthetic,eng,50,15,100,30,0.9985709921703153,3.594367442344219e-37
synthetic,eng,50,16,100,30,0.997570745331157,6.013440009232283e-34
synthetic,eng,50,17,100,30,0.9985186765008514,5.944273760386856e-37
synthetic,eng,50,18,100,30,0.9986191262813868,2.2254628543234723e-37
synthetic,eng,50,19,100,30,0.9985841498041816,3.1580202929738327e-37
synthetic,eng,50,20,100,30,0.9981949421631031,9.441090652456602e-36
synthetic,eng,50,21,100,30,0.9982834390269568,4.673143181515494e-36
synthetic,eng,50,22,100,30,0.9961086614786769,4.365449394740345e-31
synthetic,eng,50,23,100,30,0.9975063475675662,8.670285069480136e-34
synthetic,eng,50,24,100,30,0.9990057540229353,2.2449043304954247e-39
synthetic,eng,50,25,100,30,0.9972758116610393,2.985672711903262e-33
synthetic,eng,50,26,100,30,0.998359514936984,2.4785193811167634e-36
synthetic,eng,50,27,100,30,0.9976460689620252,3.8708941821008245e-34
synthetic,eng,50,28,100,30,0.9972038269529142,4.2996106076168195e-33
synthetic,eng,50,29,100,30,0.996928281355033,1.6000945287042563e-32
synthetic,eng,50,30,100,30,0.9976984199232685,2.8261963363741234e-34
synthetic,eng,50,31,100,30,0.9972187117468501,3.990394020113824e-33
synthetic,eng,50,32,100,30,0.997924065529956,6.674567473173449e-35
synthetic,eng,50,33,100,30,0.9986552700032729,1.5355057174448888e-37
synthetic,eng,50,34,100,30,0.9987262438011245,7.190442069096819e-38
synthetic,eng,50,35,100,30,0.997190764457236,4.589149420740609e-33
synthetic,eng,50,36,100,30,0.9967373243392363,3.7182311749094894e-32
synthetic,eng,50,37,100,30,0.9980968335479181,1.9795322903514908e-35
synthetic,eng,50,38,100,30,0.9949885439748677,1.496858327518831e-29
synthetic,eng,50,39,100,30,0.9975567150156007,6.517800983113587e-34
synthetic,eng,50,40,100,30,0.997671616581803,3.3229924391783675e-34
synthetic,eng,50,41,100,30,0.9981840373233658,1.0271043340328919e-35
synthetic,eng,50,42,100,30,0.9979176300277875,6.969886237855417e-35
synthetic,eng,50,43,100,30,0.9983125644731098,3.678216084553368e-36
synthetic,eng,50,44,100,30,0.9988795948226823,1.1945463140152954e-38
synthetic,eng,50,45,100,30,0.9989964796911174,2.556383006986445e-39
synthetic,eng,50,46,100,30,0.9989884035453513,2.8598317962383812e-39
synthetic,eng,50,47,100,30,0.9943042212570714,8.945858805680305e-29
synthetic,eng,50,48,100,30,0.9981257269040188,1.598174313512045e-35
synthetic,eng,50,49,100,30,0.9982845695233087,4.63027184382481e-36
synthetic,eng,50,50,100,30,0.9979176845513176,6.967334044720499e-35
synthetic,eng,50,51,100,30,0.996686734246195,4.610585303175228e-32
synthetic,eng,50,52,100,30,0.9975775910761995,5.780731544755881e-34
synthetic,eng,50,53,100,30,0.9984066967482889,1.647718387287059e-36
synthetic,eng,50,54,100,30,0.9981584149198687,1.2494968715260206e-35
synthetic,eng,50,55,100,30,0.9986281825785855,2.029724637374034e-37
synthetic,eng,50,56,100,30,0.9980080693291236,3.745352963812788e-35
synthetic,eng,50,57,100,30,0.9983215399484973,3.413771086749009e-36
synthetic,eng,50,58,100,30,0.9950463897014995,1.2727533046526655e-29
synthetic,eng,50,59,100,30,0.9982022229794325,8.922102484406877e-36
synthetic,eng,50,60,100,30,0.9989455515747523,5.1106972105226285e-39
synthetic,eng,50,61,100,30,0.9979064067666743,7.514115717733117e-35
synthetic,eng,50,62,100,30,0.9970510807477199,9.045027057067466e-33
synthetic,eng,50,63,100,30,0.998032617087955,3.1489296058971117e-35
synthetic,eng,50,64,100,30,0.9982468832614609,6.275309168915631e-36
synthetic,eng,50,65,100,30,0.998173536715023,1.1133796264139626e-35
synthetic,eng,50,66,100,30,0.9989700490028751,3.678085348227893e-39
synthetic,eng,50,67,100,30,0.9973005349167944,2.628304041635701e-33
synthetic,eng,50,68,100,30,0.998904491741454,8.722406145730838e-39
synthetic,eng,50,69,100,30,0.9987773560328644,4.053984783623405e-38
synthetic,eng,50,70,100,30,0.9982752233151884,4.995953224821695e-36
synthetic,eng,50,71,100,30,0.9990500005280322,1.1872106005121144e-39
synthetic,eng,50,72,100,30,0.9988977963117107,9.498729350600397e-39
synthetic,eng,50,73,100,30,0.9986934362213529,1.0263355098710342e-37
synthetic,eng,50,74,100,30,0.9983393657546829,2.9401069073360075e-36
synthetic,eng,50,75,100,30,0.9976429579772366,3.943059725347783e-34
synthetic,eng,50,76,100,30,0.9967728988212453,3.1898609681217895e-32
synthetic,eng,50,77,100,30,0.9987915991210751,3.440915328603663e-38
synthetic,eng,50,78,100,30,0.998792244063534,3.4153071174122023e-38
synthetic,eng,50,79,100,30,0.9987248780229457,7.299075857142586e-38
synthetic,eng,50,80,100,30,0.9940832421201331,1.5221867886387822e-28
synthetic,eng,50,81,100,30,0.9967442191339407,3.609875857842821e-32
synthetic,eng,50,82,100,30,0.9976336459856694,4.166604488086241e-34
synthetic,eng,50,83,100,30,0.9968461842188681,2.3136489993802395e-32
synthetic,eng,50,84,100,30,0.9980828676060852,2.1927060268202483e-35
synthetic,eng,50,85,100,30,0.9985189933783343,5.9265079125974585e-37
synthetic,eng,50,86,100,30,0.9970982563564148,7.219058799580814e-33
synthetic,eng,50,87,100,30,0.9982872746311916,4.529165047594871e-36
synthetic,eng,50,88,100,30,0.998449615152144,1.1245303062756243e-36
synthetic,eng,50,89,100,30,0.9976527632002244,3.719746426479698e-34
synthetic,eng,50,90,100,30,0.9988498344201815,1.7239242458132225e-38
synthetic,eng,50,91,100,30,0.9987352804973488,6.508637522770819e-38
synthetic,eng,50,92,100,30,0.9992614415219799,3.5022439718414546e-41
synthetic,eng,50,93,100,30,0.998375569841938,2.159918361420123e-36
synthetic,eng,50,94,100,30,0.9988484307977317,1.7535975345160385e-38
synthetic,eng,50,95,100,30,0.9984934966398088,7.52514909751475e-37
synthetic,eng,50,96,100,30,0.997974120973544,4.744093961291374e-35
synthetic,eng,50,97,100,30,0.9964640144160397,1.1447940572656524e-31
synthetic,eng,50,98,100,30,0.9986218683325698,2.164422572360538e-37
synthetic,eng,50,99,100,30,0.999218628065143,7.706451388813773e-41
synthetic,eng,50,100,100,30,0.9978912531834753,8.311660440392491e-35
synthetic,eng,50,101,100,30,0.9990075157248323,2.1898762397900708e-39
synthetic,eng,50,102,100,30,0.9983039529874443,3.949701757434968e-36
synthetic,eng,50,103,100,30,0.9973806916761895,1.7242957732336577e-33
synthetic,eng,50,104,100,30,0.9966934173432005,4.482262242358612e-32
synthetic,eng,50,105,100,30,0.998605736660039,2.5471637869636814e-37
synthetic,eng,50,106,100,30,0.9985125897194721,6.295277602847526e-37
synthetic,eng,50,107,100,30,0.9982336761101848,6.970009891491784e-36
synthetic,eng,50,108,100,30,0.9987146122586719,8.165724684154881e-38
synthetic,eng,50,109,100,30,0.9986123258556738,2.3838113068656444e-37
synthetic,eng,50,110,100,30,0.9959385627433878,7.937985461385022e-31
synthetic,eng,50,111,100,30,0.9975139042009787,8.309989024346635e-34
synthetic,eng,50,112,100,30,0.9986073908501036,2.5052053781416212e-37
synthetic,eng,50,113,100,30,0.9972993437933155,2.6445676947537903e-33
synthetic,eng,50,114,100,30,0.9989891764203547,2.8294071482019536e-39
synthetic,eng,50,115,100,30,0.9986558607145777,1.5260948953279424e-37
synthetic,eng,50,116,100,30,0.9978734186020466,9.350756513987001e-35
synthetic,eng,50,117,100,30,0.9965891234992997,6.918861375214001e-32
synthetic,eng,50,118,100,30,0.998354116237096,2.5951018715776654e-36
synthetic,eng,50,119,100,30,0.998204879029949,8.73946295049678e-36
synthetic,eng,50,120,100,30,0.9985216533105482,5.779309870708782e-37
synthetic,eng,50,121,100,30,0.9988129245794692,2.682082448941528e-38
synthetic,eng,50,122,100,30,0.9963966355737146,1.4904498759973424e-31
synthetic,eng,50,123,100,30,0.9963889060317238,1.535767317390273e-31
synthetic,eng,50,124,100,30,0.9980954149835384,2.0002722340792074e-35
synthetic,eng,50,125,100,30,0.9981499660064445,1.3321213334594234e-35
synthetic,eng,50,126,100,30,0.998311770400618,3.7025049970411304e-36
synthetic,eng,50,127,100,30,0.9967151275038894,4.08792023086634e-32
synthetic,eng,50,128,100,30,0.9982372768818744,6.773848715987428e-36
synthetic,eng,50,129,100,30,0.997788405977566,1.6178941507727394e-34
synthetic,eng,50,130,100,30,0.9982784076210006,4.86845523279983e-36
synthetic,eng,50,131,100,30,0.9983616046934888,2.4347122240444684e-36
synthetic,eng,50,132,100,30,0.9978908614094936,8.333285312511761e-35
synthetic,eng,50,133,100,30,0.9978041062138991,1.4644495782035192e-34
synthetic,eng,50,134,100,30,0.99849871888934,7.1682921275585e-37
synthetic,eng,50,135,100,30,0.9991118435781916,4.628242657443855e-40
synthetic,eng,50,136,100,30,0.998242890888997,6.47821147066175e-36
synthetic,eng,50,137,100,30,0.9990454761806722,1.2688302678208878e-39
synthetic,eng,50,138,100,30,0.9986714102318528,1.2968069773411899e-37
synthetic,eng,50,139,100,30,0.9993780970891237,3.15777853222527e-42
synthetic,eng,50,140,100,30,0.9983006845628857,4.057526039211346e-36
synthetic,eng,50,141,100,30,0.9979732218008783,4.773631969990327e-35
synthetic,eng,50,142,100,30,0.9973739110358377,1.7877765627781562e-33
synthetic,eng,50,143,100,30,0.997776352603518,1.7456835725436805e-34
synthetic,eng,50,144,100,30,0.9980132737939346,3.61076895599169e-35
synthetic,eng,50,145,100,30,0.9985832651057525,3.185741853926028e-37
synthetic,eng,50,146,100,30,0.9974043280492935,1.519003045835143e-33
synthetic,eng,50,147,100,30,0.9986320526789659,1.951057897048315e-37
synthetic,eng,50,148,100,30,0.9944954299711188,5.552788599712405e-29
synthetic,eng,50,149,100,30,0.9984239015091089,1.415523552161925e-36
synthetic,eng,50,150,100,30,0.9967822459381859,3.0630926252073644e-32
synthetic,eng,50,151,100,30,0.9981244120726652,1.6139292151996767e-35
synthetic,eng,50,152,100,30,0.9988338130631194,2.0921134144481383e-38
synthetic,eng,50,153,100,30,0.9982330722020877,7.003421215939487e-36
synthetic,eng,50,154,100,30,0.9985348156611095,5.0995790687356145e-37
synthetic,eng,50,155,100,30,0.9988475307402196,1.7728740124145646e-38
synthetic,eng,50,156,100,30,0.9983969456906202,1.7945451400824294e-36
synthetic,eng,50,157,100,30,0.9984787579659257,8.623254909834152e-37
synthetic,eng,50,158,100,30,0.9990956166271068,5.962891064278561e-40
synthetic,eng,50,159,100,30,0.9978777718954605,9.086548361649552e-35
synthetic,eng,50,160,100,30,0.9980334167098426,3.131074181754878e-35
synthetic,eng,50,161,100,30,0.9979215577402272,6.788237804113174e-35
synthetic,eng,50,162,100,30,0.9984673452715738,9.573821087554537e-37
synthetic,eng,50,163,100,30,0.9973779354700196,1.7498427772868437e-33
synthetic,eng,50,164,100,30,0.9975437093966442,7.020135326026591e-34
synthetic,eng,50,165,100,30,0.9967252366211596,3.915514179958835e-32
synthetic,eng,50,166,100,30,0.9980710535429158,2.3894733936511406e-35
synthetic,eng,50,167,100,30,0.9984659254902939,9.698650393217865e-37
synthetic,eng,50,168,100,30,0.9982104178692685,8.369705009885855e-36
synthetic,eng,50,169,100,30,0.9969689962507068,1.3277723290678297e-32
synthetic,eng,50,170,100,30,0.9979839429394847,4.432304045611939e-35
synthetic,eng,50,171,100,30,0.9976183248607504,4.56017129845297e-34
synthetic,eng,50,172,100,30,0.9991876847701979,1.3271130267142807e-40
synthetic,eng,50,173,100,30,0.997730452601353,2.323117412779609e-34
synthetic,eng,50,174,100,30,0.9977897076428098,1.6046264297826532e-34
synthetic,eng,50,175,100,30,0.9974834551207232,9.852254438425297e-34
synthetic,eng,50,176,100,30,0.9992823684742629,2.3422553999723166e-41
synthetic,eng,50,177,100,30,0.9990124027248684,2.0437131114008205e-39
synthetic,eng,50,178,100,30,0.998479007683849,8.603471502235384e-37
synthetic,eng,50,179,100,30,0.9973941716136449,1.604264404895906e-33
synthetic,eng,50,180,100,30,0.996480305377116,1.0732313258422573e-31
synthetic,eng,50,181,100,30,0.9977805955550153,1.6996680989339638e-34
synthetic,eng,50,182,100,30,0.9966328567648247,5.776813873278831e-32
synthetic,eng,50,183,100,30,0.9983768157481251,2.1368571817790343e-36
synthetic,eng,50,184,100,30,0.9983219732149631,3.4014637994877286e-36
synthetic,eng,50,185,100,30,0.9981775924643497,1.0792889927555911e-35
synthetic,eng,50,186,100,30,0.9972702918143569,3.0713897677139582e-33
synthetic,eng,50,187,100,30,0.9983717965644651,2.2311774433946962e-36
synthetic,eng,50,188,100,30,0.9956868033544255,1.8395809363927324e-30
synthetic,eng,50,189,100,30,0.9982141171221203,8.130900569618312e-36
synthetic,eng,50,190,100,30,0.9984249820900488,1.4020062730787155e-36
synthetic,eng,50,191,100,30,0.9973108473683692,2.4913293396230465e-33
synthetic,eng,50,192,100,30,0.9976436696376808,3.9264420029787205e-34
synthetic,eng,50,193,100,30,0.9987830350321453,3.7983066818514527e-38
synthetic,eng,50,194,100,30,0.9982115323732612,8.297081814532967e-36
synthetic,eng,50,195,100,30,0.9966838167000555,4.667667926640005e-32
synthetic,eng,50,196,100,30,0.9991100382730609,4.761650761240775e-40
synthetic,eng,50,197,100,30,0.9984868273496246,8.004879955760487e-37
synthetic,eng,50,198,100,30,0.9985381339283346,4.940347994393367e-37
synthetic,eng,50,199,100,30,0.9949851295055414,1.5111683812188354e-29
synthetic,eng,75,0,100,30,0.9989761093966133,3.386536077438016e-39
synthetic,eng,75,1,100,30,0.9990198638097542,1.8379394046293784e-39
synthetic,eng,75,2,100,30,0.9991764275894944,1.6090107787637835e-40
synthetic,eng,75,3,100,30,0.9996523361533753,9.209192379798349e-46
synthetic,eng,75,4,100,30,0.9995894581715945,9.436831239163156e-45
synthetic,eng,75,5,100,30,0.9991227369639623,3.894126144525026e-40
synthetic,eng,75,6,100,30,0.9988125681245891,2.693373911219708e-38
synthetic,eng,75,7,100,30,0.9994281767529573,9.751304016922263e-43
synthetic,eng,75,8,100,30,0.9992443007349724,4.828350493958314e-41
synthetic,eng,75,9,100,30,0.9995619916114595,2.3361677793114827e-44
synthetic,eng,75,10,100,30,0.9989995468195301,2.449189851545942e-39
synthetic,eng,75,11,100,30,0.9991877471563182,1.3256873217065955e-40
synthetic,eng,75,12,100,30,0.9993758317948396,3.3226334555312575e-42
synthetic,eng,75,13,100,30,0.9995341098632698,5.541735442556059e-44
synthetic,eng,75,14,100,30,0.9985761100560768,3.4183880994598694e-37
synthetic,eng,75,15,100,30,0.9994919329872358,1.8640578753459155e-43
synthetic,eng,75,16,100,30,0.9995626826686093,2.2851015706339987e-44
synthetic,eng,75,17,100,30,0.9995724655127295,1.664844905735574e-44
synthetic,eng,75,18,100,30,0.9993081292988447,1.4042038908045066e-41
synthetic,eng,75,19,100,30,0.9994915989972999,1.881282918332456e-43
synthetic,eng,75,20,100,30,0.999831078723944,3.767385404241895e-50
synthetic,eng,75,21,100,30,0.9994125922732671,1.42072980694426e-42
synthetic,eng,75,22,100,30,0.9988164353885991,2.573194415444714e-38
synthetic,eng,75,23,100,30,0.9993663437662049,4.103802038514444e-42
synthetic,eng,75,24,100,30,0.9997028832933642,1.021175351537892e-46
synthetic,eng,75,25,100,30,0.9991748989439682,1.6513148026439025e-40
synthetic,eng,75,26,100,30,0.9996201437653081,3.1810676578247104e-45
synthetic,eng,75,27,100,30,0.998853239630086,1.6538628272293967e-38
synthetic,eng,75,28,100,30,0.9984463117220923,1.158520407352969e-36
synthetic,eng,75,29,100,30,0.9995194841969877,8.54172277255307e-44
synthetic,eng,75,30,100,30,0.999359999438235,4.7178343811386744e-42
synthetic,eng,75,31,100,30,0.999404174688279,1.7338016972252877e-42
synthetic,eng,75,32,100,30,0.9995506158008514,3.3447929017422135e-44
synthetic,eng,75,33,100,30,0.9994008842973007,1.872730583868527e-42
synthetic,eng,75,34,100,30,0.9988707598345047,1.3333269063122018e-38
synthetic,eng,75,35,100,30,0.9992521589296782,4.17122746728225e-41
synthetic,eng,75,36,100,30,0.9993409916872643,7.106244131314471e-42
synthetic,eng,75,37,100,30,0.9995636302399942,2.2167637497712907e-44
synthetic,eng,75,38,100,30,0.999095072955944,6.013252178781987e-40
synthetic,eng,75,39,100,30,0.999611887334814,4.298242715675617e-45
synthetic,eng,75,40,100,30,0.999485284094938,2.2361149784713964e-43
synthetic,eng,75,41,100,30,0.9996456603400611,1.201841556462967e-45
synthetic,eng,75,42,100,30,0.9993793216941681,3.071853965833213e-42
synthetic,eng,75,43,100,30,0.9994501181354246,5.6393204159466205e-43
synthetic,eng,75,44,100,30,0.999112136328089,4.606938990114188e-40
synthetic,eng,75,45,100,30,0.9994482808086581,5.908859317166113e-43
synthetic,eng,75,46,100,30,0.9994337299580319,8.50633019465225e-43
synthetic,eng,75,47,100,30,0.9990833802927127,7.196764944143055e-40
synthetic,eng,75,48,100,30,0.999408163755575,1.5782160867833955e-42
synthetic,eng,75,49,100,30,0.99972774839783,3.0045058086494895e-47
synthetic,eng,75,50,100,30,0.9990718962427674,8.566626172665118e-40
synthetic,eng,75,51,100,30,0.9989046695665809,8.702614697232482e-39
synthetic,eng,75,52,100,30,0.9987225549910892,7.48735651617266e-38
synthetic,eng,75,53,100,30,0.9991499272394052,2.506394652207955e-40
synthetic,eng,75,54,100,30,0.9988197793074987,2.473312336311692e-38
synthetic,eng,75,55,100,30,0.9995653251552407,2.0992392125712027e-44
synthetic,eng,75,56,100,30,0.999222736250652,7.158363366636424e-41
synthetic,eng,75,57,100,30,0.9989943792073402,2.6322884813799724e-39
synthetic,eng,75,58,100,30,0.999405637482982,1.67516572809376e-42
synthetic,eng,75,59,100,30,0.9993124601366212,1.286064641261872e-41
synthetic,eng,75,60,100,30,0.9995650426648653,2.1184162873390068e-44
synthetic,eng,75,61,100,30,0.9996957411030173,1.4239951138684092e-46
synthetic,eng,75,62,100,30,0.9994092716941124,1.537363309415698e-42
synthetic,eng,75,63,100,30,0.9982151221402529,8.067123494891626e-36
synthetic,eng,75,64,100,30,0.9997091374688569,7.58170174819612e-47
synthetic,eng,75,65,100,30,0.9991880025506109,1.3198656312206435e-40
synthetic,eng,75,66,100,30,0.9996059534513483,5.3153427949190597e-45
synthetic,eng,75,67,100,30,0.9996426923767546,1.3506867770076005e-45
synthetic,eng,75,68,100,30,0.999399404828768,1.9385065608424556e-42
synthetic,eng,75,69,100,30,0.9997791741863765,1.6033195415716813e-48
synthetic,eng,75,70,100,30,0.9997329210267163,2.296974804963652e-47
synthetic,eng,75,71,100,30,0.9994787434380823,2.668407474755964e-43
synthetic,eng,75,72,100,30,0.9997001440184726,1.1611601478028278e-46
synthetic,eng,75,73,100,30,0.9993126578167203,1.2808991067659736e-41
synthetic,eng,75,74,100,30,0.9991554539093883,2.2877344092470556e-40
synthetic,eng,75,75,100,30,0.9995529683455032,3.10786492084212e-44
synthetic,eng,75,76,100,30,0.9995607800210142,2.4282648907582494e-44
synthetic,eng,75,77,100,30,0.999400002968024,1.911659652381765e-42
synthetic,eng,75,78,100,30,0.9993337322732525,8.283833674024688e-42
synthetic,eng,75,79,100,30,0.9994357441381387,8.092495202670342e-43
synthetic,eng,75,80,100,30,0.9994550831821728,4.96696692416762e-43
synthetic,eng,75,81,100,30,0.9987418064018628,6.054145654752925e-38
synthetic,eng,75,82,100,30,0.9996168653239175,3.587691425816277e-45
synthetic,eng,75,83,100,30,0.9982609824734842,5.605005211624954e-36
synthetic,eng,75,84,100,30,0.9995198652926558,8.447387868721886e-44
synthetic,eng,75,85,100,30,0.9994154824805725,1.3259568647077497e-42
synthetic,eng,75,86,100,30,0.9997775889692514,1.7721752979836516e-48
synthetic,eng,75,87,100,30,0.999712087865462,6.573325425954046e-47
synthetic,eng,75,88,100,30,0.9995725806661775,1.6585792415805714e-44
synthetic,eng,75,89,100,30,0.999314075290016,1.2444199416192102e-41
synthetic,eng,75,90,100,30,0.9996071723887522,5.089758583693329e-45
synthetic,eng,75,91,100,30,0.9993710661603417,3.695867210583006e-42
synthetic,eng,75,92,100,30,0.999146007503589,2.6730709763578305e-40
synthetic,eng,75,93,100,30,0.9994775675905552,2.7539059789672857e-43
synthetic,eng,75,94,100,30,0.998652722277511,1.5767150923880537e-37
synthetic,eng,75,95,100,30,0.9979278585463216,6.505995411851998e-35
synthetic,eng,75,96,100,30,0.9994850950905757,2.2476353398433358e-43
synthetic,eng,75,97,100,30,0.9995671979272343,1.9761249700996916e-44
synthetic,eng,75,98,100,30,0.9991837631649637,1.4196454377475139e-40
synthetic,eng,75,99,100,30,0.9990880654697301,6.698726556069361e-40
synthetic,eng,75,100,100,30,0.9996336176802612,1.9187654892693012e-45
synthetic,eng,75,101,100,30,0.9989579434421585,4.3314778132744965e-39
synthetic,eng,75,102,100,30,0.9993601215993646,4.7052461607516106e-42
synthetic,eng,75,103,100,30,0.9987852264868764,3.703711314066888e-38
synthetic,eng,75,104,100,30,0.9996610485217888,6.4555986414796456e-46
synthetic,eng,75,105,100,30,0.9992833980032896,2.295662444822891e-41
synthetic,eng,75,106,100,30,0.9995846825677034,1.1095121895102763e-44
synthetic,eng,75,107,100,30,0.9996740893089169,3.7275710841723826e-46
synthetic,eng,75,108,100,30,0.9991685558831044,1.8381293089956957e-40
synthetic,eng,75,109,100,30,0.9984158320557585,1.520358386944464e-36
synthetic,eng,75,110,100,30,0.9995149064211327,9.754012764900733e-44
synthetic,eng,75,111,100,30,0.9992497523403613,4.363070692076926e-41
synthetic,eng,75,112,100,30,0.9997831324983505,1.2446734773171373e-48
synthetic,eng,75,113,100,30,0.9994291903624082,9.512139835042763e-43
synthetic,eng,75,114,100,30,0.9992390271887568,5.321901767240986e-41
synthetic,eng,75,115,100,30,0.9993723565226439,3.591141875498382e-42
synthetic,eng,75,116,100,30,0.9996714522847227,4.172696573222168e-46
synthetic,eng,75,117,100,30,0.9993599129894352,4.7267614743338896e-42
synthetic,eng,75,118,100,30,0.9995352424492143,5.356115187714828e-44
synthetic,eng,75,119,100,30,0.9992645771336165,3.2997880054402176e-41
synthetic,eng,75,120,100,30,0.9997652958678144,3.76336263591218e-48
synthetic,eng,75,121,100,30,0.9995466921924693,3.777587291760283e-44
synthetic,eng,75,122,100,30,0.9992836992893678,2.2821909393057853e-41
synthetic,eng,75,123,100,30,0.9994179056346468,1.2510592003691545e-42
synthetic,eng,75,124,100,30,0.9995854584216609,1.0808495114771415e-44
synthetic,eng,75,125,100,30,0.9995194309350803,8.554984647849152e-44
synthetic,eng,75,126,100,30,0.9990873565333698,6.7719730694786575e-40
synthetic,eng,75,127,100,30,0.9994578967377078,4.619808875656743e-43
synthetic,eng,75,128,100,30,0.9996623570058601,6.115372522644068e-46
synthetic,eng,75,129,100,30,0.9991324348209607,3.3330937325371576e-40
synthetic,eng,75,130,100,30,0.9991772588839011,1.5864299992090787e-40
synthetic,eng,75,131,100,30,0.9988702101161048,1.3424381967492818e-38
synthetic,eng,75,132,100,30,0.9996472069592157,1.1304587777456222e-45
synthetic,eng,75,133,100,30,0.9994618433302551,4.1706937235986646e-43
synthetic,eng,75,134,100,30,0.9993001098785426,1.649977309391196e-41
synthetic,eng,75,135,100,30,0.9993950821839439,2.143183882842055e-42
synthetic,eng,75,136,100,30,0.9994556434987205,4.895956796682433e-43
synthetic,eng,75,137,100,30,0.9994157064546657,1.3188632664266772e-42
synthetic,eng,75,138,100,30,0.9990813626233465,7.42165732513581e-40
synthetic,eng,75,139,100,30,0.9995764931800826,1.4582566638052812e-44
synthetic,eng,75,140,100,30,0.9994501181287978,5.639321367162691e-43
synthetic,eng,75,141,100,30,0.9992313222697848,6.127718011353625e-41
synthetic,eng,75,142,100,30,0.9995087165888554,1.1648205983427768e-43
synthetic,eng,75,143,100,30,0.9997450138158755,1.2007854601652264e-47
synthetic,eng,75,144,100,30,0.9993391206896962,7.393888136940206e-42
synthetic,eng,75,145,100,30,0.9981452479411823,1.3804398564199555e-35
synthetic,eng,75,146,100,30,0.9996389512606574,1.562696004393815e-45
synthetic,eng,75,147,100,30,0.999480956626238,2.5141292666819287e-43
synthetic,eng,75,148,100,30,0.999162540949619,2.033234290071928e-40
synthetic,eng,75,149,100,30,0.9990399294998776,1.3759982500545786e-39
synthetic,eng,75,150,100,30,0.998997807099122,2.5094676734977176e-39
synthetic,eng,75,151,100,30,0.9993286034599581,9.222366101113347e-42
synthetic,eng,75,152,100,30,0.998506317905655,6.677007970930799e-37
synthetic,eng,75,153,100,30,0.9990821295120381,7.335421022697178e-40
synthetic,eng,75,154,100,30,0.998983529440597,3.058811572705461e-39
synthetic,eng,75,155,100,30,0.9993433243384039,6.762178893212357e-42
synthetic,eng,75,156,100,30,0.9993582389049559,4.902758237154844e-42
synthetic,eng,75,157,100,30,0.9994232878669336,1.0985295587392867e-42
synthetic,eng,75,158,100,30,0.9993313140264084,8.714713367736946e-42
synthetic,eng,75,159,100,30,0.9992023873335363,1.027758111105432e-40
synthetic,eng,75,160,100,30,0.9996955229960061,1.4383509991400514e-46
synthetic,eng,75,161,100,30,0.9994359945399788,8.042374894877446e-43
synthetic,eng,75,162,100,30,0.9992343519762397,5.798222703059226e-41
synthetic,eng,75,163,100,30,0.999368870319797,3.8806239254146486e-42
synthetic,eng,75,164,100,30,0.999555372766687,2.8818902001950214e-44
synthetic,eng,75,165,100,30,0.9993298367634011,8.988073674699177e-42
synthetic,eng,75,166,100,30,0.9991512074841686,2.4540816652696404e-40
synthetic,eng,75,167,100,30,0.9992706802925514,2.936524330252399e-41
synthetic,eng,75,168,100,30,0.9996171602902147,3.5492215920375124e-45
synthetic,eng,75,169,100,30,0.9997412764087292,1.4720647346775689e-47
synthetic,eng,75,170,100,30,0.9994931805322249,1.8010042643048227e-43
synthetic,eng,75,171,100,30,0.9989589854514839,4.271259442333084e-39
synthetic,eng,75,172,100,30,0.9996427969132802,1.345165803792616e-45
synthetic,eng,75,173,100,30,0.999280295246215,2.4387588316506187e-41
synthetic,eng,75,174,100,30,0.9993969161888726,2.054009270591198e-42
synthetic,eng,75,175,100,30,0.999094389862622,6.077088031769606e-40
synthetic,eng,75,176,100,30,0.9980543576181552,2.6956158626860013e-35
synthetic,eng,75,177,100,30,0.9996412944646733,1.426566805759026e-45
synthetic,eng,75,178,100,30,0.9994320421501433,8.868150825890283e-43
synthetic,eng,75,179,100,30,0.9993984955861354,1.979988339023256e-42
synthetic,eng,75,180,100,30,0.9994694452017471,3.4176658895785034e-43
synthetic,eng,75,181,100,30,0.9994713330429533,3.2513330762262262e-43
synthetic,eng,75,182,100,30,0.9987331215894406,6.665833595867137e-38
synthetic,eng,75,183,100,30,0.99915210520067,2.418006120626162e-40
synthetic,eng,75,184,100,30,0.9991620704492281,2.0492793057841073e-40
synthetic,eng,75,185,100,30,0.999522850561459,7.741207899824768e-44
synthetic,eng,75,186,100,30,0.9996120998907828,4.2654092804021226e-45
synthetic,eng,75,187,100,30,0.9992842553159462,2.2575216808155518e-41
synthetic,eng,75,188,100,30,0.9996970340261706,1.3415901856411374e-46
synthetic,eng,75,189,100,30,0.998111476356379,1.7768073482515335e-35
synthetic,eng,75,190,100,30,0.9994471217067112,6.085004055136484e-43
synthetic,eng,75,191,100,30,0.998947236151903,4.9976205186686253e-39
synthetic,eng,75,192,100,30,0.999523413833012,7.614272819854406e-44
synthetic,eng,75,193,100,30,0.9992559518813233,3.884702983322913e-41
synthetic,eng,75,194,100,30,0.9991320330861021,3.3547586314923134e-40
synthetic,eng,75,195,100,30,0.9996633925765315,5.857993707695511e-46
synthetic,eng,75,196,100,30,0.9991854405501186,1.3793569461501413e-40
synthetic,eng,75,197,100,30,0.9990657280680882,9.398712155943214e-40
synthetic,eng,75,198,100,30,0.9996744055187005,3.6772635685998e-46
synthetic,eng,75,199,100,30,0.9991195506376579,4.096805594988179e-40
synthetic,eng,100,0,100,30,0.9999999999999999,0.0
synthetic,eng,100,1,100,30,0.9999999999999999,0.0
synthetic,eng,100,2,100,30,0.9999999999999999,0.0
synthetic,eng,100,3,100,30,0.9999999999999999,0.0
synthetic,eng,100,4,100,30,0.9999999999999999,0.0
synthetic,eng,100,5,100,30,0.9999999999999999,0.0
synthetic,eng,100,6,100,30,0.9999999999999999,0.0
synthetic,eng,100,7,100,30,0.9999999999999999,0.0
synthetic,eng,100,8,100,30,0.9999999999999999,0.0
synthetic,eng,100,9,100,30,0.9999999999999999,0.0
synthetic,eng,100,10,100,30,0.9999999999999999,0.0
synthetic,eng,100,11,100,30,0.9999999999999999,0.0
synthetic,eng,100,12,100,30,0.9999999999999999,0.0
synthetic,eng,100,13,100,30,0.9999999999999999,0.0
synthetic,eng,100,14,100,30,0.9999999999999999,0.0
synthetic,eng,100,15,100,30,0.9999999999999999,0.0
synthetic,eng,100,16,100,30,0.9999999999999999,0.0
synthetic,eng,100,17,100,30,0.9999999999999999,0.0
synthetic,eng,100,18,100,30,0.9999999999999999,0.0
synthetic,eng,100,19,100,30,0.9999999999999999,0.0
synthetic,eng,100,20,100,30,0.9999999999999999,0.0
synthetic,eng,100,21,100,30,0.9999999999999999,0.0
synthetic,eng,100,22,100,30,0.9999999999999999,0.0
synthetic,eng,100,23,100,30,0.9999999999999999,0.0
synthetic,eng,100,24,100,30,0.9999999999999999,0.0
synthetic,eng,100,25,100,30,0.9999999999999999,0.0
synthetic,eng,100,26,100,30,0.9999999999999999,0.0
synthetic,eng,100,27,100,30,0.9999999999999999,0.0
synthetic,eng,100,28,100,30,0.9999999999999999,0.0
synthetic,eng,100,29,100,30,0.9999999999999999,0.0
synthetic,eng,100,30,100,30,0.9999999999999999,0.0
synthetic,eng,100,31,100,30,0.9999999999999999,0.0
synthetic,eng,100,32,100,30,0.9999999999999999,0.0
synthetic,eng,100,33,100,30,0.9999999999999999,0.0
synthetic,eng,100,34,100,30,0.9999999999999999,0.0
synthetic,eng,100,35,100,30,0.9999999999999999,0.0
synthetic,eng,100,36,100,30,0.9999999999999999,0.0
synthetic,eng,100,37,100,30,0.9999999999999999,0.0
synthetic,eng,100,38,100,30,0.9999999999999999,0.0
synthetic,eng,100,39,100,30,0.9999999999999999,0.0
synthetic,eng,100,40,100,30,0.9999999999999999,0.0
synthetic,eng,100,41,100,30,0.9999999999999999,0.0
synthetic,eng,100,42,100,30,0.9999999999999999,0.0
synthetic,eng,100,43,100,30,0.9999999999999999,0.0
synthetic,eng,100,44,100,30,0.9999999999999999,0.0
synthetic,eng,100,45,100,30,0.9999999999999999,0.0
synthetic,eng,100,46,100,30,0.9999999999999999,0.0
synthetic,eng,100,47,100,30,0.9999999999999999,0.0
synthetic,eng,100,48,100,30,0.9999999999999999,0.0
synthetic,eng,100,49,100,30,0.9999999999999999,0.0
synthetic,eng,100,50,100,30,0.9999999999999999,0.0
synthetic,eng,100,51,100,30,0.9999999999999999,0.0
synthetic,eng,100,52,100,30,0.9999999999999999,0.0
synthetic,eng,100,53,100,30,0.9999999999999999,0.0
synthetic,eng,100,54,100,30,0.9999999999999999,0.0
synthetic,eng,100,55,100,30,0.9999999999999999,0.0
synthetic,eng,100,56,100,30,0.9999999999999999,0.0
synthetic,eng,100,57,100,30,0.9999999999999999,0.0
synthetic,eng,100,58,100,30,0.9999999999999999,0.0
synthetic,eng,100,59,100,30,0.9999999999999999,0.0
synthetic,eng,100,60,100,30,0.9999999999999999,0.0
synthetic,eng,100,61,100,30,0.9999999999999999,0.0
synthetic,eng,100,62,100,30,0.9999999999999999,0.0
synthetic,eng,100,63,100,30,0.9999999999999999,0.0
synthetic,eng,100,64,100,30,0.9999999999999999,0.0
synthetic,eng,100,65,100,30,0.9999999999999999,0.0
synthetic,eng,100,66,100,30,0.9999999999999999,0.0
synthetic,eng,100,67,100,30,0.9999999999999999,0.0
synthetic,eng,100,68,100,30,0.9999999999999999,0.0
synthetic,eng,100,69,100,30,0.9999999999999999,0.0
synthetic,eng,100,70,100,30,0.9999999999999999,0.0
synthetic,eng,100,71,100,30,0.9999999999999999,0.0
synthetic,eng,100,72,100,30,0.9999999999999999,0.0
synthetic,eng,100,73,100,30,0.9999999999999999,0.0
synthetic,eng,100,74,100,30,0.9999999999999999,0.0
synthetic,eng,100,75,100,30,0.9999999999999999,0.0
synthetic,eng,100,76,100,30,0.9999999999999999,0.0
synthetic,eng,100,77,100,30,0.9999999999999999,0.0
synthetic,eng,100,78,100,30,0.9999999999999999,0.0
synthetic,eng,100,79,100,30,0.9999999999999999,0.0
synthetic,eng,100,80,100,30,0.9999999999999999,0.0
synthetic,eng,100,81,100,30,0.9999999999999999,0.0
synthetic,eng,100,82,100,30,0.9999999999999999,0.0
synthetic,eng,100,83,100,30,0.9999999999999999,0.0
synthetic,eng,100,84,100,30,0.9999999999999999,0.0
synthetic,eng,100,85,100,30,0.9999999999999999,0.0
synthetic,eng,100,86,100,30,0.9999999999999999,0.0
synthetic,eng,100,87,100,30,0.9999999999999999,0.0
synthetic,eng,100,88,100,30,0.9999999999999999,0.0
synthetic,eng,100,89,100,30,0.9999999999999999,0.0
synthetic,eng,100,90,100,30,0.9999999999999999,0.0
synthetic,eng,100,91,100,30,0.9999999999999999,0.0
synthetic,eng,100,92,100,30,0.9999999999999999,0.0
synthetic,eng,100,93,100,30,0.9999999999999999,0.0
synthetic,eng,100,94,100,30,0.9999999999999999,0.0
synthetic,eng,100,95,100,30,0.9999999999999999,0.0
synthetic,eng,100,96,100,30,0.9999999999999999,0.0
synthetic,eng,100,97,100,30,0.9999999999999999,0.0
synthetic,eng,100,98,100,30,0.9999999999999999,0.0
synthetic,eng,100,99,100,30,0.9999999999999999,0.0
synthetic,eng,100,100,100,30,0.9999999999999999,0.0
synthetic,eng,100,101,100,30,0.9999999999999999,0.0
synthetic,eng,100,102,100,30,0.9999999999999999,0.0
synthetic,eng,100,103,100,30,0.9999999999999999,0.0
synthetic,eng,100,104,100,30,0.9999999999999999,0.0
synthetic,eng,100,105,100,30,0.9999999999999999,0.0
synthetic,eng,100,106,100,30,0.9999999999999999,0.0
synthetic,eng,100,107,100,30,0.9999999999999999,0.0
synthetic,eng,100,108,100,30,0.9999999999999999,0.0
synthetic,eng,100,109,100,30,0.9999999999999999,0.0
synthetic,eng,100,110,100,30,0.9999999999999999,0.0
synthetic,eng,100,111,100,30,0.9999999999999999,0.0
synthetic,eng,100,112,100,30,0.9999999999999999,0.0
synthetic,eng,100,113,100,30,0.9999999999999999,0.0
synthetic,eng,100,114,100,30,0.9999999999999999,0.0
synthetic,eng,100,115,100,30,0.9999999999999999,0.0
synthetic,eng,100,116,100,30,0.9999999999999999,0.0
synthetic,eng,100,117,100,30,0.9999999999999999,0.0
synthetic,eng,100,118,100,30,0.9999999999999999,0.0
synthetic,eng,100,119,100,30,0.9999999999999999,0.0
synthetic,eng,100,120,100,30,0.9999999999999999,0.0
synthetic,eng,100,121,100,30,0.9999999999999999,0.0
synthetic,eng,100,122,100,30,0.9999999999999999,0.0
synthetic,eng,100,123,100,30,0.9999999999999999,0.0
synthetic,eng,100,124,100,30,0.9999999999999999,0.0
synthetic,eng,100,125,100,30,0.9999999999999999,0.0
synthetic,eng,100,126,100,30,0.9999999999999999,0.0
synthetic,eng,100,127,100,30,0.9999999999999999,0.0
synthetic,eng,100,128,100,30,0.9999999999999999,0.0
synthetic,eng,100,129,100,30,0.9999999999999999,0.0
synthetic,eng,100,130,100,30,0.9999999999999999,0.0
synthetic,eng,100,131,100,30,0.9999999999999999,0.0
synthetic,eng,100,132,100,30,0.9999999999999999,0.0
synthetic,eng,100,133,100,30,0.9999999999999999,0.0
synthetic,eng,100,134,100,30,0.9999999999999999,0.0
synthetic,eng,100,135,100,30,0.9999999999999999,0.0
synthetic,eng,100,136,100,30,0.9999999999999999,0.0
synthetic,eng,100,137,100,30,0.9999999999999999,0.0
synthetic,eng,100,138,100,30,0.9999999999999999,0.0
synthetic,eng,100,139,100,30,0.9999999999999999,0.0
synthetic,eng,100,140,100,30,0.9999999999999999,0.0
synthetic,eng,100,141,100,30,0.9999999999999999,0.0
synthetic,eng,100,142,100,30,0.9999999999999999,0.0
synthetic,eng,100,143,100,30,0.9999999999999999,0.0
synthetic,eng,100,144,100,30,0.9999999999999999,0.0
synthetic,eng,100,145,100,30,0.9999999999999999,0.0
synthetic,eng,100,146,100,30,0.9999999999999999,0.0
synthetic,eng,100,147,100,30,0.9999999999999999,0.0
synthetic,eng,100,148,100,30,0.9999999999999999,0.0
synthetic,eng,100,149,100,30,0.9999999999999999,0.0
synthetic,eng,100,150,100,30,0.9999999999999999,0.0
synthetic,eng,100,151,100,30,0.9999999999999999,0.0
synthetic,eng,100,152,100,30,0.9999999999999999,0.0
synthetic,eng,100,153,100,30,0.9999999999999999,0.0
synthetic,eng,100,154,100,30,0.9999999999999999,0.0
synthetic,eng,100,155,100,30,0.9999999999999999,0.0
synthetic,eng,100,156,100,30,0.9999999999999999,0.0
synthetic,eng,100,157,100,30,0.9999999999999999,0.0
synthetic,eng,100,158,100,30,0.9999999999999999,0.0
synthetic,eng,100,159,100,30,0.9999999999999999,0.0
synthetic,eng,100,160,100,30,0.9999999999999999,0.0
synthetic,eng,100,161,100,30,0.9999999999999999,0.0
synthetic,eng,100,162,100,30,0.9999999999999999,0.0
synthetic,eng,100,163,100,30,0.9999999999999999,0.0
synthetic,eng,100,164,100,30,0.9999999999999999,0.0
synthetic,eng,100,165,100,30,0.9999999999999999,0.0
synthetic,eng,100,166,100,30,0.9999999999999999,0.0
synthetic,eng,100,167,100,30,0.9999999999999999,0.0
synthetic,eng,100,168,100,30,0.9999999999999999,0.0
synthetic,eng,100,169,100,30,0.9999999999999999,0.0
synthetic,eng,100,170,100,30,0.9999999999999999,0.0
synthetic,eng,100,171,100,30,0.9999999999999999,0.0
synthetic,eng,100,172,100,30,0.9999999999999999,0.0
synthetic,eng,100,173,100,30,0.9999999999999999,0.0
synthetic,eng,100,174,100,30,0.9999999999999999,0.0
synthetic,eng,100,175,100,30,0.9999999999999999,0.0
synthetic,eng,100,176,100,30,0.9999999999999999,0.0
synthetic,eng,100,177,100,30,0.9999999999999999,0.0
synthetic,eng,100,178,100,30,0.9999999999999999,0.0
synthetic,eng,100,179,100,30,0.9999999999999999,0.0
synthetic,eng,100,180,100,30,0.9999999999999999,0.0
synthetic,eng,100,181,100,30,0.9999999999999999,0.0
synthetic,eng,100,182,100,30,0.9999999999999999,0.0
synthetic,eng,100,183,100,30,0.9999999999999999,0.0
synthetic,eng,100,184,100,30,0.9999999999999999,0.0
synthetic,eng,100,185,100,30,0.9999999999999999,0.0
synthetic,eng,100,186,100,30,0.9999999999999999,0.0
synthetic,eng,100,187,100,30,0.9999999999999999,0.0
synthetic,eng,100,188,100,30,0.9999999999999999,0.0
synthetic,eng,100,189,100,30,0.9999999999999999,0.0
synthetic,eng,100,190,100,30,0.9999999999999999,0.0
synthetic,eng,100,191,100,30,0.9999999999999999,0.0
synthetic,eng,100,192,100,30,0.9999999999999999,0.0
synthetic,eng,100,193,100,30,0.9999999999999999,0.0
synthetic,eng,100,194,100,30,0.9999999999999999,0.0
synthetic,eng,100,195,100,30,0.9999999999999999,0.0
synthetic,eng,100,196,100,30,0.9999999999999999,0.0
synthetic,eng,100,197,100,30,0.9999999999999999,0.0
synthetic,eng,100,198,100,30,0.9999999999999999,0.0
synthetic,eng,100,199,100,30,0.9999999999999999,0.0
synthetic,isl,10,0,100,29,0.9935929925713117,4.166525780241341e-27
synthetic,isl,10,1,100,29,0.9877288939104273,2.6000281656853466e-23
synthetic,isl,10,2,100,29,0.9946875113918094,3.3436808279884848e-28
synthetic,isl,10,3,100,29,0.9898852744453939,1.9382276834857028e-24
synthetic,isl,10,4,100,29,0.9923107574601179,4.854070636112151e-26
synthetic,isl,10,5,100,29,0.9918733012191848,1.02190342873884e-25
synthetic,isl,10,6,100,29,0.9867918925210236,6.982560430607094e-23
synthetic,isl,10,7,100,29,0.9922590525648685,5.312115632449551e-26
synthetic,isl,10,8,100,29,0.9930865309620338,1.1602221151038412e-26
synthetic,isl,10,9,100,29,0.9884248286850273,1.1869603811984039e-23
synthetic,isl,10,10,100,29,0.9856362977157902,2.151913688994157e-22
synthetic,isl,10,11,100,29,0.9911507086050488,3.2136636308913778e-25
synthetic,isl,10,12,100,29,0.9851404694330514,3.3926268587559175e-22
synthetic,isl,10,13,100,29,0.9833270092853751,1.5886743539499103e-21
synthetic,isl,10,14,100,29,0.9889540797568939,6.329739312009009e-24
synthetic,isl,10,15,100,29,0.9845490835871598,5.725918006255569e-22
synthetic,isl,10,16,100,29,0.9817597481258992,5.293920536725888e-21
synthetic,isl,10,17,100,29,0.9934447402613091,5.66913089871926e-27
synthetic,isl,10,18,100,29,0.9861862460553894,1.274486216322644e-22
synthetic,isl,10,19,100,29,0.9822850907857451,3.57910928175447e-21
synthetic,isl,10,20,100,29,0.9941144066225234,1.3286732632267059e-27
synthetic,isl,10,21,100,29,0.9788418692554904,3.858037039825545e-20
synthetic,isl,10,22,100,29,0.9831882893999306,1.7752522862638153e-21
synthetic,isl,10,23,100,29,0.9804274723307159,1.360502963781562e-20
synthetic,isl,10,24,100,29,0.9831715557782618,1.7990793447098205e-21
synthetic,isl,10,25,100,29,0.9833338474390155,1.5799640194371679e-21
synthetic,isl,10,26,100,29,0.9890942507532661,5.331696730965016e-24
synthetic,isl,10,27,100,29,0.9937609064416618,2.9140315697524785e-27
synthetic,isl,10,28,100,29,0.9954014303230811,4.785388319165983e-29
synthetic,isl,10,29,100,29,0.9968104461399375,3.454863256114599e-31
synthetic,isl,10,30,100,29,0.990552669887233,7.742674708683553e-25
synthetic,isl,10,31,100,29,0.9844463889781119,6.257821791138855e-22
synthetic,isl,10,32,100,29,0.9768231707799766,1.3046692767445904e-19
synthetic,isl,10,33,100,29,0.9925980588041047,2.9078534441570584e-26
synthetic,isl,10,34,100,29,0.9863417241795946,1.094880306701593e-22
synthetic,isl,10,35,100,29,0.9915778758270771,1.6520055146386445e-25
synthetic,isl,10,36,100,29,0.983139410042991,1.845683635363609e-21
synthetic,isl,10,37,100,29,0.9925266025375613,3.3091725408474026e-26
synthetic,isl,10,38,100,29,0.9823852044486244,3.317432268431423e-21
synthetic,isl,10,39,100,29,0.9875443582762606,3.1770314381804744e-23
synthetic,isl,10,40,100,29,0.9940723565127105,1.4623496915443286e-27
synthetic,isl,10,41,100,29,0.9887350815391781,8.240103620716654e-24
synthetic,isl,10,42,100,29,0.9891007988172339,5.2888438258534555e-24
synthetic,isl,10,43,100,29,0.9967519726439475,4.413613986277372e-31
synthetic,isl,10,44,100,29,0.9917924930830271,1.167389234804561e-25
synthetic,isl,10,45,100,29,0.9897586168569582,2.2911006207132044e-24
synthetic,isl,10,46,100,29,0.9891429831183999,5.020324107050446e-24
synthetic,isl,10,47,100,29,0.9957698727488739,1.5531522312619573e-29
synthetic,isl,10,48,100,29,0.9864443759335217,9.89456547048582e-23
synthetic,isl,10,49,100,29,0.9944944577128944,5.407717610448293e-28
synthetic,isl,10,50,100,29,0.9939626684875467,1.8718589099884075e-27
synthetic,isl,10,51,100,29,0.9923576734265369,4.470359916303574e-26
synthetic,isl,10,52,100,29,0.978540336838941,4.661898690649034e-20
synthetic,isl,10,53,100,29,0.9622150767213148,8.783216072631458e-17
synthetic,isl,10,54,100,29,0.9810392037688043,8.893833112177564e-21
synthetic,isl,10,55,100,29,0.9946046331654551,4.1188399762668805e-28
synthetic,isl,10,56,100,29,0.9914419043378887,2.0491124304367495e-25
synthetic,isl,10,57,100,29,0.9945193019447962,5.088149772183161e-28
synthetic,isl,10,58,100,29,0.9898043887279802,2.1572386731556446e-24
synthetic,isl,10,59,100,29,0.9843811127238139,6.619293835305114e-22
synthetic,isl,10,60,100,29,0.9936055315452667,4.058077563202662e-27
synthetic,isl,10,61,100,29,0.9909060861219336,4.637152467753216e-25
synthetic,isl,10,62,100,29,0.9791698734797571,3.1304032073126164e-20
synthetic,isl,10,63,100,29,0.9883797505992598,1.2505757858434805e-23
synthetic,isl,10,64,100,29,0.9909270723894976,4.495301680963933e-25
synthetic,isl,10,65,100,29,0.9922004503803172,5.879452821952801e-26
synthetic,isl,10,66,100,29,0.9930089719601015,1.348193813789478e-26
synthetic,isl,10,67,100,29,0.9908017692392306,5.405781002832614e-25
synthetic,isl,10,68,100,29,0.982687563894141,2.630630602000866e-21
synthetic,isl,10,69,100,29,0.9710653708669024,2.521701950542634e-18
synthetic,isl,10,70,100,29,0.9903053820436847,1.0958601924908664e-24
synthetic,isl,10,71,100,29,0.9890658251131438,5.521475071145908e-24
synthetic,isl,10,72,100,29,0.9919737003932088,8.6453134224628e-26
synthetic,isl,10,73,100,29,0.9928252631720774,1.9114511224065418e-26
synthetic,isl,10,74,100,29,0.990799041713715,5.427374637356383e-25
synthetic,isl,10,75,100,29,0.9910808108353556,3.572324869895649e-25
synthetic,isl,10,76,100,29,0.9417855209068366,2.6609207282240788e-14
synthetic,isl,10,77,100,29,0.9910465616915421,3.7612691118665094e-25
synthetic,isl,10,78,100,29,0.9895324366572598,3.072870358882015e-24
synthetic,isl,10,79,100,29,0.9870625035713945,5.288503381271616e-23
synthetic,isl,10,80,100,29,0.9758603928485458,2.2473472854856894e-19
synthetic,isl,10,81,100,29,0.9752503949418218,3.136360022938809e-19
synthetic,isl,10,82,100,29,0.9958804962584987,1.0867482264130288e-29
synthetic,isl,10,83,100,29,0.9863089546418283,1.130663029157496e-22
synthetic,isl,10,84,100,29,0.9894012426971631,3.63276556923006e-24
synthetic,isl,10,85,100,29,0.9872030859551009,4.5670179026936804e-23
synthetic,isl,10,86,100,29,0.989110762734781,5.224247358993655e-24
synthetic,isl,10,87,100,29,0.9900740628443602,1.5045933541382526e-24
synthetic,isl,10,88,100,29,0.9912706578433911,2.674794978022283e-25
synthetic,isl,10,89,100,29,0.9795638240114269,2.4247069903675983e-20
synthetic,isl,10,90,100,29,0.9916357507710863,1.5056713169180088e-25
synthetic,isl,10,91,100,29,0.9941464445138217,1.2345179753764939e-27
synthetic,isl,10,92,100,29,0.9709999308473626,2.598790530702277e-18
synthetic,isl,10,93,100,29,0.9775247594932086,8.651090085892733e-20
synthetic,isl,10,94,100,29,0.9735748321858049,7.519887802971339e-19
synthetic,isl,10,95,100,29,0.9771463337124484,1.0814353971986579e-19
synthetic,isl,10,96,100,29,0.9934783736387223,5.28984380807359e-27
synthetic,isl,10,97,100,29,0.9921312614673327,6.621279321981823e-26
synthetic,isl,10,98,100,29,0.9961182770141997,4.8770365909891265e-30
synthetic,isl,10,99,100,29,0.9813959283376865,6.896715605442727e-21
synthetic,isl,10,100,100,29,0.9903840414133549,9.821780667988442e-25
synthetic,isl,10,101,100,29,0.9976197976218953,6.674396010734212e-33
synthetic,isl,10,102,100,29,0.9834351053826285,1.4560451814755589e-21
synthetic,isl,10,103,100,29,0.9865040918184979,9.325317399630976e-23
synthetic,isl,10,104,100,29,0.9859218281603035,1.643725033277172e-22
synthetic,isl,10,105,100,29,0.9942839268991149,8.963945587177572e-28
synthetic,isl,10,106,100,29,0.9846219086557123,5.374412885855796e-22
synthetic,isl,10,107,100,29,0.9817518059896754,5.324875708984666e-21
synthetic,isl,10,108,100,29,0.9829099860237935,2.212144063890535e-21
synthetic,isl,10,109,100,29,0.9956520365372928,2.2490742845386163e-29
synthetic,isl,10,110,100,29,0.9940459943790443,1.5523911821243381e-27
synthetic,isl,10,111,100,29,0.981529041631069,6.264417950319453e-21
synthetic,isl,10,112,100,29,0.9943145413341444,8.33856194190873e-28
synthetic,isl,10,113,100,29,0.9856779138934496,2.0697559509405696e-22
synthetic,isl,10,114,100,29,0.9912603319430424,2.7176623182926014e-25
synthetic,isl,10,115,100,29,0.9961850299705426,3.8603259422175375e-30
synthetic,isl,10,116,100,29,0.9795694343981007,2.4158155657087075e-20
synthetic,isl,10,117,100,29,0.9890041655299373,5.954810340442666e-24
synthetic,isl,10,118,100,29,0.9866000086977976,8.474027738651696e-23
synthetic,isl,10,119,100,29,0.9895940255740026,2.8385870291845358e-24
synthetic,isl,10,120,100,29,0.9940739502500957,1.4570642868266763e-27
synthetic,isl,10,121,100,29,0.984055913509481,8.725755346734095e-22
synthetic,isl,10,122,100,29,0.983643969302508,1.2283192648904652e-21
synthetic,isl,10,123,100,29,0.9904606907987271,8.819894043734742e-25
synthetic,isl,10,124,100,29,0.9935796366700304,4.284985230704331e-27
synthetic,isl,10,125,100,29,0.9968616800452903,2.7772742781639537e-31
synthetic,isl,10,126,100,29,0.9931503187379018,1.0241331600612772e-26
synthetic,isl,10,127,100,29,0.9939914738098559,1.7551155675252964e-27
synthetic,isl,10,128,100,29,0.991927986164938,9.331747246830779e-26
synthetic,isl,10,129,100,29,0.9953640994049461,5.336122538617634e-29
synthetic,isl,10,130,100,29,0.9926667022627914,2.5652005890264598e-26
synthetic,isl,10,131,100,29,0.9703493092053959,3.492920189785571e-18
synthetic,isl,10,132,100,29,0.9935313843187416,4.739424194989337e-27
synthetic,isl,10,133,100,29,0.9917075922685674,1.3407170042596666e-25
synthetic,isl,10,134,100,29,0.9823269128790076,3.467556589295394e-21
synthetic,isl,10,135,100,29,0.9782213680239726,5.678752021840499e-20
synthetic,isl,10,136,100,29,0.9830892708916362,1.9206080569388954e-21
synthetic,isl,10,137,100,29,0.9932809074868896,7.903708511119882e-27
synthetic,isl,10,138,100,29,0.9945526137765895,4.68705674582182e-28
synthetic,isl,10,139,100,29,0.9775592892799995,8.475092949188484e-20
synthetic,isl,10,140,100,29,0.9805981013124039,1.2100357406241679e-20
synthetic,isl,10,141,100,29,0.9952690592759464,7.014002305082292e-29
synthetic,isl,10,142,100,29,0.9922195977726528,5.688195844037664e-26
synthetic,isl,10,143,100,29,0.9836260857549503,1.246443990342892e-21
synthetic,isl,10,144,100,29,0.9897510074713659,2.314085712272977e-24
synthetic,isl,10,145,100,29,0.9899606330693134,1.752875651931106e-24
synthetic,isl,10,146,100,29,0.9970468544247427,1.2232647813966559e-31
synthetic,isl,10,147,100,29,0.9877591898515642,2.5151397644929284e-23
synthetic,isl,10,148,100,29,0.9809173324933377,9.690413499374124e-21
synthetic,isl,10,149,100,29,0.9914162573787914,2.133264268094318e-25
synthetic,isl,10,150,100,29,0.9929656058790941,1.465206094208637e-26
synthetic,isl,10,151,100,29,0.986405059559289,1.0286721418019456e-22
synthetic,isl,10,152,100,29,0.9880954295347378,1.7302726782332636e-23
synthetic,isl,10,153,100,29,0.9819519248814317,4.593754430967952e-21
synthetic,isl,10,154,100,29,0.9886835516936264,8.761128169789918e-24
synthetic,isl,10,155,100,29,0.9937592006096887,2.924776658164255e-27
synthetic,isl,10,156,100,29,0.9711301294447849,2.4475010408946643e-18
synthetic,isl,10,157,100,29,0.9956463505793387,2.2890304892264023e-29
synthetic,isl,10,158,100,29,0.9942321712773542,1.012080209915521e-27
synthetic,isl,10,159,100,29,0.994001200576294,1.717242106591753e-27
synthetic,isl,10,160,100,29,0.9822013888912116,3.8124024429894194e-21
synthetic,isl,10,161,100,29,0.9878008561170938,2.4025756612976797e-23
synthetic,isl,10,162,100,29,0.9917281669051488,1.2966547484526033e-25
synthetic,isl,10,163,100,29,0.9876453095990324,2.848169155875653e-23
synthetic,isl,10,164,100,29,0.9859455163599101,1.6070002426261853e-22
synthetic,isl,10,165,100,29,0.9926557308977663,2.6173305366686054e-26
synthetic,isl,10,166,100,29,0.9910886889931166,3.5301242087532145e-25
synthetic,isl,10,167,100,29,0.996422612439202,1.622691630915128e-30
synthetic,isl,10,168,100,29,0.9917821996616547,1.1872385881674287e-25
synthetic,isl,10,169,100,29,0.990444716591039,9.02054047843605e-25
synthetic,isl,10,170,100,29,0.9931273293816599,1.0713784720670936e-26
synthetic,isl,10,171,100,29,0.9795306570491459,2.4778916356416922e-20
synthetic,isl,10,172,100,29,0.9898223703736154,2.1066597055750174e-24
synthetic,isl,10,173,100,29,0.99297338720918,1.4435416731344486e-26
synthetic,isl,10,174,100,29,0.9844119490129639,6.446195047152773e-22
synthetic,isl,10,175,100,29,0.9929096432280557,1.6301052011393367e-26
synthetic,isl,10,176,100,29,0.9901279991428454,1.3983326331353476e-24
synthetic,isl,10,177,100,29,0.989109234645445,5.234106397608876e-24
synthetic,isl,10,178,100,29,0.9802105563330273,1.5767635410509617e-20
synthetic,isl,10,179,100,29,0.9880907526592644,1.7394244389561395e-23
synthetic,isl,10,180,100,29,0.9943429368372979,7.794847727561418e-28
synthetic,isl,10,181,100,29,0.9864583250839724,9.758788425456791e-23
synthetic,isl,10,182,100,29,0.9839783522564026,9.312309285604992e-22
synthetic,isl,10,183,100,29,0.9893747112606613,3.756887738403918e-24
synthetic,isl,10,184,100,29,0.9950495047682799,1.2923354668387917e-28
synthetic,isl,10,185,100,29,0.985554923206921,2.321344532935278e-22
synthetic,isl,10,186,100,29,0.9888187823169586,7.45451552179867e-24
synthetic,isl,10,187,100,29,0.9857902100680257,1.862315732690854e-22
synthetic,isl,10,188,100,29,0.988695118100816,8.641594188917364e-24
synthetic,isl,10,189,100,29,0.996263738333232,2.9147162926187988e-30
synthetic,isl,10,190,100,29,0.9922014316036237,5.869508816552578e-26
synthetic,isl,10,191,100,29,0.9931790088995536,9.678772278004714e-27
synthetic,isl,10,192,100,29,0.9623088979849602,8.498036435417386e-17
synthetic,isl,10,193,100,29,0.9853955366608377,2.6895016671567506e-22
synthetic,isl,10,194,100,29,0.9946814887412684,3.3950996029636346e-28
synthetic,isl,10,195,100,29,0.9787734035928985,4.028405078775926e-20
synthetic,isl,10,196,100,29,0.9719975003963469,1.629649065687755e-18
synthetic,isl,10,197,100,29,0.99122723567,2.8593815782365456e-25
synthetic,isl,10,198,100,29,0.9833279629663918,1.5874569106637403e-21
synthetic,isl,10,199,100,29,0.9864169436758634,1.0166694828906823e-22
synthetic,isl,25,0,100,29,0.9945123311557323,5.176002644537766e-28
synthetic,isl,25,1,100,29,0.9967294032185698,4.845472565232687e-31
synthetic,isl,25,2,100,29,0.9919886788358471,8.4307691185347e-26
synthetic,isl,25,3,100,29,0.996165798656535,4.1310113162823834e-30
synthetic,isl,25,4,100,29,0.9947543005751743,2.8197899873535815e-28
synthetic,isl,25,5,100,29,0.9965678008996237,9.28305584667217e-31
synthetic,isl,25,6,100,29,0.9975737021939245,8.644767908239307e-33
synthetic,isl,25,7,100,29,0.9968363819424739,3.094759629089911e-31
synthetic,isl,25,8,100,29,0.9979724177283799,7.677610301057174e-34
synthetic,isl,25,9,100,29,0.9976153500510836,6.844565238217451e-33
synthetic,isl,25,10,100,29,0.996270872467944,2.8405909369161448e-30
synthetic,isl,25,11,100,29,0.9989564557659109,9.849215699619417e-38
synthetic,isl,25,12,100,29,0.9967739413767115,4.027724247470054e-31
synthetic,isl,25,13,100,29,0.9960412667735291,6.355342650032081e-30
synthetic,isl,25,14,100,29,0.9966323127681687,7.187940615317945e-31
synthetic,isl,25,15,100,29,0.9976112839791491,7.003643641452816e-33
synthetic,isl,25,16,100,29,0.992496001563772,3.4962273104710057e-26
synthetic,isl,25,17,100,29,0.9986791037961165,2.3688145961386126e-36
synthetic,isl,25,18,100,29,0.9953025319158783,6.374133347527975e-29
synthetic,isl,25,19,100,29,0.9961157396584042,4.9201775463555894e-30
synthetic,isl,25,20,100,29,0.9910249835679982,3.885014578607855e-25
synthetic,isl,25,21,100,29,0.9975733154728044,8.663368130338852e-33
synthetic,isl,25,22,100,29,0.9979306029767,1.0111191057719434e-33
synthetic,isl,25,23,100,29,0.9927106141583325,2.366026162484633e-26
synthetic,isl,25,24,100,29,0.9969869462398944,1.6036744439279378e-31
synthetic,isl,25,25,100,29,0.9939944379458728,1.7434928978668598e-27
synthetic,isl,25,26,100,29,0.9942342402635402,1.0072022354536355e-27
synthetic,isl,25,27,100,29,0.9968906239620896,2.451141661114885e-31
synthetic,isl,25,28,100,29,0.9921699248417745,6.196707174213978e-26
synthetic,isl,25,29,100,29,0.997501056522324,1.286873850042353e-32
synthetic,isl,25,30,100,29,0.9970695197260772,1.1025698188889802e-31
synthetic,isl,25,31,100,29,0.9911965154251274,2.9970165105719447e-25
synthetic,isl,25,32,100,29,0.9979223224989434,1.0670742721660963e-33
synthetic,isl,25,33,100,29,0.9977976526998489,2.341708490753747e-33
synthetic,isl,25,34,100,29,0.9979101239261396,1.1547451674828031e-33
synthetic,isl,25,35,100,29,0.9957296505914172,1.7643994242873378e-29
synthetic,isl,25,36,100,29,0.9929732207594885,1.444001974963696e-26
synthetic,isl,25,37,100,29,0.9963965952051472,1.7891858179812163e-30
synthetic,isl,25,38,100,29,0.9940059441438993,1.6990476141461514e-27
synthetic,isl,25,39,100,29,0.9962840273749943,2.7084644536230515e-30
synthetic,isl,25,40,100,29,0.9977956628197889,2.3704061295789422e-33
synthetic,isl,25,41,100,29,0.9909067970368284,4.632280233533495e-25
synthetic,isl,25,42,100,29,0.9964607655179955,1.4043252670989658e-30
synthetic,isl,25,43,100,29,0.993517521683698,4.877999097004257e-27
synthetic,isl,25,44,100,29,0.9960731188101803,5.6997420029886836e-30
synthetic,isl,25,45,100,29,0.9962183301126063,3.4301002780138255e-30
synthetic,isl,25,46,100,29,0.9948501294054183,2.199701913566499e-28
synthetic,isl,25,47,100,29,0.9983687321625557,4.0842287434612564e-35
synthetic,isl,25,48,100,29,0.9976992916086905,4.221403918715536e-33
synthetic,isl,25,49,100,29,0.9946733422793234,3.4658155137382176e-28
synthetic,isl,25,50,100,29,0.9967072489239063,5.307141388150112e-31
synthetic,isl,25,51,100,29,0.9980374155209192,4.947249072096756e-34
synthetic,isl,25,52,100,29,0.9992268992370016,1.7193967412357024e-39
synthetic,isl,25,53,100,29,0.9948158952928218,2.405042055434475e-28
synthetic,isl,25,54,100,29,0.9982851805993571,8.012274192280057e-35
synthetic,isl,25,55,100,29,0.9964515313202185,1.4545259514648567e-30
synthetic,isl,25,56,100,29,0.9960259063208963,6.695842802773643e-30
synthetic,isl,25,57,100,29,0.9941500938163736,1.224194288255171e-27
synthetic,isl,25,58,100,29,0.99496182146438,1.6371536048301783e-28
synthetic,isl,25,59,100,29,0.9961802342583569,3.926245216699838e-30
synthetic,isl,25,60,100,29,0.9896283607867471,2.7152643284222955e-24
synthetic,isl,25,61,100,29,0.9983021330172455,7.007286674484417e-35
synthetic,isl,25,62,100,29,0.9911909415044807,3.0226367558249295e-25
synthetic,isl,25,63,100,29,0.9984643273761113,1.808390786863154e-35
synthetic,isl,25,64,100,29,0.998122306519718,2.7247650308068123e-34
synthetic,isl,25,65,100,29,0.9942472840389308,9.769469863623138e-28
synthetic,isl,25,66,100,29,0.9952669889284452,7.055468333409493e-29
synthetic,isl,25,67,100,29,0.9949166807561515,1.8461705878074196e-28
synthetic,isl,25,68,100,29,0.9967972237118312,3.653022683098622e-31
synthetic,isl,25,69,100,29,0.9878674094647443,2.232403496986062e-23
synthetic,isl,25,70,100,29,0.9971446664293877,7.767654701059169e-32
synthetic,isl,25,71,100,29,0.998128940001259,2.597745181145509e-34
synthetic,isl,25,72,100,29,0.9945091598658024,5.216433250897765e-28
synthetic,isl,25,73,100,29,0.993722977698922,3.1617860460978945e-27
synthetic,isl,25,74,100,29,0.9962947693634855,2.604817652125188e-30
synthetic,isl,25,75,100,29,0.9949313597401563,1.7756367923699287e-28
synthetic,isl,25,76,100,29,0.9963385287671715,2.219387942918768e-30
synthetic,isl,25,77,100,29,0.9946064984289098,4.099702763192231e-28
synthetic,isl,25,78,100,29,0.9961794120567959,3.937650843249129e-30
synthetic,isl,25,79,100,29,0.996199362509385,3.66937454460783e-30
synthetic,isl,25,80,100,29,0.9942579759939342,9.52776560824906e-28
synthetic,isl,25,81,100,29,0.9973080379934341,3.5096700330726994e-32
synthetic,isl,25,82,100,29,0.9971569063130102,7.330510100616853e-32
synthetic,isl,25,83,100,29,0.9913128330640075,2.5061223853861942e-25
synthetic,isl,25,84,100,29,0.9949250838426967,1.8054820623238948e-28
synthetic,isl,25,85,100,29,0.995232266168167,7.785623829856214e-29
synthetic,isl,25,86,100,29,0.9969689736795607,1.7375563339944141e-31
synthetic,isl,25,87,100,29,0.9982170642830306,1.355086562372728e-34
synthetic,isl,25,88,100,29,0.9965392263546428,1.0380741694510765e-30
synthetic,isl,25,89,100,29,0.9962608836786304,2.9448752491076456e-30
synthetic,isl,25,90,100,29,0.9964510427368299,1.4572277954136889e-30
synthetic,isl,25,91,100,29,0.9984183848853495,2.691567786997138e-35
synthetic,isl,25,92,100,29,0.9931246901252224,1.0769295770238491e-26
synthetic,isl,25,93,100,29,0.997871107343585,1.4819585799288517e-33
synthetic,isl,25,94,100,29,0.9951854722289842,8.880507424978519e-29
synthetic,isl,25,95,100,29,0.9909245506122379,4.512132081867716e-25
synthetic,isl,25,96,100,29,0.9968326471079884,3.144379608720653e-31
synthetic,isl,25,97,100,29,0.9979410188609896,9.445915695210488e-34
synthetic,isl,25,98,100,29,0.9961868815201453,3.835150817910903e-30
synthetic,isl,25,99,100,29,0.99713201401758,8.244802009474982e-32
synthetic,isl,25,100,100,29,0.9957687745593065,1.5585945117376366e-29
synthetic,isl,25,101,100,29,0.9935419377830588,4.636381305387127e-27
synthetic,isl,25,102,100,29,0.9985178445205777,1.1206287582460385e-35
synthetic,isl,25,103,100,29,0.9979133874795397,1.130658941457179e-33
synthetic,isl,25,104,100,29,0.9970541077943104,1.1833705671823017e-31
synthetic,isl,25,105,100,29,0.992563716288155,3.094744250001759e-26
synthetic,isl,25,106,100,29,0.9972727314076718,4.1838225239736996e-32
synthetic,isl,25,107,100,29,0.9976980778668764,4.251537789319133e-33
synthetic,isl,25,108,100,29,0.9981698799807743,1.927481287795966e-34
synthetic,isl,25,109,100,29,0.9956289294638756,2.4155794839271961e-29
synthetic,isl,25,110,100,29,0.9975146239421423,1.1957818101553053e-32
synthetic,isl,25,111,100,29,0.9967047092679568,5.362589135838408e-31
synthetic,isl,25,112,100,29,0.9941317327422241,1.276959441958463e-27
synthetic,isl,25,113,100,29,0.9969731796286982,1.7053292249125306e-31
synthetic,isl,25,114,100,29,0.9972174968850135,5.482619392319108e-32
synthetic,isl,25,115,100,29,0.997789993503167,2.4539629488888232e-33
synthetic,isl,25,116,100,29,0.9969379561825463,1.9932109511233733e-31
synthetic,isl,25,117,100,29,0.9966294068348347,7.272002664953583e-31
synthetic,isl,25,118,100,29,0.9968546352539476,2.862511220618217e-31
synthetic,isl,25,119,100,29,0.9946775117204179,3.429453842704365e-28
synthetic,isl,25,120,100,29,0.9971564586459469,7.346088597819606e-32
synthetic,isl,25,121,100,29,0.9968798705664871,2.5679265612064513e-31
synthetic,isl,25,122,100,29,0.9934851297129599,5.216546439951349e-27
synthetic,isl,25,123,100,29,0.9974816932976166,1.4280438021163222e-32
synthetic,isl,25,124,100,29,0.9955029981146252,3.5418356467449966e-29
synthetic,isl,25,125,100,29,0.9924735390480222,3.639709807409456e-26
synthetic,isl,25,126,100,29,0.9967658504515413,4.166056288228226e-31
synthetic,isl,25,127,100,29,0.9928158466635633,1.9454907153420567e-26
synthetic,isl,25,128,100,29,0.9958832826091265,1.0768843171338203e-29
synthetic,isl,25,129,100,29,0.9950006472110624,1.4751320093591025e-28
synthetic,isl,25,130,100,29,0.993990615892122,1.7584929044542383e-27
synthetic,isl,25,131,100,29,0.9966592826917511,6.4495650151705024e-31
synthetic,isl,25,132,100,29,0.9963374409380965,2.2282920441767008e-30
synthetic,isl,25,133,100,29,0.9958931711856642,1.0425429687204238e-29
synthetic,isl,25,134,100,29,0.9959640067569618,8.24641148598959e-30
synthetic,isl,25,135,100,29,0.9961442785419371,4.454683596584672e-30
synthetic,isl,25,136,100,29,0.9968675423271699,2.7081425063622633e-31
synthetic,isl,25,137,100,29,0.9962645958534155,2.9057127321734372e-30
synthetic,isl,25,138,100,29,0.9960970859080497,5.248346273328944e-30
synthetic,isl,25,139,100,29,0.9966108074622213,7.831964014961631e-31
synthetic,isl,25,140,100,29,0.9982362203715828,1.1713376072271543e-34
synthetic,isl,25,141,100,29,0.9930635497607432,1.2132206648710054e-26
synthetic,isl,25,142,100,29,0.9957001736367163,1.935769381186374e-29
synthetic,isl,25,143,100,29,0.9937699785432059,2.8574973722098544e-27
synthetic,isl,25,144,100,29,0.9982864883790403,7.930235780233561e-35
synthetic,isl,25,145,100,29,0.9970464212193608,1.225686406812089e-31
synthetic,isl,25,146,100,29,0.9963875343753793,1.850787559601645e-30
synthetic,isl,25,147,100,29,0.9977630293367998,2.8900193962344615e-33
synthetic,isl,25,148,100,29,0.9962179949916409,3.434199382541771e-30
synthetic,isl,25,149,100,29,0.996554040845221,9.79748128459064e-31
synthetic,isl,25,150,100,29,0.9947314817481144,2.989562485555111e-28
synthetic,isl,25,151,100,29,0.9860022251684804,1.5221435524279276e-22
synthetic,isl,25,152,100,29,0.996445986294043,1.4854638460399494e-30
synthetic,isl,25,153,100,29,0.9968028907384369,3.566839029510531e-31
synthetic,isl,25,154,100,29,0.9981146742769237,2.878012206338002e-34
synthetic,isl,25,155,100,29,0.9979160069127723,1.1116639586362515e-33
synthetic,isl,25,156,100,29,0.9979106787431913,1.1506171861445487e-33
synthetic,isl,25,157,100,29,0.9984076966267555,2.947582076723833e-35
synthetic,isl,25,158,100,29,0.9966505915366296,6.67946444936613e-31
synthetic,isl,25,159,100,29,0.9968217949975863,3.2927680046536995e-31
synthetic,isl,25,160,100,29,0.9955290215336959,3.2754250379548184e-29
synthetic,isl,25,161,100,29,0.9973892299819607,2.322295780520892e-32
synthetic,isl,25,162,100,29,0.9988106675542634,5.750829536580393e-37
synthetic,isl,25,163,100,29,0.9972618046954199,4.4155875078390906e-32
synthetic,isl,25,164,100,29,0.9916887886944984,1.3821941546258596e-25
synthetic,isl,25,165,100,29,0.9856996878983606,2.0279357621549636e-22
synthetic,isl,25,166,100,29,0.9982644149849674,9.424852955306919e-35
synthetic,isl,25,167,100,29,0.9939421220946238,1.9594771061145287e-27
synthetic,isl,25,168,100,29,0.9987405168119174,1.2461091212758198e-36
synthetic,isl,25,169,100,29,0.9969924065317927,1.5649318610539553e-31
synthetic,isl,25,170,100,29,0.997858053607657,1.6093232924270575e-33
synthetic,isl,25,171,100,29,0.9969561958351346,1.838954778758672e-31
synthetic,isl,25,172,100,29,0.9969706106941871,1.7249466618174896e-31
synthetic,isl,25,173,100,29,0.9930052496154312,1.3578874704173856e-26
synthetic,isl,25,174,100,29,0.9967056052298428,5.34296686599885e-31
synthetic,isl,25,175,100,29,0.996596342944171,8.294745184242892e-31
synthetic,isl,25,176,100,29,0.9952643827835369,7.107988190074614e-29
synthetic,isl,25,177,100,29,0.9980113552897607,5.910676523930101e-34
synthetic,isl,25,178,100,29,0.9943032792799116,8.563766720946877e-28
synthetic,isl,25,179,100,29,0.9955294429214615,3.271267979482528e-29
synthetic,isl,25,180,100,29,0.9976382924898219,6.0079153964783334e-33
synthetic,isl,25,181,100,29,0.9953856846692622,5.0109266235429714e-29
synthetic,isl,25,182,100,29,0.9961833397387425,3.8834411401573066e-30
synthetic,isl,25,183,100,29,0.9968391576783808,3.058352616234903e-31
synthetic,isl,25,184,100,29,0.9948714378312032,2.0802161524667396e-28
synthetic,isl,25,185,100,29,0.996251668085809,3.0442193854993817e-30
synthetic,isl,25,186,100,29,0.9933209445683892,7.292763980245337e-27
synthetic,isl,25,187,100,29,0.9827005709448331,2.6042723975087086e-21
synthetic,isl,25,188,100,29,0.9944199300799427,6.4812528793743575e-28
synthetic,isl,25,189,100,29,0.9961057616963509,5.093275025417252e-30
synthetic,isl,25,190,100,29,0.9966829589192007,5.85990407691777e-31
synthetic,isl,25,191,100,29,0.9979109099677552,1.1489008527010038e-33
synthetic,isl,25,192,100,29,0.9954565606573197,4.067647314186786e-29
synthetic,isl,25,193,100,29,0.9980243774890835,5.409429687491206e-34
synthetic,isl,25,194,100,29,0.9942067291572732,1.0738791681957149e-27
synthetic,isl,25,195,100,29,0.9962757329249763,2.7910932841465212e-30
synthetic,isl,25,196,100,29,0.99671323140343,5.178618078562478e-31
synthetic,isl,25,197,100,29,0.9880624122681821,1.795846018122111e-23
synthetic,isl,25,198,100,29,0.9984225054703675,2.5984896321071616e-35
synthetic,isl,25,199,100,29,0.9975506321143311,9.821522395325653e-33
synthetic,isl,50,0,100,29,0.9990836583846432,1.7045181838408356e-38
synthetic,isl,50,1,100,29,0.999318297534069,3.1473892102157982e-40
synthetic,isl,50,2,100,29,0.9993271235413775,2.6397882911947523e-40
synthetic,isl,50,3,100,29,0.9995801739388209,4.534386742906705e-43
synthetic,isl,50,4,100,29,0.998504984587843,1.259157258192571e-35
synthetic,isl,50,5,100,29,0.9986574178418187,2.9508739378313362e-36
synthetic,isl,50,6,100,29,0.9976366983830616,6.0628362041875734e-33
synthetic,isl,50,7,100,29,0.9988287216755293,4.678358266596238e-37
synthetic,isl,50,8,100,29,0.9991935145764371,3.0419871716797846e-39
synthetic,isl,50,9,100,29,0.9989317743550297,1.3501844344490838e-37
synthetic,isl,50,10,100,29,0.9987532215730518,1.0867919352832603e-36
synthetic,isl,50,11,100,29,0.9991019574852406,1.2983176941987404e-38
synthetic,isl,50,12,100,29,0.9984321065457844,2.3930541019090122e-35
synthetic,isl,50,13,100,29,0.9989431403061292,1.168706235193997e-37
synthetic,isl,50,14,100,29,0.9982125499840548,1.4021084415186461e-34
synthetic,isl,50,15,100,29,0.9985104722067275,1.1982117068384674e-35
synthetic,isl,50,16,100,29,0.9986504639817758,3.1638930110195e-36
synthetic,isl,50,17,100,29,0.9995159849334113,3.0939577367367047e-42
synthetic,isl,50,18,100,29,0.9989191454602591,1.5822261450336061e-37
synthetic,isl,50,19,100,29,0.9979306739412646,1.0106515290124273e-33
synthetic,isl,50,20,100,29,0.9993896212667501,7.082586450092343e-41
synthetic,isl,50,21,100,29,0.99866291095296,2.792076116061529e-36
synthetic,isl,50,22,100,29,0.9992222231489365,1.8651749739788794e-39
synthetic,isl,50,23,100,29,0.9989141142684714,1.6845490308338681e-37
synthetic,isl,50,24,100,29,0.9991725752399503,4.2991867641625085e-39
synthetic,isl,50,25,100,29,0.9989663236042083,8.664071719767845e-38
synthetic,isl,50,26,100,29,0.9981718169351336,1.900144168841335e-34
synthetic,isl,50,27,100,29,0.997677553159561,4.792241452977188e-33
synthetic,isl,50,28,100,29,0.998344478266442,4.98400528685106e-35
synthetic,isl,50,29,100,29,0.9989980700350155,5.68741142105331e-38
synthetic,isl,50,30,100,29,0.9993118822203735,3.5715034821181184e-40
synthetic,isl,50,31,100,29,0.9988184512892904,5.26323893665834e-37
synthetic,isl,50,32,100,29,0.9992210149988505,1.9046563995248193e-39
synthetic,isl,50,33,100,29,0.9988634853314878,3.115537985041509e-37
synthetic,isl,50,34,100,29,0.9985480809278943,8.485842129482094e-36
synthetic,isl,50,35,100,29,0.9980400570353695,4.858183871402456e-34
synthetic,isl,50,36,100,29,0.9981300471969559,2.577086039301077e-34
synthetic,isl,50,37,100,29,0.9990584997975482,2.456623675198027e-38
synthetic,isl,50,38,100,29,0.9979057299947448,1.1879246987259683e-33
synthetic,isl,50,39,100,29,0.9975345541742677,1.0727478153704486e-32
synthetic,isl,50,40,100,29,0.9989188987867857,1.587105633347661e-37
synthetic,isl,50,41,100,29,0.9993791363105782,8.912983338736068e-41
synthetic,isl,50,42,100,29,0.9991545200497983,5.7530807989593826e-39
synthetic,isl,50,43,100,29,0.9991009454827587,1.318201113089931e-38
synthetic,isl,50,44,100,29,0.9989546884858939,1.0076691063779188e-37
synthetic,isl,50,45,100,29,0.9991637241567262,4.963042170388332e-39
synthetic,isl,50,46,100,29,0.9994563110000044,1.4859391475728322e-41
synthetic,isl,50,47,100,29,0.9992459061510266,1.2287956084588811e-39
synthetic,isl,50,48,100,29,0.9989218322775457,1.5299698158372397e-37
synthetic,isl,50,49,100,29,0.9988118918209073,5.671465484857474e-37
synthetic,isl,50,50,100,29,0.996545095446255,1.0145929417267913e-30
synthetic,isl,50,51,100,29,0.9979083704911738,1.1678814848674534e-33
synthetic,isl,50,52,100,29,0.9987716978753324,8.885013641957273e-37
synthetic,isl,50,53,100,29,0.9980064857114441,6.108913102015123e-34
synthetic,isl,50,54,100,29,0.998853453469244,3.507779739600775e-37
synthetic,isl,50,55,100,29,0.9984866051128166,1.4848155078744017e-35
synthetic,isl,50,56,100,29,0.9994270104009794,3.017696474213126e-41
synthetic,isl,50,57,100,29,0.9994174968731604,3.7687476467927823e-41
synthetic,isl,50,58,100,29,0.9988760675824649,2.6809852259502856e-37
synthetic,isl,50,59,100,29,0.9983330746231256,5.467601108573078e-35
synthetic,isl,50,60,100,29,0.9976602615904645,5.2964576355773344e-33
synthetic,isl,50,61,100,29,0.9981557472772274,2.138238072528626e-34
synthetic,isl,50,62,100,29,0.9990576769145284,2.4857567581974194e-38
synthetic,isl,50,63,100,29,0.9982979937458354,7.241282874956215e-35
synthetic,isl,50,64,100,29,0.9978166312899237,2.083713772522666e-33
synthetic,isl,50,65,100,29,0.9989305579881552,1.3710783550781562e-37
synthetic,isl,50,66,100,29,0.9980061816012268,6.121495094240592e-34
synthetic,isl,50,67,100,29,0.9987779578665013,8.29310401423599e-37
synthetic,isl,50,68,100,29,0.9993885781239393,7.247706091745825e-41
synthetic,isl,50,69,100,29,0.9995562386427223,9.58383285862673e-43
synthetic,isl,50,70,100,29,0.9992207448692045,1.9135892236757e-39
synthetic,isl,50,71,100,29,0.998512275350348,1.178789912236488e-35
synthetic,isl,50,72,100,29,0.9983524324268395,4.6704779372273765e-35
synthetic,isl,50,73,100,29,0.9992534021123932,1.0738087531578775e-39
synthetic,isl,50,74,100,29,0.9983971713054942,3.2215639222046785e-35
synthetic,isl,50,75,100,29,0.9966508977127858,6.671238186218007e-31
synthetic,isl,50,76,100,29,0.9985711850599531,6.834497707383071e-36
synthetic,isl,50,77,100,29,0.9991493635134108,6.245062736007538e-39
synthetic,isl,50,78,100,29,0.9985369642337718,9.405589804124778e-36
synthetic,isl,50,79,100,29,0.9989502801182502,1.066548465516213e-37
synthetic,isl,50,80,100,29,0.998241109437239,1.1282884825888736e-34
synthetic,isl,50,81,100,29,0.9980993982973092,3.208985303516073e-34
synthetic,isl,50,82,100,29,0.998749021987442,1.1372374526282756e-36
synthetic,isl,50,83,100,29,0.9990689335043332,2.1136292324065282e-38
synthetic,isl,50,84,100,29,0.9981083790670097,3.0103771366493904e-34
synthetic,isl,50,85,100,29,0.9982030992357833,1.505480832253391e-34
synthetic,isl,50,86,100,29,0.9982215612661981,1.3097003045433653e-34
synthetic,isl,50,87,100,29,0.9987677312361547,9.280070308046378e-37
synthetic,isl,50,88,100,29,0.9994466945148143,1.8826583335173428e-41
synthetic,isl,50,89,100,29,0.9987939278784985,6.9443776382018364e-37
synthetic,isl,50,90,100,29,0.9992256587724955,1.7570040112624023e-39
synthetic,isl,50,91,100,29,0.9988789086707954,2.5909697878178006e-37
synthetic,isl,50,92,100,29,0.9994092629241418,4.5548262182363565e-41
synthetic,isl,50,93,100,29,0.9990847981772175,1.6761285057042924e-38
synthetic,isl,50,94,100,29,0.9989624489801776,9.112717040236677e-38
synthetic,isl,50,95,100,29,0.9955597997913715,2.9843190910847293e-29
synthetic,isl,50,96,100,29,0.9980122738087224,5.873958687067772e-34
synthetic,isl,50,97,100,29,0.9987857656706225,7.60601672731154e-37
synthetic,isl,50,98,100,29,0.9984531295463824,1.994621720669394e-35
synthetic,isl,50,99,100,29,0.9979441542621865,9.253735793553175e-34
synthetic,isl,50,100,100,29,0.9983695774379246,4.055770620976021e-35
synthetic,isl,50,101,100,29,0.9991019310580075,1.298833375247885e-38
synthetic,isl,50,102,100,29,0.9975046511350679,1.2621337605943084e-32
synthetic,isl,50,103,100,29,0.9980089646934107,6.007239302101852e-34
synthetic,isl,50,104,100,29,0.9992698504372258,7.949814620470454e-40
synthetic,isl,50,105,100,29,0.9990338849870429,3.4800860221695885e-38
synthetic,isl,50,106,100,29,0.9985955475293368,5.4192298194577794e-36
synthetic,isl,50,107,100,29,0.9989602359221648,9.378523742250997e-38
synthetic,isl,50,108,100,29,0.9989328173150747,1.3325043418029846e-37
synthetic,isl,50,109,100,29,0.9980976201363695,3.249719950571401e-34
synthetic,isl,50,110,100,29,0.9979507133942976,8.863353773166977e-34
synthetic,isl,50,111,100,29,0.9996041107555805,2.0529918561084613e-43
synthetic,isl,50,112,100,29,0.998814302484297,5.5181482836014085e-37
synthetic,isl,50,113,100,29,0.9981379972129354,2.433154717818519e-34
synthetic,isl,50,114,100,29,0.996760831171051,4.2540686949850945e-31
synthetic,isl,50,115,100,29,0.9960948043355478,5.289846775562062e-30
synthetic,isl,50,116,100,29,0.998962436966878,9.11414091423008e-38
synthetic,isl,50,117,100,29,0.9992063818016852,2.448463860636306e-39
synthetic,isl,50,118,100,29,0.9982703159421613,9.001637782682205e-35
synthetic,isl,50,119,100,29,0.9993691735688179,1.1049224180984034e-40
synthetic,isl,50,120,100,29,0.9977949445853637,2.3808440772826632e-33
synthetic,isl,50,121,100,29,0.9991786268392834,3.893709470768596e-39
synthetic,isl,50,122,100,29,0.9984825084391299,1.539967067881375e-35
synthetic,isl,50,123,100,29,0.9977255785410885,3.615346035495004e-33
synthetic,isl,50,124,100,29,0.9983991024941646,3.1695915233133286e-35
synthetic,isl,50,125,100,29,0.9990541333075614,2.614905773359656e-38
synthetic,isl,50,126,100,29,0.9996401895573239,5.652352486653389e-44
synthetic,isl,50,127,100,29,0.9962879824605078,2.669866745907434e-30
synthetic,isl,50,128,100,29,0.9987375631640067,1.2861213012211708e-36
synthetic,isl,50,129,100,29,0.9986311436571996,3.8327786150513296e-36
synthetic,isl,50,130,100,29,0.9987542984982941,1.0741939467054883e-36
synthetic,isl,50,131,100,29,0.9965584722397879,9.629000407899994e-31
synthetic,isl,50,132,100,29,0.99891144236836,1.7413475334908004e-37
synthetic,isl,50,133,100,29,0.9991110466947968,1.1317790545024084e-38
synthetic,isl,50,134,100,29,0.9987047177106658,1.8188138990352118e-36
synthetic,isl,50,135,100,29,0.9984646239245366,1.8036852238825118e-35
synthetic,isl,50,136,100,29,0.9982985068617176,7.211888300120393e-35
synthetic,isl,50,137,100,29,0.9983694200047012,4.061057017432405e-35
synthetic,isl,50,138,100,29,0.9983682949717095,4.0990201994147325e-35
synthetic,isl,50,139,100,29,0.9984046903052332,3.023551425818118e-35
synthetic,isl,50,140,100,29,0.9980662435082388,4.052079192431698e-34
synthetic,isl,50,141,100,29,0.9989536345982882,1.02146473805332e-37
synthetic,isl,50,142,100,29,0.9986607997686202,2.852146999582599e-36
synthetic,isl,50,143,100,29,0.9987422746958653,1.222845925203246e-36
synthetic,isl,50,144,100,29,0.9985535412340573,8.065253075338903e-36
synthetic,isl,50,145,100,29,0.9994465476425233,1.8894144480667072e-41
synthetic,isl,50,146,100,29,0.9969447691393993,1.9342429576339914e-31
synthetic,isl,50,147,100,29,0.9992208509156417,1.9100777958828118e-39
synthetic,isl,50,148,100,29,0.998891766629219,2.2174965865061645e-37
synthetic,isl,50,149,100,29,0.9982868285335135,7.90902534484801e-35
synthetic,isl,50,150,100,29,0.9977188826774104,3.7615608336867956e-33
synthetic,isl,50,151,100,29,0.9993095578170973,3.737803445871629e-40
synthetic,isl,50,152,100,29,0.9991117987704522,1.1189256700597365e-38
synthetic,isl,50,153,100,29,0.9983451008117523,4.958781022434333e-35
synthetic,isl,50,154,100,29,0.9989096581430275,1.780257898488682e-37
synthetic,isl,50,155,100,29,0.9972765786316474,4.1049373854306306e-32
synthetic,isl,50,156,100,29,0.9994657369955247,1.173508807462695e-41
synthetic,isl,50,157,100,29,0.9987835471103267,7.795685187168997e-37
synthetic,isl,50,158,100,29,0.9991599917794605,5.2704453891424826e-39
synthetic,isl,50,159,100,29,0.9981699854186046,1.925983874811265e-34
synthetic,isl,50,160,100,29,0.9979579855579727,8.4483896111655e-34
synthetic,isl,50,161,100,29,0.997523733808593,1.1380083043872772e-32
synthetic,isl,50,162,100,29,0.9989031365782897,1.9294328517928234e-37
synthetic,isl,50,163,100,29,0.9992138190834837,2.1563009583148193e-39
synthetic,isl,50,164,100,29,0.9981207932506477,2.7545357331427606e-34
synthetic,isl,50,165,100,29,0.9988367623727299,4.263108016211904e-37
synthetic,isl,50,166,100,29,0.9985784000796899,6.383279370827539e-36
synthetic,isl,50,167,100,29,0.9973027369579166,3.604017954424682e-32
synthetic,isl,50,168,100,29,0.9989680982575162,8.465490076026845e-38
synthetic,isl,50,169,100,29,0.9985787142449295,6.364273286017171e-36
synthetic,isl,50,170,100,29,0.9981206505336349,2.757358903645838e-34
synthetic,isl,50,171,100,29,0.9988271784670588,4.762217289719202e-37
synthetic,isl,50,172,100,29,0.9988825188127076,2.4806245646068525e-37
synthetic,isl,50,173,100,29,0.9986938416910403,2.0360316734369012e-36
synthetic,isl,50,174,100,29,0.9994724678535011,9.889402165662451e-42
synthetic,isl,50,175,100,29,0.9978385041443725,1.8191238972107136e-33
synthetic,isl,50,176,100,29,0.9992335592984586,1.5299108221261076e-39
synthetic,isl,50,177,100,29,0.9978773296681989,1.4245917207894338e-33
synthetic,isl,50,178,100,29,0.9981831000492519,1.7479059716122986e-34
synthetic,isl,50,179,100,29,0.9975411337136562,1.0347771655214843e-32
synthetic,isl,50,180,100,29,0.9980151985200599,5.75844516787794e-34
synthetic,isl,50,181,100,29,0.9972134498570387,5.591123710027503e-32
synthetic,isl,50,182,100,29,0.9993701425602013,1.0822345390144167e-40
synthetic,isl,50,183,100,29,0.9984973370308696,1.348886708464885e-35
synthetic,isl,50,184,100,29,0.9991084606568355,1.1770264703257704e-38
synthetic,isl,50,185,100,29,0.999453022065857,1.6119542975882488e-41
synthetic,isl,50,186,100,29,0.9979248424960102,1.0497492060675326e-33
synthetic,isl,50,187,100,29,0.9981435956707776,2.336303200857114e-34
synthetic,isl,50,188,100,29,0.9982067793839304,1.4644162520352193e-34
synthetic,isl,50,189,100,29,0.9982574260770318,9.949899922429275e-35
synthetic,isl,50,190,100,29,0.9984954977047188,1.3713331592584782e-35
synthetic,isl,50,191,100,29,0.9986448853434291,3.344981927803366e-36
synthetic,isl,50,192,100,29,0.9991068520706459,1.2060104697730718e-38
synthetic,isl,50,193,100,29,0.9986535568516702,3.0674494022316694e-36
synthetic,isl,50,194,100,29,0.9992111347831042,2.2578067641641204e-39
synthetic,isl,50,195,100,29,0.9995240086167158,2.469036417324259e-42
synthetic,isl,50,196,100,29,0.9986778941845802,2.3982506920997143e-36
synthetic,isl,50,197,100,29,0.9990079142482855,4.977937837115176e-38
synthetic,isl,50,198,100,29,0.9977625163808496,2.898970091419284e-33
synthetic,isl,50,199,100,29,0.9988077523155894,5.94396992887369e-37
synthetic,isl,75,0,100,29,0.9995115144402199,3.502729031348826e-42
synthetic,isl,75,1,100,29,0.9996992327947151,5.0291448714782344e-45
synthetic,isl,75,2,100,29,0.9997488582026541,4.40975600566647e-46
synthetic,isl,75,3,100,29,0.9996036985114305,2.0820358048502024e-43
synthetic,isl,75,4,100,29,0.9997807858676943,7.035811413172297e-47
synthetic,isl,75,5,100,29,0.9993034990198811,4.205578519054364e-40
synthetic,isl,75,6,100,29,0.9991937208927996,3.0315018136236986e-39
synthetic,isl,75,7,100,29,0.9996964238912355,5.701485510870362e-45
synthetic,isl,75,8,100,29,0.9992598004078171,9.560514345348018e-40
synthetic,isl,75,9,100,29,0.9993746749173039,9.817281713580525e-41
synthetic,isl,75,10,100,29,0.999477341118062,8.725078253829132e-42
synthetic,isl,75,11,100,29,0.9991104839469246,1.1414859897738613e-38
synthetic,isl,75,12,100,29,0.9997216178202563,1.77051070793267e-45
synthetic,isl,75,13,100,29,0.99951232192425,3.425380778919933e-42
synthetic,isl,75,14,100,29,0.9997415779880031,6.485418157296386e-46
synthetic,isl,75,15,100,29,0.9990420218806535,3.1047153943316867e-38
synthetic,isl,75,16,100,29,0.9994594830699456,1.3731002187930933e-41
synthetic,isl,75,17,100,29,0.9997745134093194,1.0296808852935676e-46
synthetic,isl,75,18,100,29,0.9996777595009865,1.275733695364027e-44
synthetic,isl,75,19,100,29,0.999747511097584,4.739970698334091e-46
synthetic,isl,75,20,100,29,0.9998074737179389,1.2197520496324663e-47
synthetic,isl,75,21,100,29,0.9997415106261834,6.508274947927688e-46
synthetic,isl,75,22,100,29,0.9994597481687054,1.3640386635217242e-41
synthetic,isl,75,23,100,29,0.9997138458295587,2.5675604160596828e-45
synthetic,isl,75,24,100,29,0.9997719735851655,1.1977499360973467e-46
synthetic,isl,75,25,100,29,0.9997937706798014,3.0856888855708544e-47
synthetic,isl,75,26,100,29,0.9996478542821913,4.2267382910854317e-44
synthetic,isl,75,27,100,29,0.9996381183675287,6.10768308049788e-44
synthetic,isl,75,28,100,29,0.9994410901360145,2.1569701147880447e-41
synthetic,isl,75,29,100,29,0.999691324938217,7.138936427320189e-45
synthetic,isl,75,30,100,29,0.9994971871979768,5.1743688291378306e-42
synthetic,isl,75,31,100,29,0.9997721030095912,1.1886056775586737e-46
synthetic,isl,75,32,100,29,0.9997264501760359,1.397794692218233e-45
synthetic,isl,75,33,100,29,0.99964033982537,5.620572372241273e-44
synthetic,isl,75,34,100,29,0.9997890266115832,4.1945295915846844e-47
synthetic,isl,75,35,100,29,0.9997048642409205,3.896652094250846e-45
synthetic,isl,75,36,100,29,0.9996598882523036,2.64347534052387e-44
synthetic,isl,75,37,100,29,0.9996661007987687,2.0611355384389423e-44
synthetic,isl,75,38,100,29,0.9993854632609188,7.762213016182872e-41
synthetic,isl,75,39,100,29,0.9996241447445134,1.0185241766596348e-43
synthetic,isl,75,40,100,29,0.9997245058778722,1.5380239249781753e-45
synthetic,isl,75,41,100,29,0.9993399018124913,2.0379319652731057e-40
synthetic,isl,75,42,100,29,0.9995236494477678,2.494301492240702e-42
synthetic,isl,75,43,100,29,0.9995148812850441,3.190546597123964e-42
synthetic,isl,75,44,100,29,0.9992522530206295,1.096328809235673e-39
synthetic,isl,75,45,100,29,0.9996665363546398,2.0251382796635448e-44
synthetic,isl,75,46,100,29,0.9997664428713019,1.6552353456884479e-46
synthetic,isl,75,47,100,29,0.999413376162392,4.1449200590101155e-41
synthetic,isl,75,48,100,29,0.9997027801260489,4.284918275830277e-45
synthetic,isl,75,49,100,29,0.9995886013647839,3.448668617061523e-43
synthetic,isl,75,50,100,29,0.9997964592454751,2.5847707181004485e-47
synthetic,isl,75,51,100,29,0.9995163968156172,3.058609822695694e-42
synthetic,isl,75,52,100,29,0.9993491234432218,1.6855017051152513e-40
synthetic,isl,75,53,100,29,0.9992073095068964,2.4101189132005858e-39
synthetic,isl,75,54,100,29,0.9994629254869214,1.2596552579343658e-41
synthetic,isl,75,55,100,29,0.9995637238639115,7.617629384956685e-43
synthetic,isl,75,56,100,29,0.9998009780809323,1.9089831454512657e-47
synthetic,isl,75,57,100,29,0.9997434849658527,5.86837189387834e-46
synthetic,isl,75,58,100,29,0.9997622268874072,2.1073608398476576e-46
synthetic,isl,75,59,100,29,0.9997055584429841,3.774735929136296e-45
synthetic,isl,75,60,100,29,0.999489960782184,6.273384625033956e-42
synthetic,isl,75,61,100,29,0.9994746228146871,9.357853971481105e-42
synthetic,isl,75,62,100,29,0.9990273271342902,3.8127294750692033e-38
synthetic,isl,75,63,100,29,0.9994281079638023,2.940607209783165e-41
synthetic,isl,75,64,100,29,0.9995773375953358,4.965790909445203e-43
synthetic,isl,75,65,100,29,0.9998023347766593,1.7406115233809436e-47
synthetic,isl,75,66,100,29,0.9992942516720511,5.024953764303091e-40
synthetic,isl,75,67,100,29,0.9995028007038146,4.4468039397596296e-42
synthetic,isl,75,68,100,29,0.9994392793436245,2.2532225754090719e-41
synthetic,isl,75,69,100,29,0.9997021107652104,4.417024968804728e-45
synthetic,isl,75,70,100,29,0.9997243590363347,1.549126634704309e-45
synthetic,isl,75,71,100,29,0.9995244756620831,2.4365373220881356e-42
synthetic,isl,75,72,100,29,0.9996998110662446,4.900182771166535e-45
synthetic,isl,75,73,100,29,0.9989439317510591,1.1569514689499238e-37
synthetic,isl,75,74,100,29,0.9997591735865667,2.5034547705947147e-46
synthetic,isl,75,75,100,29,0.9996644018297829,2.2072880560880635e-44
synthetic,isl,75,76,100,29,0.9991765261724908,4.030265771931045e-39
synthetic,isl,75,77,100,29,0.999559042108476,8.798110888061633e-43
synthetic,isl,75,78,100,29,0.9997355407763071,8.857621761312938e-46
synthetic,isl,75,79,100,29,0.9997627196156363,2.049169684938109e-46
synthetic,isl,75,80,100,29,0.9991884956065272,3.307641686479787e-39
synthetic,isl,75,81,100,29,0.9996713363261773,1.6651761319074626e-44
synthetic,isl,75,82,100,29,0.9996001736064676,2.3463726617643665e-43
synthetic,isl,75,83,100,29,0.9994345839636991,2.5216416639604775e-41
synthetic,isl,75,84,100,29,0.9994728653714572,9.789294092556526e-42
synthetic,isl,75,85,100,29,0.9996083304648524,1.7765200041968115e-43
synthetic,isl,75,86,100,29,0.9995594625213304,8.6855638830153e-43
synthetic,isl,75,87,100,29,0.999624792855036,9.950716693372781e-44
synthetic,isl,75,88,100,29,0.9996185863198893,1.241733543238136e-43
synthetic,isl,75,89,100,29,0.9997625554805447,2.0683866663868898e-46
synthetic,isl,75,90,100,29,0.999591368763995,3.1483724815707706e-43
synthetic,isl,75,91,100,29,0.9992757300336311,7.128014910526963e-40
synthetic,isl,75,92,100,29,0.9996675450618223,1.943995302331287e-44
synthetic,isl,75,93,100,29,0.999096785666747,1.4029295674318147e-38
synthetic,isl,75,94,100,29,0.9993597353392756,1.3501381282886245e-40
synthetic,isl,75,95,100,29,0.9994833636414757,7.461636346865719e-42
synthetic,isl,75,96,100,29,0.999600284424828,2.3376098369647642e-43
synthetic,isl,75,97,100,29,0.9985210351576822,1.0885164487416404e-35
synthetic,isl,75,98,100,29,0.9995695832738237,6.346851736360274e-43
synthetic,isl,75,99,100,29,0.9995757061627395,5.23083731355616e-43
synthetic,isl,75,100,100,29,0.9996512865396624,3.703301587499639e-44
synthetic,isl,75,101,100,29,0.9995543446592018,1.0150899017304212e-42
synthetic,isl,75,102,100,29,0.9995523426269056,1.0783975752648438e-42
synthetic,isl,75,103,100,29,0.9996318195227939,7.709611302924546e-44
synthetic,isl,75,104,100,29,0.9994397918697547,2.225583495691663e-41
synthetic,isl,75,105,100,29,0.9997365184884937,8.425658882097931e-46
synthetic,isl,75,106,100,29,0.9997214548689692,1.7845513137727832e-45
synthetic,isl,75,107,100,29,0.9991063063522295,1.2159925538161112e-38
synthetic,isl,75,108,100,29,0.999465606673527,1.17737821741061e-41
synthetic,isl,75,109,100,29,0.9995629606789945,7.799471011252768e-43
synthetic,isl,75,110,100,29,0.9997499282521112,4.162778390350494e-46
synthetic,isl,75,111,100,29,0.9997958438048304,2.692287542820767e-47
synthetic,isl,75,112,100,29,0.9996568522410612,2.980377645323229e-44
synthetic,isl,75,113,100,29,0.999481467656547,7.839822356706172e-42
synthetic,isl,75,114,100,29,0.9997064307295284,3.6265516509653414e-45
synthetic,isl,75,115,100,29,0.9995307629807593,2.0358812859801954e-42
synthetic,isl,75,116,100,29,0.9996265167373761,9.351027060190434e-44
synthetic,isl,75,117,100,29,0.9994323455468894,2.659761729668593e-41
synthetic,isl,75,118,100,29,0.9996074974278775,1.8282039489811457e-43
synthetic,isl,75,119,100,29,0.9993160162449988,3.29254813995872e-40
synthetic,isl,75,120,100,29,0.9995910471288116,3.181985891386101e-43
synthetic,isl,75,121,100,29,0.999740398578097,6.896553483194897e-46
synthetic,isl,75,122,100,29,0.9995981969848525,2.5078720377719996e-43
synthetic,isl,75,123,100,29,0.9994554001419605,1.5198926586053406e-41
synthetic,isl,75,124,100,29,0.9995633938154587,7.695781771078423e-43
synthetic,isl,75,125,100,29,0.9993759142481685,9.557912138389764e-41
synthetic,isl,75,126,100,29,0.9996033940965962,2.103726505313326e-43
synthetic,isl,75,127,100,29,0.9996847198277418,9.500596598753669e-45
synthetic,isl,75,128,100,29,0.9997880839959509,4.454694590672744e-47
synthetic,isl,75,129,100,29,0.9996385526027289,6.009497590691552e-44
synthetic,isl,75,130,100,29,0.9989810015875717,7.143473032170835e-38
synthetic,isl,75,131,100,29,0.9994642313286635,1.2189402592594592e-41
synthetic,isl,75,132,100,29,0.9988028694719178,6.28097412644692e-37
synthetic,isl,75,133,100,29,0.9998971650773988,2.5691020374833325e-51
synthetic,isl,75,134,100,29,0.999574310566752,5.4679011973627384e-43
synthetic,isl,75,135,100,29,0.999569006138146,6.462687474437733e-43
synthetic,isl,75,136,100,29,0.9993460451759604,1.7963233388203777e-40
synthetic,isl,75,137,100,29,0.9994754537876249,9.160047691488245e-42
synthetic,isl,75,138,100,29,0.9997165939789406,2.2539746272994262e-45
synthetic,isl,75,139,100,29,0.9993094107113715,3.748565654026865e-40
synthetic,isl,75,140,100,29,0.9996331219412306,7.349521205411548e-44
synthetic,isl,75,141,100,29,0.9995195327899464,2.8014903856494904e-42
synthetic,isl,75,142,100,29,0.9996747192695769,1.4481323190834953e-44
synthetic,isl,75,143,100,29,0.9994977573346451,5.095737591087923e-42
synthetic,isl,75,144,100,29,0.9995168681861888,3.018615588156022e-42
synthetic,isl,75,145,100,29,0.9996904700979328,7.410469984364485e-45
synthetic,isl,75,146,100,29,0.9997445963967002,5.534292219793778e-46
synthetic,isl,75,147,100,29,0.9997861540055194,5.034628938929752e-47
synthetic,isl,75,148,100,29,0.9995972601859562,2.5879539953099383e-43
synthetic,isl,75,149,100,29,0.9996737220019712,1.5092227143883158e-44
synthetic,isl,75,150,100,29,0.9994580149794349,1.4242993782015233e-41
synthetic,isl,75,151,100,29,0.9996526207267394,3.516555930933392e-44
synthetic,isl,75,152,100,29,0.9995684632102618,6.5734413354864515e-43
synthetic,isl,75,153,100,29,0.9994208545501925,3.485878760844343e-41
synthetic,isl,75,154,100,29,0.9993256659972802,2.718014065236487e-40
synthetic,isl,75,155,100,29,0.9995329407574916,1.9119826612419314e-42
synthetic,isl,75,156,100,29,0.9990160267001026,4.4558478357592833e-38
synthetic,isl,75,157,100,29,0.9997424989315444,6.180291965514366e-46
synthetic,isl,75,158,100,29,0.9995357453698466,1.762701305643624e-42
synthetic,isl,75,159,100,29,0.999666788078672,2.0046004453575137e-44
synthetic,isl,75,160,100,29,0.9996491453047722,4.0223005334397936e-44
synthetic,isl,75,161,100,29,0.9997932186858897,3.1990618120760627e-47
synthetic,isl,75,162,100,29,0.999481903425388,7.751362942042675e-42
synthetic,isl,75,163,100,29,0.9996602826869745,2.6023931070579046e-44
synthetic,isl,75,164,100,29,0.9994554828296456,1.5167809706107157e-41
synthetic,isl,75,165,100,29,0.9995686517052766,6.534791931764284e-43
synthetic,isl,75,166,100,29,0.9996873220394534,8.495045508099197e-45
synthetic,isl,75,167,100,29,0.9993447159116075,1.846232796405903e-40
synthetic,isl,75,168,100,29,0.9997096479364931,3.1253262724895036e-45
synthetic,isl,75,169,100,29,0.999442935082493,2.062829119123553e-41
synthetic,isl,75,170,100,29,0.9994266958669508,3.0401308024146167e-41
synthetic,isl,75,171,100,29,0.9994021273678352,5.356101293062953e-41
synthetic,isl,75,172,100,29,0.9992237412307969,1.816639492659546e-39
synthetic,isl,75,173,100,29,0.9995020096287075,4.5432530720762644e-42
synthetic,isl,75,174,100,29,0.9994955484251887,5.406682153992528e-42
synthetic,isl,75,175,100,29,0.9996879638695223,8.262664292212379e-45
synthetic,isl,75,176,100,29,0.9996359823568783,6.612651667035173e-44
synthetic,isl,75,177,100,29,0.9994479198923631,1.8271566178389013e-41
synthetic,isl,75,178,100,29,0.9995723584422821,5.816217890847335e-43
synthetic,isl,75,179,100,29,0.9998356924415148,1.4358344562080157e-48
synthetic,isl,75,180,100,29,0.9996433076415703,5.025828699842584e-44
synthetic,isl,75,181,100,29,0.9997979878304337,2.334688536632376e-47
synthetic,isl,75,182,100,29,0.9993856109095666,7.737080612506564e-41
synthetic,isl,75,183,100,29,0.9998177453224293,5.818947190833628e-48
synthetic,isl,75,184,100,29,0.9995616752874312,8.114848049546848e-43
synthetic,isl,75,185,100,29,0.9997094346799821,3.156453935380275e-45
synthetic,isl,75,186,100,29,0.9994480640364148,1.820728372876663e-41
synthetic,isl,75,187,100,29,0.9993183764196627,3.1424773565756e-40
synthetic,isl,75,188,100,29,0.9992440207165794,1.2709122957748665e-39
synthetic,isl,75,189,100,29,0.9996369887871861,6.370094524482788e-44
synthetic,isl,75,190,100,29,0.9994317161845021,2.6998389734520836e-41
synthetic,isl,75,191,100,29,0.9992765433616037,7.0207426622444516e-40
synthetic,isl,75,192,100,29,0.9997996400273994,2.089702400188343e-47
synthetic,isl,75,193,100,29,0.9994664497512264,1.1525537485005483e-41
synthetic,isl,75,194,100,29,0.9991353070996865,7.790991514388913e-39
synthetic,isl,75,195,100,29,0.9992733010566786,7.45748114429505e-40
synthetic,isl,75,196,100,29,0.9997382004450605,7.727897495993661e-46
synthetic,isl,75,197,100,29,0.998829569788981,4.63285543849447e-37
synthetic,isl,75,198,100,29,0.9994504156399704,1.7187696488370466e-41
synthetic,isl,75,199,100,29,0.9991254320648182,9.081239725737779e-39
synthetic,isl,100,0,100,29,0.9999999999999999,0.0
synthetic,isl,100,1,100,29,0.9999999999999999,0.0
synthetic,isl,100,2,100,29,0.9999999999999999,0.0
synthetic,isl,100,3,100,29,0.9999999999999999,0.0
synthetic,isl,100,4,100,29,0.9999999999999999,0.0
synthetic,isl,100,5,100,29,0.9999999999999999,0.0
synthetic,isl,100,6,100,29,0.9999999999999999,0.0
synthetic,isl,100,7,100,29,0.9999999999999999,0.0
synthetic,isl,100,8,100,29,0.9999999999999999,0.0
synthetic,isl,100,9,100,29,0.9999999999999999,0.0
synthetic,isl,100,10,100,29,0.9999999999999999,0.0
synthetic,isl,100,11,100,29,0.9999999999999999,0.0
synthetic,isl,100,12,100,29,0.9999999999999999,0.0
synthetic,isl,100,13,100,29,0.9999999999999999,0.0
synthetic,isl,100,14,100,29,0.9999999999999999,0.0
synthetic,isl,100,15,100,29,0.9999999999999999,0.0
synthetic,isl,100,16,100,29,0.9999999999999999,0.0
synthetic,isl,100,17,100,29,0.9999999999999999,0.0
synthetic,isl,100,18,100,29,0.9999999999999999,0.0
synthetic,isl,100,19,100,29,0.9999999999999999,0.0
synthetic,isl,100,20,100,29,0.9999999999999999,0.0
synthetic,isl,100,21,100,29,0.9999999999999999,0.0
synthetic,isl,100,22,100,29,0.9999999999999999,0.0
synthetic,isl,100,23,100,29,0.9999999999999999,0.0
synthetic,isl,100,24,100,29,0.9999999999999999,0.0
synthetic,isl,100,25,100,29,0.9999999999999999,0.0
synthetic,isl,100,26,100,29,0.9999999999999999,0.0
synthetic,isl,100,27,100,29,0.9999999999999999,0.0
synthetic,isl,100,28,100,29,0.9999999999999999,0.0
synthetic,isl,100,29,100,29,0.9999999999999999,0.0
synthetic,isl,100,30,100,29,0.9999999999999999,0.0
synthetic,isl,100,31,100,29,0.9999999999999999,0.0
synthetic,isl,100,32,100,29,0.9999999999999999,0.0
synthetic,isl,100,33,100,29,0.9999999999999999,0.0
synthetic,isl,100,34,100,29,0.9999999999999999,0.0
synthetic,isl,100,35,100,29,0.9999999999999999,0.0
synthetic,isl,100,36,100,29,0.9999999999999999,0.0
synthetic,isl,100,37,100,29,0.9999999999999999,0.0
synthetic,isl,100,38,100,29,0.9999999999999999,0.0
synthetic,isl,100,39,100,29,0.9999999999999999,0.0
synthetic,isl,100,40,100,29,0.9999999999999999,0.0
synthetic,isl,100,41,100,29,0.9999999999999999,0.0
synthetic,isl,100,42,100,29,0.9999999999999999,0.0
synthetic,isl,100,43,100,29,0.9999999999999999,0.0
synthetic,isl,100,44,100,29,0.9999999999999999,0.0
synthetic,isl,100,45,100,29,0.9999999999999999,0.0
synthetic,isl,100,46,100,29,0.9999999999999999,0.0
synthetic,isl,100,47,100,29,0.9999999999999999,0.0
synthetic,isl,100,48,100,29,0.9999999999999999,0.0
synthetic,isl,100,49,100,29,0.9999999999999999,0.0
synthetic,isl,100,50,100,29,0.9999999999999999,0.0
synthetic,isl,100,51,100,29,0.9999999999999999,0.0
synthetic,isl,100,52,100,29,0.9999999999999999,0.0
synthetic,isl,100,53,100,29,0.9999999999999999,0.0
synthetic,isl,100,54,100,29,0.9999999999999999,0.0
synthetic,isl,100,55,100,29,0.9999999999999999,0.0
synthetic,isl,100,56,100,29,0.9999999999999999,0.0
synthetic,isl,100,57,100,29,0.9999999999999999,0.0
synthetic,isl,100,58,100,29,0.9999999999999999,0.0
synthetic,isl,100,59,100,29,0.9999999999999999,0.0
synthetic,isl,100,60,100,29,0.9999999999999999,0.0
synthetic,isl,100,61,100,29,0.9999999999999999,0.0
synthetic,isl,100,62,100,29,0.9999999999999999,0.0
synthetic,isl,100,63,100,29,0.9999999999999999,0.0
synthetic,isl,100,64,100,29,0.9999999999999999,0.0
synthetic,isl,100,65,100,29,0.9999999999999999,0.0
synthetic,isl,100,66,100,29,0.9999999999999999,0.0
synthetic,isl,100,67,100,29,0.9999999999999999,0.0
synthetic,isl,100,68,100,29,0.9999999999999999,0.0
synthetic,isl,100,69,100,29,0.9999999999999999,0.0
synthetic,isl,100,70,100,29,0.9999999999999999,0.0
synthetic,isl,100,71,100,29,0.9999999999999999,0.0
synthetic,isl,100,72,100,29,0.9999999999999999,0.0
synthetic,isl,100,73,100,29,0.9999999999999999,0.0
synthetic,isl,100,74,100,29,0.9999999999999999,0.0
synthetic,isl,100,75,100,29,0.9999999999999999,0.0
synthetic,isl,100,76,100,29,0.9999999999999999,0.0
synthetic,isl,100,77,100,29,0.9999999999999999,0.0
synthetic,isl,100,78,100,29,0.9999999999999999,0.0
synthetic,isl,100,79,100,29,0.9999999999999999,0.0
synthetic,isl,100,80,100,29,0.9999999999999999,0.0
synthetic,isl,100,81,100,29,0.9999999999999999,0.0
synthetic,isl,100,82,100,29,0.9999999999999999,0.0
synthetic,isl,100,83,100,29,0.9999999999999999,0.0
synthetic,isl,100,84,100,29,0.9999999999999999,0.0
synthetic,isl,100,85,100,29,0.9999999999999999,0.0
synthetic,isl,100,86,100,29,0.9999999999999999,0.0
synthetic,isl,100,87,100,29,0.9999999999999999,0.0
synthetic,isl,100,88,100,29,0.9999999999999999,0.0
synthetic,isl,100,89,100,29,0.9999999999999999,0.0
synthetic,isl,100,90,100,29,0.9999999999999999,0.0
synthetic,isl,100,91,100,29,0.9999999999999999,0.0
synthetic,isl,100,92,100,29,0.9999999999999999,0.0
synthetic,isl,100,93,100,29,0.9999999999999999,0.0
synthetic,isl,100,94,100,29,0.9999999999999999,0.0
synthetic,isl,100,95,100,29,0.9999999999999999,0.0
synthetic,isl,100,96,100,29,0.9999999999999999,0.0
synthetic,isl,100,97,100,29,0.9999999999999999,0.0
synthetic,isl,100,98,100,29,0.9999999999999999,0.0
synthetic,isl,100,99,100,29,0.9999999999999999,0.0
synthetic,isl,100,100,100,29,0.9999999999999999,0.0
synthetic,isl,100,101,100,29,0.9999999999999999,0.0
synthetic,isl,100,102,100,29,0.9999999999999999,0.0
synthetic,isl,100,103,100,29,0.9999999999999999,0.0
synthetic,isl,100,104,100,29,0.9999999999999999,0.0
synthetic,isl,100,105,100,29,0.9999999999999999,0.0
synthetic,isl,100,106,100,29,0.9999999999999999,0.0
synthetic,isl,100,107,100,29,0.9999999999999999,0.0
synthetic,isl,100,108,100,29,0.9999999999999999,0.0
synthetic,isl,100,109,100,29,0.9999999999999999,0.0
synthetic,isl,100,110,100,29,0.9999999999999999,0.0
synthetic,isl,100,111,100,29,0.9999999999999999,0.0
synthetic,isl,100,112,100,29,0.9999999999999999,0.0
synthetic,isl,100,113,100,29,0.9999999999999999,0.0
synthetic,isl,100,114,100,29,0.9999999999999999,0.0
synthetic,isl,100,115,100,29,0.9999999999999999,0.0
synthetic,isl,100,116,100,29,0.9999999999999999,0.0
synthetic,isl,100,117,100,29,0.9999999999999999,0.0
synthetic,isl,100,118,100,29,0.9999999999999999,0.0
synthetic,isl,100,119,100,29,0.9999999999999999,0.0
synthetic,isl,100,120,100,29,0.9999999999999999,0.0
synthetic,isl,100,121,100,29,0.9999999999999999,0.0
synthetic,isl,100,122,100,29,0.9999999999999999,0.0
synthetic,isl,100,123,100,29,0.9999999999999999,0.0
synthetic,isl,100,124,100,29,0.9999999999999999,0.0
synthetic,isl,100,125,100,29,0.9999999999999999,0.0
synthetic,isl,100,126,100,29,0.9999999999999999,0.0
synthetic,isl,100,127,100,29,0.9999999999999999,0.0
synthetic,isl,100,128,100,29,0.9999999999999999,0.0
synthetic,isl,100,129,100,29,0.9999999999999999,0.0
synthetic,isl,100,130,100,29,0.9999999999999999,0.0
synthetic,isl,100,131,100,29,0.9999999999999999,0.0
synthetic,isl,100,132,100,29,0.9999999999999999,0.0
synthetic,isl,100,133,100,29,0.9999999999999999,0.0
synthetic,isl,100,134,100,29,0.9999999999999999,0.0
synthetic,isl,100,135,100,29,0.9999999999999999,0.0
synthetic,isl,100,136,100,29,0.9999999999999999,0.0
synthetic,isl,100,137,100,29,0.9999999999999999,0.0
synthetic,isl,100,138,100,29,0.9999999999999999,0.0
synthetic,isl,100,139,100,29,0.9999999999999999,0.0
synthetic,isl,100,140,100,29,0.9999999999999999,0.0
synthetic,isl,100,141,100,29,0.9999999999999999,0.0
synthetic,isl,100,142,100,29,0.9999999999999999,0.0
synthetic,isl,100,143,100,29,0.9999999999999999,0.0
synthetic,isl,100,144,100,29,0.9999999999999999,0.0
synthetic,isl,100,145,100,29,0.9999999999999999,0.0
synthetic,isl,100,146,100,29,0.9999999999999999,0.0
synthetic,isl,100,147,100,29,0.9999999999999999,0.0
synthetic,isl,100,148,100,29,0.9999999999999999,0.0
synthetic,isl,100,149,100,29,0.9999999999999999,0.0
synthetic,isl,100,150,100,29,0.9999999999999999,0.0
synthetic,isl,100,151,100,29,0.9999999999999999,0.0
synthetic,isl,100,152,100,29,0.9999999999999999,0.0
synthetic,isl,100,153,100,29,0.9999999999999999,0.0
synthetic,isl,100,154,100,29,0.9999999999999999,0.0
synthetic,isl,100,155,100,29,0.9999999999999999,0.0
synthetic,isl,100,156,100,29,0.9999999999999999,0.0
synthetic,isl,100,157,100,29,0.9999999999999999,0.0
synthetic,isl,100,158,100,29,0.9999999999999999,0.0
synthetic,isl,100,159,100,29,0.9999999999999999,0.0
synthetic,isl,100,160,100,29,0.9999999999999999,0.0
synthetic,isl,100,161,100,29,0.9999999999999999,0.0
synthetic,isl,100,162,100,29,0.9999999999999999,0.0
synthetic,isl,100,163,100,29,0.9999999999999999,0.0
synthetic,isl,100,164,100,29,0.9999999999999999,0.0
synthetic,isl,100,165,100,29,0.9999999999999999,0.0
synthetic,isl,100,166,100,29,0.9999999999999999,0.0
synthetic,isl,100,167,100,29,0.9999999999999999,0.0
synthetic,isl,100,168,100,29,0.9999999999999999,0.0
synthetic,isl,100,169,100,29,0.9999999999999999,0.0
synthetic,isl,100,170,100,29,0.9999999999999999,0.0
synthetic,isl,100,171,100,29,0.9999999999999999,0.0
synthetic,isl,100,172,100,29,0.9999999999999999,0.0
synthetic,isl,100,173,100,29,0.9999999999999999,0.0
synthetic,isl,100,174,100,29,0.9999999999999999,0.0
synthetic,isl,100,175,100,29,0.9999999999999999,0.0
synthetic,isl,100,176,100,29,0.9999999999999999,0.0
synthetic,isl,100,177,100,29,0.9999999999999999,0.0
synthetic,isl,100,178,100,29,0.9999999999999999,0.0
synthetic,isl,100,179,100,29,0.9999999999999999,0.0
synthetic,isl,100,180,100,29,0.9999999999999999,0.0
synthetic,isl,100,181,100,29,0.9999999999999999,0.0
synthetic,isl,100,182,100,29,0.9999999999999999,0.0
synthetic,isl,100,183,100,29,0.9999999999999999,0.0
synthetic,isl,100,184,100,29,0.9999999999999999,0.0
synthetic,isl,100,185,100,29,0.9999999999999999,0.0
synthetic,isl,100,186,100,29,0.9999999999999999,0.0
synthetic,isl,100,187,100,29,0.9999999999999999,0.0
synthetic,isl,100,188,100,29,0.9999999999999999,0.0
synthetic,isl,100,189,100,29,0.9999999999999999,0.0
synthetic,isl,100,190,100,29,0.9999999999999999,0.0
synthetic,isl,100,191,100,29,0.9999999999999999,0.0
synthetic,isl,100,192,100,29,0.9999999999999999,0.0
synthetic,isl,100,193,100,29,0.9999999999999999,0.0
synthetic,isl,100,194,100,29,0.9999999999999999,0.0
synthetic,isl,100,195,100,29,0.9999999999999999,0.0
synthetic,isl,100,196,100,29,0.9999999999999999,0.0
synthetic,isl,100,197,100,29,0.9999999999999999,0.0
synthetic,isl,100,198,100,29,0.9999999999999999,0.0
synthetic,isl,100,199,100,29,0.9999999999999999,0.0
synthetic,nob,10,0,100,30,0.9937902892583327,2.988959600177349e-28
synthetic,nob,10,1,100,30,0.9837804515900861,1.934457095862986e-22
synthetic,nob,10,2,100,30,0.9937769033000625,3.080187721635229e-28
synthetic,nob,10,3,100,30,0.9959376101304835,7.964045169267852e-31
synthetic,nob,10,4,100,30,0.9885231711904009,1.5707089913951998e-24
synthetic,nob,10,5,100,30,0.9917518509838757,1.5708109746799444e-26
synthetic,nob,10,6,100,30,0.9959277031001904,8.239810608599626e-31
synthetic,nob,10,7,100,30,0.9950666692194678,1.2018640877642299e-29
synthetic,nob,10,8,100,30,0.992565461135041,3.688421412310848e-27
synthetic,nob,10,9,100,30,0.9960647008512407,5.107581093245657e-31
synthetic,nob,10,10,100,30,0.9880065286800781,2.900343224038432e-24
synthetic,nob,10,11,100,30,0.9974962002037374,9.176944695912516e-34
synthetic,nob,10,12,100,30,0.9803588181659636,2.7623338301056474e-21
synthetic,nob,10,13,100,30,0.9776145649835374,1.6949194555653535e-20
synthetic,nob,10,14,100,30,0.992516404097528,4.042955391801603e-27
synthetic,nob,10,15,100,30,0.9940381191478961,1.6925506485302774e-28
synthetic,nob,10,16,100,30,0.9898281013681516,2.9219450317178967e-25
synthetic,nob,10,17,100,30,0.9761986898966216,3.96528830736234e-20
synthetic,nob,10,18,100,30,0.9945518371015881,4.808766415340706e-29
synthetic,nob,10,19,100,30,0.9939467736946583,2.0929122485651635e-28
synthetic,nob,10,20,100,30,0.9897545640416412,3.230541217034832e-25
synthetic,nob,10,21,100,30,0.9950401976091361,1.2951598948865388e-29
synthetic,nob,10,22,100,30,0.9875327609865395,4.974503706918361e-24
synthetic,nob,10,23,100,30,0.9859880990030602,2.5283135188350584e-23
synthetic,nob,10,24,100,30,0.992926956903236,1.83961858812045e-27
synthetic,nob,10,25,100,30,0.9894442727388506,4.896232454194211e-25
synthetic,nob,10,26,100,30,0.990470015434261,1.1776957960546568e-25
synthetic,nob,10,27,100,30,0.9904499881838716,1.2126740900888853e-25
synthetic,nob,10,28,100,30,0.9921022208284096,8.572928151517699e-27
synthetic,nob,10,29,100,30,0.9938321308132857,2.7197160260953355e-28
synthetic,nob,10,30,100,30,0.9774351750045108,1.8932227965484406e-20
synthetic,nob,10,31,100,30,0.9818705099467343,9.085401605021636e-22
synthetic,nob,10,32,100,30,0.990275794526784,1.5602214282616416e-25
synthetic,nob,10,33,100,30,0.991891337408217,1.238200566555938e-26
synthetic,nob,10,34,100,30,0.9952226562417227,7.67210989518994e-30
synthetic,nob,10,35,100,30,0.9873672196361781,5.977401288263136e-24
synthetic,nob,10,36,100,30,0.9954195491609441,4.2612687041959794e-30
synthetic,nob,10,37,100,30,0.9919850801524902,1.0527814513247657e-26
synthetic,nob,10,38,100,30,0.9920079943515105,1.0115589367005387e-26
synthetic,nob,10,39,100,30,0.9938571341917581,2.569755782144674e-28
synthetic,nob,10,40,100,30,0.9903966773086017,1.3105380360048656e-25
synthetic,nob,10,41,100,30,0.9832274812792154,3.0826546511029734e-22
synthetic,nob,10,42,100,30,0.9821302717455337,7.435103974814288e-22
synthetic,nob,10,43,100,30,0.9903427502205668,1.4169487069510153e-25
synthetic,nob,10,44,100,30,0.9937323601606112,3.4027047181631305e-28
synthetic,nob,10,45,100,30,0.9914423233319642,2.626011492678919e-26
synthetic,nob,10,46,100,30,0.954490170181745,3.02866835165196e-16
synthetic,nob,10,47,100,30,0.9886656588572673,1.3198188072024919e-24
synthetic,nob,10,48,100,30,0.984779551369208,7.991928266353289e-23
synthetic,nob,10,49,100,30,0.9915217775582418,2.3056416975929526e-26
synthetic,nob,10,50,100,30,0.9956588777189007,2.013185667529454e-30
synthetic,nob,10,51,100,30,0.9908826610905634,6.353125636672391e-26
synthetic,nob,10,52,100,30,0.9934983956626227,5.675931510567573e-28
synthetic,nob,10,53,100,30,0.9938450432059915,2.6412872518926043e-28
synthetic,nob,10,54,100,30,0.9928432481006668,2.1679125123676936e-27
synthetic,nob,10,55,100,30,0.9882302898094685,2.2311779379883284e-24
synthetic,nob,10,56,100,30,0.9930872200805843,1.335984173637868e-27
synthetic,nob,10,57,100,30,0.9937172859041266,3.518763998462297e-28
synthetic,nob,10,58,100,30,0.9931911129253206,1.0814426324979552e-27
synthetic,nob,10,59,100,30,0.9878481935136131,3.4815545695220465e-24
synthetic,nob,10,60,100,30,0.9872609459631382,6.716857203908638e-24
synthetic,nob,10,61,100,30,0.9822783504409814,6.623492130673108e-22
synthetic,nob,10,62,100,30,0.9802929100965102,2.893805475703206e-21
synthetic,nob,10,63,100,30,0.9907240429307287,8.08047077536609e-26
synthetic,nob,10,64,100,30,0.9869022680607327,9.886453594320759e-24
synthetic,nob,10,65,100,30,0.9939732713380426,1.968553467339972e-28
synthetic,nob,10,66,100,30,0.987154358959104,7.543000267634518e-24
synthetic,nob,10,67,100,30,0.9855852304541487,3.7506953365436927e-23
synthetic,nob,10,68,100,30,0.9920974553940861,8.645381416571419e-27
synthetic,nob,10,69,100,30,0.9908516241559642,6.661437175803661e-26
synthetic,nob,10,70,100,30,0.9929845625049898,1.641188296596618e-27
synthetic,nob,10,71,100,30,0.9854156679964112,4.413324920859716e-23
synthetic,nob,10,72,100,30,0.9910187592991029,5.151133229830851e-26
synthetic,nob,10,73,100,30,0.9873592844372364,6.029889854791055e-24
synthetic,nob,10,74,100,30,0.9894683262348656,4.743020711766838e-25
synthetic,nob,10,75,100,30,0.9919432124534918,1.1321545473589137e-26
synthetic,nob,10,76,100,30,0.9891702787299875,6.997523555206371e-25
synthetic,nob,10,77,100,30,0.9891120483413743,7.5404085536688565e-25
synthetic,nob,10,78,100,30,0.9916707341613731,1.8005806077333523e-26
synthetic,nob,10,79,100,30,0.9804595737751406,2.5720166015125557e-21
synthetic,nob,10,80,100,30,0.9900692099706964,2.0914861365066363e-25
synthetic,nob,10,81,100,30,0.9770814514915134,2.3487255382327906e-20
synthetic,nob,10,82,100,30,0.9894505382468085,4.855887260525068e-25
synthetic,nob,10,83,100,30,0.988221928509575,2.253356459218395e-24
synthetic,nob,10,84,100,30,0.9904368717198565,1.2361022851163102e-25
synthetic,nob,10,85,100,30,0.9795487368992245,4.8401414140647144e-21
synthetic,nob,10,86,100,30,0.9907390888625973,7.899621560243368e-26
synthetic,nob,10,87,100,30,0.9904617439322758,1.1920271923332881e-25
synthetic,nob,10,88,100,30,0.9898827980750731,2.710405826904932e-25
synthetic,nob,10,89,100,30,0.9888898045415978,9.992259091900403e-25
synthetic,nob,10,90,100,30,0.9914147252130155,2.746630276552475e-26
synthetic,nob,10,91,100,30,0.9939237261011266,2.2069687003619663e-28
synthetic,nob,10,92,100,30,0.9876280646684473,4.470388029135161e-24
synthetic,nob,10,93,100,30,0.9951077165884896,1.0694560690154363e-29
synthetic,nob,10,94,100,30,0.9867010372605927,1.2223923915757009e-23
synthetic,nob,10,95,100,30,0.9946025126255696,4.220357380679607e-29
synthetic,nob,10,96,100,30,0.9890169370441431,8.51187263975793e-25
synthetic,nob,10,97,100,30,0.9953741669968568,4.8906123837281426e-30
synthetic,nob,10,98,100,30,0.9914185011115586,2.729829332695878e-26
synthetic,nob,10,99,100,30,0.9900712345015167,2.0855504648271277e-25
synthetic,nob,10,100,100,30,0.9891781439064512,6.927042407476284e-25
synthetic,nob,10,101,100,30,0.9892314455754803,6.466482305889599e-25
synthetic,nob,10,102,100,30,0.9859794431002542,2.5501330350806442e-23
synthetic,nob,10,103,100,30,0.9919306494200824,1.157033443188723e-26
synthetic,nob,10,104,100,30,0.9807500048972101,2.089285786317078e-21
synthetic,nob,10,105,100,30,0.9911762426684791,4.024949387810429e-26
synthetic,nob,10,106,100,30,0.9818960214810332,8.909431802730825e-22
synthetic,nob,10,107,100,30,0.9933706743193935,7.447030298040533e-28
synthetic,nob,10,108,100,30,0.9845766824498844,9.607674662855301e-23
synthetic,nob,10,109,100,30,0.9953661908554758,5.009759449696212e-30
synthetic,nob,10,110,100,30,0.9818102869037589,9.51366435797958e-22
synthetic,nob,10,111,100,30,0.9860358248810084,2.4110855591720144e-23
synthetic,nob,10,112,100,30,0.9942333443540472,1.06323076980094e-28
synthetic,nob,10,113,100,30,0.9909374831831738,5.840669632873871e-26
synthetic,nob,10,114,100,30,0.9792410002651096,5.954534777667238e-21
synthetic,nob,10,115,100,30,0.9961918135412726,3.2278778362162774e-31
synthetic,nob,10,116,100,30,0.9900979247449667,2.0087454288780626e-25
synthetic,nob,10,117,100,30,0.9843918210535163,1.1338874932235785e-22
synthetic,nob,10,118,100,30,0.9900971653776557,2.010893844440117e-25
synthetic,nob,10,119,100,30,0.9944250274800559,6.631256269254014e-29
synthetic,nob,10,120,100,30,0.9906227391342425,9.401786887617833e-26
synthetic,nob,10,121,100,30,0.9709359545113725,6.292426674597307e-19
synthetic,nob,10,122,100,30,0.9937818383523545,3.046257699983622e-28
synthetic,nob,10,123,100,30,0.980462001521023,2.5675846147958222e-21
synthetic,nob,10,124,100,30,0.9908612856740054,6.564005534721616e-26
synthetic,nob,10,125,100,30,0.9884057875430534,1.8099050110470546e-24
synthetic,nob,10,126,100,30,0.9898062007247476,3.010861906441298e-25
synthetic,nob,10,127,100,30,0.9899666833011779,2.413424759976162e-25
synthetic,nob,10,128,100,30,0.9873361050381866,6.1856726557539985e-24
synthetic,nob,10,129,100,30,0.9864865093209378,1.5273512796170973e-23
synthetic,nob,10,130,100,30,0.9872081676213432,7.114827782074581e-24
synthetic,nob,10,131,100,30,0.9828532594918199,4.188876255346098e-22
synthetic,nob,10,132,100,30,0.9948786458356459,2.0266693883492463e-29
synthetic,nob,10,133,100,30,0.9872876963135019,6.5231310800393134e-24
synthetic,nob,10,134,100,30,0.994259810130856,9.97077224642494e-29
synthetic,nob,10,135,100,30,0.9872395017054354,6.875996582570248e-24
synthetic,nob,10,136,100,30,0.9943599832978665,7.797425614212116e-29
synthetic,nob,10,137,100,30,0.9914534566859157,2.578759302143998e-26
synthetic,nob,10,138,100,30,0.980612697460477,2.3059382376386186e-21
synthetic,nob,10,139,100,30,0.9861089109014999,2.241302730959877e-23
synthetic,nob,10,140,100,30,0.9856233018200158,3.615206115297196e-23
synthetic,nob,10,141,100,30,0.9870314665849267,8.61211161141901e-24
synthetic,nob,10,142,100,30,0.9949183733315724,1.817770493762924e-29
synthetic,nob,10,143,100,30,0.9921087381136479,8.474751987938306e-27
synthetic,nob,10,144,100,30,0.9911439292602474,4.2354567313711326e-26
synthetic,nob,10,145,100,30,0.9863416229407829,1.7717262323093967e-23
synthetic,nob,10,146,100,30,0.9838360090990773,1.8443539933990064e-22
synthetic,nob,10,147,100,30,0.9895302511920526,4.368808796589758e-25
synthetic,nob,10,148,100,30,0.9880858689495896,2.6442599666450326e-24
synthetic,nob,10,149,100,30,0.9833593526049758,2.762370707588487e-22
synthetic,nob,10,150,100,30,0.9855442615242681,3.901748407595207e-23
synthetic,nob,10,151,100,30,0.9828476319055048,4.20801974439741e-22
synthetic,nob,10,152,100,30,0.995315296908233,5.835761189336209e-30
synthetic,nob,10,153,100,30,0.9923295729746043,5.7034028125217534e-27
synthetic,nob,10,154,100,30,0.9917207142990586,1.6555823289432977e-26
synthetic,nob,10,155,100,30,0.9903076880012253,1.4903773919229e-25
synthetic,nob,10,156,100,30,0.9872751166115705,6.613578314547793e-24
synthetic,nob,10,157,100,30,0.9950607715406705,1.2220925191042323e-29
synthetic,nob,10,158,100,30,0.98637237043413,1.7170194879806793e-23
synthetic,nob,10,159,100,30,0.9946938554962629,3.325175660228356e-29
synthetic,nob,10,160,100,30,0.9878143940628629,3.618858979354209e-24
synthetic,nob,10,161,100,30,0.9938304263152253,2.730228993691946e-28
synthetic,nob,10,162,100,30,0.9897231141124726,3.3715323016418145e-25
synthetic,nob,10,163,100,30,0.9849050246195447,7.122849456306429e-23
synthetic,nob,10,164,100,30,0.987569653216999,4.7734120598833565e-24
synthetic,nob,10,165,100,30,0.9956101517960667,2.3529894303737206e-30
synthetic,nob,10,166,100,30,0.9700883224045123,9.361411834693481e-19
synthetic,nob,10,167,100,30,0.9917753130834362,1.5096151227150828e-26
synthetic,nob,10,168,100,30,0.9821296460639893,7.43872094908713e-22
synthetic,nob,10,169,100,30,0.9870254645547555,8.667763740011197e-24
synthetic,nob,10,170,100,30,0.9935355680756561,5.239296597127447e-28
synthetic,nob,10,171,100,30,0.9894118845421038,5.109794170839659e-25
synthetic,nob,10,172,100,30,0.9886918566005073,1.2779505937094631e-24
synthetic,nob,10,173,100,30,0.9891526253704755,7.1581480695468855e-25
synthetic,nob,10,174,100,30,0.9889822495094804,8.89417600529292e-25
synthetic,nob,10,175,100,30,0.9934746473929578,5.972314461100553e-28
synthetic,nob,10,176,100,30,0.9891308171204373,7.361300309127901e-25
synthetic,nob,10,177,100,30,0.9909288973597197,5.918307247450534e-26
synthetic,nob,10,178,100,30,0.9829567343542669,3.8509648894303463e-22
synthetic,nob,10,179,100,30,0.9947768211070956,2.668180947478972e-29
synthetic,nob,10,180,100,30,0.9899215413535744,2.5692635742145896e-25
synthetic,nob,10,181,100,30,0.9943267359473672,8.464473078060992e-29
synthetic,nob,10,182,100,30,0.9902454000079581,1.629598226155253e-25
synthetic,nob,10,183,100,30,0.9925928275943403,3.503407968770068e-27
synthetic,nob,10,184,100,30,0.9876602342451394,4.3112209853361495e-24
synthetic,nob,10,185,100,30,0.9943656097232381,7.68949118005548e-29
synthetic,nob,10,186,100,30,0.9943726240371055,7.556874390039609e-29
synthetic,nob,10,187,100,30,0.9942688732662035,9.753158828543341e-29
synthetic,nob,10,188,100,30,0.9880604516935827,2.723918857725549e-24
synthetic,nob,10,189,100,30,0.9912871820870527,3.3738440493136753e-26
synthetic,nob,10,190,100,30,0.9940756959553214,1.549521447401617e-28
synthetic,nob,10,191,100,30,0.9847747222929127,8.027263813199331e-23
synthetic,nob,10,192,100,30,0.9971661796893648,5.183767344633228e-33
synthetic,nob,10,193,100,30,0.991855045424727,1.3177928740044158e-26
synthetic,nob,10,194,100,30,0.9920191277566458,9.92075445128853e-27
synthetic,nob,10,195,100,30,0.9744633787190095,1.0508202304966371e-19
synthetic,nob,10,196,100,30,0.9875139477024476,5.080050313798737e-24
synthetic,nob,10,197,100,30,0.9929790611725906,1.659242583418867e-27
synthetic,nob,10,198,100,30,0.9780714751325362,1.2734417649486493e-20
synthetic,nob,10,199,100,30,0.9809429127972332,1.8166573113862756e-21
synthetic,nob,25,0,100,30,0.9962704570336132,2.4112841117180413e-31
synthetic,nob,25,1,100,30,0.9956792658974944,1.8850156063939977e-30
synthetic,nob,25,2,100,30,0.9974445166369951,1.2212095857352045e-33
synthetic,nob,25,3,100,30,0.9952844666921306,6.395854140872974e-30
synthetic,nob,25,4,100,30,0.995633728266342,2.1824274556672128e-30
synthetic,nob,25,5,100,30,0.9961896513653336,3.2535877049434783e-31
synthetic,nob,25,6,100,30,0.9977216146979019,2.4528931718873093e-34
synthetic,nob,25,7,100,30,0.9979399296998759,5.995460881941414e-35
synthetic,nob,25,8,100,30,0.9985675821791115,3.7162505091975337e-37
synthetic,nob,25,9,100,30,0.9971067713690477,6.92843291173209e-33
synthetic,nob,25,10,100,30,0.9966288559006107,5.873513560078122e-32
synthetic,nob,25,11,100,30,0.9959161313836276,8.573127446314391e-31
synthetic,nob,25,12,100,30,0.9962871310394701,2.264897152766436e-31
synthetic,nob,25,13,100,30,0.9960261881622228,5.852309540834163e-31
synthetic,nob,25,14,100,30,0.9968036777549503,2.789874184130007e-32
synthetic,nob,25,15,100,30,0.9972823283911326,2.887335553254247e-33
synthetic,nob,25,16,100,30,0.9960818550502121,4.805062063321532e-31
synthetic,nob,25,17,100,30,0.9954222778779621,4.225936110687329e-30
synthetic,nob,25,18,100,30,0.9950168317563667,1.3830508969108305e-29
synthetic,nob,25,19,100,30,0.9972585974954828,3.260590420858458e-33
synthetic,nob,25,20,100,30,0.9978622967813635,1.0058495485145607e-34
synthetic,nob,25,21,100,30,0.997410027277538,1.4730214887339549e-33
synthetic,nob,25,22,100,30,0.9967545098084162,3.4535941577764424e-32
synthetic,nob,25,23,100,30,0.9959709756425149,7.097050153520583e-31
synthetic,nob,25,24,100,30,0.998266882111477,5.344777355910641e-36
synthetic,nob,25,25,100,30,0.9972829948389258,2.8774502295181735e-33
synthetic,nob,25,26,100,30,0.9967178162906385,4.0413891314352747e-32
synthetic,nob,25,27,100,30,0.9949678783299257,1.5854299577254842e-29
synthetic,nob,25,28,100,30,0.9954005121027936,4.515503869485019e-30
synthetic,nob,25,29,100,30,0.997857536541244,1.0376350757444213e-34
synthetic,nob,25,30,100,30,0.9969605100368312,1.3807040074810255e-32
synthetic,nob,25,31,100,30,0.9962885991904064,2.252411153189894e-31
synthetic,nob,25,32,100,30,0.9957650537298284,1.4243164849925437e-30
synthetic,nob,25,33,100,30,0.9924898327831637,4.247942266240387e-27
synthetic,nob,25,34,100,30,0.9942428672409004,1.0389720247699795e-28
synthetic,nob,25,35,100,30,0.9956081172569652,2.368273601989027e-30
synthetic,nob,25,36,100,30,0.9967977543563649,2.863031961840654e-32
synthetic,nob,25,37,100,30,0.9966564236592069,5.236555254426488e-32
synthetic,nob,25,38,100,30,0.9952774059174196,6.530961658282308e-30
synthetic,nob,25,39,100,30,0.9990465620769883,1.2487787965619659e-39
synthetic,nob,25,40,100,30,0.9965975530314309,6.683624635220521e-32
synthetic,nob,25,41,100,30,0.9982361929055626,6.832354971233963e-36
synthetic,nob,25,42,100,30,0.9959695541802145,7.1321233460005655e-31
synthetic,nob,25,43,100,30,0.9973615392322598,1.9092266721004766e-33
synthetic,nob,25,44,100,30,0.9968993102585935,1.8245068792001511e-32
synthetic,nob,25,45,100,30,0.992185168708525,7.398661796460995e-27
synthetic,nob,25,46,100,30,0.9967556624066927,3.4364867470943865e-32
synthetic,nob,25,47,100,30,0.9970850246300776,7.693209181346739e-33
synthetic,nob,25,48,100,30,0.9969678117227786,1.335045784390443e-32
synthetic,nob,25,49,100,30,0.9975847820076261,5.54531287424513e-34
synthetic,nob,25,50,100,30,0.9956050182784226,2.391731407009622e-30
synthetic,nob,25,51,100,30,0.995193384912146,8.355596708555262e-30
synthetic,nob,25,52,100,30,0.991253718045892,3.5591328104854233e-26
synthetic,nob,25,53,100,30,0.994747509172248,2.8851174676486455e-29
synthetic,nob,25,54,100,30,0.9986849020353655,1.1242211103703608e-37
synthetic,nob,25,55,100,30,0.9945008863031722,5.476407046964843e-29
synthetic,nob,25,56,100,30,0.9955520376347756,2.827671631736074e-30
synthetic,nob,25,57,100,30,0.9976769589494998,3.2179319426383125e-34
synthetic,nob,25,58,100,30,0.9963830999536029,1.5706453811149745e-31
synthetic,nob,25,59,100,30,0.99717198144854,5.037325816995502e-33
synthetic,nob,25,60,100,30,0.9980734453676255,2.348360101959667e-35
synthetic,nob,25,61,100,30,0.9974894542688948,9.528835696951387e-34
synthetic,nob,25,62,100,30,0.9972860547957159,2.8324643500864425e-33
synthetic,nob,25,63,100,30,0.997613210092164,4.699060527064178e-34
synthetic,nob,25,64,100,30,0.9950451368378849,1.2772576457247462e-29
synthetic,nob,25,65,100,30,0.9963895992768476,1.5316512790787815e-31
synthetic,nob,25,66,100,30,0.9980024007387839,3.897228803088227e-35
synthetic,nob,25,67,100,30,0.9981627050531895,1.209388360393576e-35
synthetic,nob,25,68,100,30,0.9965751992632446,7.324336238008844e-32
synthetic,nob,25,69,100,30,0.9965988287005867,6.648679338568877e-32
synthetic,nob,25,70,100,30,0.9974514889265093,1.1754309836465557e-33
synthetic,nob,25,71,100,30,0.9980725976885911,2.3628551981138483e-35
synthetic,nob,25,72,100,30,0.9976458809790397,3.875219774978821e-34
synthetic,nob,25,73,100,30,0.9946913368590591,3.3472894882834405e-29
synthetic,nob,25,74,100,30,0.9963103965404091,2.0743922379396208e-31
synthetic,nob,25,75,100,30,0.9972024009179149,4.3303740061605286e-33
synthetic,nob,25,76,100,30,0.9971101678930024,6.815566898609411e-33
synthetic,nob,25,77,100,30,0.9910855482323015,4.6418991729069003e-26
synthetic,nob,25,78,100,30,0.9968868138561323,1.9300448686303656e-32
synthetic,nob,25,79,100,30,0.9969199315424577,1.661991147770839e-32
synthetic,nob,25,80,100,30,0.997106348112553,6.94261861323896e-33
synthetic,nob,25,81,100,30,0.9973839543866352,1.6945017276077094e-33
synthetic,nob,25,82,100,30,0.994938502581525,1.7197285480297096e-29
synthetic,nob,25,83,100,30,0.9970825472579408,7.785135411536113e-33
synthetic,nob,25,84,100,30,0.9965950967739085,6.751391340717487e-32
synthetic,nob,25,85,100,30,0.9987284633370269,7.017097524341989e-38
synthetic,nob,25,86,100,30,0.9960098696648396,6.197280824978481e-31
synthetic,nob,25,87,100,30,0.9988747362461639,1.269110116684139e-38
synthetic,nob,25,88,100,30,0.9966406832962501,5.591908294594562e-32
synthetic,nob,25,89,100,30,0.993491005804536,5.766661893443984e-28
synthetic,nob,25,90,100,30,0.9967249998619551,3.9194735849711815e-32
synthetic,nob,25,91,100,30,0.9948195151515699,2.3791680878627688e-29
synthetic,nob,25,92,100,30,0.997325165726302,2.3121120917289546e-33
synthetic,nob,25,93,100,30,0.9965076626526529,9.623263607798624e-32
synthetic,nob,25,94,100,30,0.997360971549238,1.9149790849921175e-33
synthetic,nob,25,95,100,30,0.9976935956213056,2.910185730494147e-34
synthetic,nob,25,96,100,30,0.9936092554141621,4.464399024757864e-28
synthetic,nob,25,97,100,30,0.9957441595188107,1.5257221751224682e-30
synthetic,nob,25,98,100,30,0.9977351537509485,2.2567118320059428e-34
synthetic,nob,25,99,100,30,0.9975617638294286,6.331949216402608e-34
synthetic,nob,25,100,100,30,0.9938993899582375,2.3336450745956227e-28
synthetic,nob,25,101,100,30,0.99577630373426,1.3723441858013848e-30
synthetic,nob,25,102,100,30,0.9949908162556033,1.487405010186913e-29
synthetic,nob,25,103,100,30,0.9982985326401173,4.1300025037130624e-36
synthetic,nob,25,104,100,30,0.9971726904613732,5.019695500370121e-33
synthetic,nob,25,105,100,30,0.9982698021367089,5.220170024895333e-36
synthetic,nob,25,106,100,30,0.9967638071408577,3.317822531115167e-32
synthetic,nob,25,107,100,30,0.9981608523087663,1.226560738635531e-35
synthetic,nob,25,108,100,30,0.9977569654116873,1.9710383320468735e-34
synthetic,nob,25,109,100,30,0.9944995504961482,5.49501592006994e-29
synthetic,nob,25,110,100,30,0.9979721659822173,4.808533765930516e-35
synthetic,nob,25,111,100,30,0.998158027384382,1.2531801070444988e-35
synthetic,nob,25,112,100,30,0.9960368816704752,5.636011596036729e-31
synthetic,nob,25,113,100,30,0.9945861514053379,4.402593726893012e-29
synthetic,nob,25,114,100,30,0.9976209835787587,4.489489900294205e-34
synthetic,nob,25,115,100,30,0.9950309666522632,1.3292434893344605e-29
synthetic,nob,25,116,100,30,0.9976701280455534,3.3528274976469413e-34
synthetic,nob,25,117,100,30,0.9978150214166555,1.365856820484269e-34
synthetic,nob,25,118,100,30,0.9968646060712383,2.1317052385426446e-32
synthetic,nob,25,119,100,30,0.9962071525505066,3.0508297068538155e-31
synthetic,nob,25,120,100,30,0.997949913454578,5.601586723062829e-35
synthetic,nob,25,121,100,30,0.9964806098440108,1.0719342994950033e-31
synthetic,nob,25,122,100,30,0.9953099105022257,5.930210567413674e-30
synthetic,nob,25,123,100,30,0.9982583903958752,5.72301801895937e-36
synthetic,nob,25,124,100,30,0.996924752895114,1.6259849208669544e-32
synthetic,nob,25,125,100,30,0.9966325945611001,5.783105718888067e-32
synthetic,nob,25,126,100,30,0.9959116796942977,8.704656936252321e-31
synthetic,nob,25,127,100,30,0.9890958236186557,7.698489067489602e-25
synthetic,nob,25,128,100,30,0.9947365614505012,2.9702578218115416e-29
synthetic,nob,25,129,100,30,0.9951178319401869,1.0389754827323989e-29
synthetic,nob,25,130,100,30,0.9965221191178977,9.081126778494536e-32
synthetic,nob,25,131,100,30,0.9980583484383173,2.619295073892229e-35
synthetic,nob,25,132,100,30,0.9977388162296688,2.206203917761499e-34
synthetic,nob,25,133,100,30,0.992648441765321,3.1536609520144787e-27
synthetic,nob,25,134,100,30,0.9957885720678082,1.3176775315211109e-30
synthetic,nob,25,135,100,30,0.9961318537337258,4.0155441968783934e-31
synthetic,nob,25,136,100,30,0.9963992212919541,1.4755693685845415e-31
synthetic,nob,25,137,100,30,0.9918966515264973,1.2269279372765583e-26
synthetic,nob,25,138,100,30,0.9956687467652566,1.950166449517503e-30
synthetic,nob,25,139,100,30,0.9941138896577781,1.4157068262233758e-28
synthetic,nob,25,140,100,30,0.9955287810057781,3.041412351105187e-30
synthetic,nob,25,141,100,30,0.9967655795647868,3.29250851069644e-32
synthetic,nob,25,142,100,30,0.9966571284968183,5.221144392361813e-32
synthetic,nob,25,143,100,30,0.9964887129772287,1.0379450945363656e-31
synthetic,nob,25,144,100,30,0.9970807965595034,7.850711252407749e-33
synthetic,nob,25,145,100,30,0.9965050644926188,9.723826788796868e-32
synthetic,nob,25,146,100,30,0.9942468016005421,1.0291003799017898e-28
synthetic,nob,25,147,100,30,0.9984430399089973,1.1931233428551266e-36
synthetic,nob,25,148,100,30,0.9974446012483983,1.2206442596851888e-33
synthetic,nob,25,149,100,30,0.9962823978959121,2.3055893819678893e-31
synthetic,nob,25,150,100,30,0.9934590506236073,6.1747119728456715e-28
synthetic,nob,25,151,100,30,0.994510834109122,5.339654928324824e-29
synthetic,nob,25,152,100,30,0.9938715252444296,2.4869617019575155e-28
synthetic,nob,25,153,100,30,0.9966952322000949,4.4479918975778577e-32
synthetic,nob,25,154,100,30,0.996466311318437,1.1344428528884616e-31
synthetic,nob,25,155,100,30,0.9983383776993209,2.9646746091201943e-36
synthetic,nob,25,156,100,30,0.9953146676749468,5.846722162498181e-30
synthetic,nob,25,157,100,30,0.9975692962931549,6.063799624058228e-34
synthetic,nob,25,158,100,30,0.9976143731058491,4.667138795570413e-34
synthetic,nob,25,159,100,30,0.9979440478906755,5.829976149996288e-35
synthetic,nob,25,160,100,30,0.9979195555008131,6.880280638272731e-35
synthetic,nob,25,161,100,30,0.9956795160089519,1.8834914114101767e-30
synthetic,nob,25,162,100,30,0.997936044043928,6.155590330666794e-35
synthetic,nob,25,163,100,30,0.998639032661459,1.816289919630711e-37
synthetic,nob,25,164,100,30,0.9948446629421818,2.2228222401250705e-29
synthetic,nob,25,165,100,30,0.9948185473600684,2.3853841071039516e-29
synthetic,nob,25,166,100,30,0.9958671595649213,1.0127127649295235e-30
synthetic,nob,25,167,100,30,0.9984084138659943,1.6230480501978693e-36
synthetic,nob,25,168,100,30,0.9950415579295773,1.290206309483631e-29
synthetic,nob,25,169,100,30,0.9979063613326734,7.516396906592238e-35
synthetic,nob,25,170,100,30,0.9947274029153693,3.0432691061909e-29
synthetic,nob,25,171,100,30,0.9948634749733839,2.1121619801950065e-29
synthetic,nob,25,172,100,30,0.996542663861022,8.359312999022118e-32
synthetic,nob,25,173,100,30,0.9979462765551828,5.74219835839302e-35
synthetic,nob,25,174,100,30,0.9954477010027429,3.909569880006568e-30
synthetic,nob,25,175,100,30,0.9935255813688825,5.353432708979783e-28
synthetic,nob,25,176,100,30,0.9973991369324194,1.5620413367332458e-33
synthetic,nob,25,177,100,30,0.9984699530735746,9.34841712747667e-37
synthetic,nob,25,178,100,30,0.9973647269010171,1.8772224159494404e-33
synthetic,nob,25,179,100,30,0.9945413067516555,4.940220643289451e-29
synthetic,nob,25,180,100,30,0.9977470161371051,2.096903176338104e-34
synthetic,nob,25,181,100,30,0.9983552574957043,2.570040635627092e-36
synthetic,nob,25,182,100,30,0.9969534337842898,1.4263320145528137e-32
synthetic,nob,25,183,100,30,0.9983233784658887,3.3618294097641354e-36
synthetic,nob,25,184,100,30,0.9975687680625662,6.0822548361389975e-34
synthetic,nob,25,185,100,30,0.9984442939448042,1.1797487065165899e-36
synthetic,nob,25,186,100,30,0.9979603998574477,5.213849047783348e-35
synthetic,nob,25,187,100,30,0.9914178803103427,2.7325850338717156e-26
synthetic,nob,25,188,100,30,0.9920622653926663,9.198262032880554e-27
synthetic,nob,25,189,100,30,0.9963949011257168,1.5005093571849252e-31
synthetic,nob,25,190,100,30,0.993414690230965,6.7857113005823835e-28
synthetic,nob,25,191,100,30,0.9978196616893553,1.3258403507974372e-34
synthetic,nob,25,192,100,30,0.99770601861336,2.698457440766404e-34
synthetic,nob,25,193,100,30,0.9968517242057556,2.2574719684500535e-32
synthetic,nob,25,194,100,30,0.997264838403122,3.158313959506846e-33
synthetic,nob,25,195,100,30,0.9970615079806991,8.607960497555212e-33
synthetic,nob,25,196,100,30,0.9979512500075882,5.55072054051686e-35
synthetic,nob,25,197,100,30,0.9963986675479338,1.478744446706569e-31
synthetic,nob,25,198,100,30,0.9943925166893395,7.192229953845919e-29
synthetic,nob,25,199,100,30,0.9943139627604963,8.734539627938095e-29
synthetic,nob,50,0,100,30,0.9983777219137041,2.1202282833902053e-36
synthetic,nob,50,1,100,30,0.9990230763205744,1.7554101862217027e-39
synthetic,nob,50,2,100,30,0.9983363156062643,3.0165631635687005e-36
synthetic,nob,50,3,100,30,0.9990941237679636,6.1021247368456954e-40
synthetic,nob,50,4,100,30,0.9988595305434282,1.5313336522653713e-38
synthetic,nob,50,5,100,30,0.9993179091890384,1.150529009043302e-41
synthetic,nob,50,6,100,30,0.9979132703503756,7.176791206035503e-35
synthetic,nob,50,7,100,30,0.9986830890434243,1.1461018976993107e-37
synthetic,nob,50,8,100,30,0.9987454852640764,5.81110478370722e-38
synthetic,nob,50,9,100,30,0.9984808492307083,8.458874651370219e-37
synthetic,nob,50,10,100,30,0.998720721287535,7.639151265567645e-38
synthetic,nob,50,11,100,30,0.9993546443066483,5.3014130867896035e-42
synthetic,nob,50,12,100,30,0.9982731915659273,5.0789161510974516e-36
synthetic,nob,50,13,100,30,0.9992476102651965,4.5406871068822226e-41
synthetic,nob,50,14,100,30,0.998655483319229,1.5321011105014345e-37
synthetic,nob,50,15,100,30,0.999072496790335,8.489377847015858e-40
synthetic,nob,50,16,100,30,0.9997482337664055,1.0050914290666833e-47
synthetic,nob,50,17,100,30,0.9992949518125193,1.8285611630028023e-41
synthetic,nob,50,18,100,30,0.9992002751153607,1.0665108915670095e-40
synthetic,nob,50,19,100,30,0.998907292165926,8.415526639026965e-39
synthetic,nob,50,20,100,30,0.9979969373093408,4.0490013284367504e-35
synthetic,nob,50,21,100,30,0.9981292865492457,1.5562347207691586e-35
synthetic,nob,50,22,100,30,0.998634831147314,1.896336701083541e-37
synthetic,nob,50,23,100,30,0.9982192218017449,7.811745784366738e-36
synthetic,nob,50,24,100,30,0.9991156446646015,4.35861891674792e-40
synthetic,nob,50,25,100,30,0.9989182839048562,7.305325365305014e-39
synthetic,nob,50,26,100,30,0.9990366506208509,1.4432414342699088e-39
synthetic,nob,50,27,100,30,0.9985327506074243,5.201064890002206e-37
synthetic,nob,50,28,100,30,0.999315018449119,1.2206844548311879e-41
synthetic,nob,50,29,100,30,0.9994240353532275,1.0787680025565925e-42
synthetic,nob,50,30,100,30,0.9991617514321165,2.0602252310628732e-40
synthetic,nob,50,31,100,30,0.9983553812721092,2.5673361426803715e-36
synthetic,nob,50,32,100,30,0.998907141777082,8.431748603791226e-39
synthetic,nob,50,33,100,30,0.9989997041744019,2.4438046522049952e-39
synthetic,nob,50,34,100,30,0.9991060425922431,5.069719970994905e-40
synthetic,nob,50,35,100,30,0.9987957325300061,3.279833523962199e-38
synthetic,nob,50,36,100,30,0.9989576973745486,4.345812803772272e-39
synthetic,nob,50,37,100,30,0.9975152965440451,8.245139036707308e-34
synthetic,nob,50,38,100,30,0.9993532805382499,5.460382124176835e-42
synthetic,nob,50,39,100,30,0.9987796351918895,3.949512085939629e-38
synthetic,nob,50,40,100,30,0.9987780096863982,4.023763019831341e-38
synthetic,nob,50,41,100,30,0.9983530211664762,2.6193619898151027e-36
synthetic,nob,50,42,100,30,0.9980195702857989,3.4539503609633126e-35
synthetic,nob,50,43,100,30,0.9997154819828609,5.567898804640032e-47
synthetic,nob,50,44,100,30,0.9990201201215594,1.8312248203309824e-39
synthetic,nob,50,45,100,30,0.9992679583444415,3.093686240943962e-41
synthetic,nob,50,46,100,30,0.998921232258646,7.03157425057226e-39
synthetic,nob,50,47,100,30,0.9986766372455436,1.227216465056188e-37
synthetic,nob,50,48,100,30,0.9986711186009495,1.3007955278233569e-37
synthetic,nob,50,49,100,30,0.9986229911474248,2.1398793832981218e-37
synthetic,nob,50,50,100,30,0.9992594426859974,3.6372584058559607e-41
synthetic,nob,50,51,100,30,0.9982357774452815,6.854903022788737e-36
synthetic,nob,50,52,100,30,0.99888855401915,1.0676088054071308e-38
synthetic,nob,50,53,100,30,0.9995258134001582,7.094872199546717e-44
synthetic,nob,50,54,100,30,0.9980282152348168,3.248926673295539e-35
synthetic,nob,50,55,100,30,0.9980548873226387,2.6853682570644954e-35
synthetic,nob,50,56,100,30,0.9987002900678833,9.535181243245584e-38
synthetic,nob,50,57,100,30,0.998804349906089,2.966269293019567e-38
synthetic,nob,50,58,100,30,0.9989013352918938,9.08073997755765e-39
synthetic,nob,50,59,100,30,0.9990340231513106,1.499314041533068e-39
synthetic,nob,50,60,100,30,0.9978214802157224,1.3104569046525502e-34
synthetic,nob,50,61,100,30,0.9990257147900233,1.6902159498887898e-39
synthetic,nob,50,62,100,30,0.9988858496055435,1.1045399780203458e-38
synthetic,nob,50,63,100,30,0.9993211309715122,1.0767607592819614e-41
synthetic,nob,50,64,100,30,0.9988405331195631,1.929591576697963e-38
synthetic,nob,50,65,100,30,0.9997709955798635,2.6675642928007885e-48
synthetic,nob,50,66,100,30,0.997213259234282,4.1011850508475495e-33
synthetic,nob,50,67,100,30,0.9989591248905437,4.263260405329456e-39
synthetic,nob,50,68,100,30,0.9990295637573728,1.5991341952625986e-39
synthetic,nob,50,69,100,30,0.9991825669853935,1.4490404872233516e-40
synthetic,nob,50,70,100,30,0.9984919598892686,7.633260682511261e-37
synthetic,nob,50,71,100,30,0.9996057233831281,5.3589484511100426e-45
synthetic,nob,50,72,100,30,0.9983231272002966,3.368884597199973e-36
synthetic,nob,50,73,100,30,0.9985102042224071,6.438015815557481e-37
synthetic,nob,50,74,100,30,0.9987581890354179,5.039742174932817e-38
synthetic,nob,50,75,100,30,0.9984319776332259,1.3173555163991587e-36
synthetic,nob,50,76,100,30,0.9982843757113655,4.637595659917707e-36
synthetic,nob,50,77,100,30,0.9994419592556201,6.930370417756087e-43
synthetic,nob,50,78,100,30,0.9985749389792701,3.4579349240539318e-37
synthetic,nob,50,79,100,30,0.9995462534065788,3.829092423823854e-44
synthetic,nob,50,80,100,30,0.9991852936061416,1.382843444257122e-40
synthetic,nob,50,81,100,30,0.9988730814144527,1.2954775934609676e-38
synthetic,nob,50,82,100,30,0.9992094654903532,9.072200562755654e-41
synthetic,nob,50,83,100,30,0.9986656960568159,1.3770648664274572e-37
synthetic,nob,50,84,100,30,0.9987754341000114,4.1440709371135475e-38
synthetic,nob,50,85,100,30,0.999090795981967,6.423430780869901e-40
synthetic,nob,50,86,100,30,0.9990509446391144,1.1708056606097897e-39
synthetic,nob,50,87,100,30,0.9986675269889168,1.3508600246116674e-37
synthetic,nob,50,88,100,30,0.9993711869105288,3.685948228495945e-42
synthetic,nob,50,89,100,30,0.9994336990393428,8.512833217047396e-43
synthetic,nob,50,90,100,30,0.9985743506179514,3.477963592677946e-37
synthetic,nob,50,91,100,30,0.9993715781583203,3.6539788526296646e-42
synthetic,nob,50,92,100,30,0.9991703582753326,1.783142715472895e-40
synthetic,nob,50,93,100,30,0.9992252697847004,6.838637003544452e-41
synthetic,nob,50,94,100,30,0.9975389690230526,7.211998838649249e-34
synthetic,nob,50,95,100,30,0.9984958392012508,7.3630804061915505e-37
synthetic,nob,50,96,100,30,0.9984749358079592,8.931377497139343e-37
synthetic,nob,50,97,100,30,0.998330301672537,3.172747704752243e-36
synthetic,nob,50,98,100,30,0.99820338745318,8.841597191557258e-36
synthetic,nob,50,99,100,30,0.9994584586600397,4.553232337434558e-43
synthetic,nob,50,100,100,30,0.9986550025756885,1.5397838909019864e-37
synthetic,nob,50,101,100,30,0.9981174721743828,1.6995026320740136e-35
synthetic,nob,50,102,100,30,0.9989274455197037,6.485578015046555e-39
synthetic,nob,50,103,100,30,0.9990694978480178,8.881685864680263e-40
synthetic,nob,50,104,100,30,0.9990106142168769,2.0961201464715845e-39
synthetic,nob,50,105,100,30,0.9977917477622938,1.5840348154382724e-34
synthetic,nob,50,106,100,30,0.9990273750317203,1.65035294399967e-39
synthetic,nob,50,107,100,30,0.9972485516145028,3.431702721520815e-33
synthetic,nob,50,108,100,30,0.998886028505702,1.1020607665039056e-38
synthetic,nob,50,109,100,30,0.9989184367653661,7.290892676855997e-39
synthetic,nob,50,110,100,30,0.9987510297274776,5.461878142371785e-38
synthetic,nob,50,111,100,30,0.9989472468098687,4.996912560090993e-39
synthetic,nob,50,112,100,30,0.9988888541991467,1.0635810562600325e-38
synthetic,nob,50,113,100,30,0.9976875079176013,3.0194779268855022e-34
synthetic,nob,50,114,100,30,0.9990206993802679,1.8161338317374098e-39
synthetic,nob,50,115,100,30,0.998591860155672,2.925728306017745e-37
synthetic,nob,50,116,100,30,0.999162249623631,2.043155285861726e-40
synthetic,nob,50,117,100,30,0.9978823755827938,8.814695702674839e-35
synthetic,nob,50,118,100,30,0.9976572220318898,3.622131861759501e-34
synthetic,nob,50,119,100,30,0.9975750105563943,5.8674516656441175e-34
synthetic,nob,50,120,100,30,0.9987469437670005,5.717282719672566e-38
synthetic,nob,50,121,100,30,0.998797030779457,3.230703238337025e-38
synthetic,nob,50,122,100,30,0.9990597072643022,1.0282752663923698e-39
synthetic,nob,50,123,100,30,0.9988216093696578,2.4201850333839724e-38
synthetic,nob,50,124,100,30,0.9993906059928992,2.376144708461909e-42
synthetic,nob,50,125,100,30,0.9993206528440047,1.0874234233236276e-41
synthetic,nob,50,126,100,30,0.9986303285167457,1.9857482079791315e-37
synthetic,nob,50,127,100,30,0.9981153351739603,1.7266897119230967e-35
synthetic,nob,50,128,100,30,0.9993639842238181,4.3229345139036305e-42
synthetic,nob,50,129,100,30,0.9993970810948624,2.046162261565154e-42
synthetic,nob,50,130,100,30,0.9987392863737191,6.226039661493729e-38
synthetic,nob,50,131,100,30,0.9989545332393192,4.5341120028508024e-39
synthetic,nob,50,132,100,30,0.9994598941098137,4.387183211373793e-43
synthetic,nob,50,133,100,30,0.998830866387962,2.16731029589479e-38
synthetic,nob,50,134,100,30,0.9991229990589319,3.877875937878218e-40
synthetic,nob,50,135,100,30,0.9990156766721704,1.9509183199784477e-39
synthetic,nob,50,136,100,30,0.9993320343013238,8.584248344899114e-42
synthetic,nob,50,137,100,30,0.9987786156213901,3.9959344971474687e-38
synthetic,nob,50,138,100,30,0.9980961670197868,1.9892521877796274e-35
synthetic,nob,50,139,100,30,0.9992419835199703,5.039735588171411e-41
synthetic,nob,50,140,100,30,0.998888068886453,1.0741481606965914e-38
synthetic,nob,50,141,100,30,0.9991776420653306,1.5761208803883418e-40
synthetic,nob,50,142,100,30,0.9992189531539823,7.661700057409737e-41
synthetic,nob,50,143,100,30,0.9985991244462632,2.7214848092505495e-37
synthetic,nob,50,144,100,30,0.9990800397749187,7.57262690914624e-40
synthetic,nob,50,145,100,30,0.9987198797259018,7.709768336078701e-38
synthetic,nob,50,146,100,30,0.9988058781049903,2.913657057012499e-38
synthetic,nob,50,147,100,30,0.9993267282273837,9.589494781054704e-42
synthetic,nob,50,148,100,30,0.9986546208528465,1.5459096788402187e-37
synthetic,nob,50,149,100,30,0.9984199235454343,1.4663346185879657e-36
synthetic,nob,50,150,100,30,0.9990335654790982,1.5092856189814363e-39
synthetic,nob,50,151,100,30,0.9990826820927206,7.273861305750729e-40
synthetic,nob,50,152,100,30,0.9987758601997454,4.1239396161492334e-38
synthetic,nob,50,153,100,30,0.9984962728075107,7.333439428516762e-37
synthetic,nob,50,154,100,30,0.9984600320152388,1.0233144441903849e-36
synthetic,nob,50,155,100,30,0.9985130117669848,6.2703320538992575e-37
synthetic,nob,50,156,100,30,0.9986942560775255,1.017361036214587e-37
synthetic,nob,50,157,100,30,0.9988304625022045,2.1778105112544608e-38
synthetic,nob,50,158,100,30,0.9994247213553449,1.0609229006778217e-42
synthetic,nob,50,159,100,30,0.9990516440005658,1.1587894868951857e-39
synthetic,nob,50,160,100,30,0.999019156057892,1.8565992379560226e-39
synthetic,nob,50,161,100,30,0.9985999601651045,2.698856683839453e-37
synthetic,nob,50,162,100,30,0.9993207828686637,1.084514094966613e-41
synthetic,nob,50,163,100,30,0.9988172966734081,2.547116034283941e-38
synthetic,nob,50,164,100,30,0.9983899289883568,1.907616261820862e-36
synthetic,nob,50,165,100,30,0.9978953577438737,8.088210727761907e-35
synthetic,nob,50,166,100,30,0.9985246899497343,5.615418092219594e-37
synthetic,nob,50,167,100,30,0.9990599013191109,1.0253094827497742e-39
synthetic,nob,50,168,100,30,0.9978663176805778,9.797076339835227e-35
synthetic,nob,50,169,100,30,0.998733619332586,6.629282014236085e-38
synthetic,nob,50,170,100,30,0.9981500467536936,1.3313082255878668e-35
synthetic,nob,50,171,100,30,0.9970644100112084,8.489855043340817e-33
synthetic,nob,50,172,100,30,0.9987211767212184,7.601185855568329e-38
synthetic,nob,50,173,100,30,0.999227500024864,6.568211792950957e-41
synthetic,nob,50,174,100,30,0.9990182231815912,1.881463243564028e-39
synthetic,nob,50,175,100,30,0.9991412485804021,2.8892540602579455e-40
synthetic,nob,50,176,100,30,0.9988871855678318,1.0861504730602044e-38
synthetic,nob,50,177,100,30,0.9978879419664288,8.496083308209245e-35
synthetic,nob,50,178,100,30,0.9975963935956093,5.183879777648586e-34
synthetic,nob,50,179,100,30,0.9987755984912924,4.1362933926615064e-38
synthetic,nob,50,180,100,30,0.9980016924144025,3.9166033504600377e-35
synthetic,nob,50,181,100,30,0.9988690794817634,1.361359872258839e-38
synthetic,nob,50,182,100,30,0.999560491160425,2.4507142869445897e-44
synthetic,nob,50,183,100,30,0.9994366202924427,7.918381956136673e-43
synthetic,nob,50,184,100,30,0.9983444680361778,2.8162208116306278e-36
synthetic,nob,50,185,100,30,0.9988742943256337,1.276102312764391e-38
synthetic,nob,50,186,100,30,0.9993709588066669,3.7047065476375774e-42
synthetic,nob,50,187,100,30,0.99942817203588,9.752429962844597e-43
synthetic,nob,50,188,100,30,0.9987265835315814,7.163654111657346e-38
synthetic,nob,50,189,100,30,0.9984543859984574,1.0770729892947171e-36
synthetic,nob,50,190,100,30,0.9989383539030794,5.621123497068386e-39
synthetic,nob,50,191,100,30,0.9990825502941614,7.288500479080306e-40
synthetic,nob,50,192,100,30,0.9992278478344968,6.526944802699187e-41
synthetic,nob,50,193,100,30,0.9993762304443579,3.293054623635135e-42
synthetic,nob,50,194,100,30,0.9977977552945934,1.5248148085953743e-34
synthetic,nob,50,195,100,30,0.9993776676841437,3.1884324961347925e-42
synthetic,nob,50,196,100,30,0.9990503363565237,1.1813509204091321e-39
synthetic,nob,50,197,100,30,0.9988554639556637,1.6095353676384525e-38
synthetic,nob,50,198,100,30,0.9989216066528429,6.997502090424486e-39
synthetic,nob,50,199,100,30,0.9990472836442205,1.2356179379987008e-39
synthetic,nob,75,0,100,30,0.9998159663874292,1.2501997321795341e-49
synthetic,nob,75,1,100,30,0.9997388607137031,1.6765908436968847e-47
synthetic,nob,75,2,100,30,0.9996555828937479,8.075746106737299e-46
synthetic,nob,75,3,100,30,0.999690658621957,1.7956484608497246e-46
synthetic,nob,75,4,100,30,0.9996411058215516,1.4371043742941342e-45
synthetic,nob,75,5,100,30,0.9996658717159865,5.282130705887926e-46
synthetic,nob,75,6,100,30,0.9996770581516646,3.279395748567076e-46
synthetic,nob,75,7,100,30,0.9994726562093793,3.1392675207976772e-43
synthetic,nob,75,8,100,30,0.9996871561866342,2.102160446994648e-46
synthetic,nob,75,9,100,30,0.9996727770400176,3.9432538828793564e-46
synthetic,nob,75,10,100,30,0.9993499263262726,5.8703942835706e-42
synthetic,nob,75,11,100,30,0.9998719666955443,7.781945775688099e-52
synthetic,nob,75,12,100,30,0.9996657471897935,5.309753903155969e-46
synthetic,nob,75,13,100,30,0.9998118706110796,1.7013807613224892e-49
synthetic,nob,75,14,100,30,0.9996656784018415,5.325070340496119e-46
synthetic,nob,75,15,100,30,0.9994361655239216,8.008316605821855e-43
synthetic,nob,75,16,100,30,0.9997087187490876,7.735922659832276e-47
synthetic,nob,75,17,100,30,0.9995453209183093,3.9407215164770513e-44
synthetic,nob,75,18,100,30,0.9996442327030981,1.2714260190614054e-45
synthetic,nob,75,19,100,30,0.9993431962634887,6.780661136355025e-42
synthetic,nob,75,20,100,30,0.9995209366988064,8.187333623948071e-44
synthetic,nob,75,21,100,30,0.9997555094255259,6.666988006253316e-48
synthetic,nob,75,22,100,30,0.9995552520011275,2.892865983469044e-44
synthetic,nob,75,23,100,30,0.9996654889849562,5.367458494391218e-46
synthetic,nob,75,24,100,30,0.9997273897894627,3.0603812928773315e-47
synthetic,nob,75,25,100,30,0.9991559925015788,2.2674008842680182e-40
synthetic,nob,75,26,100,30,0.9995942262628075,8.013275439275025e-45
synthetic,nob,75,27,100,30,0.9993453072930131,6.481925583190009e-42
synthetic,nob,75,28,100,30,0.9996655038060486,5.36413053127133e-46
synthetic,nob,75,29,100,30,0.9996448574150232,1.2405290100455676e-45
synthetic,nob,75,30,100,30,0.9995393759248535,4.726539645429793e-44
synthetic,nob,75,31,100,30,0.999272529412794,2.8340227541292105e-41
synthetic,nob,75,32,100,30,0.9996777383325672,3.184022642403404e-46
synthetic,nob,75,33,100,30,0.9992805943789353,2.42461072175683e-41
synthetic,nob,75,34,100,30,0.9993070585547701,1.434926704603292e-41
synthetic,nob,75,35,100,30,0.9997910412562903,7.399481446697019e-49
synthetic,nob,75,36,100,30,0.9990472091765267,1.236970190121492e-39
synthetic,nob,75,37,100,30,0.9998214956524996,8.156747561343962e-50
synthetic,nob,75,38,100,30,0.9996447533055165,1.2456291643227778e-45
synthetic,nob,75,39,100,30,0.9995372259076404,5.044885362814149e-44
synthetic,nob,75,40,100,30,0.9996877247095625,2.0493118794584214e-46
synthetic,nob,75,41,100,30,0.9997661333254488,3.579684389220197e-48
synthetic,nob,75,42,100,30,0.9997556469780096,6.614672470801071e-48
synthetic,nob,75,43,100,30,0.9993147335616549,1.2278092268932192e-41
synthetic,nob,75,44,100,30,0.9995790025463582,1.3418606957659652e-44
synthetic,nob,75,45,100,30,0.9995403570636335,4.58755507786258e-44
synthetic,nob,75,46,100,30,0.999570377560151,1.782335826790999e-44
synthetic,nob,75,47,100,30,0.9997982377355673,4.530350220330097e-49
synthetic,nob,75,48,100,30,0.9995957724364172,7.596297992248947e-45
synthetic,nob,75,49,100,30,0.9995605947634602,2.442640492673602e-44
synthetic,nob,75,50,100,30,0.999574383702477,1.5632850899949158e-44
synthetic,nob,75,51,100,30,0.9997110505068862,6.912735606164685e-47
synthetic,nob,75,52,100,30,0.9996842405178498,2.393656343547851e-46
synthetic,nob,75,53,100,30,0.99978860896491,8.700798500606152e-49
synthetic,nob,75,54,100,30,0.999696991320565,1.3442397825364726e-46
synthetic,nob,75,55,100,30,0.9994712555263896,3.2580121488738504e-43
synthetic,nob,75,56,100,30,0.9992849794441672,2.2257653910492351e-41
synthetic,nob,75,57,100,30,0.9995730866026207,1.631309074459266e-44
synthetic,nob,75,58,100,30,0.9997715684718644,2.5756504689555017e-48
synthetic,nob,75,59,100,30,0.9996120432262114,4.2741393914606974e-45
synthetic,nob,75,60,100,30,0.9998019396723693,3.495805218100956e-49
synthetic,nob,75,61,100,30,0.9994641121852934,3.931211818007293e-43
synthetic,nob,75,62,100,30,0.9995371603256861,5.05490166765417e-44
synthetic,nob,75,63,100,30,0.9997379333772949,1.7618853057998775e-47
synthetic,nob,75,64,100,30,0.9994837376156025,2.3320109081753657e-43
synthetic,nob,75,65,100,30,0.9996221496534731,2.9538341952840035e-45
synthetic,nob,75,66,100,30,0.9995883820059609,9.78904912966169e-45
synthetic,nob,75,67,100,30,0.9996606169704971,6.5716078806579995e-46
synthetic,nob,75,68,100,30,0.9995500164109179,3.407783022581492e-44
synthetic,nob,75,69,100,30,0.9996787274758834,3.049915809364585e-46
synthetic,nob,75,70,100,30,0.9997730277733217,2.3546382588264056e-48
synthetic,nob,75,71,100,30,0.9997988755822503,4.333925550002714e-49
synthetic,nob,75,72,100,30,0.9992950877607091,1.8236326561959254e-41
synthetic,nob,75,73,100,30,0.9996564627901219,7.791695345229853e-46
synthetic,nob,75,74,100,30,0.9994102088045961,1.5035782386096585e-42
synthetic,nob,75,75,100,30,0.9997455247036638,1.167541893787957e-47
synthetic,nob,75,76,100,30,0.9997455330792934,1.167004080482208e-47
synthetic,nob,75,77,100,30,0.9998159201020478,1.2546086249770592e-49
synthetic,nob,75,78,100,30,0.9996978400758008,1.2924807966946074e-46
synthetic,nob,75,79,100,30,0.9997415704069932,1.4488207629269565e-47
synthetic,nob,75,80,100,30,0.9996531196388588,8.922902627064944e-46
synthetic,nob,75,81,100,30,0.9992829237012207,2.3170197681748695e-41
synthetic,nob,75,82,100,30,0.9993957051501259,2.1124980676035077e-42
synthetic,nob,75,83,100,30,0.9997902598118027,7.796410426566565e-49
synthetic,nob,75,84,100,30,0.9995880964157438,9.884548223759041e-45
synthetic,nob,75,85,100,30,0.9996935458817623,1.574755632847121e-46
synthetic,nob,75,86,100,30,0.9995694982283245,1.8340831567146754e-44
synthetic,nob,75,87,100,30,0.999811905616548,1.6969543858207642e-49
synthetic,nob,75,88,100,30,0.9998130769092366,1.5548661783672482e-49
synthetic,nob,75,89,100,30,0.999593628402932,8.18013080127714e-45
synthetic,nob,75,90,100,30,0.9997485044381998,9.900704003879768e-48
synthetic,nob,75,91,100,30,0.999766188826676,3.567810492596197e-48
synthetic,nob,75,92,100,30,0.9994618191184538,4.1733208463809345e-43
synthetic,nob,75,93,100,30,0.9995712697510789,1.731219970065762e-44
synthetic,nob,75,94,100,30,0.9995260867780212,7.037833313246514e-44
synthetic,nob,75,95,100,30,0.999664490044764,5.596234358056781e-46
synthetic,nob,75,96,100,30,0.9996525376442604,9.134762902582036e-46
synthetic,nob,75,97,100,30,0.9995390201388962,4.777897630188667e-44
synthetic,nob,75,98,100,30,0.9992874908258214,2.1188151535277833e-41
synthetic,nob,75,99,100,30,0.9991302056429469,3.4549699546204577e-40
synthetic,nob,75,100,100,30,0.9994792968868537,2.629024015399956e-43
synthetic,nob,75,101,100,30,0.9994649877707436,3.84225632060127e-43
synthetic,nob,75,102,100,30,0.9998158806146237,1.2583813893943872e-49
synthetic,nob,75,103,100,30,0.9996183313948381,3.400232645373135e-45
synthetic,nob,75,104,100,30,0.999626769578264,2.4865616871481342e-45
synthetic,nob,75,105,100,30,0.9998013316730358,3.649065033504467e-49
synthetic,nob,75,106,100,30,0.9997542676553326,7.156970894459145e-48
synthetic,nob,75,107,100,30,0.9982786355101408,4.859447513575355e-36
synthetic,nob,75,108,100,30,0.9995842296897268,1.1265676346748616e-44
synthetic,nob,75,109,100,30,0.9996662206407992,5.205439109577371e-46
synthetic,nob,75,110,100,30,0.9989810651153341,3.164236989916072e-39
synthetic,nob,75,111,100,30,0.9993517990914084,5.638077001368161e-42
synthetic,nob,75,112,100,30,0.9995117214983109,1.0689662866014852e-43
synthetic,nob,75,113,100,30,0.9994471925618459,6.0740980683128514e-43
synthetic,nob,75,114,100,30,0.9997014204465808,1.093851461524245e-46
synthetic,nob,75,115,100,30,0.999513877971888,1.0047487202453664e-43
synthetic,nob,75,116,100,30,0.9994624171649089,4.1088769663243456e-43
synthetic,nob,75,117,100,30,0.999472209791503,3.176669572025764e-43
synthetic,nob,75,118,100,30,0.9995847711413213,1.1062046553183774e-44
synthetic,nob,75,119,100,30,0.9997113265030245,6.820878952651199e-47
synthetic,nob,75,120,100,30,0.9989215665140724,7.001147613606919e-39
synthetic,nob,75,121,100,30,0.999599119463064,6.761724586047428e-45
synthetic,nob,75,122,100,30,0.9985204690226944,5.844422854787393e-37
synthetic,nob,75,123,100,30,0.9995579297369189,2.6583830685476323e-44
synthetic,nob,75,124,100,30,0.9997126989491832,6.380697786617128e-47
synthetic,nob,75,125,100,30,0.9996563791242192,7.818299995622472e-46
synthetic,nob,75,126,100,30,0.9996801147572504,2.870649603375366e-46
synthetic,nob,75,127,100,30,0.9995666376982789,2.0122321841609487e-44
synthetic,nob,75,128,100,30,0.9993072809268063,1.4284953041568302e-41
synthetic,nob,75,129,100,30,0.999734317776027,2.1344162149809875e-47
synthetic,nob,75,130,100,30,0.9997829588606889,1.2586968803456208e-48
synthetic,nob,75,131,100,30,0.9997215212527233,4.1234355708755514e-47
synthetic,nob,75,132,100,30,0.9995604369157711,2.454951454832623e-44
synthetic,nob,75,133,100,30,0.9997275841151547,3.029984382084114e-47
synthetic,nob,75,134,100,30,0.999474937051486,2.9544717867694676e-43
synthetic,nob,75,135,100,30,0.9997539604707637,7.283234979508788e-48
synthetic,nob,75,136,100,30,0.9995326681082768,5.786668879451642e-44
synthetic,nob,75,137,100,30,0.9996099584800148,4.607105984436042e-45
synthetic,nob,75,138,100,30,0.9995167936381993,9.236085368736675e-44
synthetic,nob,75,139,100,30,0.9991650429103357,1.949853977185529e-40
synthetic,nob,75,140,100,30,0.9993400598456559,7.248179232798125e-42
synthetic,nob,75,141,100,30,0.9994040304703987,1.739684694437642e-42
synthetic,nob,75,142,100,30,0.9996982703708569,1.266953216544987e-46
synthetic,nob,75,143,100,30,0.9998036768052613,3.0902205548895283e-49
synthetic,nob,75,144,100,30,0.9997934087480772,6.308510468266307e-49
synthetic,nob,75,145,100,30,0.9997892884447432,8.317368129944563e-49
synthetic,nob,75,146,100,30,0.9994600588200888,4.368493893067116e-43
synthetic,nob,75,147,100,30,0.9993782305060623,3.148310152122993e-42
synthetic,nob,75,148,100,30,0.9996928876939545,1.6227665080363758e-46
synthetic,nob,75,149,100,30,0.9995677393862337,1.9418000390610524e-44
synthetic,nob,75,150,100,30,0.9995545870706551,2.953996646126314e-44
synthetic,nob,75,151,100,30,0.9998204966850068,8.819538211968392e-50
synthetic,nob,75,152,100,30,0.9995749558137972,1.5341270396101372e-44
synthetic,nob,75,153,100,30,0.9995651243168532,2.1128566325474223e-44
synthetic,nob,75,154,100,30,0.9993446251191664,6.577097565293467e-42
synthetic,nob,75,155,100,30,0.9997624829308612,4.446373219019401e-48
synthetic,nob,75,156,100,30,0.9996683903162469,4.751287151707453e-46
synthetic,nob,75,157,100,30,0.9997302896486279,2.6348757031759374e-47
synthetic,nob,75,158,100,30,0.9992956021524779,1.8050959085580788e-41
synthetic,nob,75,159,100,30,0.9997447216136202,1.220192069603989e-47
synthetic,nob,75,160,100,30,0.9996070617772803,5.1098561892761125e-45
synthetic,nob,75,161,100,30,0.9996485531251931,1.0715532150296728e-45
synthetic,nob,75,162,100,30,0.9997901785141933,7.83882096343342e-49
synthetic,nob,75,163,100,30,0.9996143598334705,3.9304267124193344e-45
synthetic,nob,75,164,100,30,0.9996256650499996,2.5915709905924875e-45
synthetic,nob,75,165,100,30,0.9997705368726371,2.7433441539122564e-48
synthetic,nob,75,166,100,30,0.9997388394187369,1.678505720763001e-47
synthetic,nob,75,167,100,30,0.9992122887321738,8.629134328642529e-41
synthetic,nob,75,168,100,30,0.9996720263930267,4.071782237678153e-46
synthetic,nob,75,169,100,30,0.9997913786953558,7.23395316817144e-49
synthetic,nob,75,170,100,30,0.9996330444402063,1.9612180670617424e-45
synthetic,nob,75,171,100,30,0.999754317701422,7.13659371376347e-48
synthetic,nob,75,172,100,30,0.9995371261607463,5.060126977361845e-44
synthetic,nob,75,173,100,30,0.99872351523185,7.408989292543152e-38
synthetic,nob,75,174,100,30,0.9996586788014503,7.11689393044541e-46
synthetic,nob,75,175,100,30,0.9992898345848009,2.023326908894824e-41
synthetic,nob,75,176,100,30,0.9994841223844703,2.307801249035605e-43
synthetic,nob,75,177,100,30,0.9998838874086873,1.9811104590809277e-52
synthetic,nob,75,178,100,30,0.9990723015332318,8.514422484988083e-40
synthetic,nob,75,179,100,30,0.9998214893060852,8.160808172826428e-50
synthetic,nob,75,180,100,30,0.999671552971364,4.154832041756636e-46
synthetic,nob,75,181,100,30,0.999761452148157,4.7242489956802184e-48
synthetic,nob,75,182,100,30,0.9998834916465982,2.0777634710245915e-52
synthetic,nob,75,183,100,30,0.9997342886395878,2.137695209393731e-47
synthetic,nob,75,184,100,30,0.9992507629260645,4.2815345195177466e-41
synthetic,nob,75,185,100,30,0.9994945282537276,1.7351165376810635e-43
synthetic,nob,75,186,100,30,0.9995351900228334,5.364578342145997e-44
synthetic,nob,75,187,100,30,0.9997671622027875,3.365421246249103e-48
synthetic,nob,75,188,100,30,0.9995413409332751,4.4520023052935934e-44
synthetic,nob,75,189,100,30,0.9997330052043613,2.286861300375442e-47
synthetic,nob,75,190,100,30,0.9994628461784038,4.063218146872333e-43
synthetic,nob,75,191,100,30,0.9995013063020731,1.4363637495398765e-43
synthetic,nob,75,192,100,30,0.9992946230606845,1.8405305094108599e-41
synthetic,nob,75,193,100,30,0.9996787946489225,3.0410015188197318e-46
synthetic,nob,75,194,100,30,0.9997295191361986,2.74222522184651e-47
synthetic,nob,75,195,100,30,0.9992781540134691,2.54229333914908e-41
synthetic,nob,75,196,100,30,0.9997761708016377,1.9370854216764284e-48
synthetic,nob,75,197,100,30,0.9997565438163972,6.282811678987974e-48
synthetic,nob,75,198,100,30,0.9996631473876287,5.918007036358068e-46
synthetic,nob,75,199,100,30,0.9997923343993446,6.783610273081523e-49
synthetic,nob,100,0,100,30,1.0,0.0
synthetic,nob,100,1,100,30,1.0,0.0
synthetic,nob,100,2,100,30,1.0,0.0
synthetic,nob,100,3,100,30,1.0,0.0
synthetic,nob,100,4,100,30,1.0,0.0
synthetic,nob,100,5,100,30,1.0,0.0
synthetic,nob,100,6,100,30,1.0,0.0
synthetic,nob,100,7,100,30,1.0,0.0
synthetic,nob,100,8,100,30,1.0,0.0
synthetic,nob,100,9,100,30,1.0,0.0
synthetic,nob,100,10,100,30,1.0,0.0
synthetic,nob,100,11,100,30,1.0,0.0
synthetic,nob,100,12,100,30,1.0,0.0
synthetic,nob,100,13,100,30,1.0,0.0
synthetic,nob,100,14,100,30,1.0,0.0
synthetic,nob,100,15,100,30,1.0,0.0
synthetic,nob,100,16,100,30,1.0,0.0
synthetic,nob,100,17,100,30,1.0,0.0
synthetic,nob,100,18,100,30,1.0,0.0
synthetic,nob,100,19,100,30,1.0,0.0
synthetic,nob,100,20,100,30,1.0,0.0
synthetic,nob,100,21,100,30,1.0,0.0
synthetic,nob,100,22,100,30,1.0,0.0
synthetic,nob,100,23,100,30,1.0,0.0
synthetic,nob,100,24,100,30,1.0,0.0
synthetic,nob,100,25,100,30,1.0,0.0
synthetic,nob,100,26,100,30,1.0,0.0
synthetic,nob,100,27,100,30,1.0,0.0
synthetic,nob,100,28,100,30,1.0,0.0
synthetic,nob,100,29,100,30,1.0,0.0
synthetic,nob,100,30,100,30,1.0,0.0
synthetic,nob,100,31,100,30,1.0,0.0
synthetic,nob,100,32,100,30,1.0,0.0
synthetic,nob,100,33,100,30,1.0,0.0
synthetic,nob,100,34,100,30,1.0,0.0
synthetic,nob,100,35,100,30,1.0,0.0
synthetic,nob,100,36,100,30,1.0,0.0
synthetic,nob,100,37,100,30,1.0,0.0
synthetic,nob,100,38,100,30,1.0,0.0
synthetic,nob,100,39,100,30,1.0,0.0
synthetic,nob,100,40,100,30,1.0,0.0
synthetic,nob,100,41,100,30,1.0,0.0
synthetic,nob,100,42,100,30,1.0,0.0
synthetic,nob,100,43,100,30,1.0,0.0
synthetic,nob,100,44,100,30,1.0,0.0
synthetic,nob,100,45,100,30,1.0,0.0
synthetic,nob,100,46,100,30,1.0,0.0
synthetic,nob,100,47,100,30,1.0,0.0
synthetic,nob,100,48,100,30,1.0,0.0
synthetic,nob,100,49,100,30,1.0,0.0
synthetic,nob,100,50,100,30,1.0,0.0
synthetic,nob,100,51,100,30,1.0,0.0
synthetic,nob,100,52,100,30,1.0,0.0
synthetic,nob,100,53,100,30,1.0,0.0
synthetic,nob,100,54,100,30,1.0,0.0
synthetic,nob,100,55,100,30,1.0,0.0
synthetic,nob,100,56,100,30,1.0,0.0
synthetic,nob,100,57,100,30,1.0,0.0
synthetic,nob,100,58,100,30,1.0,0.0
synthetic,nob,100,59,100,30,1.0,0.0
synthetic,nob,100,60,100,30,1.0,0.0
synthetic,nob,100,61,100,30,1.0,0.0
synthetic,nob,100,62,100,30,1.0,0.0
synthetic,nob,100,63,100,30,1.0,0.0
synthetic,nob,100,64,100,30,1.0,0.0
synthetic,nob,100,65,100,30,1.0,0.0
synthetic,nob,100,66,100,30,1.0,0.0
synthetic,nob,100,67,100,30,1.0,0.0
synthetic,nob,100,68,100,30,1.0,0.0
synthetic,nob,100,69,100,30,1.0,0.0
synthetic,nob,100,70,100,30,1.0,0.0
synthetic,nob,100,71,100,30,1.0,0.0
synthetic,nob,100,72,100,30,1.0,0.0
synthetic,nob,100,73,100,30,1.0,0.0
synthetic,nob,100,74,100,30,1.0,0.0
synthetic,nob,100,75,100,30,1.0,0.0
synthetic,nob,100,76,100,30,1.0,0.0
synthetic,nob,100,77,100,30,1.0,0.0
synthetic,nob,100,78,100,30,1.0,0.0
synthetic,nob,100,79,100,30,1.0,0.0
synthetic,nob,100,80,100,30,1.0,0.0
synthetic,nob,100,81,100,30,1.0,0.0
synthetic,nob,100,82,100,30,1.0,0.0
synthetic,nob,100,83,100,30,1.0,0.0
synthetic,nob,100,84,100,30,1.0,0.0
synthetic,nob,100,85,100,30,1.0,0.0
synthetic,nob,100,86,100,30,1.0,0.0
synthetic,nob,100,87,100,30,1.0,0.0
synthetic,nob,100,88,100,30,1.0,0.0
synthetic,nob,100,89,100,30,1.0,0.0
synthetic,nob,100,90,100,30,1.0,0.0
synthetic,nob,100,91,100,30,1.0,0.0
synthetic,nob,100,92,100,30,1.0,0.0
synthetic,nob,100,93,100,30,1.0,0.0
synthetic,nob,100,94,100,30,1.0,0.0
synthetic,nob,100,95,100,30,1.0,0.0
synthetic,nob,100,96,100,30,1.0,0.0
synthetic,nob,100,97,100,30,1.0,0.0
synthetic,nob,100,98,100,30,1.0,0.0
synthetic,nob,100,99,100,30,1.0,0.0
synthetic,nob,100,100,100,30,1.0,0.0
synthetic,nob,100,101,100,30,1.0,0.0
synthetic,nob,100,102,100,30,1.0,0.0
synthetic,nob,100,103,100,30,1.0,0.0
synthetic,nob,100,104,100,30,1.0,0.0
synthetic,nob,100,105,100,30,1.0,0.0
synthetic,nob,100,106,100,30,1.0,0.0
synthetic,nob,100,107,100,30,1.0,0.0
synthetic,nob,100,108,100,30,1.0,0.0
synthetic,nob,100,109,100,30,1.0,0.0
synthetic,nob,100,110,100,30,1.0,0.0
synthetic,nob,100,111,100,30,1.0,0.0
synthetic,nob,100,112,100,30,1.0,0.0
synthetic,nob,100,113,100,30,1.0,0.0
synthetic,nob,100,114,100,30,1.0,0.0
synthetic,nob,100,115,100,30,1.0,0.0
synthetic,nob,100,116,100,30,1.0,0.0
synthetic,nob,100,117,100,30,1.0,0.0
synthetic,nob,100,118,100,30,1.0,0.0
synthetic,nob,100,119,100,30,1.0,0.0
synthetic,nob,100,120,100,30,1.0,0.0
synthetic,nob,100,121,100,30,1.0,0.0
synthetic,nob,100,122,100,30,1.0,0.0
synthetic,nob,100,123,100,30,1.0,0.0
synthetic,nob,100,124,100,30,1.0,0.0
synthetic,nob,100,125,100,30,1.0,0.0
synthetic,nob,100,126,100,30,1.0,0.0
synthetic,nob,100,127,100,30,1.0,0.0
synthetic,nob,100,128,100,30,1.0,0.0
synthetic,nob,100,129,100,30,1.0,0.0
synthetic,nob,100,130,100,30,1.0,0.0
synthetic,nob,100,131,100,30,1.0,0.0
synthetic,nob,100,132,100,30,1.0,0.0
synthetic,nob,100,133,100,30,1.0,0.0
synthetic,nob,100,134,100,30,1.0,0.0
synthetic,nob,100,135,100,30,1.0,0.0
synthetic,nob,100,136,100,30,1.0,0.0
synthetic,nob,100,137,100,30,1.0,0.0
synthetic,nob,100,138,100,30,1.0,0.0
synthetic,nob,100,139,100,30,1.0,0.0
synthetic,nob,100,140,100,30,1.0,0.0
synthetic,nob,100,141,100,30,1.0,0.0
synthetic,nob,100,142,100,30,1.0,0.0
synthetic,nob,100,143,100,30,1.0,0.0
synthetic,nob,100,144,100,30,1.0,0.0
synthetic,nob,100,145,100,30,1.0,0.0
synthetic,nob,100,146,100,30,1.0,0.0
synthetic,nob,100,147,100,30,1.0,0.0
synthetic,nob,100,148,100,30,1.0,0.0
synthetic,nob,100,149,100,30,1.0,0.0
synthetic,nob,100,150,100,30,1.0,0.0
synthetic,nob,100,151,100,30,1.0,0.0
synthetic,nob,100,152,100,30,1.0,0.0
synthetic,nob,100,153,100,30,1.0,0.0
synthetic,nob,100,154,100,30,1.0,0.0
synthetic,nob,100,155,100,30,1.0,0.0
synthetic,nob,100,156,100,30,1.0,0.0
synthetic,nob,100,157,100,30,1.0,0.0
synthetic,nob,100,158,100,30,1.0,0.0
synthetic,nob,100,159,100,30,1.0,0.0
synthetic,nob,100,160,100,30,1.0,0.0
synthetic,nob,100,161,100,30,1.0,0.0
synthetic,nob,100,162,100,30,1.0,0.0
synthetic,nob,100,163,100,30,1.0,0.0
synthetic,nob,100,164,100,30,1.0,0.0
synthetic,nob,100,165,100,30,1.0,0.0
synthetic,nob,100,166,100,30,1.0,0.0
synthetic,nob,100,167,100,30,1.0,0.0
synthetic,nob,100,168,100,30,1.0,0.0
synthetic,nob,100,169,100,30,1.0,0.0
synthetic,nob,100,170,100,30,1.0,0.0
synthetic,nob,100,171,100,30,1.0,0.0
synthetic,nob,100,172,100,30,1.0,0.0
synthetic,nob,100,173,100,30,1.0,0.0
synthetic,nob,100,174,100,30,1.0,0.0
synthetic,nob,100,175,100,30,1.0,0.0
synthetic,nob,100,176,100,30,1.0,0.0
synthetic,nob,100,177,100,30,1.0,0.0
synthetic,nob,100,178,100,30,1.0,0.0
synthetic,nob,100,179,100,30,1.0,0.0
synthetic,nob,100,180,100,30,1.0,0.0
synthetic,nob,100,181,100,30,1.0,0.0
synthetic,nob,100,182,100,30,1.0,0.0
synthetic,nob,100,183,100,30,1.0,0.0
synthetic,nob,100,184,100,30,1.0,0.0
synthetic,nob,100,185,100,30,1.0,0.0
synthetic,nob,100,186,100,30,1.0,0.0
synthetic,nob,100,187,100,30,1.0,0.0
synthetic,nob,100,188,100,30,1.0,0.0
synthetic,nob,100,189,100,30,1.0,0.0
synthetic,nob,100,190,100,30,1.0,0.0
synthetic,nob,100,191,100,30,1.0,0.0
synthetic,nob,100,192,100,30,1.0,0.0
synthetic,nob,100,193,100,30,1.0,0.0
synthetic,nob,100,194,100,30,1.0,0.0
synthetic,nob,100,195,100,30,1.0,0.0
synthetic,nob,100,196,100,30,1.0,0.0
synthetic,nob,100,197,100,30,1.0,0.0
synthetic,nob,100,198,100,30,1.0,0.0
synthetic,nob,100,199,100,30,1.0,0.0
synthetic,rus,10,0,100,29,0.9935084108236766,4.971105888199911e-27
synthetic,rus,10,1,100,29,0.9944975535733799,5.366906989678836e-28
synthetic,rus,10,2,100,29,0.986958572998432,5.888157257873915e-23
synthetic,rus,10,3,100,29,0.9927858884691417,2.0575538515279896e-26
synthetic,rus,10,4,100,29,0.9934933930937543,5.1281742663957574e-27
synthetic,rus,10,5,100,29,0.9883228945243576,1.3353105149736624e-23
synthetic,rus,10,6,100,29,0.9623274951823628,8.442533799692763e-17
synthetic,rus,10,7,100,29,0.9874880305041496,3.375456874565483e-23
synthetic,rus,10,8,100,29,0.9941498711674867,1.2248218543312958e-27
synthetic,rus,10,9,100,29,0.983469138001806,1.4164576616463398e-21
synthetic,rus,10,10,100,29,0.9886229498110772,9.412820388270433e-24
synthetic,rus,10,11,100,29,0.9844266642781514,6.365075636032985e-22
synthetic,rus,10,12,100,29,0.9835241506440594,1.3545650049928847e-21
synthetic,rus,10,13,100,29,0.9912914408122941,2.590406411577554e-25
synthetic,rus,10,14,100,29,0.9880157016930836,1.8925479511494654e-23
synthetic,rus,10,15,100,29,0.9846284563557264,5.343807582349221e-22
synthetic,rus,10,16,100,29,0.973188938686896,9.124813797211463e-19
synthetic,rus,10,17,100,29,0.9768395373800923,1.2924107080074538e-19
synthetic,rus,10,18,100,29,0.9905294449854563,8.002536618289171e-25
synthetic,rus,10,19,100,29,0.9848992855483897,4.2103676942973377e-22
synthetic,rus,10,20,100,29,0.9909314576396212,4.466172689370266e-25
synthetic,rus,10,21,100,29,0.9942033596441248,1.0823206499500385e-27
synthetic,rus,10,22,100,29,0.9899981242170194,1.6669037140944e-24
synthetic,rus,10,23,100,29,0.987644796732545,2.8497571626664616e-23
synthetic,rus,10,24,100,29,0.9873139720427719,4.0634046229061514e-23
synthetic,rus,10,25,100,29,0.9875066161410833,3.308752526355158e-23
synthetic,rus,10,26,100,29,0.982496041038794,3.048432043604761e-21
synthetic,rus,10,27,100,29,0.985864972740014,1.7350613462654567e-22
synthetic,rus,10,28,100,29,0.995655707219875,2.2236237391456465e-29
synthetic,rus,10,29,100,29,0.9885723238565944,9.991313020881564e-24
synthetic,rus,10,30,100,29,0.9908637889044912,4.935719263249482e-25
synthetic,rus,10,31,100,29,0.9890351010887309,5.7336135087220316e-24
synthetic,rus,10,32,100,29,0.9921092440585478,6.874929939004588e-26
synthetic,rus,10,33,100,29,0.9966955253526313,5.567606841569121e-31
synthetic,rus,10,34,100,29,0.9929879705601211,1.4037357615346282e-26
synthetic,rus,10,35,100,29,0.9819146681645323,4.7224063958816586e-21
synthetic,rus,10,36,100,29,0.9918127293974522,1.129258812794781e-25
synthetic,rus,10,37,100,29,0.9881531479755935,1.6209358781991812e-23
synthetic,rus,10,38,100,29,0.977245626305715,1.0202946555223541e-19
synthetic,rus,10,39,100,29,0.9902958290787188,1.1104662665312485e-24
synthetic,rus,10,40,100,29,0.9929361965774774,1.5498330460918176e-26
synthetic,rus,10,41,100,29,0.9844438499212811,6.271533648016805e-22
synthetic,rus,10,42,100,29,0.9880153918240506,1.8932052378053037e-23
synthetic,rus,10,43,100,29,0.990784150283868,5.546683250027549e-25
synthetic,rus,10,44,100,29,0.9866820837890097,7.803282072355074e-23
synthetic,rus,10,45,100,29,0.9855892629486631,2.2483944908955344e-22
synthetic,rus,10,46,100,29,0.9879436932460538,2.0510989455743957e-23
synthetic,rus,10,47,100,29,0.9855793268458654,2.269281278046062e-22
synthetic,rus,10,48,100,29,0.982745487130246,2.5151180739526174e-21
synthetic,rus,10,49,100,29,0.9860895467365757,1.3995499579198595e-22
synthetic,rus,10,50,100,29,0.992150502426063,6.40673499393735e-26
synthetic,rus,10,51,100,29,0.9929145284493441,1.6150540588437915e-26
synthetic,rus,10,52,100,29,0.9816909908531637,5.567514978441641e-21
synthetic,rus,10,53,100,29,0.9930791330052929,1.1770444885022362e-26
synthetic,rus,10,54,100,29,0.992543051003192,3.2124979881868445e-26
synthetic,rus,10,55,100,29,0.994466291411414,5.7924342319192925e-28
synthetic,rus,10,56,100,29,0.9928887445646826,1.6959702170818975e-26
synthetic,rus,10,57,100,29,0.9951301771505436,1.0357395223583556e-28
synthetic,rus,10,58,100,29,0.9898253386491817,2.098416800321353e-24
synthetic,rus,10,59,100,29,0.9894228340039493,3.53456703581449e-24
synthetic,rus,10,60,100,29,0.9789927153794595,3.505916595133307e-20
synthetic,rus,10,61,100,29,0.9927976498426163,2.0128650077010975e-26
synthetic,rus,10,62,100,29,0.9918573554615688,1.0492093405971813e-25
synthetic,rus,10,63,100,29,0.9863911250760713,1.0429125217622833e-22
synthetic,rus,10,64,100,29,0.9524854755036262,1.8278984640568547e-15
synthetic,rus,10,65,100,29,0.9947611454629688,2.770631462308264e-28
synthetic,rus,10,66,100,29,0.9907792897993432,5.586147251499789e-25
synthetic,rus,10,67,100,29,0.9901642700854244,1.3308269667423844e-24
synthetic,rus,10,68,100,29,0.9848082641524186,4.563753470805699e-22
synthetic,rus,10,69,100,29,0.9916325029249063,1.5135546139433626e-25
synthetic,rus,10,70,100,29,0.9925997247283572,2.899058866355396e-26
synthetic,rus,10,71,100,29,0.9919728497681467,8.657647691282523e-26
synthetic,rus,10,72,100,29,0.9847671332373708,4.732273264027569e-22
synthetic,rus,10,73,100,29,0.9918991292009023,9.790664984937937e-26
synthetic,rus,10,74,100,29,0.987265895165228,4.2750884705230667e-23
synthetic,rus,10,75,100,29,0.9888283218582314,7.369522819185242e-24
synthetic,rus,10,76,100,29,0.97785337840531,7.104800384918728e-20
synthetic,rus,10,77,100,29,0.9901442039080429,1.3677909161617823e-24
synthetic,rus,10,78,100,29,0.9904682867770084,8.725939637584507e-25
synthetic,rus,10,79,100,29,0.9820504224734933,4.269075007632674e-21
synthetic,rus,10,80,100,29,0.9866939447961317,7.710517606691716e-23
synthetic,rus,10,81,100,29,0.9863905845435519,1.043468576926473e-22
synthetic,rus,10,82,100,29,0.9868132787443619,6.832319916170448e-23
synthetic,rus,10,83,100,29,0.9807647335051184,1.0780814483601799e-20
synthetic,rus,10,84,100,29,0.9818429080620247,4.979640619978359e-21
synthetic,rus,10,85,100,29,0.9950852386282976,1.1721735702659405e-28
synthetic,rus,10,86,100,29,0.9800760000030618,1.7264473038690688e-20
synthetic,rus,10,87,100,29,0.9931548685976315,1.0150144400886129e-26
synthetic,rus,10,88,100,29,0.9924856658346959,3.561585242684784e-26
synthetic,rus,10,89,100,29,0.9796847723503631,2.239574332652887e-20
synthetic,rus,10,90,100,29,0.9942363730417925,1.0021966450500266e-27
synthetic,rus,10,91,100,29,0.9931657032366685,9.936015789502867e-27
synthetic,rus,10,92,100,29,0.9933311708577969,7.143884225675321e-27
synthetic,rus,10,93,100,29,0.9924189688313833,4.0112915547108613e-26
synthetic,rus,10,94,100,29,0.9844572081197921,6.199704604687265e-22
synthetic,rus,10,95,100,29,0.9887847579351836,7.765097699893749e-24
synthetic,rus,10,96,100,29,0.994736076805292,2.954632813822532e-28
synthetic,rus,10,97,100,29,0.9902726376340238,1.1466777491857905e-24
synthetic,rus,10,98,100,29,0.9921204938046945,6.744225373110154e-26
synthetic,rus,10,99,100,29,0.9879286186138683,2.0858089121382074e-23
synthetic,rus,10,100,100,29,0.9936651889399134,3.5769754532397666e-27
synthetic,rus,10,101,100,29,0.9959738312382186,7.979960169779289e-30
synthetic,rus,10,102,100,29,0.9939582701311419,1.8903043964063655e-27
synthetic,rus,10,103,100,29,0.9906614587956679,6.626151831799421e-25
synthetic,rus,10,104,100,29,0.972728010388543,1.1454686316122971e-18
synthetic,rus,10,105,100,29,0.9885641646223542,1.0087567353809385e-23
synthetic,rus,10,106,100,29,0.9932753104525308,7.992793276646188e-27
synthetic,rus,10,107,100,29,0.9928597281191959,1.7915090552531989e-26
synthetic,rus,10,108,100,29,0.9919583138795547,8.870954599830824e-26
synthetic,rus,10,109,100,29,0.9875930911839329,3.014125714577893e-23
synthetic,rus,10,110,100,29,0.993317557316788,7.342707021922561e-27
synthetic,rus,10,111,100,29,0.9933218674058966,7.2792118806954e-27
synthetic,rus,10,112,100,29,0.9905270388639278,8.029914894466141e-25
synthetic,rus,10,113,100,29,0.9716815848408324,1.89260367259516e-18
synthetic,rus,10,114,100,29,0.9938591293467928,2.353462329476419e-27
synthetic,rus,10,115,100,29,0.9798363057111533,2.0260745118495967e-20
synthetic,rus,10,116,100,29,0.9878140150048705,2.3680063348101546e-23
synthetic,rus,10,117,100,29,0.9873446169023699,3.933579973016269e-23
synthetic,rus,10,118,100,29,0.994934951141704,1.7587638431387563e-28
synthetic,rus,10,119,100,29,0.9899210014134346,1.8482034374618162e-24
synthetic,rus,10,120,100,29,0.9878888544720609,2.179991923718409e-23
synthetic,rus,10,121,100,29,0.9942609514289433,9.46149371412666e-28
synthetic,rus,10,122,100,29,0.9923008415173638,4.938975710929705e-26
synthetic,rus,10,123,100,29,0.9934808520611379,5.262845155816824e-27
synthetic,rus,10,124,100,29,0.9895670786819848,2.9389804877256458e-24
synthetic,rus,10,125,100,29,0.9915691449491283,1.6751901455396274e-25
synthetic,rus,10,126,100,29,0.9943978206053944,6.835770341821071e-28
synthetic,rus,10,127,100,29,0.994163979532266,1.1856383802642056e-27
synthetic,rus,10,128,100,29,0.9886631678895951,8.975517016741362e-24
synthetic,rus,10,129,100,29,0.9868536746173117,6.556662286639972e-23
synthetic,rus,10,130,100,29,0.9930401671990488,1.2694371416874986e-26
synthetic,rus,10,131,100,29,0.9975640337297857,9.121066154862942e-33
synthetic,rus,10,132,100,29,0.9947384241965928,2.9369350832989126e-28
synthetic,rus,10,133,100,29,0.9909696788750352,4.219583174447662e-25
synthetic,rus,10,134,100,29,0.9926181072664844,2.803636398070468e-26
synthetic,rus,10,135,100,29,0.9869817739991368,5.749084769899359e-23
synthetic,rus,10,136,100,29,0.9923822652684163,4.280635667412566e-26
synthetic,rus,10,137,100,29,0.994477395317845,5.637840827987572e-28
synthetic,rus,10,138,100,29,0.990290843788185,1.1181598929754961e-24
synthetic,rus,10,139,100,29,0.9942829374907942,8.984862869442224e-28
synthetic,rus,10,140,100,29,0.9902686900479248,1.1529493084974184e-24
synthetic,rus,10,141,100,29,0.9888458886532702,7.215352397718442e-24
synthetic,rus,10,142,100,29,0.9823061977868806,3.522402017756982e-21
synthetic,rus,10,143,100,29,0.9889249723186839,6.557545150965529e-24
synthetic,rus,10,144,100,29,0.996945708717057,1.9262385889844686e-31
synthetic,rus,10,145,100,29,0.9910733514023597,3.6127123688902574e-25
synthetic,rus,10,146,100,29,0.99221820334458,5.701927505450546e-26
synthetic,rus,10,147,100,29,0.987694794223462,2.698740975141882e-23
synthetic,rus,10,148,100,29,0.9876410807801699,2.8612874891259904e-23
synthetic,rus,10,149,100,29,0.9897718797459977,2.251542698048682e-24
synthetic,rus,10,150,100,29,0.993020170788821,1.319414858669143e-26
synthetic,rus,10,151,100,29,0.9921796116649115,6.094355492737648e-26
synthetic,rus,10,152,100,29,0.9904528894180874,8.917362744674977e-25
synthetic,rus,10,153,100,29,0.9849223792065732,4.1248257920877806e-22
synthetic,rus,10,154,100,29,0.9861107539249354,1.3711883226586213e-22
synthetic,rus,10,155,100,29,0.992491680058849,3.5234181089058917e-26
synthetic,rus,10,156,100,29,0.9824785001807173,3.089614103422772e-21
synthetic,rus,10,157,100,29,0.9832062379144969,1.7500199692036418e-21
synthetic,rus,10,158,100,29,0.9846336665387374,5.319569368152267e-22
synthetic,rus,10,159,100,29,0.992982858616418,1.4175719239221547e-26
synthetic,rus,10,160,100,29,0.9845899593929326,5.526089574077535e-22
synthetic,rus,10,161,100,29,0.9740701955566314,5.841546840962166e-19
synthetic,rus,10,162,100,29,0.9938184054590545,2.5725077741731443e-27
synthetic,rus,10,163,100,29,0.9903232758080506,1.0689786343022465e-24
synthetic,rus,10,164,100,29,0.9872450886466766,4.3698250417554803e-23
synthetic,rus,10,165,100,29,0.9937764842873207,2.81758270663259e-27
synthetic,rus,10,166,100,29,0.9930630176786447,1.2144738580820897e-26
synthetic,rus,10,167,100,29,0.9668378696182824,1.5502198295354082e-17
synthetic,rus,10,168,100,29,0.9917345196143732,1.2833231068989003e-25
synthetic,rus,10,169,100,29,0.9807315670404431,1.1032338744509407e-20
synthetic,rus,10,170,100,29,0.9921887922373953,5.998799000034105e-26
synthetic,rus,10,171,100,29,0.9829981690008324,2.0639880572214675e-21
synthetic,rus,10,172,100,29,0.9922159801801079,5.723883623997441e-26
synthetic,rus,10,173,100,29,0.9965208431115125,1.1149179408435203e-30
synthetic,rus,10,174,100,29,0.9873329348238057,3.982610771343078e-23
synthetic,rus,10,175,100,29,0.9837169843106013,1.1568194848000132e-21
synthetic,rus,10,176,100,29,0.9848701400200858,4.320668629590121e-22
synthetic,rus,10,177,100,29,0.9875093241823141,3.299135724745196e-23
synthetic,rus,10,178,100,29,0.9918650233441441,1.0359954866480041e-25
synthetic,rus,10,179,100,29,0.9891020422412958,5.280742498090757e-24
synthetic,rus,10,180,100,29,0.9928137789428192,1.9530400137148687e-26
synthetic,rus,10,181,100,29,0.9708734361058139,2.754009519613852e-18
synthetic,rus,10,182,100,29,0.9951573667100664,9.60490512030409e-29
synthetic,rus,10,183,100,29,0.9915970040248826,1.602245160671596e-25
synthetic,rus,10,184,100,29,0.9919318060465636,9.272513828748642e-26
synthetic,rus,10,185,100,29,0.9887602612962311,7.996074227713649e-24
synthetic,rus,10,186,100,29,0.9837749122050673,1.1028537685968178e-21
synthetic,rus,10,187,100,29,0.9906107429733716,7.126679552266834e-25
synthetic,rus,10,188,100,29,0.9952101994357682,8.285349279916683e-29
synthetic,rus,10,189,100,29,0.9855964990337064,2.233295503996781e-22
synthetic,rus,10,190,100,29,0.9930234221651463,1.3111665402787858e-26
synthetic,rus,10,191,100,29,0.9807814880237907,1.0655779236193575e-20
synthetic,rus,10,192,100,29,0.9915469176349719,1.735580178555326e-25
synthetic,rus,10,193,100,29,0.9847788560358043,4.683665995578289e-22
synthetic,rus,10,194,100,29,0.9816951528506881,5.550589072769128e-21
synthetic,rus,10,195,100,29,0.9934326520902648,5.811489558122067e-27
synthetic,rus,10,196,100,29,0.9932796833584897,7.923113374926752e-27
synthetic,rus,10,197,100,29,0.9878343886780023,2.3153899735200504e-23
synthetic,rus,10,198,100,29,0.9963968592413097,1.7874195161690884e-30
synthetic,rus,10,199,100,29,0.9838387776780061,1.0460609750701277e-21
synthetic,rus,25,0,100,29,0.9940909362445781,1.401820535896878e-27
synthetic,rus,25,1,100,29,0.9976217525787753,6.60084352928367e-33
synthetic,rus,25,2,100,29,0.9953068253400543,6.296089373457864e-29
synthetic,rus,25,3,100,29,0.996654234796711,6.582184386745114e-31
synthetic,rus,25,4,100,29,0.9958669707443641,1.1358291163914534e-29
synthetic,rus,25,5,100,29,0.9891018460249309,5.2820201505640024e-24
synthetic,rus,25,6,100,29,0.9946311665426525,3.8542334337004595e-28
synthetic,rus,25,7,100,29,0.9979366732399676,9.718388257089353e-34
synthetic,rus,25,8,100,29,0.9967834651355759,3.870347329974336e-31
synthetic,rus,25,9,100,29,0.9950584845198681,1.2611113673957603e-28
synthetic,rus,25,10,100,29,0.9976316899816304,6.238426540172795e-33
synthetic,rus,25,11,100,29,0.9960855287778052,5.4617113553183e-30
synthetic,rus,25,12,100,29,0.9968202634717344,3.314223942239622e-31
synthetic,rus,25,13,100,29,0.9977475316584239,3.1720501876525885e-33
synthetic,rus,25,14,100,29,0.9981033071492712,3.1210963288107808e-34
synthetic,rus,25,15,100,29,0.9882522977024117,1.447912384331236e-23
synthetic,rus,25,16,100,29,0.9967759707289429,3.993701486635024e-31
synthetic,rus,25,17,100,29,0.9947829841124609,2.619043066336375e-28
synthetic,rus,25,18,100,29,0.9978927412429324,1.2912376613749774e-33
synthetic,rus,25,19,100,29,0.9970974359997176,9.690747296274058e-32
synthetic,rus,25,20,100,29,0.9939377729711938,1.978503672134865e-27
synthetic,rus,25,21,100,29,0.9980187449947362,5.621196642471974e-34
synthetic,rus,25,22,100,29,0.9952667679126777,7.059908334226965e-29
synthetic,rus,25,23,100,29,0.9946294741299702,3.8706296286999263e-28
synthetic,rus,25,24,100,29,0.9986329696361083,3.7643694905863626e-36
synthetic,rus,25,25,100,29,0.9955678544572015,2.912194437317286e-29
synthetic,rus,25,26,100,29,0.995672062939558,2.1134291212768256e-29
synthetic,rus,25,27,100,29,0.9899514821619503,1.7744736824388082e-24
synthetic,rus,25,28,100,29,0.9969796676701993,1.6566996312571132e-31
synthetic,rus,25,29,100,29,0.9985734097268358,6.692316201940365e-36
synthetic,rus,25,30,100,29,0.9962907608555384,2.6430575392747144e-30
synthetic,rus,25,31,100,29,0.995018858251483,1.4043684879036142e-28
synthetic,rus,25,32,100,29,0.9961021540051676,5.157236463875829e-30
synthetic,rus,25,33,100,29,0.99774466621856,3.2269077304874465e-33
synthetic,rus,25,34,100,29,0.9959450852915117,8.782932741635253e-30
synthetic,rus,25,35,100,29,0.9981642390760121,2.0091822024249015e-34
synthetic,rus,25,36,100,29,0.9906717438916712,6.528699458280071e-25
synthetic,rus,25,37,100,29,0.9978693348725414,1.4986870014753652e-33
synthetic,rus,25,38,100,29,0.9972872162996271,3.893927507500144e-32
synthetic,rus,25,39,100,29,0.9932593224407926,8.252409894184562e-27
synthetic,rus,25,40,100,29,0.9971247308413481,8.531625894607194e-32
synthetic,rus,25,41,100,29,0.9948410960197154,2.2522478733586437e-28
synthetic,rus,25,42,100,29,0.9965929907838671,8.405547234123316e-31
synthetic,rus,25,43,100,29,0.9969482279168457,1.9049283151775224e-31
synthetic,rus,25,44,100,29,0.9975177808830994,1.1754604084253993e-32
synthetic,rus,25,45,100,29,0.9972502132387269,4.6744035639498745e-32
synthetic,rus,25,46,100,29,0.996940902605563,1.9675075670250759e-31
synthetic,rus,25,47,100,29,0.9976599256550623,5.306722622056245e-33
synthetic,rus,25,48,100,29,0.9951786990265842,9.050300884237676e-29
synthetic,rus,25,49,100,29,0.9977965120972478,2.358118431526979e-33
synthetic,rus,25,50,100,29,0.9983712097854761,4.001332807773426e-35
synthetic,rus,25,51,100,29,0.9974439363683703,1.745408319884645e-32
synthetic,rus,25,52,100,29,0.9984278477256792,2.482250317466196e-35
synthetic,rus,25,53,100,29,0.9975155085371921,1.190055070353961e-32
synthetic,rus,25,54,100,29,0.9968915875591153,2.440920471366114e-31
synthetic,rus,25,55,100,29,0.9970488242859418,1.2123089817248793e-31
synthetic,rus,25,56,100,29,0.9953088546732876,6.259509728677031e-29
synthetic,rus,25,57,100,29,0.9944507961884106,6.014729974274923e-28
synthetic,rus,25,58,100,29,0.9969773688613067,1.6737810155756324e-31
synthetic,rus,25,59,100,29,0.9950785531926017,1.1938364735701032e-28
synthetic,rus,25,60,100,29,0.996554118622397,9.794500829599186e-31
synthetic,rus,25,61,100,29,0.9943003976130683,8.622288381896379e-28
synthetic,rus,25,62,100,29,0.9979015713797094,1.220138200306168e-33
synthetic,rus,25,63,100,29,0.9964667805685996,1.3724929717522024e-30
synthetic,rus,25,64,100,29,0.9961725022379281,4.034723378511628e-30
synthetic,rus,25,65,100,29,0.9961690354614857,4.0842564788344725e-30
synthetic,rus,25,66,100,29,0.9944442812053239,6.1105310620406565e-28
synthetic,rus,25,67,100,29,0.9946637387417064,3.5509296891289993e-28
synthetic,rus,25,68,100,29,0.99456995232503,4.49006925252833e-28
synthetic,rus,25,69,100,29,0.9985981733122891,5.284117332865827e-36
synthetic,rus,25,70,100,29,0.9954074606594523,4.701527649727435e-29
synthetic,rus,25,71,100,29,0.9969236381579372,2.1226003513142837e-31
synthetic,rus,25,72,100,29,0.9975154551733497,1.1903998191800273e-32
synthetic,rus,25,73,100,29,0.9961449518114776,4.444211410540737e-30
synthetic,rus,25,74,100,29,0.9975228267969218,1.1436423931520372e-32
synthetic,rus,25,75,100,29,0.9953627924473639,5.356426467194007e-29
synthetic,rus,25,76,100,29,0.9969991701007421,1.5181436245735931e-31
synthetic,rus,25,77,100,29,0.9938199240540806,2.5640119520316092e-27
synthetic,rus,25,78,100,29,0.9966646306133324,6.311764849392693e-31
synthetic,rus,25,79,100,29,0.998194768710961,1.6024054245407721e-34
synthetic,rus,25,80,100,29,0.9929546859139825,1.4961166979314724e-26
synthetic,rus,25,81,100,29,0.9959122819550975,9.790296054707152e-30
synthetic,rus,25,82,100,29,0.9986115778380357,4.6416643339039957e-36
synthetic,rus,25,83,100,29,0.9846446979553795,5.268585480840209e-22
synthetic,rus,25,84,100,29,0.9965690601615456,9.237248991682393e-31
synthetic,rus,25,85,100,29,0.9955957532341779,2.674662723299112e-29
synthetic,rus,25,86,100,29,0.9950869732074213,1.1666127482528525e-28
synthetic,rus,25,87,100,29,0.9965162278881047,1.1350199917791792e-30
synthetic,rus,25,88,100,29,0.997632594702458,6.206363445032429e-33
synthetic,rus,25,89,100,29,0.9944317757777283,6.298389003972583e-28
synthetic,rus,25,90,100,29,0.9931645858501849,9.957904129633008e-27
synthetic,rus,25,91,100,29,0.9961987915587104,3.676810927496075e-30
synthetic,rus,25,92,100,29,0.9973196881216544,3.3102990571475486e-32
synthetic,rus,25,93,100,29,0.9948603596226181,2.141565495448038e-28
synthetic,rus,25,94,100,29,0.9977866030441588,2.505227420603031e-33
synthetic,rus,25,95,100,29,0.9959644046062857,8.23546329332888e-30
synthetic,rus,25,96,100,29,0.9974654819516833,1.557119226106583e-32
synthetic,rus,25,97,100,29,0.9965901145866506,8.501707312195962e-31
synthetic,rus,25,98,100,29,0.997522642848431,1.1447881717867894e-32
synthetic,rus,25,99,100,29,0.9950695275850705,1.2236703750460946e-28
synthetic,rus,25,100,100,29,0.996054436777097,6.076237126579058e-30
synthetic,rus,25,101,100,29,0.9963672227544084,1.996081518330379e-30
synthetic,rus,25,102,100,29,0.9972819498464508,3.9971051218766687e-32
synthetic,rus,25,103,100,29,0.9974456221580462,1.7299487930037703e-32
synthetic,rus,25,104,100,29,0.9976743461030844,4.882262773892992e-33
synthetic,rus,25,105,100,29,0.9967548655052779,4.360913495603187e-31
synthetic,rus,25,106,100,29,0.9961773349695663,3.96660106685741e-30
synthetic,rus,25,107,100,29,0.997929150633004,1.020732521162344e-33
synthetic,rus,25,108,100,29,0.9960458624250353,6.256628733159444e-30
synthetic,rus,25,109,100,29,0.9974041594262484,2.149474021874909e-32
synthetic,rus,25,110,100,29,0.9973726931709456,2.5286871255840475e-32
synthetic,rus,25,111,100,29,0.9950577600002215,1.2636045047572332e-28
synthetic,rus,25,112,100,29,0.9976195895730128,6.682268063004256e-33
synthetic,rus,25,113,100,29,0.9954423285529398,4.242716712335251e-29
synthetic,rus,25,114,100,29,0.9942768823492457,9.11386328001332e-28
synthetic,rus,25,115,100,29,0.9942569008203987,9.551818445093321e-28
synthetic,rus,25,116,100,29,0.9967311588588935,4.8105254939586185e-31
synthetic,rus,25,117,100,29,0.9977217473552558,3.698348684005768e-33
synthetic,rus,25,118,100,29,0.997994719822864,6.613574396538088e-34
synthetic,rus,25,119,100,29,0.9987777835174699,8.309082747716557e-37
synthetic,rus,25,120,100,29,0.9949391765563865,1.7391022649056304e-28
synthetic,rus,25,121,100,29,0.9947596944628644,2.7809854947828244e-28
synthetic,rus,25,122,100,29,0.9928548446152516,1.8080697035658475e-26
synthetic,rus,25,123,100,29,0.9959286794969994,9.274087730883833e-30
synthetic,rus,25,124,100,29,0.9976960403438137,4.302572006475868e-33
synthetic,rus,25,125,100,29,0.9971002160963611,9.566344407736525e-32
synthetic,rus,25,126,100,29,0.9959664948286914,8.17816433753782e-30
synthetic,rus,25,127,100,29,0.9957620483585993,1.5923144554441842e-29
synthetic,rus,25,128,100,29,0.9968402010518952,3.044770388217577e-31
synthetic,rus,25,129,100,29,0.9944393295609938,6.1842861672007735e-28
synthetic,rus,25,130,100,29,0.9979947462990033,6.612396687705356e-34
synthetic,rus,25,131,100,29,0.9970282947134137,1.331083804342686e-31
synthetic,rus,25,132,100,29,0.994329563851731,8.0466877828367375e-28
synthetic,rus,25,133,100,29,0.9954350004862675,4.3355551208840883e-29
synthetic,rus,25,134,100,29,0.9973044393115674,3.573466539164286e-32
synthetic,rus,25,135,100,29,0.997270253139832,4.235378692658341e-32
synthetic,rus,25,136,100,29,0.9977759887608896,2.672199278622321e-33
synthetic,rus,25,137,100,29,0.9948265073359832,2.339567276596115e-28
synthetic,rus,25,138,100,29,0.9977107057605248,3.9475379114941116e-33
synthetic,rus,25,139,100,29,0.9969026708472627,2.326159127775021e-31
synthetic,rus,25,140,100,29,0.9966725717227489,6.1121672825910375e-31
synthetic,rus,25,141,100,29,0.993510164985083,4.953052697396009e-27
synthetic,rus,25,142,100,29,0.9969633179025607,1.78178160696905e-31
synthetic,rus,25,143,100,29,0.9957021483359638,1.9238243642999343e-29
synthetic,rus,25,144,100,29,0.9960702211074607,5.756687329975412e-30
synthetic,rus,25,145,100,29,0.9944252401182985,6.39868173193167e-28
synthetic,rus,25,146,100,29,0.9982123591515332,1.404129079035864e-34
synthetic,rus,25,147,100,29,0.9925804018238155,3.0025962808632485e-26
synthetic,rus,25,148,100,29,0.9957124925802434,1.862358795361425e-29
synthetic,rus,25,149,100,29,0.998401909669813,3.0954275049135045e-35
synthetic,rus,25,150,100,29,0.9970700188256558,1.1000406543391877e-31
synthetic,rus,25,151,100,29,0.9955174011388556,3.392007212549926e-29
synthetic,rus,25,152,100,29,0.9967820547945427,3.8932879309106306e-31
synthetic,rus,25,153,100,29,0.9929376832732837,1.5454487026969277e-26
synthetic,rus,25,154,100,29,0.9962067347883617,3.574596011278649e-30
synthetic,rus,25,155,100,29,0.9966718325171297,6.130497322440718e-31
synthetic,rus,25,156,100,29,0.9942801096331475,9.04489652826428e-28
synthetic,rus,25,157,100,29,0.9962133493303743,3.491492932079351e-30
synthetic,rus,25,158,100,29,0.9964218534748456,1.6273381617579176e-30
synthetic,rus,25,159,100,29,0.9958630162404176,1.1505620074176043e-29
synthetic,rus,25,160,100,29,0.9959692685943008,8.102697220135335e-30
synthetic,rus,25,161,100,29,0.9960827266780848,5.514638506006324e-30
synthetic,rus,25,162,100,29,0.9979279643266938,1.0286476834402278e-33
synthetic,rus,25,163,100,29,0.9981312097039067,2.555558618506795e-34
synthetic,rus,25,164,100,29,0.9958240441258351,1.3055229411263897e-29
synthetic,rus,25,165,100,29,0.9978764803999222,1.4322985151812504e-33
synthetic,rus,25,166,100,29,0.991564803195058,1.686831323061779e-25
synthetic,rus,25,167,100,29,0.996316469280902,2.406547429445588e-30
synthetic,rus,25,168,100,29,0.9939042502752261,2.1310001864128843e-27
synthetic,rus,25,169,100,29,0.9913753737990486,2.2740471854841167e-25
synthetic,rus,25,170,100,29,0.9931614541162593,1.0019489301554986e-26
synthetic,rus,25,171,100,29,0.9972638437087741,4.3714561797950115e-32
synthetic,rus,25,172,100,29,0.9871485921017986,4.835126772703049e-23
synthetic,rus,25,173,100,29,0.9965921406075916,8.433865882566991e-31
synthetic,rus,25,174,100,29,0.9982083426290502,1.447288793029766e-34
synthetic,rus,25,175,100,29,0.9960844699460244,5.481655463675389e-30
synthetic,rus,25,176,100,29,0.9964982250447795,1.216683490853803e-30
synthetic,rus,25,177,100,29,0.9961548780616197,4.29243735372402e-30
synthetic,rus,25,178,100,29,0.994069476811308,1.4719448380563093e-27
synthetic,rus,25,179,100,29,0.994890201011421,1.9800063125294053e-28
synthetic,rus,25,180,100,29,0.9972071224966406,5.764756056922735e-32
synthetic,rus,25,181,100,29,0.994832466926795,2.3035248496475255e-28
synthetic,rus,25,182,100,29,0.9948512374176515,2.1933354810959325e-28
synthetic,rus,25,183,100,29,0.9976600612004155,5.302578625595011e-33
synthetic,rus,25,184,100,29,0.9957165767266848,1.8385952972027246e-29
synthetic,rus,25,185,100,29,0.9976560495476732,5.4265024264450506e-33
synthetic,rus,25,186,100,29,0.9949533943757558,1.674428372635211e-28
synthetic,rus,25,187,100,29,0.997465024770818,1.5609111718136277e-32
synthetic,rus,25,188,100,29,0.9947652433287713,2.7415823128557326e-28
synthetic,rus,25,189,100,29,0.9965716411258091,9.144017142086151e-31
synthetic,rus,25,190,100,29,0.9959229048637693,9.452932329494682e-30
synthetic,rus,25,191,100,29,0.9980179641655614,5.65115209038646e-34
synthetic,rus,25,192,100,29,0.9953837581311307,5.039187572162697e-29
synthetic,rus,25,193,100,29,0.9963269728337495,2.3156819587915045e-30
synthetic,rus,25,194,100,29,0.9931372813888888,1.0506838969051364e-26
synthetic,rus,25,195,100,29,0.9957871099983776,1.470002090287242e-29
synthetic,rus,25,196,100,29,0.9972183712281945,5.459435050962788e-32
synthetic,rus,25,197,100,29,0.9966693411239548,6.192651707146225e-31
synthetic,rus,25,198,100,29,0.9814691908970039,6.541767350740211e-21
synthetic,rus,25,199,100,29,0.9952940991611089,6.530033253972233e-29
synthetic,rus,50,0,100,29,0.9988879841658872,2.32182772620802e-37
synthetic,rus,50,1,100,29,0.9988433258625004,3.9497336150543245e-37
synthetic,rus,50,2,100,29,0.99870754166794,1.7660340357012867e-36
synthetic,rus,50,3,100,29,0.9991807928420358,3.75740175108436e-39
synthetic,rus,50,4,100,29,0.9987522642442401,1.098105577962395e-36
synthetic,rus,50,5,100,29,0.9977027080659994,4.137640970131992e-33
synthetic,rus,50,6,100,29,0.9993616408667204,1.2969041277645394e-40
synthetic,rus,50,7,100,29,0.9993628167870455,1.2650296586276419e-40
synthetic,rus,50,8,100,29,0.9991059370681872,1.2227907012965798e-38
synthetic,rus,50,9,100,29,0.9989560714691956,9.898272031382916e-38
synthetic,rus,50,10,100,29,0.998404922444987,3.0176213250048926e-35
synthetic,rus,50,11,100,29,0.9987708068659602,8.972372630603899e-37
synthetic,rus,50,12,100,29,0.9983136000405548,6.395099515469014e-35
synthetic,rus,50,13,100,29,0.9991859250140419,3.4518719771723456e-39
synthetic,rus,50,14,100,29,0.9989270295268289,1.4333937572307595e-37
synthetic,rus,50,15,100,29,0.9989979991703263,5.692841987714808e-38
synthetic,rus,50,16,100,29,0.9980025916907584,6.271845331734298e-34
synthetic,rus,50,17,100,29,0.9976775266357956,4.792979624699534e-33
synthetic,rus,50,18,100,29,0.9987690579551242,9.14616144787958e-37
synthetic,rus,50,19,100,29,0.9964405745096386,1.5162446993212089e-30
synthetic,rus,50,20,100,29,0.9982497263963495,1.0559616050575202e-34
synthetic,rus,50,21,100,29,0.9989377314425684,1.2520482670358746e-37
synthetic,rus,50,22,100,29,0.9952366449082966,7.689841864368733e-29
synthetic,rus,50,23,100,29,0.9976815533608471,4.682110591240229e-33
synthetic,rus,50,24,100,29,0.9990544771016217,2.602109155054944e-38
synthetic,rus,50,25,100,29,0.9988465121915548,3.80542038705731e-37
synthetic,rus,50,26,100,29,0.9994761542631605,8.996319990603337e-42
synthetic,rus,50,27,100,29,0.9995217159303557,2.6344735243564246e-42
synthetic,rus,50,28,100,29,0.9972372123817014,4.981359059222313e-32
synthetic,rus,50,29,100,29,0.9989849113589473,6.782354922788258e-38
synthetic,rus,50,30,100,29,0.9984199476693212,2.6559093068961887e-35
synthetic,rus,50,31,100,29,0.9960081291454081,7.110962771652036e-30
synthetic,rus,50,32,100,29,0.9977541393052661,3.048824104941747e-33
synthetic,rus,50,33,100,29,0.9969802766102089,1.6522019935963694e-31
synthetic,rus,50,34,100,29,0.9984610875371696,1.8605455149358352e-35
synthetic,rus,50,35,100,29,0.9992750017091706,7.225361699152462e-40
synthetic,rus,50,36,100,29,0.9983998251390764,3.1503440108412676e-35
synthetic,rus,50,37,100,29,0.9988859398828003,2.3800888872228827e-37
synthetic,rus,50,38,100,29,0.9981005982386048,3.181764380026606e-34
synthetic,rus,50,39,100,29,0.9988515214010768,3.588384159784775e-37
synthetic,rus,50,40,100,29,0.9992229624900937,1.841389046889324e-39
synthetic,rus,50,41,100,29,0.9988363266550443,4.2847051107272435e-37
synthetic,rus,50,42,100,29,0.9983196294427116,6.093447026016576e-35
synthetic,rus,50,43,100,29,0.9991738548495257,4.210323411365502e-39
synthetic,rus,50,44,100,29,0.9991453451842277,6.655146140630086e-39
synthetic,rus,50,45,100,29,0.9976329180953285,6.194939538745765e-33
synthetic,rus,50,46,100,29,0.9977539846379431,3.0516571115382854e-33
synthetic,rus,50,47,100,29,0.9981476670482433,2.2681249822032154e-34
synthetic,rus,50,48,100,29,0.9981379917297838,2.4332513701672966e-34
synthetic,rus,50,49,100,29,0.9986475334726341,3.257856800736272e-36
synthetic,rus,50,50,100,29,0.9987667721041206,9.378005704496963e-37
synthetic,rus,50,51,100,29,0.9994585355723185,1.405944995659056e-41
synthetic,rus,50,52,100,29,0.998651309143854,3.137263680785336e-36
synthetic,rus,50,53,100,29,0.9981586473326559,2.0933252370538523e-34
synthetic,rus,50,54,100,29,0.9988132926493328,5.581900203402325e-37
synthetic,rus,50,55,100,29,0.9983145559857438,6.346369031572563e-35
synthetic,rus,50,56,100,29,0.9991018591660318,1.300237180748179e-38
synthetic,rus,50,57,100,29,0.9985200964591707,1.0978744307803448e-35
synthetic,rus,50,58,100,29,0.9982140587897098,1.3862269243916762e-34
synthetic,rus,50,59,100,29,0.999034912225479,3.430483619995839e-38
synthetic,rus,50,60,100,29,0.9987082344420525,1.7533045059241623e-36
synthetic,rus,50,61,100,29,0.9992550423169605,1.0424050753375707e-39
synthetic,rus,50,62,100,29,0.9995368263993856,1.7081005845539756e-42
synthetic,rus,50,63,100,29,0.9993107145562535,3.6541683579977854e-40
synthetic,rus,50,64,100,29,0.9989056654016764,1.8702658382415028e-37
synthetic,rus,50,65,100,29,0.999431548714892,2.71059707823952e-41
synthetic,rus,50,66,100,29,0.9983483019734277,4.830932508837079e-35
synthetic,rus,50,67,100,29,0.9992027693218566,2.6032252924322972e-39
synthetic,rus,50,68,100,29,0.9977253127221354,3.62104884860604e-33
synthetic,rus,50,69,100,29,0.9986227510778504,4.1622598256771003e-36
synthetic,rus,50,70,100,29,0.997892730635388,1.2913253322976707e-33
synthetic,rus,50,71,100,29,0.9990980495565165,1.37666767150481e-38
synthetic,rus,50,72,100,29,0.9984520199062357,2.014011785723307e-35
synthetic,rus,50,73,100,29,0.9985321106939651,9.835391799449971e-36
synthetic,rus,50,74,100,29,0.9993684281604946,1.1226741531051814e-40
synthetic,rus,50,75,100,29,0.9962489110317125,3.074537860809499e-30
synthetic,rus,50,76,100,29,0.9981717065316786,1.901692644704991e-34
synthetic,rus,50,77,100,29,0.9985570825691251,7.802884037415554e-36
synthetic,rus,50,78,100,29,0.9992206619128603,1.916340253753326e-39
synthetic,rus,50,79,100,29,0.9988759540244424,2.684642599961652e-37
synthetic,rus,50,80,100,29,0.9992092042858328,2.333523259952818e-39
synthetic,rus,50,81,100,29,0.9980549259503174,4.3839247636701255e-34
synthetic,rus,50,82,100,29,0.9988417926927623,4.020963663206281e-37
synthetic,rus,50,83,100,29,0.9988602002592771,3.2392697045012793e-37
synthetic,rus,50,84,100,29,0.9985815556870116,6.194738544294222e-36
synthetic,rus,50,85,100,29,0.9984813283042825,1.5562029790756963e-35
synthetic,rus,50,86,100,29,0.9989933018717879,6.0637066562801e-38
synthetic,rus,50,87,100,29,0.9988055685203469,6.0925661126453104e-37
synthetic,rus,50,88,100,29,0.9978434091114999,1.7642293007011917e-33
synthetic,rus,50,89,100,29,0.999333786373584,2.3080293706060406e-40
synthetic,rus,50,90,100,29,0.9985453594192037,8.702969627172338e-36
synthetic,rus,50,91,100,29,0.9991430629281579,6.899019181340301e-39
synthetic,rus,50,92,100,29,0.9990058588330364,5.118924099160541e-38
synthetic,rus,50,93,100,29,0.9991715019412627,4.375058475912844e-39
synthetic,rus,50,94,100,29,0.999012949357612,4.647615711700209e-38
synthetic,rus,50,95,100,29,0.9987364156119277,1.3019851763118159e-36
synthetic,rus,50,96,100,29,0.9989476285981372,1.1034805716257123e-37
synthetic,rus,50,97,100,29,0.999249069166062,1.1610312838821204e-39
synthetic,rus,50,98,100,29,0.9989354835465537,1.288276500041141e-37
synthetic,rus,50,99,100,29,0.997803549428101,2.258544894896165e-33
synthetic,rus,50,100,100,29,0.9984478927910241,2.08767178248129e-35
synthetic,rus,50,101,100,29,0.9995711294807185,6.045921282598862e-43
synthetic,rus,50,102,100,29,0.9984064204908953,2.979611363513292e-35
synthetic,rus,50,103,100,29,0.9993007213628333,4.43765836209356e-40
synthetic,rus,50,104,100,29,0.9986312745561314,3.8278365336833966e-36
synthetic,rus,50,105,100,29,0.9986707508262862,2.5791048185727298e-36
synthetic,rus,50,106,100,29,0.9960287608332606,6.631315697745883e-30
synthetic,rus,50,107,100,29,0.9988966845735504,2.088332755929879e-37
synthetic,rus,50,108,100,29,0.9990892796969532,1.5686951769523124e-38
synthetic,rus,50,109,100,29,0.9969950386340983,1.5465673953961961e-31
synthetic,rus,50,110,100,29,0.9986670239297071,2.6783969854741825e-36
synthetic,rus,50,111,100,29,0.9982838950491061,8.093683313215074e-35
synthetic,rus,50,112,100,29,0.9989568212664399,9.802767688805806e-38
synthetic,rus,50,113,100,29,0.9976885683960965,4.4946164275223376e-33
synthetic,rus,50,114,100,29,0.9991726073882192,4.296933102218084e-39
synthetic,rus,50,115,100,29,0.9988691812667534,2.911318800311626e-37
synthetic,rus,50,116,100,29,0.9992068912356358,2.4273380099144622e-39
synthetic,rus,50,117,100,29,0.9990440299295523,3.0180358971856403e-38
synthetic,rus,50,118,100,29,0.9986769261666147,2.4220511294424653e-36
synthetic,rus,50,119,100,29,0.9987649769933233,9.563877633859637e-37
synthetic,rus,50,120,100,29,0.9994110218355262,4.375153451848167e-41
synthetic,rus,50,121,100,29,0.9967850246544683,3.845125927672293e-31
synthetic,rus,50,122,100,29,0.998077970134889,3.732890649326692e-34
synthetic,rus,50,123,100,29,0.9980951498921447,3.3071038747087555e-34
synthetic,rus,50,124,100,29,0.9989124054006735,1.7206744047840036e-37
synthetic,rus,50,125,100,29,0.9965576824556849,9.658830069016359e-31
synthetic,rus,50,126,100,29,0.9985907742298897,5.673070142389076e-36
synthetic,rus,50,127,100,29,0.999003870425138,5.25882407670367e-38
synthetic,rus,50,128,100,29,0.9989457817290057,1.1299007264490692e-37
synthetic,rus,50,129,100,29,0.9994924246672984,5.876473627967019e-42
synthetic,rus,50,130,100,29,0.9988359052310971,4.305690039801504e-37
synthetic,rus,50,131,100,29,0.9988361579343064,4.293095216716459e-37
synthetic,rus,50,132,100,29,0.9992072060712767,2.4143665201464968e-39
synthetic,rus,50,133,100,29,0.9994575211064298,1.4419165372768503e-41
synthetic,rus,50,134,100,29,0.9992428227633366,1.2983622844357634e-39
synthetic,rus,50,135,100,29,0.9983941912979971,3.3033123724716667e-35
synthetic,rus,50,136,100,29,0.9991777377286347,3.950975623050145e-39
synthetic,rus,50,137,100,29,0.9992738656115964,7.379671268944243e-40
synthetic,rus,50,138,100,29,0.9991706565450297,4.435690465539512e-39
synthetic,rus,50,139,100,29,0.9988463053632732,3.814637686851376e-37
synthetic,rus,50,140,100,29,0.9992019313010859,2.640397742631073e-39
synthetic,rus,50,141,100,29,0.9992034630553044,2.5728202737655374e-39
synthetic,rus,50,142,100,29,0.9993023865386809,4.297145493040621e-40
synthetic,rus,50,143,100,29,0.9985101966648724,1.2012055496489898e-35
synthetic,rus,50,144,100,29,0.9989465484180409,1.1188626520123227e-37
synthetic,rus,50,145,100,29,0.9985126377108984,1.1749222437186974e-35
synthetic,rus,50,146,100,29,0.999448575865216,1.7980716627838327e-41
synthetic,rus,50,147,100,29,0.9976300953952324,6.29531190925659e-33
synthetic,rus,50,148,100,29,0.9967330415115756,4.773309523029847e-31
synthetic,rus,50,149,100,29,0.9990117641345329,4.723490975160675e-38
synthetic,rus,50,150,100,29,0.9989134381752731,1.6987568124328251e-37
synthetic,rus,50,151,100,29,0.99851135989012,1.18861367951013e-35
synthetic,rus,50,152,100,29,0.9988039393048066,6.205657958391775e-37
synthetic,rus,50,153,100,29,0.999173402500082,4.241540929369712e-39
synthetic,rus,50,154,100,29,0.9990597969956887,2.4113393872012726e-38
synthetic,rus,50,155,100,29,0.995610801701458,2.554113322590703e-29
synthetic,rus,50,156,100,29,0.9985347103252484,9.60297297546126e-36
synthetic,rus,50,157,100,29,0.9990098492572467,4.848504262177268e-38
synthetic,rus,50,158,100,29,0.9989236717322995,1.495120470619205e-37
synthetic,rus,50,159,100,29,0.9974906930317654,1.3607367365104543e-32
synthetic,rus,50,160,100,29,0.9989928672728257,6.099126314791455e-38
synthetic,rus,50,161,100,29,0.9985902570232373,5.7012258963273874e-36
synthetic,rus,50,162,100,29,0.9996117436236941,1.5785654279177461e-43
synthetic,rus,50,163,100,29,0.9971758487674169,6.698670785174836e-32
synthetic,rus,50,164,100,29,0.9986094858532634,4.736916670261537e-36
synthetic,rus,50,165,100,29,0.9983140778035674,6.370701820280918e-35
synthetic,rus,50,166,100,29,0.9984500692164961,2.0485221391601876e-35
synthetic,rus,50,167,100,29,0.9992578202770989,9.911503455521053e-40
synthetic,rus,50,168,100,29,0.9990978292399303,1.3812125397414895e-38
synthetic,rus,50,169,100,29,0.9984551539505891,1.9596914867021403e-35
synthetic,rus,50,170,100,29,0.9994502627821,1.7252329866789516e-41
synthetic,rus,50,171,100,29,0.9987944147063693,6.9066509536844895e-37
synthetic,rus,50,172,100,29,0.9989140158466169,1.686610454826818e-37
synthetic,rus,50,173,100,29,0.9988249472660394,4.885925279161607e-37
synthetic,rus,50,174,100,29,0.9988418412289344,4.018690594913433e-37
synthetic,rus,50,175,100,29,0.9991244342186261,9.222065856103008e-39
synthetic,rus,50,176,100,29,0.9982241244832257,1.2844646701061782e-34
synthetic,rus,50,177,100,29,0.9992161737776942,2.0707551624946032e-39
synthetic,rus,50,178,100,29,0.9991157518881921,1.05355846509266e-38
synthetic,rus,50,179,100,29,0.9989526038743581,1.0351261111441495e-37
synthetic,rus,50,180,100,29,0.9992494837435243,1.1524105268702466e-39
synthetic,rus,50,181,100,29,0.9994454395589039,1.941114418198088e-41
synthetic,rus,50,182,100,29,0.9989279043547697,1.417703772195018e-37
synthetic,rus,50,183,100,29,0.998262805670345,9.543428321815266e-35
synthetic,rus,50,184,100,29,0.9968073411675354,3.5004810275127845e-31
synthetic,rus,50,185,100,29,0.9969826269391489,1.634948235353241e-31
synthetic,rus,50,186,100,29,0.9980952165631048,3.3055428651163747e-34
synthetic,rus,50,187,100,29,0.9987196614865929,1.555217771254557e-36
synthetic,rus,50,188,100,29,0.9988965137335751,2.0927002940314245e-37
synthetic,rus,50,189,100,29,0.9988365619965353,4.273027457656558e-37
synthetic,rus,50,190,100,29,0.9986836289464727,2.2616351263438275e-36
synthetic,rus,50,191,100,29,0.9987139497551115,1.6514825178668936e-36
synthetic,rus,50,192,100,29,0.9982700356886549,9.021332732560291e-35
synthetic,rus,50,193,100,29,0.9991492436903734,6.256944742685528e-39
synthetic,rus,50,194,100,29,0.9984412257900689,2.2119512586493032e-35
synthetic,rus,50,195,100,29,0.9990995928215385,1.3452180671652593e-38
synthetic,rus,50,196,100,29,0.9985347797339252,9.596837803849244e-36
synthetic,rus,50,197,100,29,0.9985948993947373,5.453068896131005e-36
synthetic,rus,50,198,100,29,0.9991915265855764,3.1447551362624243e-39
synthetic,rus,50,199,100,29,0.9987438975431732,1.2017273402051862e-36
synthetic,rus,75,0,100,29,0.9996938927062993,6.377695995192914e-45
synthetic,rus,75,1,100,29,0.9996105842429243,1.6433918422955496e-43
synthetic,rus,75,2,100,29,0.999643912423469,4.912017825760896e-44
synthetic,rus,75,3,100,29,0.9995793987083115,4.6487148023995084e-43
synthetic,rus,75,4,100,29,0.9996775860078518,1.285036145383005e-44
synthetic,rus,75,5,100,29,0.9996425252527799,5.176685683906935e-44
synthetic,rus,75,6,100,29,0.9996935601251122,6.47186656024674e-45
synthetic,rus,75,7,100,29,0.9996634451480981,2.2937509543461124e-44
synthetic,rus,75,8,100,29,0.9995441979582458,1.3755310393545259e-42
synthetic,rus,75,9,100,29,0.9997634114901764,1.969967802965936e-46
synthetic,rus,75,10,100,29,0.9996805498258204,1.134429953447384e-44
synthetic,rus,75,11,100,29,0.999459414052364,1.3754684917142944e-41
synthetic,rus,75,12,100,29,0.9995093819116465,3.7148458931942145e-42
synthetic,rus,75,13,100,29,0.9992429028795459,1.2965095054325076e-39
synthetic,rus,75,14,100,29,0.9993035619536212,4.200452907102168e-40
synthetic,rus,75,15,100,29,0.9996412864239455,5.424149903715928e-44
synthetic,rus,75,16,100,29,0.9995476002157612,1.2432304919574023e-42
synthetic,rus,75,17,100,29,0.9996686817884682,1.8561672520772876e-44
synthetic,rus,75,18,100,29,0.9995825371357726,4.201735038022272e-43
synthetic,rus,75,19,100,29,0.9997639646103452,1.908698931918495e-46
synthetic,rus,75,20,100,29,0.9996622340785569,2.407702635727022e-44
synthetic,rus,75,21,100,29,0.9996836087619961,9.962612010604919e-45
synthetic,rus,75,22,100,29,0.9998334967850613,1.7176213036913593e-48
synthetic,rus,75,23,100,29,0.9997698575982784,1.3567999358103551e-46
synthetic,rus,75,24,100,29,0.9992208327917502,1.9106774942971342e-39
synthetic,rus,75,25,100,29,0.9997430760833061,5.995904158365673e-46
synthetic,rus,75,26,100,29,0.9997044366073708,3.97355742405754e-45
synthetic,rus,75,27,100,29,0.9994643505290598,1.215285046995774e-41
synthetic,rus,75,28,100,29,0.9995352382245936,1.788869176711575e-42
synthetic,rus,75,29,100,29,0.9993497412348856,1.6640377036308431e-40
synthetic,rus,75,30,100,29,0.9997444521252603,5.576640430635579e-46
synthetic,rus,75,31,100,29,0.9997374274371335,8.041652996490602e-46
synthetic,rus,75,32,100,29,0.9997929250085786,3.2609396675116577e-47
synthetic,rus,75,33,100,29,0.9996292449099256,8.469970823328585e-44
synthetic,rus,75,34,100,29,0.9998096297490292,1.0477297922187129e-47
synthetic,rus,75,35,100,29,0.9993824611982743,8.289901241189613e-41
synthetic,rus,75,36,100,29,0.9989025634238158,1.943081674416396e-37
synthetic,rus,75,37,100,29,0.9996339828035457,7.120128932919066e-44
synthetic,rus,75,38,100,29,0.9996568383776246,2.982003344536795e-44
synthetic,rus,75,39,100,29,0.9995720882520354,5.866014467393373e-43
synthetic,rus,75,40,100,29,0.9993121785200786,3.5508041470931745e-40
synthetic,rus,75,41,100,29,0.9995758297254587,5.210313591341666e-43
synthetic,rus,75,42,100,29,0.999456408237466,1.4823562797445243e-41
synthetic,rus,75,43,100,29,0.9997582569439617,2.6351840283836597e-46
synthetic,rus,75,44,100,29,0.9995964745815789,2.656929548785271e-43
synthetic,rus,75,45,100,29,0.9998070124249089,1.2597990586147005e-47
synthetic,rus,75,46,100,29,0.9995557369257093,9.731121704535476e-43
synthetic,rus,75,47,100,29,0.9996958036900898,5.860736611189115e-45
synthetic,rus,75,48,100,29,0.9998127040236603,8.410145167351338e-48
synthetic,rus,75,49,100,29,0.9994996480663119,4.8428225578808634e-42
synthetic,rus,75,50,100,29,0.9996240638993695,1.0214852684508022e-43
synthetic,rus,75,51,100,29,0.9995835794623869,4.062321011402935e-43
synthetic,rus,75,52,100,29,0.9994876785228555,6.663041676408801e-42
synthetic,rus,75,53,100,29,0.9996071331879612,1.8512369219073964e-43
synthetic,rus,75,54,100,29,0.9993373975036735,2.1447884957300404e-40
synthetic,rus,75,55,100,29,0.999654903234654,3.217159655552424e-44
synthetic,rus,75,56,100,29,0.9997172606915389,2.1834427562858752e-45
synthetic,rus,75,57,100,29,0.9995868025033309,3.65786094726421e-43
synthetic,rus,75,58,100,29,0.9995394900991845,1.5801743946007883e-42
synthetic,rus,75,59,100,29,0.9995335658415151,1.8777320541812425e-42
synthetic,rus,75,60,100,29,0.9996490484560672,4.0373132190155104e-44
synthetic,rus,75,61,100,29,0.9997256214221086,1.4560526138627716e-45
synthetic,rus,75,62,100,29,0.9998240657287117,3.613509434304297e-48
synthetic,rus,75,63,100,29,0.9994337635250808,2.571476238820609e-41
synthetic,rus,75,64,100,29,0.9984245445180372,2.553541036371197e-35
synthetic,rus,75,65,100,29,0.9998176848553099,5.845061908327811e-48
synthetic,rus,75,66,100,29,0.9989021161036818,1.953795987808838e-37
synthetic,rus,75,67,100,29,0.9996460437914911,4.529673924016668e-44
synthetic,rus,75,68,100,29,0.9996800100161364,1.1605804923405113e-44
synthetic,rus,75,69,100,29,0.9996301415773883,8.197613889765063e-44
synthetic,rus,75,70,100,29,0.9997979389738075,2.3423221005624205e-47
synthetic,rus,75,71,100,29,0.9998594863101811,1.737758017812734e-49
synthetic,rus,75,72,100,29,0.99965179846488,3.630588019855848e-44
synthetic,rus,75,73,100,29,0.9996626578512802,2.3672461044347897e-44
synthetic,rus,75,74,100,29,0.9995816427950598,4.324873008955467e-43
synthetic,rus,75,75,100,29,0.9995274353901884,2.2396211190490943e-42
synthetic,rus,75,76,100,29,0.9998222015605382,4.166013845593324e-48
synthetic,rus,75,77,100,29,0.999600444031905,2.3250423424075376e-43
synthetic,rus,75,78,100,29,0.9997167362206171,2.2387521313425684e-45
synthetic,rus,75,79,100,29,0.9991463012724533,6.555374817929597e-39
synthetic,rus,75,80,100,29,0.9995539965160449,1.0258455031280476e-42
synthetic,rus,75,81,100,29,0.9996893228937451,7.789911200160345e-45
synthetic,rus,75,82,100,29,0.9996526365886245,3.5143891588486134e-44
synthetic,rus,75,83,100,29,0.9996519985425006,3.6025301553806144e-44
synthetic,rus,75,84,100,29,0.9997500148748054,4.1433562350500535e-46
synthetic,rus,75,85,100,29,0.9997102821941857,3.034419481549457e-45
synthetic,rus,75,86,100,29,0.9992750124774338,7.2239135077745055e-40
synthetic,rus,75,87,100,29,0.9993514170866663,1.607081085011601e-40
synthetic,rus,75,88,100,29,0.9997812455911014,6.839225803857514e-47
synthetic,rus,75,89,100,29,0.9995170641263106,3.002133638068719e-42
synthetic,rus,75,90,100,29,0.99895856776283,9.583608627420069e-38
synthetic,rus,75,91,100,29,0.9995077543270221,3.884672670374101e-42
synthetic,rus,75,92,100,29,0.9996307099102759,8.029209406333947e-44
synthetic,rus,75,93,100,29,0.9994170644319311,3.806684921551508e-41
synthetic,rus,75,94,100,29,0.9997140097485111,2.54777815452545e-45
synthetic,rus,75,95,100,29,0.9995213948810363,2.6584423259231868e-42
synthetic,rus,75,96,100,29,0.9994088320872723,4.599865727276252e-41
synthetic,rus,75,97,100,29,0.9994565190874475,1.4782815946695908e-41
synthetic,rus,75,98,100,29,0.9995386622100141,1.618951073353401e-42
synthetic,rus,75,99,100,29,0.9996564148593832,3.032064785155904e-44
synthetic,rus,75,100,100,29,0.9996233715354429,1.0471726872594002e-43
synthetic,rus,75,101,100,29,0.9992600052336399,9.52487238493972e-40
synthetic,rus,75,102,100,29,0.9996095842035364,1.7012796900924879e-43
synthetic,rus,75,103,100,29,0.9997776321407742,8.532042568875893e-47
synthetic,rus,75,104,100,29,0.9988957367688196,2.1126703616621757e-37
synthetic,rus,75,105,100,29,0.9990514478979842,2.7168849024888044e-38
synthetic,rus,75,106,100,29,0.9993382271463044,2.108827006658786e-40
synthetic,rus,75,107,100,29,0.99966017256154,2.613803299489039e-44
synthetic,rus,75,108,100,29,0.9995457187745767,1.3148593252888544e-42
synthetic,rus,75,109,100,29,0.9995443653540287,1.3687281925654348e-42
synthetic,rus,75,110,100,29,0.9998287591172431,2.508480385367325e-48
synthetic,rus,75,111,100,29,0.9996041600021376,2.0495474727347823e-43
synthetic,rus,75,112,100,29,0.9996654642313337,2.1148124773702592e-44
synthetic,rus,75,113,100,29,0.9997460451738068,5.125229658887302e-46
synthetic,rus,75,114,100,29,0.9993684745320285,1.1215621686945878e-40
synthetic,rus,75,115,100,29,0.9995462456445636,1.2944249244138647e-42
synthetic,rus,75,116,100,29,0.9996762614776014,1.358153113913249e-44
synthetic,rus,75,117,100,29,0.9998012787139279,1.8704229714245057e-47
synthetic,rus,75,118,100,29,0.9994044317099147,5.084094997898652e-41
synthetic,rus,75,119,100,29,0.999457599914498,1.439091878664277e-41
synthetic,rus,75,120,100,29,0.9994028723765824,5.266720347336276e-41
synthetic,rus,75,121,100,29,0.999656589953417,3.0112744077523693e-44
synthetic,rus,75,122,100,29,0.9996903631348366,7.445111029829692e-45
synthetic,rus,75,123,100,29,0.999724486999455,1.5394471858279955e-45
synthetic,rus,75,124,100,29,0.9995978363023372,2.5384292279048865e-43
synthetic,rus,75,125,100,29,0.999446561364787,1.888782275565034e-41
synthetic,rus,75,126,100,29,0.9994317888349389,2.695184277942876e-41
synthetic,rus,75,127,100,29,0.9996933472419925,6.532818591109711e-45
synthetic,rus,75,128,100,29,0.9996141012288018,1.4539796569591916e-43
synthetic,rus,75,129,100,29,0.9996372493877321,6.308644831813259e-44
synthetic,rus,75,130,100,29,0.999686235133149,8.902419025200349e-45
synthetic,rus,75,131,100,29,0.9995032038867226,4.3983799035610416e-42
synthetic,rus,75,132,100,29,0.9994461673004701,1.9070146315568928e-41
synthetic,rus,75,133,100,29,0.9996888001321491,7.968714093456982e-45
synthetic,rus,75,134,100,29,0.9997316420156813,1.0792215522227498e-45
synthetic,rus,75,135,100,29,0.9995591508373062,8.768874803750453e-43
synthetic,rus,75,136,100,29,0.9994199722823145,3.558237114761555e-41
synthetic,rus,75,137,100,29,0.9997257024223256,1.4502610691390856e-45
synthetic,rus,75,138,100,29,0.999596039047889,2.6958986507609384e-43
synthetic,rus,75,139,100,29,0.999642873592788,5.109009799244939e-44
synthetic,rus,75,140,100,29,0.9995900814278308,3.2849163406201367e-43
synthetic,rus,75,141,100,29,0.999631942493279,7.674927137665005e-44
synthetic,rus,75,142,100,29,0.999348460368543,1.7088239948565704e-40
synthetic,rus,75,143,100,29,0.9997192448196718,1.985446771889928e-45
synthetic,rus,75,144,100,29,0.9987790388044556,8.194671502540024e-37
synthetic,rus,75,145,100,29,0.9997973130125707,2.4421917839272685e-47
synthetic,rus,75,146,100,29,0.9992333421566498,1.5357707206293708e-39
synthetic,rus,75,147,100,29,0.9996208052796276,1.1476916963417415e-43
synthetic,rus,75,148,100,29,0.9998485974554397,4.759463677576987e-49
synthetic,rus,75,149,100,29,0.9993159629663627,3.2960111718229405e-40
synthetic,rus,75,150,100,29,0.9997177084818083,2.1372240606514956e-45
synthetic,rus,75,151,100,29,0.9997090392417733,3.214934385805226e-45
synthetic,rus,75,152,100,29,0.9995887810453783,3.428393580913213e-43
synthetic,rus,75,153,100,29,0.9997430370031477,6.0082268333342976e-46
synthetic,rus,75,154,100,29,0.9994973037880023,5.158198348171524e-42
synthetic,rus,75,155,100,29,0.9996589290339639,2.7459013810776455e-44
synthetic,rus,75,156,100,29,0.999500050055353,4.790571111884335e-42
synthetic,rus,75,157,100,29,0.9996553650352092,3.159532506448374e-44
synthetic,rus,75,158,100,29,0.9990085413995846,4.9356411596636e-38
synthetic,rus,75,159,100,29,0.9995575633968816,9.20478711860333e-43
synthetic,rus,75,160,100,29,0.9996195928017552,1.1982271992943744e-43
synthetic,rus,75,161,100,29,0.9995933498217202,2.94847936530327e-43
synthetic,rus,75,162,100,29,0.9996564823451861,3.024035941825205e-44
synthetic,rus,75,163,100,29,0.9997534528045092,3.436929313625626e-46
synthetic,rus,75,164,100,29,0.9995559080233598,9.6806587743832e-43
synthetic,rus,75,165,100,29,0.9991309752847753,8.33450767822352e-39
synthetic,rus,75,166,100,29,0.9998601001245673,1.6380349378537543e-49
synthetic,rus,75,167,100,29,0.999472569369598,9.863747351368858e-42
synthetic,rus,75,168,100,29,0.9990310521331438,3.620338243522532e-38
synthetic,rus,75,169,100,29,0.9996843963258815,9.633028447984432e-45
synthetic,rus,75,170,100,29,0.9990904123540726,1.5425709234440793e-38
synthetic,rus,75,171,100,29,0.9995026029761824,4.470731861981537e-42
synthetic,rus,75,172,100,29,0.9997451186275155,5.38347803574304e-46
synthetic,rus,75,173,100,29,0.9997576645136398,2.723704834593401e-46
synthetic,rus,75,174,100,29,0.9996554176812915,3.153023956160793e-44
synthetic,rus,75,175,100,29,0.9994463377752507,1.8991072892169749e-41
synthetic,rus,75,176,100,29,0.9997978096399579,2.362641468458801e-47
synthetic,rus,75,177,100,29,0.999553650514488,1.0366394043034099e-42
synthetic,rus,75,178,100,29,0.9997505824315125,4.01816252748321e-46
synthetic,rus,75,179,100,29,0.9994003432204038,5.575890974236512e-41
synthetic,rus,75,180,100,29,0.9996998007366897,4.9024592842775404e-45
synthetic,rus,75,181,100,29,0.9994784844284972,8.470966801128482e-42
synthetic,rus,75,182,100,29,0.9997258628849981,1.438850858804958e-45
synthetic,rus,75,183,100,29,0.9995645713236992,7.420311973350803e-43
synthetic,rus,75,184,100,29,0.9997628481899291,2.0342317865380362e-46
synthetic,rus,75,185,100,29,0.9998634053128149,1.1861892812475627e-49
synthetic,rus,75,186,100,29,0.9993148225554322,3.370949700043016e-40
synthetic,rus,75,187,100,29,0.9996499454076414,3.9002380097423686e-44
synthetic,rus,75,188,100,29,0.9995512318982701,1.1150781546435006e-42
synthetic,rus,75,189,100,29,0.9988716097755527,2.828077026724377e-37
synthetic,rus,75,190,100,29,0.9997522747997416,3.6653399646844545e-46
synthetic,rus,75,191,100,29,0.9995036854261918,4.3411848255826485e-42
synthetic,rus,75,192,100,29,0.999634027508423,7.108399552446393e-44
synthetic,rus,75,193,100,29,0.9985003127823151,1.3132908830806012e-35
synthetic,rus,75,194,100,29,0.9992512520776025,1.1163009568743072e-39
synthetic,rus,75,195,100,29,0.99967419321828,1.4800656972428185e-44
synthetic,rus,75,196,100,29,0.9992363530351234,1.4563411728142822e-39
synthetic,rus,75,197,100,29,0.9994761742509763,8.991688092946843e-42
synthetic,rus,75,198,100,29,0.9995735917957457,5.593840132486855e-43
synthetic,rus,75,199,100,29,0.9997068992297202,3.5492042653898115e-45
synthetic,rus,100,0,100,29,1.0,0.0
synthetic,rus,100,1,100,29,1.0,0.0
synthetic,rus,100,2,100,29,1.0,0.0
synthetic,rus,100,3,100,29,1.0,0.0
synthetic,rus,100,4,100,29,1.0,0.0
synthetic,rus,100,5,100,29,1.0,0.0
synthetic,rus,100,6,100,29,1.0,0.0
synthetic,rus,100,7,100,29,1.0,0.0
synthetic,rus,100,8,100,29,1.0,0.0
synthetic,rus,100,9,100,29,1.0,0.0
synthetic,rus,100,10,100,29,1.0,0.0
synthetic,rus,100,11,100,29,1.0,0.0
synthetic,rus,100,12,100,29,1.0,0.0
synthetic,rus,100,13,100,29,1.0,0.0
synthetic,rus,100,14,100,29,1.0,0.0
synthetic,rus,100,15,100,29,1.0,0.0
synthetic,rus,100,16,100,29,1.0,0.0
synthetic,rus,100,17,100,29,1.0,0.0
synthetic,rus,100,18,100,29,1.0,0.0
synthetic,rus,100,19,100,29,1.0,0.0
synthetic,rus,100,20,100,29,1.0,0.0
synthetic,rus,100,21,100,29,1.0,0.0
synthetic,rus,100,22,100,29,1.0,0.0
synthetic,rus,100,23,100,29,1.0,0.0
synthetic,rus,100,24,100,29,1.0,0.0
synthetic,rus,100,25,100,29,1.0,0.0
synthetic,rus,100,26,100,29,1.0,0.0
synthetic,rus,100,27,100,29,1.0,0.0
synthetic,rus,100,28,100,29,1.0,0.0
synthetic,rus,100,29,100,29,1.0,0.0
synthetic,rus,100,30,100,29,1.0,0.0
synthetic,rus,100,31,100,29,1.0,0.0
synthetic,rus,100,32,100,29,1.0,0.0
synthetic,rus,100,33,100,29,1.0,0.0
synthetic,rus,100,34,100,29,1.0,0.0
synthetic,rus,100,35,100,29,1.0,0.0
synthetic,rus,100,36,100,29,1.0,0.0
synthetic,rus,100,37,100,29,1.0,0.0
synthetic,rus,100,38,100,29,1.0,0.0
synthetic,rus,100,39,100,29,1.0,0.0
synthetic,rus,100,40,100,29,1.0,0.0
synthetic,rus,100,41,100,29,1.0,0.0
synthetic,rus,100,42,100,29,1.0,0.0
synthetic,rus,100,43,100,29,1.0,0.0
synthetic,rus,100,44,100,29,1.0,0.0
synthetic,rus,100,45,100,29,1.0,0.0
synthetic,rus,100,46,100,29,1.0,0.0
synthetic,rus,100,47,100,29,1.0,0.0
synthetic,rus,100,48,100,29,1.0,0.0
synthetic,rus,100,49,100,29,1.0,0.0
synthetic,rus,100,50,100,29,1.0,0.0
synthetic,rus,100,51,100,29,1.0,0.0
synthetic,rus,100,52,100,29,1.0,0.0
synthetic,rus,100,53,100,29,1.0,0.0
synthetic,rus,100,54,100,29,1.0,0.0
synthetic,rus,100,55,100,29,1.0,0.0
synthetic,rus,100,56,100,29,1.0,0.0
synthetic,rus,100,57,100,29,1.0,0.0
synthetic,rus,100,58,100,29,1.0,0.0
synthetic,rus,100,59,100,29,1.0,0.0
synthetic,rus,100,60,100,29,1.0,0.0
synthetic,rus,100,61,100,29,1.0,0.0
synthetic,rus,100,62,100,29,1.0,0.0
synthetic,rus,100,63,100,29,1.0,0.0
synthetic,rus,100,64,100,29,1.0,0.0
synthetic,rus,100,65,100,29,1.0,0.0
synthetic,rus,100,66,100,29,1.0,0.0
synthetic,rus,100,67,100,29,1.0,0.0
synthetic,rus,100,68,100,29,1.0,0.0
synthetic,rus,100,69,100,29,1.0,0.0
synthetic,rus,100,70,100,29,1.0,0.0
synthetic,rus,100,71,100,29,1.0,0.0
synthetic,rus,100,72,100,29,1.0,0.0
synthetic,rus,100,73,100,29,1.0,0.0
synthetic,rus,100,74,100,29,1.0,0.0
synthetic,rus,100,75,100,29,1.0,0.0
synthetic,rus,100,76,100,29,1.0,0.0
synthetic,rus,100,77,100,29,1.0,0.0
synthetic,rus,100,78,100,29,1.0,0.0
synthetic,rus,100,79,100,29,1.0,0.0
synthetic,rus,100,80,100,29,1.0,0.0
synthetic,rus,100,81,100,29,1.0,0.0
synthetic,rus,100,82,100,29,1.0,0.0
synthetic,rus,100,83,100,29,1.0,0.0
synthetic,rus,100,84,100,29,1.0,0.0
synthetic,rus,100,85,100,29,1.0,0.0
synthetic,rus,100,86,100,29,1.0,0.0
synthetic,rus,100,87,100,29,1.0,0.0
synthetic,rus,100,88,100,29,1.0,0.0
synthetic,rus,100,89,100,29,1.0,0.0
synthetic,rus,100,90,100,29,1.0,0.0
synthetic,rus,100,91,100,29,1.0,0.0
synthetic,rus,100,92,100,29,1.0,0.0
synthetic,rus,100,93,100,29,1.0,0.0
synthetic,rus,100,94,100,29,1.0,0.0
synthetic,rus,100,95,100,29,1.0,0.0
synthetic,rus,100,96,100,29,1.0,0.0
synthetic,rus,100,97,100,29,1.0,0.0
synthetic,rus,100,98,100,29,1.0,0.0
synthetic,rus,100,99,100,29,1.0,0.0
synthetic,rus,100,100,100,29,1.0,0.0
synthetic,rus,100,101,100,29,1.0,0.0
synthetic,rus,100,102,100,29,1.0,0.0
synthetic,rus,100,103,100,29,1.0,0.0
synthetic,rus,100,104,100,29,1.0,0.0
synthetic,rus,100,105,100,29,1.0,0.0
synthetic,rus,100,106,100,29,1.0,0.0
synthetic,rus,100,107,100,29,1.0,0.0
synthetic,rus,100,108,100,29,1.0,0.0
synthetic,rus,100,109,100,29,1.0,0.0
synthetic,rus,100,110,100,29,1.0,0.0
synthetic,rus,100,111,100,29,1.0,0.0
synthetic,rus,100,112,100,29,1.0,0.0
synthetic,rus,100,113,100,29,1.0,0.0
synthetic,rus,100,114,100,29,1.0,0.0
synthetic,rus,100,115,100,29,1.0,0.0
synthetic,rus,100,116,100,29,1.0,0.0
synthetic,rus,100,117,100,29,1.0,0.0
synthetic,rus,100,118,100,29,1.0,0.0
synthetic,rus,100,119,100,29,1.0,0.0
synthetic,rus,100,120,100,29,1.0,0.0
synthetic,rus,100,121,100,29,1.0,0.0
synthetic,rus,100,122,100,29,1.0,0.0
synthetic,rus,100,123,100,29,1.0,0.0
synthetic,rus,100,124,100,29,1.0,0.0
synthetic,rus,100,125,100,29,1.0,0.0
synthetic,rus,100,126,100,29,1.0,0.0
synthetic,rus,100,127,100,29,1.0,0.0
synthetic,rus,100,128,100,29,1.0,0.0
synthetic,rus,100,129,100,29,1.0,0.0
synthetic,rus,100,130,100,29,1.0,0.0
synthetic,rus,100,131,100,29,1.0,0.0
synthetic,rus,100,132,100,29,1.0,0.0
synthetic,rus,100,133,100,29,1.0,0.0
synthetic,rus,100,134,100,29,1.0,0.0
synthetic,rus,100,135,100,29,1.0,0.0
synthetic,rus,100,136,100,29,1.0,0.0
synthetic,rus,100,137,100,29,1.0,0.0
synthetic,rus,100,138,100,29,1.0,0.0
synthetic,rus,100,139,100,29,1.0,0.0
synthetic,rus,100,140,100,29,1.0,0.0
synthetic,rus,100,141,100,29,1.0,0.0
synthetic,rus,100,142,100,29,1.0,0.0
synthetic,rus,100,143,100,29,1.0,0.0
synthetic,rus,100,144,100,29,1.0,0.0
synthetic,rus,100,145,100,29,1.0,0.0
synthetic,rus,100,146,100,29,1.0,0.0
synthetic,rus,100,147,100,29,1.0,0.0
synthetic,rus,100,148,100,29,1.0,0.0
synthetic,rus,100,149,100,29,1.0,0.0
synthetic,rus,100,150,100,29,1.0,0.0
synthetic,rus,100,151,100,29,1.0,0.0
synthetic,rus,100,152,100,29,1.0,0.0
synthetic,rus,100,153,100,29,1.0,0.0
synthetic,rus,100,154,100,29,1.0,0.0
synthetic,rus,100,155,100,29,1.0,0.0
synthetic,rus,100,156,100,29,1.0,0.0
synthetic,rus,100,157,100,29,1.0,0.0
synthetic,rus,100,158,100,29,1.0,0.0
synthetic,rus,100,159,100,29,1.0,0.0
synthetic,rus,100,160,100,29,1.0,0.0
synthetic,rus,100,161,100,29,1.0,0.0
synthetic,rus,100,162,100,29,1.0,0.0
synthetic,rus,100,163,100,29,1.0,0.0
synthetic,rus,100,164,100,29,1.0,0.0
synthetic,rus,100,165,100,29,1.0,0.0
synthetic,rus,100,166,100,29,1.0,0.0
synthetic,rus,100,167,100,29,1.0,0.0
synthetic,rus,100,168,100,29,1.0,0.0
synthetic,rus,100,169,100,29,1.0,0.0
synthetic,rus,100,170,100,29,1.0,0.0
synthetic,rus,100,171,100,29,1.0,0.0
synthetic,rus,100,172,100,29,1.0,0.0
synthetic,rus,100,173,100,29,1.0,0.0
synthetic,rus,100,174,100,29,1.0,0.0
synthetic,rus,100,175,100,29,1.0,0.0
synthetic,rus,100,176,100,29,1.0,0.0
synthetic,rus,100,177,100,29,1.0,0.0
synthetic,rus,100,178,100,29,1.0,0.0
synthetic,rus,100,179,100,29,1.0,0.0
synthetic,rus,100,180,100,29,1.0,0.0
synthetic,rus,100,181,100,29,1.0,0.0
synthetic,rus,100,182,100,29,1.0,0.0
synthetic,rus,100,183,100,29,1.0,0.0
synthetic,rus,100,184,100,29,1.0,0.0
synthetic,rus,100,185,100,29,1.0,0.0
synthetic,rus,100,186,100,29,1.0,0.0
synthetic,rus,100,187,100,29,1.0,0.0
synthetic,rus,100,188,100,29,1.0,0.0
synthetic,rus,100,189,100,29,1.0,0.0
synthetic,rus,100,190,100,29,1.0,0.0
synthetic,rus,100,191,100,29,1.0,0.0
synthetic,rus,100,192,100,29,1.0,0.0
synthetic,rus,100,193,100,29,1.0,0.0
synthetic,rus,100,194,100,29,1.0,0.0
synthetic,rus,100,195,100,29,1.0,0.0
synthetic,rus,100,196,100,29,1.0,0.0
synthetic,rus,100,197,100,29,1.0,0.0
synthetic,rus,100,198,100,29,1.0,0.0
synthetic,rus,100,199,100,29,1.0,0.0
synthetic,zho,10,0,100,28,0.9951683931469423,9.66397863071391e-28
synthetic,zho,10,1,100,28,0.9929682455918948,1.2544573472367898e-25
synthetic,zho,10,2,100,28,0.9858266692029285,1.0924516352444824e-21
synthetic,zho,10,3,100,28,0.9838666655110588,5.819783545802637e-21
synthetic,zho,10,4,100,28,0.9797795150889187,1.0710620818707076e-19
synthetic,zho,10,5,100,28,0.9966210040752044,9.326659494859309e-30
synthetic,zho,10,6,100,28,0.9932383037721436,7.55104098466629e-26
synthetic,zho,10,7,100,28,0.9868642332090652,4.0899069650392733e-22
synthetic,zho,10,8,100,28,0.9937502035558435,2.721333676955105e-26
synthetic,zho,10,9,100,28,0.9936860429621432,3.1066395781014766e-26
synthetic,zho,10,10,100,28,0.9877028853007581,1.742911575234296e-22
synthetic,zho,10,11,100,28,0.9921412755389568,5.299039611889183e-25
synthetic,zho,10,12,100,28,0.9902969986998656,8.12680447286685e-24
synthetic,zho,10,13,100,28,0.9948052759610928,2.4739847601469214e-27
synthetic,zho,10,14,100,28,0.9874958924030087,2.162793166047148e-22
synthetic,zho,10,15,100,28,0.9777645515626886,3.6408239271950313e-19
synthetic,zho,10,16,100,28,0.99215499296856,5.180444782640715e-25
synthetic,zho,10,17,100,28,0.9927533427100999,1.8530906185085037e-25
synthetic,zho,10,18,100,28,0.9945902377626942,4.1867743059852424e-27
synthetic,zho,10,19,100,28,0.9920616450153175,6.038425564884204e-25
synthetic,zho,10,20,100,28,0.992633344353159,2.2926078404021365e-25
synthetic,zho,10,21,100,28,0.9931343873341947,9.201571083724169e-26
synthetic,zho,10,22,100,28,0.9925471587906105,2.6655696955481584e-25
synthetic,zho,10,23,100,28,0.9866358464480162,5.110647743540181e-22
synthetic,zho,10,24,100,28,0.9936335775819753,3.4584646550949205e-26
synthetic,zho,10,25,100,28,0.9949938347527311,1.5314731324011373e-27
synthetic,zho,10,26,100,28,0.9861925966598802,7.791377288552854e-22
synthetic,zho,10,27,100,28,0.9934678190041828,4.826107514417298e-26
synthetic,zho,10,28,100,28,0.9903467473085259,7.603600749666411e-24
synthetic,zho,10,29,100,28,0.9926074211841862,2.3993829531898513e-25
synthetic,zho,10,30,100,28,0.9930699032913355,1.0386887859289098e-25
synthetic,zho,10,31,100,28,0.9914731588602835,1.524909854693711e-24
synthetic,zho,10,32,100,28,0.991893331399437,7.924461737392078e-25
synthetic,zho,10,33,100,28,0.9899211921668852,1.3290659049631887e-23
synthetic,zho,10,34,100,28,0.9895631127681703,2.0882376653830167e-23
synthetic,zho,10,35,100,28,0.9852214481539012,1.8750285757520788e-21
synthetic,zho,10,36,100,28,0.9905023685651742,6.160822919549098e-24
synthetic,zho,10,37,100,28,0.992633411754393,2.2923360281043995e-25
synthetic,zho,10,38,100,28,0.9903795184820657,7.276117234331233e-24
synthetic,zho,10,39,100,28,0.9854215425296433,1.5722847779448167e-21
synthetic,zho,10,40,100,28,0.9728598027987471,4.7268814952181074e-18
synthetic,zho,10,41,100,28,0.9847487787581743,2.815803050104415e-21
synthetic,zho,10,42,100,28,0.9947236772950314,3.028268741417877e-27
synthetic,zho,10,43,100,28,0.9935611169646433,4.0050101814857747e-26
synthetic,zho,10,44,100,28,0.9954403904983239,4.55705480444103e-28
synthetic,zho,10,45,100,28,0.9833191464278898,8.953568590723556e-21
synthetic,zho,10,46,100,28,0.9748177361378627,1.8056355460472103e-18
synthetic,zho,10,47,100,28,0.9940073284375904,1.57839415782336e-26
synthetic,zho,10,48,100,28,0.9929558899243629,1.283327876346692e-25
synthetic,zho,10,49,100,28,0.9882201849435303,9.997511048934326e-23
synthetic,zho,10,50,100,28,0.9910076768130034,3.0353032964988526e-24
synthetic,zho,10,51,100,28,0.9798723017780041,1.0094254595142318e-19
synthetic,zho,10,52,100,28,0.9918543773671975,8.432171892839427e-25
synthetic,zho,10,53,100,28,0.9739385441391301,2.806915771691422e-18
synthetic,zho,10,54,100,28,0.9921580265636426,5.154550516873243e-25
synthetic,zho,10,55,100,28,0.9769771026464344,5.698471432079887e-19
synthetic,zho,10,56,100,28,0.9882921281833832,9.235920765814247e-23
synthetic,zho,10,57,100,28,0.9916427045007044,1.175613478434652e-24
synthetic,zho,10,58,100,28,0.9886452987846724,6.214552415721869e-23
synthetic,zho,10,59,100,28,0.9898754454162958,1.409299282899009e-23
synthetic,zho,10,60,100,28,0.9902577455962743,8.562849756137091e-24
synthetic,zho,10,61,100,28,0.9872056872325473,2.9096736424272814e-22
synthetic,zho,10,62,100,28,0.9799097250985863,9.855044290238708e-20
synthetic,zho,10,63,100,28,0.9888660589468629,4.8205694937253585e-23
synthetic,zho,10,64,100,28,0.9794938093023915,1.283310223234217e-19
synthetic,zho,10,65,100,28,0.9927666981146943,1.8093157260242575e-25
synthetic,zho,10,66,100,28,0.9874615773083931,2.240805483808274e-22
synthetic,zho,10,67,100,28,0.9899040389899046,1.358642908884191e-23
synthetic,zho,10,68,100,28,0.9920166051548032,6.497653871101842e-25
synthetic,zho,10,69,100,28,0.9899291219072304,1.3155945083993151e-23
synthetic,zho,10,70,100,28,0.9865242926180313,5.69031000039857e-22
synthetic,zho,10,71,100,28,0.9663933592423086,7.33288526074105e-17
synthetic,zho,10,72,100,28,0.9885814353419681,6.68220838392224e-23
synthetic,zho,10,73,100,28,0.9914419017207533,1.5989192279226079e-24
synthetic,zho,10,74,100,28,0.9865602250425968,5.497293291073875e-22
synthetic,zho,10,75,100,28,0.9760809472246977,9.314498897043723e-19
synthetic,zho,10,76,100,28,0.9924580894167069,3.1091914016381746e-25
synthetic,zho,10,77,100,28,0.9906466944819226,5.05285569960858e-24
synthetic,zho,10,78,100,28,0.9919874584699934,6.811781297925136e-25
synthetic,zho,10,79,100,28,0.9870426022670128,3.4273478318531547e-22
synthetic,zho,10,80,100,28,0.9900932346459193,1.063554822999515e-23
synthetic,zho,10,81,100,28,0.992068992253849,5.96641854849935e-25
synthetic,zho,10,82,100,28,0.9926757472169969,2.1273606658688994e-25
synthetic,zho,10,83,100,28,0.9892260724398889,3.1506516285505183e-23
synthetic,zho,10,84,100,28,0.9868960262564509,3.963778728687166e-22
synthetic,zho,10,85,100,28,0.9884364573607703,7.866825654745067e-23
synthetic,zho,10,86,100,28,0.9896395298823432,1.8987850375779453e-23
synthetic,zho,10,87,100,28,0.990602964980679,5.367413734123823e-24
synthetic,zho,10,88,100,28,0.9934753397448224,4.7545700187297775e-26
synthetic,zho,10,89,100,28,0.9907229521014244,4.5446766363255354e-24
synthetic,zho,10,90,100,28,0.989591507542584,2.015894849586592e-23
synthetic,zho,10,91,100,28,0.9926662183163777,2.1635078717132227e-25
synthetic,zho,10,92,100,28,0.985807675831164,1.1115186686585104e-21
synthetic,zho,10,93,100,28,0.9942160412579972,9.967425849941493e-27
synthetic,zho,10,94,100,28,0.9911510541828713,2.4649354395727375e-24
synthetic,zho,10,95,100,28,0.9898144892379281,1.523156740306485e-23
synthetic,zho,10,96,100,28,0.986536172622398,5.62581388177322e-22
synthetic,zho,10,97,100,28,0.9769723891412463,5.713505017940682e-19
synthetic,zho,10,98,100,28,0.9731629841997723,4.0915981086233325e-18
synthetic,zho,10,99,100,28,0.9936207638380532,3.549802809787313e-26
synthetic,zho,10,100,100,28,0.9775547738769447,4.1086796414806e-19
synthetic,zho,10,101,100,28,0.9918778786957122,8.122391608980967e-25
synthetic,zho,10,102,100,28,0.9839374185375462,5.498761862133634e-21
synthetic,zho,10,103,100,28,0.9886722661152149,6.026299116562706e-23
synthetic,zho,10,104,100,28,0.9854039942816295,1.5969096103664532e-21
synthetic,zho,10,105,100,28,0.9905154848147053,6.0515734015060445e-24
synthetic,zho,10,106,100,28,0.9911688042265763,2.401664619915625e-24
synthetic,zho,10,107,100,28,0.9928022519255719,1.6973887591102478e-25
synthetic,zho,10,108,100,28,0.9937862609280921,2.5246553395805077e-26
synthetic,zho,10,109,100,28,0.9916393204197632,1.1817946364879408e-24
synthetic,zho,10,110,100,28,0.995288244330533,6.976407122508328e-28
synthetic,zho,10,111,100,28,0.9938055793471057,2.4247604133659416e-26
synthetic,zho,10,112,100,28,0.9963704834685678,2.3600079209822876e-29
synthetic,zho,10,113,100,28,0.9818202162085694,2.717422561963441e-20
synthetic,zho,10,114,100,28,0.9823266187486123,1.8875318973839243e-20
synthetic,zho,10,115,100,28,0.9865915658623028,5.333889968781526e-22
synthetic,zho,10,116,100,28,0.9839398430081879,5.4880565721088746e-21
synthetic,zho,10,117,100,28,0.9900270166211772,1.1593399417912488e-23
synthetic,zho,10,118,100,28,0.9916900672389812,1.092175287668926e-24
synthetic,zho,10,119,100,28,0.9715975754546233,8.474896766780066e-18
synthetic,zho,10,120,100,28,0.9909507975943288,3.293540868117321e-24
synthetic,zho,10,121,100,28,0.9876138559519942,1.91331509724861e-22
synthetic,zho,10,122,100,28,0.9879626754467055,1.3223761951663275e-22
synthetic,zho,10,123,100,28,0.9723636946301107,5.9652759965562534e-18
synthetic,zho,10,124,100,28,0.9894766349414393,2.323577194754918e-23
synthetic,zho,10,125,100,28,0.9895765147343308,2.0537995616209853e-23
synthetic,zho,10,126,100,28,0.9951357795376299,1.0545288913391445e-27
synthetic,zho,10,127,100,28,0.9971668992545082,9.467064719735402e-31
synthetic,zho,10,128,100,28,0.9796984747961366,1.1277143483602806e-19
synthetic,zho,10,129,100,28,0.9912704748956045,2.067205688738181e-24
synthetic,zho,10,130,100,28,0.9920213974136015,6.447303626635253e-25
synthetic,zho,10,131,100,28,0.9892650818265204,3.006188120839455e-23
synthetic,zho,10,132,100,28,0.9943068790475477,8.117667852829482e-27
synthetic,zho,10,133,100,28,0.9718571443906152,7.532446697894424e-18
synthetic,zho,10,134,100,28,0.9900936264910795,1.0630104113741734e-23
synthetic,zho,10,135,100,28,0.9902029525645807,9.207672283607285e-24
synthetic,zho,10,136,100,28,0.985476274148884,1.4977129286794124e-21
synthetic,zho,10,137,100,28,0.98711047784092,3.2023641138569026e-22
synthetic,zho,10,138,100,28,0.9852275345748045,1.86507821081207e-21
synthetic,zho,10,139,100,28,0.9935179445342773,4.3674461131118594e-26
synthetic,zho,10,140,100,28,0.982826873806776,1.3031677860802314e-20
synthetic,zho,10,141,100,28,0.9919550916568778,7.176994174865449e-25
synthetic,zho,10,142,100,28,0.990966724584344,3.2192602650123964e-24
synthetic,zho,10,143,100,28,0.9789101086150438,1.842332021269994e-19
synthetic,zho,10,144,100,28,0.9933587177935584,5.982058707701475e-26
synthetic,zho,10,145,100,28,0.9792145656383583,1.527612803250506e-19
synthetic,zho,10,146,100,28,0.9938450095476531,2.232088758464455e-26
synthetic,zho,10,147,100,28,0.9926102876621301,2.387354589226389e-25
synthetic,zho,10,148,100,28,0.9936166023411441,3.579941983228906e-26
synthetic,zho,10,149,100,28,0.9892224302628707,3.164461433621761e-23
synthetic,zho,10,150,100,28,0.9903299327675208,7.776856604643551e-24
synthetic,zho,10,151,100,28,0.9945989974138186,4.099694449727915e-27
synthetic,zho,10,152,100,28,0.9905518952808896,5.7575945433152874e-24
synthetic,zho,10,153,100,28,0.9836789005127051,6.757371887605561e-21
synthetic,zho,10,154,100,28,0.9923939402815015,3.4698467742361775e-25
synthetic,zho,10,155,100,28,0.9861281911254328,8.274305473684667e-22
synthetic,zho,10,156,100,28,0.9920309594905561,6.347912838096543e-25
synthetic,zho,10,157,100,28,0.9947377247466943,2.9253459311978387e-27
synthetic,zho,10,158,100,28,0.9932134742107497,7.918457520650759e-26
synthetic,zho,10,159,100,28,0.9857011589279483,1.2242568106687114e-21
synthetic,zho,10,160,100,28,0.9775324349138237,4.1616350835014204e-19
synthetic,zho,10,161,100,28,0.9881562472327353,1.07225375528893e-22
synthetic,zho,10,162,100,28,0.9827852458320666,1.3445218944681014e-20
synthetic,zho,10,163,100,28,0.9913189542759194,1.9233573164013226e-24
synthetic,zho,10,164,100,28,0.9777670316765058,3.6355989802502797e-19
synthetic,zho,10,165,100,28,0.9917130286973072,1.0537226948002995e-24
synthetic,zho,10,166,100,28,0.9870007255446297,3.57333291395776e-22
synthetic,zho,10,167,100,28,0.9947698502085044,2.701982320833944e-27
synthetic,zho,10,168,100,28,0.9884396179688835,7.839057563171439e-23
synthetic,zho,10,169,100,28,0.9823121871159759,1.9075128221995783e-20
synthetic,zho,10,170,100,28,0.991986763620613,6.819438151215328e-25
synthetic,zho,10,171,100,28,0.9883642489598135,8.526476536004495e-23
synthetic,zho,10,172,100,28,0.9794007604641654,1.3603949572658406e-19
synthetic,zho,10,173,100,28,0.9902456526223037,8.70147162747952e-24
synthetic,zho,10,174,100,28,0.9931776708847455,8.477363669002035e-26
synthetic,zho,10,175,100,28,0.9901097066845956,1.0408897828687947e-23
synthetic,zho,10,176,100,28,0.9924997219284245,2.8939854563756347e-25
synthetic,zho,10,177,100,28,0.9940319619297081,1.49630331582734e-26
synthetic,zho,10,178,100,28,0.987387035885,2.419290906166841e-22
synthetic,zho,10,179,100,28,0.9922477155940663,4.44083720981055e-25
synthetic,zho,10,180,100,28,0.9915536128245556,1.348702431967369e-24
synthetic,zho,10,181,100,28,0.997768149896215,4.274751100056846e-32
synthetic,zho,10,182,100,28,0.9891453919597228,3.4699679823486505e-23
synthetic,zho,10,183,100,28,0.9751756096902047,1.5020876322095513e-18
synthetic,zho,10,184,100,28,0.9882120924142556,1.0086708379366762e-22
synthetic,zho,10,185,100,28,0.9926514068176139,2.2208206665197267e-25
synthetic,zho,10,186,100,28,0.9891360756992807,3.5087015128041746e-23
synthetic,zho,10,187,100,28,0.9829377165083744,1.1987037382233798e-20
synthetic,zho,10,188,100,28,0.9891579515244715,3.4183740995838703e-23
synthetic,zho,10,189,100,28,0.9810152437307039,4.751224110524209e-20
synthetic,zho,10,190,100,28,0.9924312586881505,3.2556071885742596e-25
synthetic,zho,10,191,100,28,0.9849179343324135,2.438063354023629e-21
synthetic,zho,10,192,100,28,0.9913723295771221,1.7756981942413664e-24
synthetic,zho,10,193,100,28,0.996430813813899,1.8985637697972824e-29
synthetic,zho,10,194,100,28,0.9928957792961438,1.432734683998467e-25
synthetic,zho,10,195,100,28,0.9893066770862609,2.85889718824171e-23
synthetic,zho,10,196,100,28,0.9893181278424985,2.81953441293103e-23
synthetic,zho,10,197,100,28,0.9882503605838526,9.671284349099354e-23
synthetic,zho,10,198,100,28,0.9827946243725075,1.3351008648133544e-20
synthetic,zho,10,199,100,28,0.9772950371276745,4.764596012291547e-19
synthetic,zho,25,0,100,28,0.9977057224661071,6.116622995798517e-32
synthetic,zho,25,1,100,28,0.9912310014487042,2.1915922371022957e-24
synthetic,zho,25,2,100,28,0.99451705864312,4.9838223956444796e-27
synthetic,zho,25,3,100,28,0.9959351875538122,1.0264810828206347e-28
synthetic,zho,25,4,100,28,0.9978620119110757,2.4465918291230786e-32
synthetic,zho,25,5,100,28,0.9947296166615711,2.98435122036843e-27
synthetic,zho,25,6,100,28,0.9966491739497593,8.366218050284375e-30
synthetic,zho,25,7,100,28,0.9982161171738689,2.328695079268124e-33
synthetic,zho,25,8,100,28,0.9979434887923171,1.4770467399847474e-32
synthetic,zho,25,9,100,28,0.9980845144125167,5.870259091125712e-33
synthetic,zho,25,10,100,28,0.9966502633346718,8.330978414813107e-30
synthetic,zho,25,11,100,28,0.9975654405625396,1.3220245271508418e-31
synthetic,zho,25,12,100,28,0.9973539319198713,3.900096771235818e-31
synthetic,zho,25,13,100,28,0.9972128739614586,7.655197496585628e-31
synthetic,zho,25,14,100,28,0.9956451663876703,2.510450236240949e-28
synthetic,zho,25,15,100,28,0.9960160634180714,7.908274745737387e-29
synthetic,zho,25,16,100,28,0.9920591376907426,6.063181640765505e-25
synthetic,zho,25,17,100,28,0.9983737223627653,7.002659537047892e-34
synthetic,zho,25,18,100,28,0.9982037265752751,2.5477815262637066e-33
synthetic,zho,25,19,100,28,0.9968753273111978,3.377237440747638e-30
synthetic,zho,25,20,100,28,0.9952143390127752,8.53732490681299e-28
synthetic,zho,25,21,100,28,0.9975371186525053,1.5362833041437056e-31
synthetic,zho,25,22,100,28,0.9982035510960141,2.5510165577361055e-33
synthetic,zho,25,23,100,28,0.9955227137403713,3.5976391380258095e-28
synthetic,zho,25,24,100,28,0.9982446372183945,1.8888130999512782e-33
synthetic,zho,25,25,100,28,0.9989562013410914,2.2037372059519674e-36
synthetic,zho,25,26,100,28,0.9970259972005332,1.777892875684482e-30
synthetic,zho,25,27,100,28,0.9976232316470172,9.677065015295795e-32
synthetic,zho,25,28,100,28,0.9971736659067229,9.177638888842293e-31
synthetic,zho,25,29,100,28,0.9978508977115538,2.617026207341393e-32
synthetic,zho,25,30,100,28,0.9980290559882071,8.504781336795679e-33
synthetic,zho,25,31,100,28,0.9971632374834338,9.627177363798299e-31
synthetic,zho,25,32,100,28,0.9954364232061086,4.608768590841459e-28
synthetic,zho,25,33,100,28,0.9946770960762095,3.3939547965159625e-27
synthetic,zho,25,34,100,28,0.9961767614335607,4.63466140411065e-29
synthetic,zho,25,35,100,28,0.9980116200621252,9.535578209878339e-33
synthetic,zho,25,36,100,28,0.9929517340833677,1.2931754473715307e-25
synthetic,zho,25,37,100,28,0.9972328893872936,6.971299414273604e-31
synthetic,zho,25,38,100,28,0.9957234131618515,1.9841558308729227e-28
synthetic,zho,25,39,100,28,0.9951885246685281,9.154435074678102e-28
synthetic,zho,25,40,100,28,0.9968513126279169,3.730169360760431e-30
synthetic,zho,25,41,100,28,0.9957388915422611,1.892962951168695e-28
synthetic,zho,25,42,100,28,0.9941932626567289,1.0488628419967264e-26
synthetic,zho,25,43,100,28,0.998243419907898,1.905899320990714e-33
synthetic,zho,25,44,100,28,0.9982886936312307,1.3576477900091472e-33
synthetic,zho,25,45,100,28,0.9948938734695901,1.9792017379128946e-27
synthetic,zho,25,46,100,28,0.9974639742814801,2.2466026366481382e-31
synthetic,zho,25,47,100,28,0.9984768999081419,2.9884888616459977e-34
synthetic,zho,25,48,100,28,0.9972934900819228,5.2292677777118945e-31
synthetic,zho,25,49,100,28,0.9920856509693252,5.8060783376820275e-25
synthetic,zho,25,50,100,28,0.9973301018447281,4.381628109256584e-31
synthetic,zho,25,51,100,28,0.9980701095977907,6.47025259560033e-33
synthetic,zho,25,52,100,28,0.9951825459470807,9.303110559293542e-28
synthetic,zho,25,53,100,28,0.9942356433331441,9.538149433205475e-27
synthetic,zho,25,54,100,28,0.9974873172823698,1.992392036591016e-31
synthetic,zho,25,55,100,28,0.9969867497838878,2.107803903005672e-30
synthetic,zho,25,56,100,28,0.9960399778412997,7.313871206338298e-29
synthetic,zho,25,57,100,28,0.9965847601682426,1.0712092157156863e-29
synthetic,zho,25,58,100,28,0.9974770513206163,2.1007281658582147e-31
synthetic,zho,25,59,100,28,0.9963516865781104,2.5236644710174184e-29
synthetic,zho,25,60,100,28,0.998325724674797,1.021798399400735e-33
synthetic,zho,25,61,100,28,0.9964734238267087,1.6245059329190894e-29
synthetic,zho,25,62,100,28,0.9975327137416662,1.5723502521106956e-31
synthetic,zho,25,63,100,28,0.9953899901824157,5.255652702895683e-28
synthetic,zho,25,64,100,28,0.9952924637833982,6.895787223248265e-28
synthetic,zho,25,65,100,28,0.995929085315839,1.046659734157325e-28
synthetic,zho,25,66,100,28,0.997323108126361,4.533027087008403e-31
synthetic,zho,25,67,100,28,0.9971546603615474,1.0012048381076244e-30
synthetic,zho,25,68,100,28,0.9948713815811555,2.0953188387571546e-27
synthetic,zho,25,69,100,28,0.9960609002157925,6.827941361377656e-29
synthetic,zho,25,70,100,28,0.9972093117430696,7.783215951036474e-31
synthetic,zho,25,71,100,28,0.994778134058632,2.6469959405323647e-27
synthetic,zho,25,72,100,28,0.9975720345212741,1.276271638103331e-31
synthetic,zho,25,73,100,28,0.9961808660950211,4.5704955908890656e-29
synthetic,zho,25,74,100,28,0.9944916985152679,5.2912023003171314e-27
synthetic,zho,25,75,100,28,0.9970176904245246,1.843457005911008e-30
synthetic,zho,25,76,100,28,0.9983575573668515,7.96279661704396e-34
synthetic,zho,25,77,100,28,0.9969757458568946,2.209956301791558e-30
synthetic,zho,25,78,100,28,0.9985264246157337,1.945102229895915e-34
synthetic,zho,25,79,100,28,0.9976883014257465,6.748042409187997e-32
synthetic,zho,25,80,100,28,0.9956291675361691,2.6327920042001073e-28
synthetic,zho,25,81,100,28,0.9970812777156585,1.393502441306739e-30
synthetic,zho,25,82,100,28,0.9973473742140375,4.027487014037544e-31
synthetic,zho,25,83,100,28,0.9948712328932976,2.0961069475358434e-27
synthetic,zho,25,84,100,28,0.9972651994043074,5.985230831543031e-31
synthetic,zho,25,85,100,28,0.9958052080448867,1.5443465710389154e-28
synthetic,zho,25,86,100,28,0.9968068624370118,4.474721074630219e-30
synthetic,zho,25,87,100,28,0.99637445140936,2.3267377848215415e-29
synthetic,zho,25,88,100,28,0.9949949727605022,1.526963229631152e-27
synthetic,zho,25,89,100,28,0.9975191492964499,1.6883815641952333e-31
synthetic,zho,25,90,100,28,0.9965518935463484,1.2130190300338722e-29
synthetic,zho,25,91,100,28,0.9919645831968218,7.068066876734094e-25
synthetic,zho,25,92,100,28,0.9965381228773619,1.2774297551962647e-29
synthetic,zho,25,93,100,28,0.9943711763936355,7.005856072555585e-27
synthetic,zho,25,94,100,28,0.9974881194192348,1.9841481900385255e-31
synthetic,zho,25,95,100,28,0.9977698127669692,4.2335704389837346e-32
synthetic,zho,25,96,100,28,0.9964208282140736,1.968676727405491e-29
synthetic,zho,25,97,100,28,0.9944103282513868,6.3995410910021246e-27
synthetic,zho,25,98,100,28,0.9969157360909786,2.852137830954367e-30
synthetic,zho,25,99,100,28,0.9973257715522387,4.474809410052439e-31
synthetic,zho,25,100,100,28,0.9957717365818611,1.712121380700756e-28
synthetic,zho,25,101,100,28,0.9954283772058118,4.715315301407947e-28
synthetic,zho,25,102,100,28,0.9957621190755948,1.763349986953233e-28
synthetic,zho,25,103,100,28,0.9968264498254564,4.131179388548309e-30
synthetic,zho,25,104,100,28,0.9977897333456657,3.767892815870171e-32
synthetic,zho,25,105,100,28,0.9979809537216433,1.1632752211336483e-32
synthetic,zho,25,106,100,28,0.9989338464083465,2.9023194016286892e-36
synthetic,zho,25,107,100,28,0.9972254201621071,7.219627983996538e-31
synthetic,zho,25,108,100,28,0.9969573253928672,2.3912390334166536e-30
synthetic,zho,25,109,100,28,0.9966066012618986,9.856101292847472e-30
synthetic,zho,25,110,100,28,0.996407948882713,2.0626366993186055e-29
synthetic,zho,25,111,100,28,0.9973190038544147,4.624108924051598e-31
synthetic,zho,25,112,100,28,0.9975830187817792,1.203288342307744e-31
synthetic,zho,25,113,100,28,0.9962670908863066,3.398170526631988e-29
synthetic,zho,25,114,100,28,0.9944807941298526,5.4286708051678005e-27
synthetic,zho,25,115,100,28,0.9952321605313577,8.133941531856144e-28
synthetic,zho,25,116,100,28,0.9964531558482032,1.7499557464455922e-29
synthetic,zho,25,117,100,28,0.997228260786668,7.124239674164401e-31
synthetic,zho,25,118,100,28,0.9970879799192722,1.3525230065854927e-30
synthetic,zho,25,119,100,28,0.9962026764073454,4.2430831210380237e-29
synthetic,zho,25,120,100,28,0.9967378372089966,5.906670303243503e-30
synthetic,zho,25,121,100,28,0.994752881324671,2.8179236696682383e-27
synthetic,zho,25,122,100,28,0.9964823781883323,1.571771455183864e-29
synthetic,zho,25,123,100,28,0.9942640608972534,8.946043154273223e-27
synthetic,zho,25,124,100,28,0.9967235606930935,6.251188670509624e-30
synthetic,zho,25,125,100,28,0.9967621866457593,5.359226026576901e-30
synthetic,zho,25,126,100,28,0.9982074926837041,2.4792578868114688e-33
synthetic,zho,25,127,100,28,0.9952513846388291,7.718580730223415e-28
synthetic,zho,25,128,100,28,0.9970875446906593,1.3551499878736194e-30
synthetic,zho,25,129,100,28,0.9966335962458092,8.885412267088179e-30
synthetic,zho,25,130,100,28,0.9966987026611437,6.895647604669892e-30
synthetic,zho,25,131,100,28,0.9976102728186913,1.0385115819867818e-31
synthetic,zho,25,132,100,28,0.9971339616221302,1.1000067003596259e-30
synthetic,zho,25,133,100,28,0.9977336092933428,5.218359850878805e-32
synthetic,zho,25,134,100,28,0.9975153358777666,1.722396515514777e-31
synthetic,zho,25,135,100,28,0.9978648006003903,2.405466538162018e-32
synthetic,zho,25,136,100,28,0.9980404453961886,7.888070859485588e-33
synthetic,zho,25,137,100,28,0.9969379007603749,2.597195838016564e-30
synthetic,zho,25,138,100,28,0.9971579636507878,9.862173210565459e-31
synthetic,zho,25,139,100,28,0.9958787708469784,1.2275394773883885e-28
synthetic,zho,25,140,100,28,0.9972844944512795,5.459501889756502e-31
synthetic,zho,25,141,100,28,0.9949155116352177,1.87312364954056e-27
synthetic,zho,25,142,100,28,0.995447032879744,4.4716683730479045e-28
synthetic,zho,25,143,100,28,0.9974775455772579,2.095390182967739e-31
synthetic,zho,25,144,100,28,0.9964304689901222,1.9009459904494663e-29
synthetic,zho,25,145,100,28,0.9977861949025839,3.846991429153719e-32
synthetic,zho,25,146,100,28,0.9983354928113585,9.470071294038763e-34
synthetic,zho,25,147,100,28,0.996572257602716,1.1232452835722201e-29
synthetic,zho,25,148,100,28,0.9964336298557323,1.879211968050219e-29
synthetic,zho,25,149,100,28,0.9978194024797568,3.161341020390887e-32
synthetic,zho,25,150,100,28,0.9967597746284959,5.4112866175741034e-30
synthetic,zho,25,151,100,28,0.9931775243295465,8.479724435448909e-26
synthetic,zho,25,152,100,28,0.9943576204778763,7.227845340291543e-27
synthetic,zho,25,153,100,28,0.9962860041746295,3.181360929310044e-29
synthetic,zho,25,154,100,28,0.994817670094824,2.398504599117715e-27
synthetic,zho,25,155,100,28,0.993685422536376,3.110599600375421e-26
synthetic,zho,25,156,100,28,0.9945907756548059,4.181378316881938e-27
synthetic,zho,25,157,100,28,0.9896250843593543,1.9333351197287077e-23
synthetic,zho,25,158,100,28,0.9966813655090784,7.380829925714143e-30
synthetic,zho,25,159,100,28,0.9965455582626882,1.242269868706652e-29
synthetic,zho,25,160,100,28,0.9979585489796946,1.3425584469728803e-32
synthetic,zho,25,161,100,28,0.995436030345824,4.6139188952791975e-28
synthetic,zho,25,162,100,28,0.9946876093599847,3.30802994372257e-27
synthetic,zho,25,163,100,28,0.997366824403138,3.6604216445174105e-31
synthetic,zho,25,164,100,28,0.9928407385372983,1.583453444208235e-25
synthetic,zho,25,165,100,28,0.997785685594915,3.858501862389139e-32
synthetic,zho,25,166,100,28,0.9975402921809372,1.5107736953750884e-31
synthetic,zho,25,167,100,28,0.9934462315803024,5.037001366141542e-26
synthetic,zho,25,168,100,28,0.9981444321051823,3.884864389440053e-33
synthetic,zho,25,169,100,28,0.9962728125186576,3.331184826744314e-29
synthetic,zho,25,170,100,28,0.9975972222691143,1.1146237859954046e-31
synthetic,zho,25,171,100,28,0.9965974565769627,1.020650772938306e-29
synthetic,zho,25,172,100,28,0.9963514034869918,2.5262073766173193e-29
synthetic,zho,25,173,100,28,0.9968848359614684,3.246218095578723e-30
synthetic,zho,25,174,100,28,0.9960809844969287,6.389670330376351e-29
synthetic,zho,25,175,100,28,0.996741410340555,5.823230443333563e-30
synthetic,zho,25,176,100,28,0.9974362852183912,2.5868300192121785e-31
synthetic,zho,25,177,100,28,0.9968547393792129,3.677808313524709e-30
synthetic,zho,25,178,100,28,0.994689206666456,3.2951522654457e-27
synthetic,zho,25,179,100,28,0.9954015154682834,5.087706365285929e-28
synthetic,zho,25,180,100,28,0.9960540107045149,6.984559944176216e-29
synthetic,zho,25,181,100,28,0.9958321886714768,1.4202973865445188e-28
synthetic,zho,25,182,100,28,0.9967943112931558,4.708514353270141e-30
synthetic,zho,25,183,100,28,0.9946070812004697,4.020819189889e-27
synthetic,zho,25,184,100,28,0.9976517896972461,8.271124541980619e-32
synthetic,zho,25,185,100,28,0.9942045905265058,1.0226368922378895e-26
synthetic,zho,25,186,100,28,0.9982446758723633,1.8882728744010863e-33
synthetic,zho,25,187,100,28,0.9972826263437639,5.50847212801867e-31
synthetic,zho,25,188,100,28,0.997063318906911,1.5090248654674636e-30
synthetic,zho,25,189,100,28,0.9970695353118381,1.468072916552888e-30
synthetic,zho,25,190,100,28,0.9973982334990774,3.1322588805006973e-31
synthetic,zho,25,191,100,28,0.995404771190582,5.041169215846828e-28
synthetic,zho,25,192,100,28,0.9968954657483898,3.1053131636648507e-30
synthetic,zho,25,193,100,28,0.996781204325293,4.964653503979175e-30
synthetic,zho,25,194,100,28,0.9976990271417409,6.352542235902251e-32
synthetic,zho,25,195,100,28,0.9949085286615054,1.9067690960182243e-27
synthetic,zho,25,196,100,28,0.9978863607751238,2.1084000286762582e-32
synthetic,zho,25,197,100,28,0.9958170143768038,1.4888833701637424e-28
synthetic,zho,25,198,100,28,0.9957891931185372,1.622630424421928e-28
synthetic,zho,25,199,100,28,0.9959397258250715,1.011707546573897e-28
synthetic,zho,50,0,100,28,0.998674232870276,4.926447417570053e-35
synthetic,zho,50,1,100,28,0.9984454385852726,3.897697954750157e-34
synthetic,zho,50,2,100,28,0.9986284959127985,7.654402337946937e-35
synthetic,zho,50,3,100,28,0.999139436598771,1.7937550667243217e-37
synthetic,zho,50,4,100,28,0.999162322560261,1.2636879661032014e-37
synthetic,zho,50,5,100,28,0.9985352043271034,1.7998017187956321e-34
synthetic,zho,50,6,100,28,0.9987620446729161,2.0222594787615212e-35
synthetic,zho,50,7,100,28,0.9993923562060532,1.9482103302960496e-39
synthetic,zho,50,8,100,28,0.9983372266942534,9.342717961857013e-34
synthetic,zho,50,9,100,28,0.9987888271348042,1.5220074956446852e-35
synthetic,zho,50,10,100,28,0.9991891259002451,8.281340696131781e-38
synthetic,zho,50,11,100,28,0.9986271344821864,7.753710307311091e-35
synthetic,zho,50,12,100,28,0.9977727672997986,4.1613039865212535e-32
synthetic,zho,50,13,100,28,0.9977459192707585,4.861997709990412e-32
synthetic,zho,50,14,100,28,0.9987737557727913,1.787315694656899e-35
synthetic,zho,50,15,100,28,0.9985938326439268,1.0586347205826443e-34
synthetic,zho,50,16,100,28,0.9989020024315229,4.254308411402209e-36
synthetic,zho,50,17,100,28,0.9989594840118249,2.1153588560798325e-36
synthetic,zho,50,18,100,28,0.9994728959163236,3.0693460269456147e-40
synthetic,zho,50,19,100,28,0.9984236521609265,4.6701374431023604e-34
synthetic,zho,50,20,100,28,0.9994807387494219,2.525973419524104e-40
synthetic,zho,50,21,100,28,0.9983567930764266,8.011067261288218e-34
synthetic,zho,50,22,100,28,0.9982988169237718,1.256939460786994e-33
synthetic,zho,50,23,100,28,0.9986484614231675,6.326551464498076e-35
synthetic,zho,50,24,100,28,0.9992045007551352,6.457439188644047e-38
synthetic,zho,50,25,100,28,0.9991143397415228,2.606142152726073e-37
synthetic,zho,50,26,100,28,0.9985814259055477,1.1866189076116845e-34
synthetic,zho,50,27,100,28,0.9990938965711791,3.5057959123049084e-37
synthetic,zho,50,28,100,28,0.9979024502935808,1.909194598465548e-32
synthetic,zho,50,29,100,28,0.998570729419509,1.3082687088875433e-34
synthetic,zho,50,30,100,28,0.9990533474517865,6.1923475553109115e-37
synthetic,zho,50,31,100,28,0.9991593405828488,1.3234119520930623e-37
synthetic,zho,50,32,100,28,0.9989017568300339,4.266690105076633e-36
synthetic,zho,50,33,100,28,0.9982495100669699,1.8218234859813758e-33
synthetic,zho,50,34,100,28,0.9989109206722453,3.826540645708525e-36
synthetic,zho,50,35,100,28,0.999002317655932,1.2250494388246415e-36
synthetic,zho,50,36,100,28,0.9992484721381232,3.0841524909742035e-38
synthetic,zho,50,37,100,28,0.9988755280696671,5.798010621495202e-36
synthetic,zho,50,38,100,28,0.99898465904142,1.5387423957752973e-36
synthetic,zho,50,39,100,28,0.9985993667138268,1.0057641291070598e-34
synthetic,zho,50,40,100,28,0.9992159261319934,5.350713330083708e-38
synthetic,zho,50,41,100,28,0.9982131783462883,2.3790248593584218e-33
synthetic,zho,50,42,100,28,0.9986984746861649,3.8761661023381946e-35
synthetic,zho,50,43,100,28,0.9989767436401439,1.70211879150925e-36
synthetic,zho,50,44,100,28,0.9984060602063096,5.394425668622277e-34
synthetic,zho,50,45,100,28,0.998585646027118,1.1415650201483203e-34
synthetic,zho,50,46,100,28,0.9978105445117884,3.332251541583307e-32
synthetic,zho,50,47,100,28,0.9978841902167759,2.1366955666443135e-32
synthetic,zho,50,48,100,28,0.999403805609107,1.5214868426951843e-39
synthetic,zho,50,49,100,28,0.9992704069858239,2.098705429706981e-38
synthetic,zho,50,50,100,28,0.9990793808881702,4.310029652996567e-37
synthetic,zho,50,51,100,28,0.9992262469067903,4.504297894449595e-38
synthetic,zho,50,52,100,28,0.9989669349739793,1.926760811636378e-36
synthetic,zho,50,53,100,28,0.9991070670939953,2.89835922365002e-37
synthetic,zho,50,54,100,28,0.9987487966172974,2.3222179940107952e-35
synthetic,zho,50,55,100,28,0.9991608108580627,1.2936466516398839e-37
synthetic,zho,50,56,100,28,0.9974936244804674,1.9284145995536276e-31
synthetic,zho,50,57,100,28,0.9987434441078568,2.4546565884588276e-35
synthetic,zho,50,58,100,28,0.9988006738267291,1.3395249255313866e-35
synthetic,zho,50,59,100,28,0.9989170875903889,3.554355530066742e-36
synthetic,zho,50,60,100,28,0.9988968081712712,4.5233683023853645e-36
synthetic,zho,50,61,100,28,0.9988284622760546,9.877900135662227e-36
synthetic,zho,50,62,100,28,0.9995920147837306,1.0991544600341905e-41
synthetic,zho,50,63,100,28,0.9988105535467351,1.2030212835466588e-35
synthetic,zho,50,64,100,28,0.9992997295105643,1.2314860891149075e-38
synthetic,zho,50,65,100,28,0.9989969917290975,1.3128033700999786e-36
synthetic,zho,50,66,100,28,0.9989111160731367,3.817629231172341e-36
synthetic,zho,50,67,100,28,0.9987115375218859,3.4000322718729306e-35
synthetic,zho,50,68,100,28,0.9986671200919086,5.281115874679409e-35
synthetic,zho,50,69,100,28,0.9985712563691967,1.3020159893699413e-34
synthetic,zho,50,70,100,28,0.9992720948455377,2.0364756989712743e-38
synthetic,zho,50,71,100,28,0.997511114576004,1.7607865511535747e-31
synthetic,zho,50,72,100,28,0.9982673229606482,1.5951571222258144e-33
synthetic,zho,50,73,100,28,0.999079067912272,4.329109229006283e-37
synthetic,zho,50,74,100,28,0.9986980894786288,3.8910980446022624e-35
synthetic,zho,50,75,100,28,0.9989519433766443,2.3234517463046842e-36
synthetic,zho,50,76,100,28,0.9985647665553796,1.3809810109166873e-34
synthetic,zho,50,77,100,28,0.9994297731081101,8.529205257331936e-40
synthetic,zho,50,78,100,28,0.9989007159140979,4.31953669744027e-36
synthetic,zho,50,79,100,28,0.9991146394027797,2.5947065545627886e-37
synthetic,zho,50,80,100,28,0.9992471869753268,3.153401207749042e-38
synthetic,zho,50,81,100,28,0.9991314817718416,2.021588407688945e-37
synthetic,zho,50,82,100,28,0.9989164052578529,3.583566564366982e-36
synthetic,zho,50,83,100,28,0.999217542990728,5.209081714682707e-38
synthetic,zho,50,84,100,28,0.9993009786243906,1.2032413377046025e-38
synthetic,zho,50,85,100,28,0.99822231847151,2.2257014117105535e-33
synthetic,zho,50,86,100,28,0.9985969495130055,1.0285500120476745e-34
synthetic,zho,50,87,100,28,0.9989002623808088,4.3427506859766036e-36
synthetic,zho,50,88,100,28,0.9986058366146069,9.470475641457596e-35
synthetic,zho,50,89,100,28,0.9987112262636733,3.4107194880858983e-35
synthetic,zho,50,90,100,28,0.9989712811385688,1.824046450374294e-36
synthetic,zho,50,91,100,28,0.9985941781079664,1.0552606533472982e-34
synthetic,zho,50,92,100,28,0.998380274903108,6.64484653506434e-34
synthetic,zho,50,93,100,28,0.998778504191111,1.6994478174666857e-35
synthetic,zho,50,94,100,28,0.9979863610302973,1.123453016041959e-32
synthetic,zho,50,95,100,28,0.9989915027769745,1.4092852198765386e-36
synthetic,zho,50,96,100,28,0.999127698422842,2.139064798001098e-37
synthetic,zho,50,97,100,28,0.9977657453042432,4.334954478496891e-32
synthetic,zho,50,98,100,28,0.9990997770361159,3.2213724366572797e-37
synthetic,zho,50,99,100,28,0.998527426335478,1.9279935751573016e-34
synthetic,zho,50,100,100,28,0.9986713724650051,5.066347167294968e-35
synthetic,zho,50,101,100,28,0.9987887695512498,1.5229479780750988e-35
synthetic,zho,50,102,100,28,0.9990615525789531,5.530018256516932e-37
synthetic,zho,50,103,100,28,0.9987165373357594,3.232541979934431e-35
synthetic,zho,50,104,100,28,0.9991597501960122,1.3150565577259234e-37
synthetic,zho,50,105,100,28,0.9988840608190352,5.2516340695224306e-36
synthetic,zho,50,106,100,28,0.9991307366973138,2.0442416741612833e-37
synthetic,zho,50,107,100,28,0.9988645574380137,6.57760227843964e-36
synthetic,zho,50,108,100,28,0.999078492571677,4.364386553705839e-37
synthetic,zho,50,109,100,28,0.9990409740072652,7.330648234995067e-37
synthetic,zho,50,110,100,28,0.9985778866676207,1.2256630071487513e-34
synthetic,zho,50,111,100,28,0.9987323136653943,2.752667572122077e-35
synthetic,zho,50,112,100,28,0.9990517202774756,6.332096267200654e-37
synthetic,zho,50,113,100,28,0.9986067753053119,9.38796464945796e-35
synthetic,zho,50,114,100,28,0.9995361556110093,5.826208144388691e-41
synthetic,zho,50,115,100,28,0.9992125443237084,5.658512696920763e-38
synthetic,zho,50,116,100,28,0.9987032281228995,3.69620816299738e-35
synthetic,zho,50,117,100,28,0.9985081879467531,2.282133646815878e-34
synthetic,zho,50,118,100,28,0.9991875933829099,8.487059475955566e-38
synthetic,zho,50,119,100,28,0.9990319368136711,8.280827801829548e-37
synthetic,zho,50,120,100,28,0.9991785394077384,9.801848704233964e-38
synthetic,zho,50,121,100,28,0.9992499013180919,3.008793712510335e-38
synthetic,zho,50,122,100,28,0.9984732644905786,3.0824962027722885e-34
synthetic,zho,50,123,100,28,0.9985750468934215,1.2578444610848255e-34
synthetic,zho,50,124,100,28,0.9991458906566003,1.626584285433253e-37
synthetic,zho,50,125,100,28,0.999346971662912,4.9682619258977944e-39
synthetic,zho,50,126,100,28,0.9989468333967553,2.47503646797677e-36
synthetic,zho,50,127,100,28,0.9979844145900082,1.1376403354491206e-32
synthetic,zho,50,128,100,28,0.9993758905161825,2.757708070332981e-39
synthetic,zho,50,129,100,28,0.9981567318423569,3.5633408917677025e-33
synthetic,zho,50,130,100,28,0.9988799429970459,5.5090826054116074e-36
synthetic,zho,50,131,100,28,0.9989320616568026,2.9660888374837567e-36
synthetic,zho,50,132,100,28,0.9962855700206531,3.1861911811970135e-29
synthetic,zho,50,133,100,28,0.9977218721249843,5.580443587258311e-32
synthetic,zho,50,134,100,28,0.9993944487618092,1.8627934143800904e-39
synthetic,zho,50,135,100,28,0.9978682690749239,2.355206710118563e-32
synthetic,zho,50,136,100,28,0.9989089559856124,3.917214996002628e-36
synthetic,zho,50,137,100,28,0.9994518522881044,5.1051774629762846e-40
synthetic,zho,50,138,100,28,0.9984277891981086,4.513391842125161e-34
synthetic,zho,50,139,100,28,0.9992841214203263,1.6400148887991602e-38
synthetic,zho,50,140,100,28,0.9977226908656761,5.554452736122273e-32
synthetic,zho,50,141,100,28,0.9988690116181964,6.25010126207407e-36
synthetic,zho,50,142,100,28,0.9993366971133162,6.085801711440576e-39
synthetic,zho,50,143,100,28,0.998876435231074,5.737525440678031e-36
synthetic,zho,50,144,100,28,0.9991193239881307,2.421850280491478e-37
synthetic,zho,50,145,100,28,0.9993108852521333,9.995185673931381e-39
synthetic,zho,50,146,100,28,0.9991880257007218,8.428554420553472e-38
synthetic,zho,50,147,100,28,0.9990200684953365,9.701552191002528e-37
synthetic,zho,50,148,100,28,0.998782094131323,1.635683116494098e-35
synthetic,zho,50,149,100,28,0.9984070278799536,5.352035169140509e-34
synthetic,zho,50,150,100,28,0.9990990832327636,3.253784847704201e-37
synthetic,zho,50,151,100,28,0.9987908011889137,1.4900886201308127e-35
synthetic,zho,50,152,100,28,0.9990860991354993,3.918725489485729e-37
synthetic,zho,50,153,100,28,0.9992078403260576,6.113879416688395e-38
synthetic,zho,50,154,100,28,0.9985069047813958,2.3077676204812355e-34
synthetic,zho,50,155,100,28,0.9985512022641196,1.5604958909736908e-34
synthetic,zho,50,156,100,28,0.9987068238663481,3.5652369029582714e-35
synthetic,zho,50,157,100,28,0.9992982915358288,1.2647584905990111e-38
synthetic,zho,50,158,100,28,0.9988233205591083,1.04562684816207e-35
synthetic,zho,50,159,100,28,0.9985403379151668,1.7195535973013353e-34
synthetic,zho,50,160,100,28,0.9990588914776415,5.737292843326268e-37
synthetic,zho,50,161,100,28,0.997565328753443,1.3228132152637747e-31
synthetic,zho,50,162,100,28,0.9991049500720776,2.9889367957383915e-37
synthetic,zho,50,163,100,28,0.9991305657729901,2.0494713943114938e-37
synthetic,zho,50,164,100,28,0.9990993020029175,3.2435322142233093e-37
synthetic,zho,50,165,100,28,0.9991479715265916,1.5758318439145747e-37
synthetic,zho,50,166,100,28,0.9987492859863983,2.3104445468343778e-35
synthetic,zho,50,167,100,28,0.9987335149983412,2.718966299356241e-35
synthetic,zho,50,168,100,28,0.998894510704503,4.647313357599727e-36
synthetic,zho,50,169,100,28,0.9981268923394049,4.3898528511049125e-33
synthetic,zho,50,170,100,28,0.999176235571055,1.0165162554476734e-37
synthetic,zho,50,171,100,28,0.9985681289699809,1.339533198118805e-34
synthetic,zho,50,172,100,28,0.9993945177373919,1.8600376437018437e-39
synthetic,zho,50,173,100,28,0.9993274556145751,7.284726708633261e-39
synthetic,zho,50,174,100,28,0.9985231061985907,2.0027845025507297e-34
synthetic,zho,50,175,100,28,0.9985528061272675,1.5382004958868582e-34
synthetic,zho,50,176,100,28,0.9987921645415248,1.4684062519156293e-35
synthetic,zho,50,177,100,28,0.9988640256492725,6.61774377373588e-36
synthetic,zho,50,178,100,28,0.9982151612775478,2.3449566908734157e-33
synthetic,zho,50,179,100,28,0.9991690548165861,1.137884987494401e-37
synthetic,zho,50,180,100,28,0.998445897475833,3.882777066109347e-34
synthetic,zho,50,181,100,28,0.9985242060340223,1.983494034995622e-34
synthetic,zho,50,182,100,28,0.9986569623842291,5.828598238830918e-35
synthetic,zho,50,183,100,28,0.9981589911228889,3.507022460017427e-33
synthetic,zho,50,184,100,28,0.998352901115772,8.261090374999119e-34
synthetic,zho,50,185,100,28,0.9988875506438823,5.0421911229431186e-36
synthetic,zho,50,186,100,28,0.999142695354853,1.7074617792171792e-37
synthetic,zho,50,187,100,28,0.9985142061749783,2.1653760589256114e-34
synthetic,zho,50,188,100,28,0.9987076616544516,3.5353431099460867e-35
synthetic,zho,50,189,100,28,0.9991332045320771,1.9700939328701233e-37
synthetic,zho,50,190,100,28,0.9992993331924064,1.240574655492103e-38
synthetic,zho,50,191,100,28,0.9987569081113785,2.134036383340545e-35
synthetic,zho,50,192,100,28,0.9991938792313408,7.672184137052464e-38
synthetic,zho,50,193,100,28,0.9993083592640623,1.0481948214318345e-38
synthetic,zho,50,194,100,28,0.9989124904088549,3.755490666072661e-36
synthetic,zho,50,195,100,28,0.998631577099553,7.433968230097046e-35
synthetic,zho,50,196,100,28,0.9988610635087085,6.845505883149088e-36
synthetic,zho,50,197,100,28,0.9951051341572823,1.1440426913044806e-27
synthetic,zho,50,198,100,28,0.9993506657459066,4.615142858269199e-39
synthetic,zho,50,199,100,28,0.9990796530350052,4.29350221007838e-37
synthetic,zho,75,0,100,28,0.9996915278529358,2.9022140492263596e-43
synthetic,zho,75,1,100,28,0.999667885630663,7.578869974930607e-43
synthetic,zho,75,2,100,28,0.9996892625261471,3.191785715089634e-43
synthetic,zho,75,3,100,28,0.999480814868394,2.5211650193602423e-40
synthetic,zho,75,4,100,28,0.9997117854110649,1.2002687923397613e-43
synthetic,zho,75,5,100,28,0.9991129438881112,2.6600259872335276e-37
synthetic,zho,75,6,100,28,0.9995937171789862,1.0410108964831756e-41
synthetic,zho,75,7,100,28,0.9996109502908948,5.926431154584012e-42
synthetic,zho,75,8,100,28,0.999526004520567,7.719444150122503e-41
synthetic,zho,75,9,100,28,0.9998720169302728,3.135750958299105e-48
synthetic,zho,75,10,100,28,0.9997860011950501,2.503214991534358e-45
synthetic,zho,75,11,100,28,0.9997498946914481,1.8995952731649358e-44
synthetic,zho,75,12,100,28,0.9995682845161887,2.291885322962732e-41
synthetic,zho,75,13,100,28,0.9994010609251259,1.615077844882363e-39
synthetic,zho,75,14,100,28,0.9997837300876538,2.87140521657604e-45
synthetic,zho,75,15,100,28,0.9998592046137474,1.0838701903493103e-47
synthetic,zho,75,16,100,28,0.9996110118407268,5.914256018618211e-42
synthetic,zho,75,17,100,28,0.9997507659971082,1.8153491455479792e-44
synthetic,zho,75,18,100,28,0.9996888930742871,3.241465940534375e-43
synthetic,zho,75,19,100,28,0.9996817356741825,4.356541036249019e-43
synthetic,zho,75,20,100,28,0.999644617624153,1.8274900010812995e-42
synthetic,zho,75,21,100,28,0.9994003123319548,1.6415108836481e-39
synthetic,zho,75,22,100,28,0.9996594664215237,1.0493579770508125e-42
synthetic,zho,75,23,100,28,0.9996899468194473,3.101620523349295e-43
synthetic,zho,75,24,100,28,0.9995655554053946,2.487507079230889e-41
synthetic,zho,75,25,100,28,0.9997671021329879,7.520670067117007e-45
synthetic,zho,75,26,100,28,0.9996838493867981,3.995082913658451e-43
synthetic,zho,75,27,100,28,0.9996306999042109,3.010975823971559e-42
synthetic,zho,75,28,100,28,0.9998321432244771,1.0652895649068262e-46
synthetic,zho,75,29,100,28,0.9996735732576614,6.054706002297021e-43
synthetic,zho,75,30,100,28,0.9997377014480099,3.5267961322632103e-44
synthetic,zho,75,31,100,28,0.9996135294245951,5.435592493588784e-42
synthetic,zho,75,32,100,28,0.9997723782385047,5.583375012911205e-45
synthetic,zho,75,33,100,28,0.9996985965202589,2.1471704419694546e-43
synthetic,zho,75,34,100,28,0.9995469655438324,4.2882313237855055e-41
synthetic,zho,75,35,100,28,0.9996313748471604,2.940227878270541e-42
synthetic,zho,75,36,100,28,0.9995845389410113,1.3917374103913605e-41
synthetic,zho,75,37,100,28,0.9996598246860896,1.0350983395587066e-42
synthetic,zho,75,38,100,28,0.9995799017758485,1.6077290680677452e-41
synthetic,zho,75,39,100,28,0.9993413685250924,5.551710650370603e-39
synthetic,zho,75,40,100,28,0.9995000999872504,1.5414862716721296e-40
synthetic,zho,75,41,100,28,0.9998298738416682,1.2684724181700161e-46
synthetic,zho,75,42,100,28,0.999245228641454,3.261686552225203e-38
synthetic,zho,75,43,100,28,0.9995777280154028,1.7192780198942028e-41
synthetic,zho,75,44,100,28,0.9994887885688338,2.061762319534432e-40
synthetic,zho,75,45,100,28,0.9997002579929174,1.9983063951399946e-43
synthetic,zho,75,46,100,28,0.999615629803594,5.0638928503766514e-42
synthetic,zho,75,47,100,28,0.999364092716496,3.517620307145754e-39
synthetic,zho,75,48,100,28,0.999567268724171,2.362974330368235e-41
synthetic,zho,75,49,100,28,0.9991734919687425,1.0614028511768246e-37
synthetic,zho,75,50,100,28,0.9996793630329666,4.79809964518642e-43
synthetic,zho,75,51,100,28,0.9996977201439867,2.2297526056672248e-43
synthetic,zho,75,52,100,28,0.9996282953636328,3.2759910156421795e-42
synthetic,zho,75,53,100,28,0.9992804507190638,1.75272665350444e-38
synthetic,zho,75,54,100,28,0.9995575117555793,3.1573321278062596e-41
synthetic,zho,75,55,100,28,0.9998359938716265,7.878664278968792e-47
synthetic,zho,75,56,100,28,0.9996869199476016,3.519095308017095e-43
synthetic,zho,75,57,100,28,0.9997079423927188,1.4257800318566395e-43
synthetic,zho,75,58,100,28,0.9996097155294029,6.17561971994798e-42
synthetic,zho,75,59,100,28,0.9995338041267491,6.221997490881713e-41
synthetic,zho,75,60,100,28,0.999261540031688,2.45545397780213e-38
synthetic,zho,75,61,100,28,0.9996818339319994,4.339090817508355e-43
synthetic,zho,75,62,100,28,0.9997008601745385,1.946747649779603e-43
synthetic,zho,75,63,100,28,0.9994057884820206,1.4570160628793992e-39
synthetic,zho,75,64,100,28,0.9993349994538497,6.291369307845844e-39
synthetic,zho,75,65,100,28,0.999309795658547,1.0202534656915802e-38
synthetic,zho,75,66,100,28,0.9996906066930479,3.016905223115914e-43
synthetic,zho,75,67,100,28,0.9997262521094836,6.145626959028449e-44
synthetic,zho,75,68,100,28,0.998845727915708,8.144816850838395e-36
synthetic,zho,75,69,100,28,0.9996264132704057,3.4982686942557713e-42
synthetic,zho,75,70,100,28,0.9997727830221441,5.455678481356604e-45
synthetic,zho,75,71,100,28,0.999529465367879,7.018115749401834e-41
synthetic,zho,75,72,100,28,0.9996862048956869,3.6250103770602625e-43
synthetic,zho,75,73,100,28,0.9996373927670421,2.373914194763488e-42
synthetic,zho,75,74,100,28,0.9993486057165103,4.809094861965817e-39
synthetic,zho,75,75,100,28,0.9997755055418859,4.664427483145522e-45
synthetic,zho,75,76,100,28,0.9997227380314282,7.253898372569124e-44
synthetic,zho,75,77,100,28,0.9995638775896832,2.6153049590320524e-41
synthetic,zho,75,78,100,28,0.9998095115150024,5.514434447124818e-46
synthetic,zho,75,79,100,28,0.9997601933380396,1.0997256236619044e-44
synthetic,zho,75,80,100,28,0.999705247903529,1.6065525882639199e-43
synthetic,zho,75,81,100,28,0.9996906721106122,3.008624274671545e-43
synthetic,zho,75,82,100,28,0.9997009857232122,1.9361540869209748e-43
synthetic,zho,75,83,100,28,0.9996411294451378,2.074874266774597e-42
synthetic,zho,75,84,100,28,0.9995485463420873,4.0977671635791723e-41
synthetic,zho,75,85,100,28,0.9996515657486558,1.4138268304270322e-42
synthetic,zho,75,86,100,28,0.9994884236680811,2.0809720541992353e-40
synthetic,zho,75,87,100,28,0.9997127191452745,1.1506948923659323e-43
synthetic,zho,75,88,100,28,0.9997592630078178,1.1564922144619389e-44
synthetic,zho,75,89,100,28,0.999512661555494,1.1073575898875425e-40
synthetic,zho,75,90,100,28,0.9997742322666214,5.020263280553172e-45
synthetic,zho,75,91,100,28,0.9997266152597765,6.040493497828779e-44
synthetic,zho,75,92,100,28,0.9993610056206793,3.746136448421443e-39
synthetic,zho,75,93,100,28,0.9998149791482488,3.776500401398887e-46
synthetic,zho,75,94,100,28,0.99952767380278,7.373469960753949e-41
synthetic,zho,75,95,100,28,0.999855119769915,1.5719420524888624e-47
synthetic,zho,75,96,100,28,0.9997206208514017,8.007819503084925e-44
synthetic,zho,75,97,100,28,0.9996547417550612,1.255179239233566e-42
synthetic,zho,75,98,100,28,0.9997028098853898,1.7881172103873942e-43
synthetic,zho,75,99,100,28,0.9995893484920158,1.1962700162127036e-41
synthetic,zho,75,100,100,28,0.9992076249377309,6.135518083082372e-38
synthetic,zho,75,101,100,28,0.9996707677249548,6.7671064589124514e-43
synthetic,zho,75,102,100,28,0.999378645703467,2.60360901233441e-39
synthetic,zho,75,103,100,28,0.9997028086165143,1.788216448808251e-43
synthetic,zho,75,104,100,28,0.9996048288463532,7.259726309926521e-42
synthetic,zho,75,105,100,28,0.999556365100235,3.265344886860088e-41
synthetic,zho,75,106,100,28,0.9995662843917432,2.4337983060642237e-41
synthetic,zho,75,107,100,28,0.9997487556441234,2.0151741389568457e-44
synthetic,zho,75,108,100,28,0.9993174793325335,8.821089679257468e-39
synthetic,zho,75,109,100,28,0.9997498307556745,1.9059171356467851e-44
synthetic,zho,75,110,100,28,0.9991880401676324,8.426603083234864e-38
synthetic,zho,75,111,100,28,0.9997535223913433,1.571010776012591e-44
synthetic,zho,75,112,100,28,0.9996756756956318,5.566946975337536e-43
synthetic,zho,75,113,100,28,0.9996174811594907,4.7558660425250065e-42
synthetic,zho,75,114,100,28,0.9997795497366646,3.6827573034767566e-45
synthetic,zho,75,115,100,28,0.9993504444317103,4.635627887784102e-39
synthetic,zho,75,116,100,28,0.9995525971010394,3.6447698456444427e-41
synthetic,zho,75,117,100,28,0.9996516710960393,1.4082807000744841e-42
synthetic,zho,75,118,100,28,0.9994351268280038,7.545079617943146e-40
synthetic,zho,75,119,100,28,0.9996715604806263,6.558340949437357e-43
synthetic,zho,75,120,100,28,0.9996480968415907,1.6081184965236746e-42
synthetic,zho,75,121,100,28,0.9997003410133793,1.9911240598051384e-43
synthetic,zho,75,122,100,28,0.9996899132202172,3.105992217608559e-43
synthetic,zho,75,123,100,28,0.9994708024158632,3.231617279766238e-40
synthetic,zho,75,124,100,28,0.9996550576222628,1.2403348196848107e-42
synthetic,zho,75,125,100,28,0.9995109694560325,1.1583848083095467e-40
synthetic,zho,75,126,100,28,0.9995314614251,6.640858376686718e-41
synthetic,zho,75,127,100,28,0.9998017918373416,9.242060383611794e-46
synthetic,zho,75,128,100,28,0.9994074780062987,1.4040829156633919e-39
synthetic,zho,75,129,100,28,0.9992306200464093,4.1844441671414564e-38
synthetic,zho,75,130,100,28,0.9992305277477317,4.1909725403505195e-38
synthetic,zho,75,131,100,28,0.9997776871647185,4.1083694836118786e-45
synthetic,zho,75,132,100,28,0.9997134446004444,1.1134912209083263e-43
synthetic,zho,75,133,100,28,0.9994099563643879,1.3296405952364788e-39
synthetic,zho,75,134,100,28,0.9996697868547965,7.033897679361935e-43
synthetic,zho,75,135,100,28,0.9996082088045757,6.492786338205796e-42
synthetic,zho,75,136,100,28,0.999849921973408,2.485579963081441e-47
synthetic,zho,75,137,100,28,0.9995311970386169,6.689728655855028e-41
synthetic,zho,75,138,100,28,0.9996809365234965,4.500891933963674e-43
synthetic,zho,75,139,100,28,0.999204873679452,6.418209417820349e-38
synthetic,zho,75,140,100,28,0.9997489654448607,1.9934098036761431e-44
synthetic,zho,75,141,100,28,0.9991903429492014,8.121258844173345e-38
synthetic,zho,75,142,100,28,0.9997640580035426,8.903602756870833e-45
synthetic,zho,75,143,100,28,0.9995905408320233,1.1519016818721994e-41
synthetic,zho,75,144,100,28,0.9996491187468148,1.5484654841847164e-42
synthetic,zho,75,145,100,28,0.9993789702158546,2.585991873055904e-39
synthetic,zho,75,146,100,28,0.9996527882354054,1.3506905907746792e-42
synthetic,zho,75,147,100,28,0.9996038474574688,7.49758916320126e-42
synthetic,zho,75,148,100,28,0.9997636146358142,9.123553873960053e-45
synthetic,zho,75,149,100,28,0.9994538346883375,4.870350810477136e-40
synthetic,zho,75,150,100,28,0.9995992848656685,8.700885782375109e-42
synthetic,zho,75,151,100,28,0.999759825536086,1.1218533106533514e-44
synthetic,zho,75,152,100,28,0.9995232430130857,8.324853744817019e-41
synthetic,zho,75,153,100,28,0.9992199995121106,5.000508540877755e-38
synthetic,zho,75,154,100,28,0.9994287236600266,8.735486230283303e-40
synthetic,zho,75,155,100,28,0.9997805327013235,3.474921744811728e-45
synthetic,zho,75,156,100,28,0.9995698632615847,2.1853075474862945e-41
synthetic,zho,75,157,100,28,0.9997884568916264,2.1544778222394788e-45
synthetic,zho,75,158,100,28,0.9997624513571918,9.724713907036412e-45
synthetic,zho,75,159,100,28,0.9997148980123861,1.0422736262516726e-43
synthetic,zho,75,160,100,28,0.9994988845226603,1.5909165949249718e-40
synthetic,zho,75,161,100,28,0.9993804290154993,2.5081472450821222e-39
synthetic,zho,75,162,100,28,0.9997448649919605,2.4607176332718996e-44
synthetic,zho,75,163,100,28,0.9994367440936965,7.269092794679196e-40
synthetic,zho,75,164,100,28,0.9994192572056413,1.0815656154239898e-39
synthetic,zho,75,165,100,28,0.9997256070866183,6.336538229335638e-44
synthetic,zho,75,166,100,28,0.9996935921822652,2.6596528034692022e-43
synthetic,zho,75,167,100,28,0.9995732169021346,1.9739195180179692e-41
synthetic,zho,75,168,100,28,0.999728703652559,5.467430602901856e-44
synthetic,zho,75,169,100,28,0.9997538734343894,1.5421736293093316e-44
synthetic,zho,75,170,100,28,0.9998530187032433,1.895482449832251e-47
synthetic,zho,75,171,100,28,0.9996451215086948,1.7940953527475125e-42
synthetic,zho,75,172,100,28,0.9996290418937153,3.1914941167467885e-42
synthetic,zho,75,173,100,28,0.9996099883312699,6.119747346013255e-42
synthetic,zho,75,174,100,28,0.9994780894510336,2.6986989803049845e-40
synthetic,zho,75,175,100,28,0.9994692333346259,3.3583916982819676e-40
synthetic,zho,75,176,100,28,0.9995687748715059,2.2582796731697362e-41
synthetic,zho,75,177,100,28,0.9994447534475279,6.034497459992517e-40
synthetic,zho,75,178,100,28,0.9994579048008889,4.419151732970243e-40
synthetic,zho,75,179,100,28,0.9996073992231719,6.669348714017584e-42
synthetic,zho,75,180,100,28,0.9995848779862916,1.3770472751152978e-41
synthetic,zho,75,181,100,28,0.9995647752505034,2.546196133588039e-41
synthetic,zho,75,182,100,28,0.9997317426113657,4.72271055815683e-44
synthetic,zho,75,183,100,28,0.9996254045403852,3.623052337319737e-42
synthetic,zho,75,184,100,28,0.9994378548645673,7.084970270570602e-40
synthetic,zho,75,185,100,28,0.9991537298912677,1.4429039378843898e-37
synthetic,zho,75,186,100,28,0.9995803756590468,1.5843158065171468e-41
synthetic,zho,75,187,100,28,0.9997407409442166,3.0309743148564535e-44
synthetic,zho,75,188,100,28,0.999576629018651,1.7783534634974297e-41
synthetic,zho,75,189,100,28,0.9996289305395798,3.203968871985467e-42
synthetic,zho,75,190,100,28,0.9996282027879287,3.2866120025064023e-42
synthetic,zho,75,191,100,28,0.9996658847438169,8.194301479103985e-43
synthetic,zho,75,192,100,28,0.9997286777104221,5.474230261065259e-44
synthetic,zho,75,193,100,28,0.999697479513773,2.2529350816538484e-43
synthetic,zho,75,194,100,28,0.9996572271868619,1.1426725508282726e-42
synthetic,zho,75,195,100,28,0.9996845728326968,3.877871576383879e-43
synthetic,zho,75,196,100,28,0.9997458349146967,2.3418550663272033e-44
synthetic,zho,75,197,100,28,0.9996564564345523,1.1765239657981213e-42
synthetic,zho,75,198,100,28,0.9995381195505731,5.51360042234566e-41
synthetic,zho,75,199,100,28,0.9993564633701417,4.107368206630233e-39
synthetic,zho,100,0,100,28,0.9999999999999999,0.0
synthetic,zho,100,1,100,28,0.9999999999999999,0.0
synthetic,zho,100,2,100,28,0.9999999999999999,0.0
synthetic,zho,100,3,100,28,0.9999999999999999,0.0
synthetic,zho,100,4,100,28,0.9999999999999999,0.0
synthetic,zho,100,5,100,28,0.9999999999999999,0.0
synthetic,zho,100,6,100,28,0.9999999999999999,0.0
synthetic,zho,100,7,100,28,0.9999999999999999,0.0
synthetic,zho,100,8,100,28,0.9999999999999999,0.0
synthetic,zho,100,9,100,28,0.9999999999999999,0.0
synthetic,zho,100,10,100,28,0.9999999999999999,0.0
synthetic,zho,100,11,100,28,0.9999999999999999,0.0
synthetic,zho,100,12,100,28,0.9999999999999999,0.0
synthetic,zho,100,13,100,28,0.9999999999999999,0.0
synthetic,zho,100,14,100,28,0.9999999999999999,0.0
synthetic,zho,100,15,100,28,0.9999999999999999,0.0
synthetic,zho,100,16,100,28,0.9999999999999999,0.0
synthetic,zho,100,17,100,28,0.9999999999999999,0.0
synthetic,zho,100,18,100,28,0.9999999999999999,0.0
synthetic,zho,100,19,100,28,0.9999999999999999,0.0
synthetic,zho,100,20,100,28,0.9999999999999999,0.0
synthetic,zho,100,21,100,28,0.9999999999999999,0.0
synthetic,zho,100,22,100,28,0.9999999999999999,0.0
synthetic,zho,100,23,100,28,0.9999999999999999,0.0
synthetic,zho,100,24,100,28,0.9999999999999999,0.0
synthetic,zho,100,25,100,28,0.9999999999999999,0.0
synthetic,zho,100,26,100,28,0.9999999999999999,0.0
synthetic,zho,100,27,100,28,0.9999999999999999,0.0
synthetic,zho,100,28,100,28,0.9999999999999999,0.0
synthetic,zho,100,29,100,28,0.9999999999999999,0.0
synthetic,zho,100,30,100,28,0.9999999999999999,0.0
synthetic,zho,100,31,100,28,0.9999999999999999,0.0
synthetic,zho,100,32,100,28,0.9999999999999999,0.0
synthetic,zho,100,33,100,28,0.9999999999999999,0.0
synthetic,zho,100,34,100,28,0.9999999999999999,0.0
synthetic,zho,100,35,100,28,0.9999999999999999,0.0
synthetic,zho,100,36,100,28,0.9999999999999999,0.0
synthetic,zho,100,37,100,28,0.9999999999999999,0.0
synthetic,zho,100,38,100,28,0.9999999999999999,0.0
synthetic,zho,100,39,100,28,0.9999999999999999,0.0
synthetic,zho,100,40,100,28,0.9999999999999999,0.0
synthetic,zho,100,41,100,28,0.9999999999999999,0.0
synthetic,zho,100,42,100,28,0.9999999999999999,0.0
synthetic,zho,100,43,100,28,0.9999999999999999,0.0
synthetic,zho,100,44,100,28,0.9999999999999999,0.0
synthetic,zho,100,45,100,28,0.9999999999999999,0.0
synthetic,zho,100,46,100,28,0.9999999999999999,0.0
synthetic,zho,100,47,100,28,0.9999999999999999,0.0
synthetic,zho,100,48,100,28,0.9999999999999999,0.0
synthetic,zho,100,49,100,28,0.9999999999999999,0.0
synthetic,zho,100,50,100,28,0.9999999999999999,0.0
synthetic,zho,100,51,100,28,0.9999999999999999,0.0
synthetic,zho,100,52,100,28,0.9999999999999999,0.0
synthetic,zho,100,53,100,28,0.9999999999999999,0.0
synthetic,zho,100,54,100,28,0.9999999999999999,0.0
synthetic,zho,100,55,100,28,0.9999999999999999,0.0
synthetic,zho,100,56,100,28,0.9999999999999999,0.0
synthetic,zho,100,57,100,28,0.9999999999999999,0.0
synthetic,zho,100,58,100,28,0.9999999999999999,0.0
synthetic,zho,100,59,100,28,0.9999999999999999,0.0
synthetic,zho,100,60,100,28,0.9999999999999999,0.0
synthetic,zho,100,61,100,28,0.9999999999999999,0.0
synthetic,zho,100,62,100,28,0.9999999999999999,0.0
synthetic,zho,100,63,100,28,0.9999999999999999,0.0
synthetic,zho,100,64,100,28,0.9999999999999999,0.0
synthetic,zho,100,65,100,28,0.9999999999999999,0.0
synthetic,zho,100,66,100,28,0.9999999999999999,0.0
synthetic,zho,100,67,100,28,0.9999999999999999,0.0
synthetic,zho,100,68,100,28,0.9999999999999999,0.0
synthetic,zho,100,69,100,28,0.9999999999999999,0.0
synthetic,zho,100,70,100,28,0.9999999999999999,0.0
synthetic,zho,100,71,100,28,0.9999999999999999,0.0
synthetic,zho,100,72,100,28,0.9999999999999999,0.0
synthetic,zho,100,73,100,28,0.9999999999999999,0.0
synthetic,zho,100,74,100,28,0.9999999999999999,0.0
synthetic,zho,100,75,100,28,0.9999999999999999,0.0
synthetic,zho,100,76,100,28,0.9999999999999999,0.0
synthetic,zho,100,77,100,28,0.9999999999999999,0.0
synthetic,zho,100,78,100,28,0.9999999999999999,0.0
synthetic,zho,100,79,100,28,0.9999999999999999,0.0
synthetic,zho,100,80,100,28,0.9999999999999999,0.0
synthetic,zho,100,81,100,28,0.9999999999999999,0.0
synthetic,zho,100,82,100,28,0.9999999999999999,0.0
synthetic,zho,100,83,100,28,0.9999999999999999,0.0
synthetic,zho,100,84,100,28,0.9999999999999999,0.0
synthetic,zho,100,85,100,28,0.9999999999999999,0.0
synthetic,zho,100,86,100,28,0.9999999999999999,0.0
synthetic,zho,100,87,100,28,0.9999999999999999,0.0
synthetic,zho,100,88,100,28,0.9999999999999999,0.0
synthetic,zho,100,89,100,28,0.9999999999999999,0.0
synthetic,zho,100,90,100,28,0.9999999999999999,0.0
synthetic,zho,100,91,100,28,0.9999999999999999,0.0
synthetic,zho,100,92,100,28,0.9999999999999999,0.0
synthetic,zho,100,93,100,28,0.9999999999999999,0.0
synthetic,zho,100,94,100,28,0.9999999999999999,0.0
synthetic,zho,100,95,100,28,0.9999999999999999,0.0
synthetic,zho,100,96,100,28,0.9999999999999999,0.0
synthetic,zho,100,97,100,28,0.9999999999999999,0.0
synthetic,zho,100,98,100,28,0.9999999999999999,0.0
synthetic,zho,100,99,100,28,0.9999999999999999,0.0
synthetic,zho,100,100,100,28,0.9999999999999999,0.0
synthetic,zho,100,101,100,28,0.9999999999999999,0.0
synthetic,zho,100,102,100,28,0.9999999999999999,0.0
synthetic,zho,100,103,100,28,0.9999999999999999,0.0
synthetic,zho,100,104,100,28,0.9999999999999999,0.0
synthetic,zho,100,105,100,28,0.9999999999999999,0.0
synthetic,zho,100,106,100,28,0.9999999999999999,0.0
synthetic,zho,100,107,100,28,0.9999999999999999,0.0
synthetic,zho,100,108,100,28,0.9999999999999999,0.0
synthetic,zho,100,109,100,28,0.9999999999999999,0.0
synthetic,zho,100,110,100,28,0.9999999999999999,0.0
synthetic,zho,100,111,100,28,0.9999999999999999,0.0
synthetic,zho,100,112,100,28,0.9999999999999999,0.0
synthetic,zho,100,113,100,28,0.9999999999999999,0.0
synthetic,zho,100,114,100,28,0.9999999999999999,0.0
synthetic,zho,100,115,100,28,0.9999999999999999,0.0
synthetic,zho,100,116,100,28,0.9999999999999999,0.0
synthetic,zho,100,117,100,28,0.9999999999999999,0.0
synthetic,zho,100,118,100,28,0.9999999999999999,0.0
synthetic,zho,100,119,100,28,0.9999999999999999,0.0
synthetic,zho,100,120,100,28,0.9999999999999999,0.0
synthetic,zho,100,121,100,28,0.9999999999999999,0.0
synthetic,zho,100,122,100,28,0.9999999999999999,0.0
synthetic,zho,100,123,100,28,0.9999999999999999,0.0
synthetic,zho,100,124,100,28,0.9999999999999999,0.0
synthetic,zho,100,125,100,28,0.9999999999999999,0.0
synthetic,zho,100,126,100,28,0.9999999999999999,0.0
synthetic,zho,100,127,100,28,0.9999999999999999,0.0
synthetic,zho,100,128,100,28,0.9999999999999999,0.0
synthetic,zho,100,129,100,28,0.9999999999999999,0.0
synthetic,zho,100,130,100,28,0.9999999999999999,0.0
synthetic,zho,100,131,100,28,0.9999999999999999,0.0
synthetic,zho,100,132,100,28,0.9999999999999999,0.0
synthetic,zho,100,133,100,28,0.9999999999999999,0.0
synthetic,zho,100,134,100,28,0.9999999999999999,0.0
synthetic,zho,100,135,100,28,0.9999999999999999,0.0
synthetic,zho,100,136,100,28,0.9999999999999999,0.0
synthetic,zho,100,137,100,28,0.9999999999999999,0.0
synthetic,zho,100,138,100,28,0.9999999999999999,0.0
synthetic,zho,100,139,100,28,0.9999999999999999,0.0
synthetic,zho,100,140,100,28,0.9999999999999999,0.0
synthetic,zho,100,141,100,28,0.9999999999999999,0.0
synthetic,zho,100,142,100,28,0.9999999999999999,0.0
synthetic,zho,100,143,100,28,0.9999999999999999,0.0
synthetic,zho,100,144,100,28,0.9999999999999999,0.0
synthetic,zho,100,145,100,28,0.9999999999999999,0.0
synthetic,zho,100,146,100,28,0.9999999999999999,0.0
synthetic,zho,100,147,100,28,0.9999999999999999,0.0
synthetic,zho,100,148,100,28,0.9999999999999999,0.0
synthetic,zho,100,149,100,28,0.9999999999999999,0.0
synthetic,zho,100,150,100,28,0.9999999999999999,0.0
synthetic,zho,100,151,100,28,0.9999999999999999,0.0
synthetic,zho,100,152,100,28,0.9999999999999999,0.0
synthetic,zho,100,153,100,28,0.9999999999999999,0.0
synthetic,zho,100,154,100,28,0.9999999999999999,0.0
synthetic,zho,100,155,100,28,0.9999999999999999,0.0
synthetic,zho,100,156,100,28,0.9999999999999999,0.0
synthetic,zho,100,157,100,28,0.9999999999999999,0.0
synthetic,zho,100,158,100,28,0.9999999999999999,0.0
synthetic,zho,100,159,100,28,0.9999999999999999,0.0
synthetic,zho,100,160,100,28,0.9999999999999999,0.0
synthetic,zho,100,161,100,28,0.9999999999999999,0.0
synthetic,zho,100,162,100,28,0.9999999999999999,0.0
synthetic,zho,100,163,100,28,0.9999999999999999,0.0
synthetic,zho,100,164,100,28,0.9999999999999999,0.0
synthetic,zho,100,165,100,28,0.9999999999999999,0.0
synthetic,zho,100,166,100,28,0.9999999999999999,0.0
synthetic,zho,100,167,100,28,0.9999999999999999,0.0
synthetic,zho,100,168,100,28,0.9999999999999999,0.0
synthetic,zho,100,169,100,28,0.9999999999999999,0.0
synthetic,zho,100,170,100,28,0.9999999999999999,0.0
synthetic,zho,100,171,100,28,0.9999999999999999,0.0
synthetic,zho,100,172,100,28,0.9999999999999999,0.0
synthetic,zho,100,173,100,28,0.9999999999999999,0.0
synthetic,zho,100,174,100,28,0.9999999999999999,0.0
synthetic,zho,100,175,100,28,0.9999999999999999,0.0
synthetic,zho,100,176,100,28,0.9999999999999999,0.0
synthetic,zho,100,177,100,28,0.9999999999999999,0.0
synthetic,zho,100,178,100,28,0.9999999999999999,0.0
synthetic,zho,100,179,100,28,0.9999999999999999,0.0
synthetic,zho,100,180,100,28,0.9999999999999999,0.0
synthetic,zho,100,181,100,28,0.9999999999999999,0.0
synthetic,zho,100,182,100,28,0.9999999999999999,0.0
synthetic,zho,100,183,100,28,0.9999999999999999,0.0
synthetic,zho,100,184,100,28,0.9999999999999999,0.0
synthetic,zho,100,185,100,28,0.9999999999999999,0.0
synthetic,zho,100,186,100,28,0.9999999999999999,0.0
synthetic,zho,100,187,100,28,0.9999999999999999,0.0
synthetic,zho,100,188,100,28,0.9999999999999999,0.0
synthetic,zho,100,189,100,28,0.9999999999999999,0.0
synthetic,zho,100,190,100,28,0.9999999999999999,0.0
synthetic,zho,100,191,100,28,0.9999999999999999,0.0
synthetic,zho,100,192,100,28,0.9999999999999999,0.0
synthetic,zho,100,193,100,28,0.9999999999999999,0.0
synthetic,zho,100,194,100,28,0.9999999999999999,0.0
synthetic,zho,100,195,100,28,0.9999999999999999,0.0
synthetic,zho,100,196,100,28,0.9999999999999999,0.0
synthetic,zho,100,197,100,28,0.9999999999999999,0.0
synthetic,zho,100,198,100,28,0.9999999999999999,0.0
synthetic,zho,100,199,100,28,0.9999999999999999,0.0
