Analyzing 1136 successful deduplicated log(s) with 32 worker(s).
Analyzed hf_dataset/logs_pr16_b894d88_fresh/2026-07-23T08-45-18-00-00_hf-danish-foundation-models-multilingual-gsm-symbolic-original-jpn@refs-pr-16-original-jpn_eBHsdVPiEBRvW77cWwU9kV.eval
Analyzed hf_dataset/logs_pr16_b894d88_fresh/2026-07-23T08-45-16-00-00_hf-danish-foundation-models-multilingual-gsm-symbolic-original-eng@refs-pr-16-original-eng_ivm5voJZs52hQn6Tm7Q2YU.eval
Analyzed hf_dataset/logs_pr16_b894d88_fresh/2026-07-23T08-45-17-00-00_hf-danish-foundation-models-multilingual-gsm-symbolic-original-nld@refs-pr-16-original-nld_TvjzBrehBkKG5vTzujRbKo.eval
Analyzed hf_dataset/logs_pr16_b894d88_fresh/2026-07-23T08-45-16-00-00_hf-danish-foundation-models-multilingual-gsm-symbolic-original-dan@refs-pr-16-original-dan_95HKVwxx4ec3978uEcEMbD.eval
Analyzed hf_dataset/logs_pr16_b894d88_fresh/2026-07-23T08-45-18-00-00_hf-danish-foundation-models-multilingual-gsm-symbolic-original-eng-metric@refs-pr-16-original-eng-metric_J22JmLpLUeHVz6pXWqaJAi.eval
Analyzed hf_dataset/logs_pr16_b894d88_fresh/2026-07-23T08-45-18-00-00_hf-danish-foundation-models-multilingual-gsm-symbolic-original-zho@refs-pr-16-original-zho_ntLZo7yFutPXSdV4QEiUzD.eval
Analyzed hf_dataset/logs_pr16_b894d88_fresh/2026-07-23T08-45-17-00-00_hf-danish-foundation-models-multilingual-gsm-symbolic-original-ita@refs-pr-16-original-ita_NayAcHXANeEXbY7t7BnHTN.eval
Analyzed hf_dataset/logs_pr16_b894d88_fresh/2026-07-23T08-45-17-00-00_hf-danish-foundation-models-multilingual-gsm-symbolic-original-ara@refs-pr-16-original-ara_6Mg49roBQX9WWnEkXJuSq9.eval
Analyzed hf_dataset/logs_pr16_b894d88_fresh/2026-07-23T08-45-17-00-00_hf-danish-foundation-models-multilingual-gsm-symbolic-original-fra@refs-pr-16-original-fra_mHmiUFM4rEb69F9hWUq4Aa.eval
Analyzed hf_dataset/logs_pr16_b894d88_fresh/2026-07-23T08-45-18-00-00_hf-danish-foundation-models-multilingual-gsm-symbolic-original-rus@refs-pr-16-original-rus_XKwCtDm8FPZ44e8jAXNk2m.eval
Analyzed hf_dataset/logs_pr16_b894d88_fresh/2026-07-23T08-45-17-00-00_hf-danish-foundation-models-multilingual-gsm-symbolic-original-isl@refs-pr-16-original-isl_McccWY5aNbTo4u9MfFpqzq.eval
Analyzed hf_dataset/logs_pr16_b894d88_fresh/2026-07-23T08-45-18-00-00_hf-danish-foundation-models-multilingual-gsm-symbolic-original-est@refs-pr-16-original-est_UAt8tvg68Xp5J6ycp3Zf4e.eval
Analyzed hf_dataset/logs_pr16_b894d88_fresh/2026-07-23T08-45-17-00-00_hf-danish-foundation-models-multilingual-gsm-symbolic-original-mar@refs-pr-16-original-mar_aNEunAvxiACwWBuobnAZ5e.eval
Analyzed hf_dataset/logs_pr16_b894d88_fresh/2026-07-23T08-45-16-00-00_hf-danish-foundation-models-multilingual-gsm-symbolic-original-nob@refs-pr-16-original-nob_EjKkt3ifAbu8wogZEAUKdp.eval
Analyzed hf_dataset/logs_pr16_b894d88_fresh/2026-07-23T08-45-18-00-00_hf-danish-foundation-models-multilingual-gsm-symbolic-original-ukr@refs-pr-16-original-ukr_eDRKpYDLCbX7VvGcfRJZNs.eval
Analyzed hf_dataset/logs_pr16_b894d88_fresh/2026-07-23T08-45-17-00-00_hf-danish-foundation-models-multilingual-gsm-symbolic-original-hin@refs-pr-16-original-hin_HLuTUx2w8mABFohkfmXhvB.eval
Analyzed hf_dataset/logs_pr16_b894d88_fresh/2026-07-23T08-45-17-00-00_hf-danish-foundation-models-multilingual-gsm-symbolic-original-deu@refs-pr-16-original-deu_W8V2tXfwYqVmDnpp49YKzK.eval
Analyzed hf_dataset/logs_pr16_b894d88_fresh/2026-07-23T10-18-20-00-00_hf-danish-foundation-models-multilingual-gsm-symbolic-original-ara@refs-pr-16-original-ara_Pzf6cZVAY6nMXW4yqY3wEW.eval
Analyzed hf_dataset/logs_pr16_b894d88_fresh/2026-07-23T10-18-20-00-00_hf-danish-foundation-models-multilingual-gsm-symbolic-original-dan@refs-pr-16-original-dan_89pKBHRGQrQhxm7ywi5M2P.eval
Analyzed hf_dataset/logs_pr16_b894d88_fresh/2026-07-23T10-18-20-00-00_hf-danish-foundation-models-multilingual-gsm-symbolic-original-hin@refs-pr-16-original-hin_TFWSu43XiPnaoHDuSJxsnn.eval
Analyzed hf_dataset/logs_pr16_b894d88_fresh/2026-07-23T10-18-21-00-00_hf-danish-foundation-models-multilingual-gsm-symbolic-original-fra@refs-pr-16-original-fra_QL2MSvcWaTiJ3ZEd6he2Wc.eval
Analyzed hf_dataset/logs_pr16_b894d88_fresh/2026-07-23T10-18-20-00-00_hf-danish-foundation-models-multilingual-gsm-symbolic-original-eng@refs-pr-16-original-eng_UarGEQft9XUrmAqPWXW9ag.eval
Analyzed hf_dataset/logs_pr16_b894d88_fresh/2026-07-23T10-18-21-00-00_hf-danish-foundation-models-multilingual-gsm-symbolic-original-mar@refs-pr-16-original-mar_PL5RsUqjXJT3n7sTxRZYwm.eval
Analyzed hf_dataset/logs_pr16_b894d88_fresh/2026-07-23T10-18-20-00-00_hf-danish-foundation-models-multilingual-gsm-symbolic-original-deu@refs-pr-16-original-deu_RHnNFVi2uLn6mywqAVP5PE.eval
Analyzed hf_dataset/logs_pr16_b894d88_fresh/2026-07-23T10-18-20-00-00_hf-danish-foundation-models-multilingual-gsm-symbolic-original-isl@refs-pr-16-original-isl_2RrQvjpTtEmH4J5zQkPfcv.eval
Analyzed hf_dataset/logs_pr16_b894d88_fresh/2026-07-23T10-18-21-00-00_hf-danish-foundation-models-multilingual-gsm-symbolic-original-ita@refs-pr-16-original-ita_kTfths2z4XNamiZSNign28.eval
Analyzed hf_dataset/logs_pr16_b894d88_fresh/2026-07-23T10-18-21-00-00_hf-danish-foundation-models-multilingual-gsm-symbolic-original-rus@refs-pr-16-original-rus_XiNZCwMnT2weuXDg3TU97f.eval
Analyzed hf_dataset/logs_pr16_b894d88_fresh/2026-07-23T10-18-21-00-00_hf-danish-foundation-models-multilingual-gsm-symbolic-original-zho@refs-pr-16-original-zho_BHitsdYSQiBV9xY23Vkmux.eval
Analyzed hf_dataset/logs_pr16_b894d88_fresh/2026-07-23T10-18-20-00-00_hf-danish-foundation-models-multilingual-gsm-symbolic-original-nob@refs-pr-16-original-nob_mrRrenY5b2wxBfDcPyewQX.eval
Analyzed hf_dataset/logs_pr16_b894d88_fresh/2026-07-23T10-18-21-00-00_hf-danish-foundation-models-multilingual-gsm-symbolic-original-nld@refs-pr-16-original-nld_ZARsAZ5Yo4WuHxsp3NwAKC.eval
Analyzed hf_dataset/logs_pr16_b894d88_fresh/2026-07-23T10-18-22-00-00_hf-danish-foundation-models-multilingual-gsm-symbolic-original-eng-metric@refs-pr-16-original-eng-metric_Fr7kCybDzERQVKE9JbQaPH.eval
Analyzed hf_dataset/logs_pr16_b894d88_fresh/2026-07-23T10-18-22-00-00_hf-danish-foundation-models-multilingual-gsm-symbolic-original-jpn@refs-pr-16-original-jpn_UTus96jyuFvu7sARt8RZh6.eval
Analyzed hf_dataset/logs_pr16_b894d88_fresh/2026-07-23T10-18-22-00-00_hf-danish-foundation-models-multilingual-gsm-symbolic-original-est@refs-pr-16-original-est_97J7w8RXeA5hxrJwVEA9Jw.eval
Analyzed hf_dataset/logs_pr16_b894d88_fresh/2026-07-23T10-18-22-00-00_hf-danish-foundation-models-multilingual-gsm-symbolic-original-ukr@refs-pr-16-original-ukr_bAaoQgkmM8dmNcNCceQkFS.eval
Analyzed hf_dataset/logs_pr16_b894d88_fresh/2026-07-23T10-55-32-00-00_hf-danish-foundation-models-multilingual-gsm-symbolic-original-deu@refs-pr-16-original-deu_7VzRroExnPJ8Tm2gDC3Lrr.eval
Analyzed hf_dataset/logs_pr16_b894d88_fresh/2026-07-23T10-49-07-00-00_hf-danish-foundation-models-multilingual-gsm-symbolic-original-nob@refs-pr-16-original-nob_L98BWTWb6f5dEkh2dxfiLA.eval
Analyzed hf_dataset/logs_pr16_b894d88_fresh/2026-07-23T10-49-07-00-00_hf-danish-foundation-models-multilingual-gsm-symbolic-original-dan@refs-pr-16-original-dan_nLGEVmg6YKzVpcT66vX6G4.eval
Analyzed hf_dataset/logs_pr16_b894d88_fresh/2026-07-23T10-55-31-00-00_hf-danish-foundation-models-multilingual-gsm-symbolic-original-eng@refs-pr-16-original-eng_XUYWaaYa2vaEd56ahxpkBU.eval
Analyzed hf_dataset/logs_pr16_b894d88_fresh/2026-07-23T10-55-32-00-00_hf-danish-foundation-models-multilingual-gsm-symbolic-original-nob@refs-pr-16-original-nob_PNcjAdVdAXZNGtonrpLyuB.eval
Analyzed hf_dataset/logs_pr16_b894d88_fresh/2026-07-23T10-49-07-00-00_hf-danish-foundation-models-multilingual-gsm-symbolic-original-eng@refs-pr-16-original-eng_azbGTBKsyKTkmeGXXx4yhU.eval
Analyzed hf_dataset/logs_pr16_b894d88_fresh/2026-07-23T11-14-01-00-00_hf-danish-foundation-models-multilingual-gsm-symbolic-original-dan@refs-pr-16-original-dan_gNVMEpffyrw6E5ExEjJXwh.eval
Analyzed hf_dataset/logs_pr16_b894d88_fresh/2026-07-23T10-55-32-00-00_hf-danish-foundation-models-multilingual-gsm-symbolic-original-dan@refs-pr-16-original-dan_4aFvTbSD3yarh4d6kYJNgJ.eval
Analyzed hf_dataset/logs_pr16_b894d88_fresh/2026-07-23T11-14-01-00-00_hf-danish-foundation-models-multilingual-gsm-symbolic-original-deu@refs-pr-16-original-deu_XuKAq53tvtUmmgfu7mShTg.eval
Analyzed hf_dataset/logs_pr16_b894d88_fresh/2026-07-23T11-14-01-00-00_hf-danish-foundation-models-multilingual-gsm-symbolic-original-eng@refs-pr-16-original-eng_9EST8FzD3orvFSNhLYikXP.eval
Analyzed hf_dataset/logs_pr16_b894d88_fresh/2026-07-23T11-14-01-00-00_hf-danish-foundation-models-multilingual-gsm-symbolic-original-isl@refs-pr-16-original-isl_KDeaRf4yNSsCMwVVSiqZho.eval
Analyzed hf_dataset/logs_pr16_b894d88_fresh/2026-07-23T11-14-02-00-00_hf-danish-foundation-models-multilingual-gsm-symbolic-original-fra@refs-pr-16-original-fra_FvKo7waM6pN2JhGgzZdvoA.eval
Analyzed hf_dataset/logs_pr16_b894d88_fresh/2026-07-23T11-14-02-00-00_hf-danish-foundation-models-multilingual-gsm-symbolic-original-ita@refs-pr-16-original-ita_PPsUX59WVoLqe9eFPsuXQ7.eval
Analyzed hf_dataset/logs_pr16_b894d88_fresh/2026-07-23T11-14-01-00-00_hf-danish-foundation-models-multilingual-gsm-symbolic-original-nob@refs-pr-16-original-nob_QNcqFqfPLG3xPyMmunJSuc.eval
Analyzed hf_dataset/logs_pr16_b894d88_fresh/2026-07-23T11-14-02-00-00_hf-danish-foundation-models-multilingual-gsm-symbolic-original-mar@refs-pr-16-original-mar_kLu5EDKV9njvEkJiVgeqiy.eval
Analyzed hf_dataset/logs_pr16_b894d88_fresh/2026-07-23T11-14-02-00-00_hf-danish-foundation-models-multilingual-gsm-symbolic-original-ara@refs-pr-16-original-ara_DZDTE6cehWq3vQemjiWSzg.eval
Analyzed hf_dataset/logs_pr16_b894d88_fresh/2026-07-23T11-14-02-00-00_hf-danish-foundation-models-multilingual-gsm-symbolic-original-hin@refs-pr-16-original-hin_AME27dAXhXTroPgHPepKHv.eval
Analyzed hf_dataset/logs_pr16_b894d88_fresh/2026-07-23T11-14-02-00-00_hf-danish-foundation-models-multilingual-gsm-symbolic-original-rus@refs-pr-16-original-rus_ALZdL6hZtuXQVkpo8apCpD.eval
Analyzed hf_dataset/logs_pr16_b894d88_fresh/2026-07-23T11-14-02-00-00_hf-danish-foundation-models-multilingual-gsm-symbolic-original-nld@refs-pr-16-original-nld_Frr79CFqrXywzECzGXW2zq.eval
Analyzed hf_dataset/logs_pr16_b894d88_fresh/2026-07-23T11-14-03-00-00_hf-danish-foundation-models-multilingual-gsm-symbolic-original-eng-metric@refs-pr-16-original-eng-metric_NMcSQWs7YH7SodLHTYkPu4.eval
Analyzed hf_dataset/logs_pr16_b894d88_fresh/2026-07-23T11-14-03-00-00_hf-danish-foundation-models-multilingual-gsm-symbolic-original-est@refs-pr-16-original-est_eay8JsuCnEvfucRuECUfaP.eval
Analyzed hf_dataset/logs_pr16_b894d88_fresh/2026-07-23T11-14-03-00-00_hf-danish-foundation-models-multilingual-gsm-symbolic-original-jpn@refs-pr-16-original-jpn_L2RqsXnxAWJqwhkx22V9nd.eval
Analyzed hf_dataset/logs_pr16_b894d88_fresh/2026-07-23T11-14-03-00-00_hf-danish-foundation-models-multilingual-gsm-symbolic-original-ukr@refs-pr-16-original-ukr_GbteTnJpuxZpHajRAxCfVt.eval
Analyzed hf_dataset/logs_pr16_b894d88_fresh/2026-07-23T11-14-03-00-00_hf-danish-foundation-models-multilingual-gsm-symbolic-original-zho@refs-pr-16-original-zho_V3UZ5WGNTvM5Ufr5ateQNv.eval
Analyzed hf_dataset/logs_pr16_b894d88_fresh/2026-07-23T08-45-17-00-00_hf-danish-foundation-models-multilingual-gsm-symbolic-synthetic-fra@refs-pr-16-synthetic-fra_WXkG6y6zztmQ3VeNhoM8dd.eval
Analyzed hf_dataset/logs_pr16_b894d88_fresh/2026-07-23T08-45-16-00-00_hf-danish-foundation-models-multilingual-gsm-symbolic-synthetic-dan@refs-pr-16-synthetic-dan_HhJaZzw5A83AGAKQrBuecX.eval
Analyzed hf_dataset/logs_pr16_b894d88_fresh/2026-07-23T08-45-18-00-00_hf-danish-foundation-models-multilingual-gsm-symbolic-synthetic-ukr@refs-pr-16-synthetic-ukr_CdUdFh6BdRD4L6tGpAzoie.eval
Analyzed hf_dataset/logs_pr16_b894d88_fresh/2026-07-23T08-45-17-00-00_hf-danish-foundation-models-multilingual-gsm-symbolic-synthetic-ara@refs-pr-16-synthetic-ara_J56pRTWL6ctZji34kpp6cs.eval
Analyzed hf_dataset/logs_pr16_b894d88_fresh/2026-07-23T08-45-16-00-00_hf-danish-foundation-models-multilingual-gsm-symbolic-synthetic-eng@refs-pr-16-synthetic-eng_nZVM3dt4sqzUxtf65kGYXF.eval
Analyzed hf_dataset/logs_pr16_b894d88_fresh/2026-07-23T08-45-17-00-00_hf-danish-foundation-models-multilingual-gsm-symbolic-synthetic-hin@refs-pr-16-synthetic-hin_76ijuuEAhReLWht4X7wPwM.eval
Analyzed hf_dataset/logs_pr16_b894d88_fresh/2026-07-23T08-45-18-00-00_hf-danish-foundation-models-multilingual-gsm-symbolic-synthetic-zho@refs-pr-16-synthetic-zho_Y5hf2fky8JHEUnKTEru38K.eval
Analyzed hf_dataset/logs_pr16_b894d88_fresh/2026-07-23T13-05-04-00-00_hf-danish-foundation-models-multilingual-gsm-symbolic-original-dan@refs-pr-16-original-dan_mtMSk7ZT4E2cmFfFPqYpLH.eval
Analyzed hf_dataset/logs_pr16_b894d88_fresh/2026-07-23T08-45-16-00-00_hf-danish-foundation-models-multilingual-gsm-symbolic-synthetic-nob@refs-pr-16-synthetic-nob_QioRuXP2nhbzX5UgemFJB4.eval
Analyzed hf_dataset/logs_pr16_b894d88_fresh/2026-07-23T13-05-04-00-00_hf-danish-foundation-models-multilingual-gsm-symbolic-original-eng@refs-pr-16-original-eng_g8crv4wD89wAu9q5KL9aiB.eval
Analyzed hf_dataset/logs_pr16_b894d88_fresh/2026-07-23T13-05-05-00-00_hf-danish-foundation-models-multilingual-gsm-symbolic-original-isl@refs-pr-16-original-isl_H6K2J3F5FgC6KGPFQWDeej.eval
Analyzed hf_dataset/logs_pr16_b894d88_fresh/2026-07-23T13-05-05-00-00_hf-danish-foundation-models-multilingual-gsm-symbolic-original-deu@refs-pr-16-original-deu_So9Kr5K5nZD7Hq5vVH34Ee.eval
Analyzed hf_dataset/logs_pr16_b894d88_fresh/2026-07-23T08-45-17-00-00_hf-danish-foundation-models-multilingual-gsm-symbolic-synthetic-isl@refs-pr-16-synthetic-isl_JTSNg3YhggyQVPXBepoZWG.eval
Analyzed hf_dataset/logs_pr16_b894d88_fresh/2026-07-23T11-14-01-00-00_hf-danish-foundation-models-multilingual-gsm-symbolic-synthetic-nob@refs-pr-16-synthetic-nob_XPxTM7AReFdUbh2F2ZAgVL.eval
Analyzed hf_dataset/logs_pr16_b894d88_fresh/2026-07-23T08-45-18-00-00_hf-danish-foundation-models-multilingual-gsm-symbolic-synthetic-nld@refs-pr-16-synthetic-nld_Nt3x3Ng8vZdNtQKe7AWytn.eval
Analyzed hf_dataset/logs_pr16_b894d88_fresh/2026-07-23T08-45-18-00-00_hf-danish-foundation-models-multilingual-gsm-symbolic-synthetic-eng-metric@refs-pr-16-synthetic-eng-metric_S9Kyvps29zCm6zbkm8rzv7.eval
Analyzed hf_dataset/logs_pr16_b894d88_fresh/2026-07-23T13-05-05-00-00_hf-danish-foundation-models-multilingual-gsm-symbolic-original-nob@refs-pr-16-original-nob_B8hJbVu32Km9xp4QPmZNCT.eval
Analyzed hf_dataset/logs_pr16_b894d88_fresh/2026-07-23T11-14-02-00-00_hf-danish-foundation-models-multilingual-gsm-symbolic-synthetic-fra@refs-pr-16-synthetic-fra_L22QVLdVdviJk7D6eYqY24.eval
Analyzed hf_dataset/logs_pr16_b894d88_fresh/2026-07-23T08-45-18-00-00_hf-danish-foundation-models-multilingual-gsm-symbolic-synthetic-jpn@refs-pr-16-synthetic-jpn_UaeSFr8iWPedHnvqz8xEWu.eval
Analyzed hf_dataset/logs_pr16_b894d88_fresh/2026-07-23T13-05-06-00-00_hf-danish-foundation-models-multilingual-gsm-symbolic-original-ara@refs-pr-16-original-ara_ZjN2w9ugwdcDAsSGM6EQPd.eval
Analyzed hf_dataset/logs_pr16_b894d88_fresh/2026-07-23T08-45-17-00-00_hf-danish-foundation-models-multilingual-gsm-symbolic-synthetic-mar@refs-pr-16-synthetic-mar_hr94XzUamxp4H72XmvFwZ7.eval
Analyzed hf_dataset/logs_pr16_b894d88_fresh/2026-07-23T10-18-20-00-00_hf-danish-foundation-models-multilingual-gsm-symbolic-synthetic-eng@refs-pr-16-synthetic-eng_Z5mVm6YNPc3vJYP5EuijcG.eval
Analyzed hf_dataset/logs_pr16_b894d88_fresh/2026-07-23T13-05-06-00-00_hf-danish-foundation-models-multilingual-gsm-symbolic-original-fra@refs-pr-16-original-fra_VkoPSh6npU2auWbzBuLBAq.eval
Analyzed hf_dataset/logs_pr16_b894d88_fresh/2026-07-23T08-45-18-00-00_hf-danish-foundation-models-multilingual-gsm-symbolic-synthetic-rus@refs-pr-16-synthetic-rus_aeh3atvjkTznSMrUBWns6L.eval
Analyzed hf_dataset/logs_pr16_b894d88_fresh/2026-07-23T13-05-06-00-00_hf-danish-foundation-models-multilingual-gsm-symbolic-original-hin@refs-pr-16-original-hin_3sTjnE6arNdzkA5pr7bEMP.eval
Analyzed hf_dataset/logs_pr16_b894d88_fresh/2026-07-23T08-45-18-00-00_hf-danish-foundation-models-multilingual-gsm-symbolic-synthetic-est@refs-pr-16-synthetic-est_WcKeAciNkfv8LkQM77rtH6.eval
Analyzed hf_dataset/logs_pr16_b894d88_fresh/2026-07-23T13-05-06-00-00_hf-danish-foundation-models-multilingual-gsm-symbolic-original-ita@refs-pr-16-original-ita_V8zSf4JqAVzVsnYyMBA45z.eval
Analyzed hf_dataset/logs_pr16_b894d88_fresh/2026-07-23T11-14-02-00-00_hf-danish-foundation-models-multilingual-gsm-symbolic-synthetic-nld@refs-pr-16-synthetic-nld_5bpqx3hGwpWT5xf79N3ace.eval
Analyzed hf_dataset/logs_pr16_b894d88_fresh/2026-07-23T13-05-06-00-00_hf-danish-foundation-models-multilingual-gsm-symbolic-original-mar@refs-pr-16-original-mar_dQ2ukkAKhgtRF6gfFcGo9W.eval
Analyzed hf_dataset/logs_pr16_b894d88_fresh/2026-07-23T08-45-17-00-00_hf-danish-foundation-models-multilingual-gsm-symbolic-synthetic-deu@refs-pr-16-synthetic-deu_VmCx8Rxng4ocGdwZWKFGMh.eval
Analyzed hf_dataset/logs_pr16_b894d88_fresh/2026-07-23T13-05-06-00-00_hf-danish-foundation-models-multilingual-gsm-symbolic-original-nld@refs-pr-16-original-nld_BtCgosdAviJutHjQys8yJ6.eval
Analyzed hf_dataset/logs_pr16_b894d88_fresh/2026-07-23T10-18-20-00-00_hf-danish-foundation-models-multilingual-gsm-symbolic-synthetic-dan@refs-pr-16-synthetic-dan_EDgFhGz7SgTmtJNggneNaM.eval
Analyzed hf_dataset/logs_pr16_b894d88_fresh/2026-07-23T11-14-01-00-00_hf-danish-foundation-models-multilingual-gsm-symbolic-synthetic-deu@refs-pr-16-synthetic-deu_GkPi5h9N5YDBi755sGNnz4.eval
Analyzed hf_dataset/logs_pr16_b894d88_fresh/2026-07-23T08-45-17-00-00_hf-danish-foundation-models-multilingual-gsm-symbolic-synthetic-ita@refs-pr-16-synthetic-ita_NoeVomcZUbkfjzJJiT2aqU.eval
Analyzed hf_dataset/logs_pr16_b894d88_fresh/2026-07-23T13-05-07-00-00_hf-danish-foundation-models-multilingual-gsm-symbolic-original-est@refs-pr-16-original-est_czp8KfUoqsrsAR6rvECnqg.eval
Analyzed hf_dataset/logs_pr16_b894d88_fresh/2026-07-23T13-05-07-00-00_hf-danish-foundation-models-multilingual-gsm-symbolic-original-eng-metric@refs-pr-16-original-eng-metric_nkvyXiFzqsncQxJHUt4hs3.eval
Analyzed hf_dataset/logs_pr16_b894d88_fresh/2026-07-23T13-05-07-00-00_hf-danish-foundation-models-multilingual-gsm-symbolic-original-jpn@refs-pr-16-original-jpn_fAdhGqmmRxDWx6whEPqfjv.eval
Analyzed hf_dataset/logs_pr16_b894d88_fresh/2026-07-23T11-14-01-00-00_hf-danish-foundation-models-multilingual-gsm-symbolic-synthetic-eng@refs-pr-16-synthetic-eng_Y8sgL3UKeMbNNsbRNgyyXu.eval
Analyzed hf_dataset/logs_pr16_b894d88_fresh/2026-07-23T13-05-07-00-00_hf-danish-foundation-models-multilingual-gsm-symbolic-original-rus@refs-pr-16-original-rus_dvYzDPDLPDJTZUBPSua5ur.eval
Analyzed hf_dataset/logs_pr16_b894d88_fresh/2026-07-23T13-05-07-00-00_hf-danish-foundation-models-multilingual-gsm-symbolic-original-zho@refs-pr-16-original-zho_YgaUuoBaGZgSFmL6n69a8a.eval
Analyzed hf_dataset/logs_pr16_b894d88_fresh/2026-07-23T11-14-01-00-00_hf-danish-foundation-models-multilingual-gsm-symbolic-synthetic-dan@refs-pr-16-synthetic-dan_RNNYMFdYXiXbGkk9ALf6Xi.eval
Analyzed hf_dataset/logs_pr16_b894d88_fresh/2026-07-23T13-05-07-00-00_hf-danish-foundation-models-multilingual-gsm-symbolic-original-ukr@refs-pr-16-original-ukr_etkbrbnydE2gz8EpzskX75.eval
Analyzed hf_dataset/logs_pr16_b894d88_fresh/2026-07-23T11-14-02-00-00_hf-danish-foundation-models-multilingual-gsm-symbolic-synthetic-ara@refs-pr-16-synthetic-ara_nsMwRth3WscLe6ansd5t3E.eval
Analyzed hf_dataset/logs_pr16_b894d88_fresh/2026-07-23T11-14-03-00-00_hf-danish-foundation-models-multilingual-gsm-symbolic-synthetic-eng-metric@refs-pr-16-synthetic-eng-metric_EHGnfHNfBnnkycJcA9i8Hu.eval
Analyzed hf_dataset/logs_pr16_b894d88_fresh/2026-07-23T14-06-05-00-00_hf-danish-foundation-models-multilingual-gsm-symbolic-original-dan@refs-pr-16-original-dan_Bi6wPKDzo8iiyRSDRFqvWx.eval
Analyzed hf_dataset/logs_pr16_b894d88_fresh/2026-07-23T14-06-05-00-00_hf-danish-foundation-models-multilingual-gsm-symbolic-original-eng@refs-pr-16-original-eng_Vk5s7U49q4YBR44JT9C3tY.eval
Analyzed hf_dataset/logs_pr16_b894d88_fresh/2026-07-23T14-06-05-00-00_hf-danish-foundation-models-multilingual-gsm-symbolic-original-deu@refs-pr-16-original-deu_Rvkz34KgfcQBGgqSM49xF9.eval
Analyzed hf_dataset/logs_pr16_b894d88_fresh/2026-07-23T14-06-05-00-00_hf-danish-foundation-models-multilingual-gsm-symbolic-original-nob@refs-pr-16-original-nob_RKoVZePbn7nDeicQbB7zGa.eval
Analyzed hf_dataset/logs_pr16_b894d88_fresh/2026-07-23T11-14-02-00-00_hf-danish-foundation-models-multilingual-gsm-symbolic-synthetic-ita@refs-pr-16-synthetic-ita_TmCPHKq2Z2QxFtVARBbvUQ.eval
Analyzed hf_dataset/logs_pr16_b894d88_fresh/2026-07-23T14-06-06-00-00_hf-danish-foundation-models-multilingual-gsm-symbolic-original-ara@refs-pr-16-original-ara_Xb5F8vdMEy5xMf6AqaJrYh.eval
Analyzed hf_dataset/logs_pr16_b894d88_fresh/2026-07-23T11-14-02-00-00_hf-danish-foundation-models-multilingual-gsm-symbolic-synthetic-isl@refs-pr-16-synthetic-isl_j2bvLG9nJ2HPP6pm8fQH5B.eval
Analyzed hf_dataset/logs_pr16_b894d88_fresh/2026-07-23T14-06-06-00-00_hf-danish-foundation-models-multilingual-gsm-symbolic-original-fra@refs-pr-16-original-fra_EGkotfKD8SNdUEzw7kaCah.eval
Analyzed hf_dataset/logs_pr16_b894d88_fresh/2026-07-23T14-06-06-00-00_hf-danish-foundation-models-multilingual-gsm-symbolic-original-hin@refs-pr-16-original-hin_kq8oDyyhWWkTGptnVyKh2y.eval
Analyzed hf_dataset/logs_pr16_b894d88_fresh/2026-07-23T14-06-06-00-00_hf-danish-foundation-models-multilingual-gsm-symbolic-original-isl@refs-pr-16-original-isl_Nf2uq2dj7wmPCcrSr2VLk7.eval
Analyzed hf_dataset/logs_pr16_b894d88_fresh/2026-07-23T14-06-06-00-00_hf-danish-foundation-models-multilingual-gsm-symbolic-original-ita@refs-pr-16-original-ita_35eE8M3qKwzakh5Uyacz5f.eval
Analyzed hf_dataset/logs_pr16_b894d88_fresh/2026-07-23T14-06-06-00-00_hf-danish-foundation-models-multilingual-gsm-symbolic-original-mar@refs-pr-16-original-mar_hnzeM83nwcrJsJqL56boWZ.eval
Analyzed hf_dataset/logs_pr16_b894d88_fresh/2026-07-23T14-06-06-00-00_hf-danish-foundation-models-multilingual-gsm-symbolic-original-nld@refs-pr-16-original-nld_iVn8vW8Bo6KEC526cYxt2E.eval
Analyzed hf_dataset/logs_pr16_b894d88_fresh/2026-07-23T11-14-02-00-00_hf-danish-foundation-models-multilingual-gsm-symbolic-synthetic-mar@refs-pr-16-synthetic-mar_mr9W79dEQcczqsFFLLNrMY.eval
Analyzed hf_dataset/logs_pr16_b894d88_fresh/2026-07-23T11-14-03-00-00_hf-danish-foundation-models-multilingual-gsm-symbolic-synthetic-est@refs-pr-16-synthetic-est_8H3TmEv4P52bSSaFfjEps3.eval
Analyzed hf_dataset/logs_pr16_b894d88_fresh/2026-07-23T11-14-02-00-00_hf-danish-foundation-models-multilingual-gsm-symbolic-synthetic-hin@refs-pr-16-synthetic-hin_hF7EnwQpjnMTBsBoj5r3nU.eval
Analyzed hf_dataset/logs_pr16_b894d88_fresh/2026-07-23T14-06-07-00-00_hf-danish-foundation-models-multilingual-gsm-symbolic-original-eng-metric@refs-pr-16-original-eng-metric_3d2heVRFcsCn72PVqNvQ23.eval
Analyzed hf_dataset/logs_pr16_b894d88_fresh/2026-07-23T11-14-03-00-00_hf-danish-foundation-models-multilingual-gsm-symbolic-synthetic-jpn@refs-pr-16-synthetic-jpn_VFzJ5Ju484u87oAxRVjyvP.eval
Analyzed hf_dataset/logs_pr16_b894d88_fresh/2026-07-23T11-14-03-00-00_hf-danish-foundation-models-multilingual-gsm-symbolic-synthetic-rus@refs-pr-16-synthetic-rus_njnDgHSqtSaW4hvMVo4ULu.eval
Analyzed hf_dataset/logs_pr16_b894d88_fresh/2026-07-23T14-06-07-00-00_hf-danish-foundation-models-multilingual-gsm-symbolic-original-jpn@refs-pr-16-original-jpn_dEZuCs5EfoEcmT2uC8Xp9d.eval
Analyzed hf_dataset/logs_pr16_b894d88_fresh/2026-07-23T11-14-03-00-00_hf-danish-foundation-models-multilingual-gsm-symbolic-synthetic-zho@refs-pr-16-synthetic-zho_hesQu49LFXYBL72zUcq7s3.eval
Analyzed hf_dataset/logs_pr16_b894d88_fresh/2026-07-23T14-06-07-00-00_hf-danish-foundation-models-multilingual-gsm-symbolic-original-est@refs-pr-16-original-est_mPtyPVPWXAZzMFLeZwv7sX.eval
Analyzed hf_dataset/logs_pr16_b894d88_fresh/2026-07-23T14-06-07-00-00_hf-danish-foundation-models-multilingual-gsm-symbolic-original-rus@refs-pr-16-original-rus_KFL4CoiCXCodbrdFumPyfe.eval
Analyzed hf_dataset/logs_pr16_b894d88_fresh/2026-07-23T14-06-07-00-00_hf-danish-foundation-models-multilingual-gsm-symbolic-original-ukr@refs-pr-16-original-ukr_7sp2a7up9F3DeepzQxxCJr.eval
Analyzed hf_dataset/logs_pr16_b894d88_fresh/2026-07-23T14-06-07-00-00_hf-danish-foundation-models-multilingual-gsm-symbolic-original-zho@refs-pr-16-original-zho_MNt6QkSsmUiaZrQ4PnaGS7.eval
Analyzed hf_dataset/logs_pr16_b894d88_fresh/2026-07-23T13-05-04-00-00_hf-danish-foundation-models-multilingual-gsm-symbolic-synthetic-eng@refs-pr-16-synthetic-eng_iCEgWLuZJGvN4NpGT3cNdj.eval
Analyzed hf_dataset/logs_pr16_b894d88_fresh/2026-07-23T11-14-03-00-00_hf-danish-foundation-models-multilingual-gsm-symbolic-synthetic-ukr@refs-pr-16-synthetic-ukr_QvEBHQLvHvXzSrGQTxod4k.eval
Analyzed hf_dataset/logs_pr16_b894d88_fresh/2026-07-23T13-05-05-00-00_hf-danish-foundation-models-multilingual-gsm-symbolic-synthetic-nob@refs-pr-16-synthetic-nob_QyhRaUXQYFBXzuNPaMz27v.eval
Analyzed hf_dataset/logs_pr16_b894d88_fresh/2026-07-23T13-05-05-00-00_hf-danish-foundation-models-multilingual-gsm-symbolic-synthetic-isl@refs-pr-16-synthetic-isl_6DUcSZoGC5jmrFU6eYdXyX.eval
Analyzed hf_dataset/logs_pr16_b894d88_fresh/2026-07-23T15-02-33-00-00_hf-danish-foundation-models-multilingual-gsm-symbolic-original-eng@refs-pr-16-original-eng_LrMDWSmq5PUvrygAEypigy.eval
Analyzed hf_dataset/logs_pr16_b894d88_fresh/2026-07-23T15-02-34-00-00_hf-danish-foundation-models-multilingual-gsm-symbolic-original-dan@refs-pr-16-original-dan_Wd7dq7P5RBnK5GtpWw3yVe.eval
Analyzed hf_dataset/logs_pr16_b894d88_fresh/2026-07-23T13-05-05-00-00_hf-danish-foundation-models-multilingual-gsm-symbolic-synthetic-deu@refs-pr-16-synthetic-deu_YLXgYdLbqr9byyrhan8qFa.eval
Analyzed hf_dataset/logs_pr16_b894d88_fresh/2026-07-23T13-05-04-00-00_hf-danish-foundation-models-multilingual-gsm-symbolic-synthetic-dan@refs-pr-16-synthetic-dan_FcW8W4Lkrs3o5kqkDfEwhJ.eval
Analyzed hf_dataset/logs_pr16_b894d88_fresh/2026-07-23T15-02-34-00-00_hf-danish-foundation-models-multilingual-gsm-symbolic-original-deu@refs-pr-16-original-deu_SGRRi4voz4gFrtrFKW2B8H.eval
Analyzed hf_dataset/logs_pr16_b894d88_fresh/2026-07-23T15-02-34-00-00_hf-danish-foundation-models-multilingual-gsm-symbolic-original-isl@refs-pr-16-original-isl_7VFRoT5pqyxA8jTc7C2UeA.eval
Analyzed hf_dataset/logs_pr16_b894d88_fresh/2026-07-23T13-05-07-00-00_hf-danish-foundation-models-multilingual-gsm-symbolic-synthetic-est@refs-pr-16-synthetic-est_fpVpri4YgGKwTPoyMWx5W6.eval
Analyzed hf_dataset/logs_pr16_b894d88_fresh/2026-07-23T15-02-34-00-00_hf-danish-foundation-models-multilingual-gsm-symbolic-original-nob@refs-pr-16-original-nob_aEJiqj2bK6rtLevZe8kPpR.eval
Analyzed hf_dataset/logs_pr16_b894d88_fresh/2026-07-23T13-05-06-00-00_hf-danish-foundation-models-multilingual-gsm-symbolic-synthetic-ara@refs-pr-16-synthetic-ara_5Q5fMkJFk9k9PfryJvjfqF.eval
Analyzed hf_dataset/logs_pr16_b894d88_fresh/2026-07-23T13-05-06-00-00_hf-danish-foundation-models-multilingual-gsm-symbolic-synthetic-fra@refs-pr-16-synthetic-fra_48KREDD7wrgS4iCJbayZGe.eval
Analyzed hf_dataset/logs_pr16_b894d88_fresh/2026-07-23T13-05-06-00-00_hf-danish-foundation-models-multilingual-gsm-symbolic-synthetic-ita@refs-pr-16-synthetic-ita_Zc4Hy4XBvrcSby9Q49gWN7.eval
Analyzed hf_dataset/logs_pr16_b894d88_fresh/2026-07-23T13-05-07-00-00_hf-danish-foundation-models-multilingual-gsm-symbolic-synthetic-nld@refs-pr-16-synthetic-nld_nbhpTdDvLBYDRbwavtkDq2.eval
Analyzed hf_dataset/logs_pr16_b894d88_fresh/2026-07-23T13-05-06-00-00_hf-danish-foundation-models-multilingual-gsm-symbolic-synthetic-hin@refs-pr-16-synthetic-hin_CW9atRiaEkAw9aBxCJaSi7.eval
Analyzed hf_dataset/logs_pr16_b894d88_fresh/2026-07-23T13-05-07-00-00_hf-danish-foundation-models-multilingual-gsm-symbolic-synthetic-zho@refs-pr-16-synthetic-zho_bdNQtZCGS9f9tSCMWfz8cy.eval
Analyzed hf_dataset/logs_pr16_b894d88_fresh/2026-07-23T13-05-07-00-00_hf-danish-foundation-models-multilingual-gsm-symbolic-synthetic-ukr@refs-pr-16-synthetic-ukr_i62YVZckazUYh6KhhKY2RN.eval
Analyzed hf_dataset/logs_pr16_b894d88_fresh/2026-07-23T13-05-07-00-00_hf-danish-foundation-models-multilingual-gsm-symbolic-synthetic-eng-metric@refs-pr-16-synthetic-eng-metric_A5W9SGiqsHynZyDmFTvxgv.eval
Analyzed hf_dataset/logs_pr16_b894d88_fresh/2026-07-23T13-05-07-00-00_hf-danish-foundation-models-multilingual-gsm-symbolic-synthetic-jpn@refs-pr-16-synthetic-jpn_fJHUo5pUCRnJP8SDJbCBPP.eval
Analyzed hf_dataset/logs_pr16_b894d88_fresh/2026-07-23T15-02-35-00-00_hf-danish-foundation-models-multilingual-gsm-symbolic-original-ara@refs-pr-16-original-ara_Bq2qthyLMtXZxVU4SA8qNV.eval
Analyzed hf_dataset/logs_pr16_b894d88_fresh/2026-07-23T13-05-06-00-00_hf-danish-foundation-models-multilingual-gsm-symbolic-synthetic-mar@refs-pr-16-synthetic-mar_D7AXBubYvav8AWwLTY5ZzC.eval
Analyzed hf_dataset/logs_pr16_b894d88_fresh/2026-07-23T14-06-05-00-00_hf-danish-foundation-models-multilingual-gsm-symbolic-synthetic-deu@refs-pr-16-synthetic-deu_juLGtUa7r8KbGHS77YGtZz.eval
Analyzed hf_dataset/logs_pr16_b894d88_fresh/2026-07-23T15-02-35-00-00_hf-danish-foundation-models-multilingual-gsm-symbolic-original-fra@refs-pr-16-original-fra_F9kKpnh5xZGbLDTkwZSJTm.eval
Analyzed hf_dataset/logs_pr16_b894d88_fresh/2026-07-23T15-02-35-00-00_hf-danish-foundation-models-multilingual-gsm-symbolic-original-hin@refs-pr-16-original-hin_Pz46fCqLgM2KXqBtf9SJiZ.eval
Analyzed hf_dataset/logs_pr16_b894d88_fresh/2026-07-23T15-02-35-00-00_hf-danish-foundation-models-multilingual-gsm-symbolic-original-ita@refs-pr-16-original-ita_moonn225f97zYdXETzDgcQ.eval
Analyzed hf_dataset/logs_pr16_b894d88_fresh/2026-07-23T14-06-05-00-00_hf-danish-foundation-models-multilingual-gsm-symbolic-synthetic-eng@refs-pr-16-synthetic-eng_4JxEW6LpTZT8UXpC7PdQ5j.eval
Analyzed hf_dataset/logs_pr16_b894d88_fresh/2026-07-23T15-02-35-00-00_hf-danish-foundation-models-multilingual-gsm-symbolic-original-mar@refs-pr-16-original-mar_Te29sGwzUYD8q2r3fBtMBw.eval
Analyzed hf_dataset/logs_pr16_b894d88_fresh/2026-07-23T15-02-36-00-00_hf-danish-foundation-models-multilingual-gsm-symbolic-original-jpn@refs-pr-16-original-jpn_c4nVQmjwvZXWwDdavYmtdY.eval
Analyzed hf_dataset/logs_pr16_b894d88_fresh/2026-07-23T13-05-07-00-00_hf-danish-foundation-models-multilingual-gsm-symbolic-synthetic-rus@refs-pr-16-synthetic-rus_kqv9WCfPm8eweon2aQ6LY8.eval
Analyzed hf_dataset/logs_pr16_b894d88_fresh/2026-07-23T15-02-36-00-00_hf-danish-foundation-models-multilingual-gsm-symbolic-original-zho@refs-pr-16-original-zho_kf7AsCwQFDXzZkA9kvCVnq.eval
Analyzed hf_dataset/logs_pr16_b894d88_fresh/2026-07-23T15-02-36-00-00_hf-danish-foundation-models-multilingual-gsm-symbolic-original-nld@refs-pr-16-original-nld_eKNMk6zicii4gBHdeuFyAw.eval
Analyzed hf_dataset/logs_pr16_b894d88_fresh/2026-07-23T15-02-36-00-00_hf-danish-foundation-models-multilingual-gsm-symbolic-original-rus@refs-pr-16-original-rus_ZBH37hPzJRvZHBVpogd8G8.eval
Analyzed hf_dataset/logs_pr16_b894d88_fresh/2026-07-23T15-02-37-00-00_hf-danish-foundation-models-multilingual-gsm-symbolic-original-eng-metric@refs-pr-16-original-eng-metric_2Bp7ZWjdm5QNFT7cqenqTm.eval
Analyzed hf_dataset/logs_pr16_b894d88_fresh/2026-07-23T15-02-37-00-00_hf-danish-foundation-models-multilingual-gsm-symbolic-original-ukr@refs-pr-16-original-ukr_KE9uyT3gvj3tZCRC9Aiysq.eval
Analyzed hf_dataset/logs_pr16_b894d88_fresh/2026-07-23T15-02-37-00-00_hf-danish-foundation-models-multilingual-gsm-symbolic-original-est@refs-pr-16-original-est_JUMvhQCLk5mim3kkKnaiyY.eval
Analyzed hf_dataset/logs_pr16_b894d88_fresh/2026-07-23T14-06-05-00-00_hf-danish-foundation-models-multilingual-gsm-symbolic-synthetic-dan@refs-pr-16-synthetic-dan_48iT5wrSrMfT3swqsHDFui.eval
Analyzed hf_dataset/logs_pr16_b894d88_fresh/2026-07-23T16-15-57-00-00_hf-danish-foundation-models-multilingual-gsm-symbolic-original-dan@refs-pr-16-original-dan_iVgvvYMwZZoWPGJofL8irK.eval
Analyzed hf_dataset/logs_pr16_b894d88_fresh/2026-07-23T16-15-57-00-00_hf-danish-foundation-models-multilingual-gsm-symbolic-original-eng@refs-pr-16-original-eng_BoktTJM7MAKSHsQ82dsRJJ.eval
Analyzed hf_dataset/logs_pr16_b894d88_fresh/2026-07-23T14-06-06-00-00_hf-danish-foundation-models-multilingual-gsm-symbolic-synthetic-fra@refs-pr-16-synthetic-fra_fBUgLKmawY5mAiXMN9f2Er.eval
Analyzed hf_dataset/logs_pr16_b894d88_fresh/2026-07-23T16-15-57-00-00_hf-danish-foundation-models-multilingual-gsm-symbolic-original-nob@refs-pr-16-original-nob_Eggt4Vz3B4CtGyN6wJiicg.eval
Analyzed hf_dataset/logs_pr16_b894d88_fresh/2026-07-23T14-06-06-00-00_hf-danish-foundation-models-multilingual-gsm-symbolic-synthetic-ara@refs-pr-16-synthetic-ara_3kD4MGXBbEw7raBqHEU3zT.eval
Analyzed hf_dataset/logs_pr16_b894d88_fresh/2026-07-23T14-06-05-00-00_hf-danish-foundation-models-multilingual-gsm-symbolic-synthetic-nob@refs-pr-16-synthetic-nob_8bnUBBhjHS9tg9nQLJaNcj.eval
Analyzed hf_dataset/logs_pr16_b894d88_fresh/2026-07-23T14-06-06-00-00_hf-danish-foundation-models-multilingual-gsm-symbolic-synthetic-isl@refs-pr-16-synthetic-isl_gvEP4pSmVL4qyTcuzwJREB.eval
Analyzed hf_dataset/logs_pr16_b894d88_fresh/2026-07-23T16-15-58-00-00_hf-danish-foundation-models-multilingual-gsm-symbolic-original-ara@refs-pr-16-original-ara_F7qdipbHNbT7tiia8FcJ3A.eval
Analyzed hf_dataset/logs_pr16_b894d88_fresh/2026-07-23T16-15-58-00-00_hf-danish-foundation-models-multilingual-gsm-symbolic-original-deu@refs-pr-16-original-deu_n8LqFpbSriE5Fh6TWRzoh2.eval
Analyzed hf_dataset/logs_pr16_b894d88_fresh/2026-07-23T16-15-58-00-00_hf-danish-foundation-models-multilingual-gsm-symbolic-original-fra@refs-pr-16-original-fra_RmAjoTFvkMsLwaMmwyAWLK.eval
Analyzed hf_dataset/logs_pr16_b894d88_fresh/2026-07-23T16-15-58-00-00_hf-danish-foundation-models-multilingual-gsm-symbolic-original-isl@refs-pr-16-original-isl_kiJEmu5prexLVBR8z2BSob.eval
Analyzed hf_dataset/logs_pr16_b894d88_fresh/2026-07-23T14-06-06-00-00_hf-danish-foundation-models-multilingual-gsm-symbolic-synthetic-ita@refs-pr-16-synthetic-ita_PVDCicnCMLGxHAg6zpwn3r.eval
Analyzed hf_dataset/logs_pr16_b894d88_fresh/2026-07-23T16-15-58-00-00_hf-danish-foundation-models-multilingual-gsm-symbolic-original-hin@refs-pr-16-original-hin_4DV24fCjhvxUc4dcXxofAT.eval
Analyzed hf_dataset/logs_pr16_b894d88_fresh/2026-07-23T16-15-58-00-00_hf-danish-foundation-models-multilingual-gsm-symbolic-original-ita@refs-pr-16-original-ita_Zx7gU8qAYaLGBZLDjC8aHd.eval
Analyzed hf_dataset/logs_pr16_b894d88_fresh/2026-07-23T16-15-58-00-00_hf-danish-foundation-models-multilingual-gsm-symbolic-original-mar@refs-pr-16-original-mar_heWMnPzDSY9yKu4YZeS6S9.eval
Analyzed hf_dataset/logs_pr16_b894d88_fresh/2026-07-23T14-06-06-00-00_hf-danish-foundation-models-multilingual-gsm-symbolic-synthetic-hin@refs-pr-16-synthetic-hin_6nAaBhprSkgYZAQEDkATg5.eval
Analyzed hf_dataset/logs_pr16_b894d88_fresh/2026-07-23T14-06-06-00-00_hf-danish-foundation-models-multilingual-gsm-symbolic-synthetic-nld@refs-pr-16-synthetic-nld_7YDmyfVZd8h3HB4csCpU2t.eval
Analyzed hf_dataset/logs_pr16_b894d88_fresh/2026-07-23T15-02-33-00-00_hf-danish-foundation-models-multilingual-gsm-symbolic-synthetic-eng@refs-pr-16-synthetic-eng_XQBvhaoTNQKtW5v2w99PmR.eval
Analyzed hf_dataset/logs_pr16_b894d88_fresh/2026-07-23T14-06-07-00-00_hf-danish-foundation-models-multilingual-gsm-symbolic-synthetic-eng-metric@refs-pr-16-synthetic-eng-metric_VhVetk6cNrWXMjrKC6xCDN.eval
Analyzed hf_dataset/logs_pr16_b894d88_fresh/2026-07-23T16-15-59-00-00_hf-danish-foundation-models-multilingual-gsm-symbolic-original-eng-metric@refs-pr-16-original-eng-metric_Hs95S4gRdm6xC6q9Dn7xmJ.eval
Analyzed hf_dataset/logs_pr16_b894d88_fresh/2026-07-23T16-15-59-00-00_hf-danish-foundation-models-multilingual-gsm-symbolic-original-est@refs-pr-16-original-est_6ShPTxTX5Z34v6ZYdfn3UY.eval
Analyzed hf_dataset/logs_pr16_b894d88_fresh/2026-07-23T16-15-59-00-00_hf-danish-foundation-models-multilingual-gsm-symbolic-original-jpn@refs-pr-16-original-jpn_YV4K68wZE2vF97nvUzHCtF.eval
Analyzed hf_dataset/logs_pr16_b894d88_fresh/2026-07-23T16-15-59-00-00_hf-danish-foundation-models-multilingual-gsm-symbolic-original-nld@refs-pr-16-original-nld_EkCFRLQnYCjksLeXwWNsA2.eval
Analyzed hf_dataset/logs_pr16_b894d88_fresh/2026-07-23T15-02-35-00-00_hf-danish-foundation-models-multilingual-gsm-symbolic-synthetic-hin@refs-pr-16-synthetic-hin_my3CTmJoFrua4stk3N493L.eval
Analyzed hf_dataset/logs_pr16_b894d88_fresh/2026-07-23T16-15-59-00-00_hf-danish-foundation-models-multilingual-gsm-symbolic-original-rus@refs-pr-16-original-rus_iL8kckSAQexp2xakgdHiCW.eval
Analyzed hf_dataset/logs_pr16_b894d88_fresh/2026-07-23T15-02-35-00-00_hf-danish-foundation-models-multilingual-gsm-symbolic-synthetic-mar@refs-pr-16-synthetic-mar_U54dbggx4STBrz7y5eo9Mp.eval
Analyzed hf_dataset/logs_pr16_b894d88_fresh/2026-07-23T16-15-59-00-00_hf-danish-foundation-models-multilingual-gsm-symbolic-original-ukr@refs-pr-16-original-ukr_5XbizRCXJazMvz247DaKys.eval
Analyzed hf_dataset/logs_pr16_b894d88_fresh/2026-07-23T16-15-59-00-00_hf-danish-foundation-models-multilingual-gsm-symbolic-original-zho@refs-pr-16-original-zho_87PDZcGjBkuD9xbdENVXQo.eval
Analyzed hf_dataset/logs_pr16_b894d88_fresh/2026-07-23T14-06-07-00-00_hf-danish-foundation-models-multilingual-gsm-symbolic-synthetic-rus@refs-pr-16-synthetic-rus_JcKP29na4Vvu5rFHSaNFxP.eval
Analyzed hf_dataset/logs_pr16_b894d88_fresh/2026-07-23T14-06-07-00-00_hf-danish-foundation-models-multilingual-gsm-symbolic-synthetic-ukr@refs-pr-16-synthetic-ukr_fhEKA3fiAUsUULWnVwFAZz.eval
Analyzed hf_dataset/logs_pr16_b894d88_fresh/2026-07-23T14-06-07-00-00_hf-danish-foundation-models-multilingual-gsm-symbolic-synthetic-est@refs-pr-16-synthetic-est_4jpfw6iCYKqZVRC49mciAw.eval
Analyzed hf_dataset/logs_pr16_b894d88_fresh/2026-07-23T15-02-35-00-00_hf-danish-foundation-models-multilingual-gsm-symbolic-synthetic-fra@refs-pr-16-synthetic-fra_akoKJM8H3xfrvLHe5qGPx4.eval
Analyzed hf_dataset/logs_pr16_b894d88_fresh/2026-07-23T15-02-34-00-00_hf-danish-foundation-models-multilingual-gsm-symbolic-synthetic-dan@refs-pr-16-synthetic-dan_MwqXea7brJf8Ngp6KrTtAQ.eval
Analyzed hf_dataset/logs_pr16_b894d88_fresh/2026-07-23T14-06-07-00-00_hf-danish-foundation-models-multilingual-gsm-symbolic-synthetic-jpn@refs-pr-16-synthetic-jpn_SQ5t4UscJe3bXTyvZDcygx.eval
Analyzed hf_dataset/logs_pr16_b894d88_fresh/2026-07-23T15-02-36-00-00_hf-danish-foundation-models-multilingual-gsm-symbolic-synthetic-nld@refs-pr-16-synthetic-nld_VUstDirWmQ7rR6cdhVok2T.eval
Analyzed hf_dataset/logs_pr16_b894d88_fresh/2026-07-23T16-59-07-00-00_hf-danish-foundation-models-multilingual-gsm-symbolic-original-ara@refs-pr-16-original-ara_jxs9xstEHxbcsT5BMNfFmW.eval
Analyzed hf_dataset/logs_pr16_b894d88_fresh/2026-07-23T15-02-35-00-00_hf-danish-foundation-models-multilingual-gsm-symbolic-synthetic-ara@refs-pr-16-synthetic-ara_3kSFk2KKUhPv7KQj7WuZU3.eval
Analyzed hf_dataset/logs_pr16_b894d88_fresh/2026-07-23T16-59-07-00-00_hf-danish-foundation-models-multilingual-gsm-symbolic-original-deu@refs-pr-16-original-deu_FeQe9RhFMAnPkieDFcmAki.eval
Analyzed hf_dataset/logs_pr16_b894d88_fresh/2026-07-23T16-59-07-00-00_hf-danish-foundation-models-multilingual-gsm-symbolic-original-dan@refs-pr-16-original-dan_kZCKdpyPmCVPhjzdHSRzFZ.eval
Analyzed hf_dataset/logs_pr16_b894d88_fresh/2026-07-23T16-59-07-00-00_hf-danish-foundation-models-multilingual-gsm-symbolic-original-eng@refs-pr-16-original-eng_SDnMjWsCrKTEYpEJ8PkXD9.eval
Analyzed hf_dataset/logs_pr16_b894d88_fresh/2026-07-23T16-59-07-00-00_hf-danish-foundation-models-multilingual-gsm-symbolic-original-isl@refs-pr-16-original-isl_jDtx4LkacEp7w7GV2SsvkQ.eval
Analyzed hf_dataset/logs_pr16_b894d88_fresh/2026-07-23T16-59-07-00-00_hf-danish-foundation-models-multilingual-gsm-symbolic-original-nob@refs-pr-16-original-nob_ZassGamspbVubUGWE9EWmx.eval
Analyzed hf_dataset/logs_pr16_b894d88_fresh/2026-07-23T15-02-34-00-00_hf-danish-foundation-models-multilingual-gsm-symbolic-synthetic-isl@refs-pr-16-synthetic-isl_5YZbLhFkSPXtz9V9cnMamr.eval
Analyzed hf_dataset/logs_pr16_b894d88_fresh/2026-07-23T14-06-07-00-00_hf-danish-foundation-models-multilingual-gsm-symbolic-synthetic-zho@refs-pr-16-synthetic-zho_8ebPFjpWXr9a3dXy4Mi26P.eval
Analyzed hf_dataset/logs_pr16_b894d88_fresh/2026-07-23T15-02-37-00-00_hf-danish-foundation-models-multilingual-gsm-symbolic-synthetic-ukr@refs-pr-16-synthetic-ukr_hH7kvrYBfSWyhQ9uEYgELm.eval
Analyzed hf_dataset/logs_pr16_b894d88_fresh/2026-07-23T16-59-08-00-00_hf-danish-foundation-models-multilingual-gsm-symbolic-original-fra@refs-pr-16-original-fra_RuLboJoBXq6PYroLNQLARA.eval
Analyzed hf_dataset/logs_pr16_b894d88_fresh/2026-07-23T16-59-08-00-00_hf-danish-foundation-models-multilingual-gsm-symbolic-original-hin@refs-pr-16-original-hin_nBTJ9qRWHbGmuWbzHqSgmz.eval
Analyzed hf_dataset/logs_pr16_b894d88_fresh/2026-07-23T15-02-37-00-00_hf-danish-foundation-models-multilingual-gsm-symbolic-synthetic-eng-metric@refs-pr-16-synthetic-eng-metric_bXDZjPzzSuQgAgqQe2sBRd.eval
Analyzed hf_dataset/logs_pr16_b894d88_fresh/2026-07-23T16-59-08-00-00_hf-danish-foundation-models-multilingual-gsm-symbolic-original-ita@refs-pr-16-original-ita_F2qfxV39zxFKcvFz2xfpsT.eval
Analyzed hf_dataset/logs_pr16_b894d88_fresh/2026-07-23T16-59-08-00-00_hf-danish-foundation-models-multilingual-gsm-symbolic-original-jpn@refs-pr-16-original-jpn_nJ7pjgVL7HnFSe6e6csQ4D.eval
Analyzed hf_dataset/logs_pr16_b894d88_fresh/2026-07-23T16-59-08-00-00_hf-danish-foundation-models-multilingual-gsm-symbolic-original-mar@refs-pr-16-original-mar_7gMHbgQAZxMEqNEqoSDhEy.eval
Analyzed hf_dataset/logs_pr16_b894d88_fresh/2026-07-23T16-59-08-00-00_hf-danish-foundation-models-multilingual-gsm-symbolic-original-nld@refs-pr-16-original-nld_d5FbYc5LfzT8LXDN6Ujmew.eval
Analyzed hf_dataset/logs_pr16_b894d88_fresh/2026-07-23T15-02-34-00-00_hf-danish-foundation-models-multilingual-gsm-symbolic-synthetic-deu@refs-pr-16-synthetic-deu_ircvekxK64eBBk7zu8Ug6q.eval
Analyzed hf_dataset/logs_pr16_b894d88_fresh/2026-07-23T16-59-08-00-00_hf-danish-foundation-models-multilingual-gsm-symbolic-original-rus@refs-pr-16-original-rus_nKnaBE3d95jb26itCd8v5k.eval
Analyzed hf_dataset/logs_pr16_b894d88_fresh/2026-07-23T16-59-08-00-00_hf-danish-foundation-models-multilingual-gsm-symbolic-original-zho@refs-pr-16-original-zho_g8wLjvuCr5xpcXMBK53Pnp.eval
Analyzed hf_dataset/logs_pr16_b894d88_fresh/2026-07-23T15-02-34-00-00_hf-danish-foundation-models-multilingual-gsm-symbolic-synthetic-nob@refs-pr-16-synthetic-nob_BP9DqDy78UR9x8krNpH4D8.eval
Analyzed hf_dataset/logs_pr16_b894d88_fresh/2026-07-23T16-15-58-00-00_hf-danish-foundation-models-multilingual-gsm-symbolic-synthetic-nob@refs-pr-16-synthetic-nob_CuPk8gFLQCZgMY9i2iucaK.eval
Analyzed hf_dataset/logs_pr16_b894d88_fresh/2026-07-23T15-02-37-00-00_hf-danish-foundation-models-multilingual-gsm-symbolic-synthetic-est@refs-pr-16-synthetic-est_8ikVzoV2WVJj7SwM5oqKzj.eval
Analyzed hf_dataset/logs_pr16_b894d88_fresh/2026-07-23T15-02-36-00-00_hf-danish-foundation-models-multilingual-gsm-symbolic-synthetic-ita@refs-pr-16-synthetic-ita_GaJLNDveBpnkZ3WCgqACn9.eval
Analyzed hf_dataset/logs_pr16_b894d88_fresh/2026-07-23T16-15-58-00-00_hf-danish-foundation-models-multilingual-gsm-symbolic-synthetic-ita@refs-pr-16-synthetic-ita_JJnbzp7AE8DsVRLkXhJQt6.eval
Analyzed hf_dataset/logs_pr16_b894d88_fresh/2026-07-23T16-15-59-00-00_hf-danish-foundation-models-multilingual-gsm-symbolic-synthetic-nld@refs-pr-16-synthetic-nld_FczpiBTAiRQJD6B3F2DCw2.eval
Analyzed hf_dataset/logs_pr16_b894d88_fresh/2026-07-23T16-15-58-00-00_hf-danish-foundation-models-multilingual-gsm-symbolic-synthetic-deu@refs-pr-16-synthetic-deu_dPsubczHTh4odQ8XFutDsx.eval
Analyzed hf_dataset/logs_pr16_b894d88_fresh/2026-07-23T16-15-57-00-00_hf-danish-foundation-models-multilingual-gsm-symbolic-synthetic-eng@refs-pr-16-synthetic-eng_PQd63sxnPzpUbLLbkN5wyy.eval
Analyzed hf_dataset/logs_pr16_b894d88_fresh/2026-07-23T15-02-36-00-00_hf-danish-foundation-models-multilingual-gsm-symbolic-synthetic-rus@refs-pr-16-synthetic-rus_S5qMywo4dC7pbhULQste82.eval
Analyzed hf_dataset/logs_pr16_b894d88_fresh/2026-07-23T16-59-09-00-00_hf-danish-foundation-models-multilingual-gsm-symbolic-original-eng-metric@refs-pr-16-original-eng-metric_2apNjWLCw9GLz44bxrS2tH.eval
Analyzed hf_dataset/logs_pr16_b894d88_fresh/2026-07-23T16-59-09-00-00_hf-danish-foundation-models-multilingual-gsm-symbolic-original-est@refs-pr-16-original-est_aanS4xu3rzrgnVLCs3ka3e.eval
Analyzed hf_dataset/logs_pr16_b894d88_fresh/2026-07-23T16-59-09-00-00_hf-danish-foundation-models-multilingual-gsm-symbolic-original-ukr@refs-pr-16-original-ukr_8P4BP5FbkqdpLUiQkbXSGw.eval
Analyzed hf_dataset/logs_pr16_b894d88_fresh/2026-07-23T16-15-59-00-00_hf-danish-foundation-models-multilingual-gsm-symbolic-synthetic-rus@refs-pr-16-synthetic-rus_SfLnMd5PorWgyDX6Q9ekj5.eval
Analyzed hf_dataset/logs_pr16_b894d88_fresh/2026-07-23T15-02-36-00-00_hf-danish-foundation-models-multilingual-gsm-symbolic-synthetic-zho@refs-pr-16-synthetic-zho_EsRaU4mUHrUC6cNzrVHpTS.eval
Analyzed hf_dataset/logs_pr16_b894d88_fresh/2026-07-23T18-24-35-00-00_hf-danish-foundation-models-multilingual-gsm-symbolic-original-dan@refs-pr-16-original-dan_Ye7geeabU8tyRQec2Y8JiB.eval
Analyzed hf_dataset/logs_pr16_b894d88_fresh/2026-07-23T16-15-57-00-00_hf-danish-foundation-models-multilingual-gsm-symbolic-synthetic-dan@refs-pr-16-synthetic-dan_DosxTLiuG5ByeNH5VQcgTD.eval
Analyzed hf_dataset/logs_pr16_b894d88_fresh/2026-07-23T18-24-35-00-00_hf-danish-foundation-models-multilingual-gsm-symbolic-original-eng@refs-pr-16-original-eng_D23gWKLhWBJ7GSC6tAePaW.eval
Analyzed hf_dataset/logs_pr16_b894d88_fresh/2026-07-23T18-24-36-00-00_hf-danish-foundation-models-multilingual-gsm-symbolic-original-ara@refs-pr-16-original-ara_mr5hxqk2fFWS6jQVC44Qn6.eval
Analyzed hf_dataset/logs_pr16_b894d88_fresh/2026-07-23T15-02-37-00-00_hf-danish-foundation-models-multilingual-gsm-symbolic-synthetic-jpn@refs-pr-16-synthetic-jpn_mo9iZp6WnE5Vovcu8TBvMv.eval
Analyzed hf_dataset/logs_pr16_b894d88_fresh/2026-07-23T18-24-36-00-00_hf-danish-foundation-models-multilingual-gsm-symbolic-original-deu@refs-pr-16-original-deu_AzCNGoEWdo69NLhZgSbjZp.eval
Analyzed hf_dataset/logs_pr16_b894d88_fresh/2026-07-23T18-24-36-00-00_hf-danish-foundation-models-multilingual-gsm-symbolic-original-isl@refs-pr-16-original-isl_YDXewHKerKnzXiDBBJb3yd.eval
Analyzed hf_dataset/logs_pr16_b894d88_fresh/2026-07-23T18-24-36-00-00_hf-danish-foundation-models-multilingual-gsm-symbolic-original-nob@refs-pr-16-original-nob_W7CjDRtGPvtKihaeBfs8VW.eval
Analyzed hf_dataset/logs_pr16_b894d88_fresh/2026-07-23T16-15-59-00-00_hf-danish-foundation-models-multilingual-gsm-symbolic-synthetic-zho@refs-pr-16-synthetic-zho_kzWft2oVa8q4BQZUwtDQct.eval
Analyzed hf_dataset/logs_pr16_b894d88_fresh/2026-07-23T18-24-37-00-00_hf-danish-foundation-models-multilingual-gsm-symbolic-original-fra@refs-pr-16-original-fra_abxsPswkC8XaXgVtMqTmpS.eval
Analyzed hf_dataset/logs_pr16_b894d88_fresh/2026-07-23T16-15-58-00-00_hf-danish-foundation-models-multilingual-gsm-symbolic-synthetic-fra@refs-pr-16-synthetic-fra_MZ4WxhDrCqjrNpzmXNqF6B.eval
Analyzed hf_dataset/logs_pr16_b894d88_fresh/2026-07-23T16-15-59-00-00_hf-danish-foundation-models-multilingual-gsm-symbolic-synthetic-ukr@refs-pr-16-synthetic-ukr_j28BNarAuas2jXKBBKNwz6.eval
Analyzed hf_dataset/logs_pr16_b894d88_fresh/2026-07-23T16-59-07-00-00_hf-danish-foundation-models-multilingual-gsm-symbolic-synthetic-eng@refs-pr-16-synthetic-eng_EtM7t4t94cz3hyRdFyn4Hs.eval
Analyzed hf_dataset/logs_pr16_b894d88_fresh/2026-07-23T16-15-58-00-00_hf-danish-foundation-models-multilingual-gsm-symbolic-synthetic-ara@refs-pr-16-synthetic-ara_iv6N5bBuJY4U5r3jN927hq.eval
Analyzed hf_dataset/logs_pr16_b894d88_fresh/2026-07-23T18-24-37-00-00_hf-danish-foundation-models-multilingual-gsm-symbolic-original-hin@refs-pr-16-original-hin_JBoPm9tjefNvpKEoenmJh6.eval
Analyzed hf_dataset/logs_pr16_b894d88_fresh/2026-07-23T18-24-37-00-00_hf-danish-foundation-models-multilingual-gsm-symbolic-original-mar@refs-pr-16-original-mar_VwJ84jJtsaL8AZG9fkx4oR.eval
Analyzed hf_dataset/logs_pr16_b894d88_fresh/2026-07-23T16-15-58-00-00_hf-danish-foundation-models-multilingual-gsm-symbolic-synthetic-isl@refs-pr-16-synthetic-isl_5gXxacWtmhdhCugLx4gHts.eval
Analyzed hf_dataset/logs_pr16_b894d88_fresh/2026-07-23T16-59-07-00-00_hf-danish-foundation-models-multilingual-gsm-symbolic-synthetic-nob@refs-pr-16-synthetic-nob_GSYaZw89S3srUPZuHAgYja.eval
Analyzed hf_dataset/logs_pr16_b894d88_fresh/2026-07-23T18-24-38-00-00_hf-danish-foundation-models-multilingual-gsm-symbolic-original-ita@refs-pr-16-original-ita_Z4crdSRhx3BEivinRAgqUT.eval
Analyzed hf_dataset/logs_pr16_b894d88_fresh/2026-07-23T16-15-58-00-00_hf-danish-foundation-models-multilingual-gsm-symbolic-synthetic-hin@refs-pr-16-synthetic-hin_DA2Q6wn3GaNmom5PWCHGFD.eval
Analyzed hf_dataset/logs_pr16_b894d88_fresh/2026-07-23T18-24-38-00-00_hf-danish-foundation-models-multilingual-gsm-symbolic-original-nld@refs-pr-16-original-nld_PWPFEUNtQBMPKDKxd3Sfwb.eval
Analyzed hf_dataset/logs_pr16_b894d88_fresh/2026-07-23T18-24-38-00-00_hf-danish-foundation-models-multilingual-gsm-symbolic-original-jpn@refs-pr-16-original-jpn_FWkMviVcvpH9DyBVQrEDwQ.eval
Analyzed hf_dataset/logs_pr16_b894d88_fresh/2026-07-23T16-59-07-00-00_hf-danish-foundation-models-multilingual-gsm-symbolic-synthetic-deu@refs-pr-16-synthetic-deu_EkCCvXz4DvKxgMNHMNY8nu.eval
Analyzed hf_dataset/logs_pr16_b894d88_fresh/2026-07-23T18-24-38-00-00_hf-danish-foundation-models-multilingual-gsm-symbolic-original-rus@refs-pr-16-original-rus_Bt55hU2Vjjccn3gALbaNi3.eval
Analyzed hf_dataset/logs_pr16_b894d88_fresh/2026-07-23T16-59-07-00-00_hf-danish-foundation-models-multilingual-gsm-symbolic-synthetic-dan@refs-pr-16-synthetic-dan_UonPkFZ3KWJHUGSheKc6yS.eval
Analyzed hf_dataset/logs_pr16_b894d88_fresh/2026-07-23T16-59-07-00-00_hf-danish-foundation-models-multilingual-gsm-symbolic-synthetic-isl@refs-pr-16-synthetic-isl_RoeH8ivdhNvavMVsrs57jM.eval
Analyzed hf_dataset/logs_pr16_b894d88_fresh/2026-07-23T18-24-38-00-00_hf-danish-foundation-models-multilingual-gsm-symbolic-original-zho@refs-pr-16-original-zho_76d5YMEbfpckqP8JbNYqs4.eval
Analyzed hf_dataset/logs_pr16_b894d88_fresh/2026-07-23T18-24-39-00-00_hf-danish-foundation-models-multilingual-gsm-symbolic-original-eng-metric@refs-pr-16-original-eng-metric_R2FEtSbsVNAMZxoswx8xCx.eval
Analyzed hf_dataset/logs_pr16_b894d88_fresh/2026-07-23T18-24-39-00-00_hf-danish-foundation-models-multilingual-gsm-symbolic-original-est@refs-pr-16-original-est_LS3LY6S5ggvVVckNYPyaXH.eval
Analyzed hf_dataset/logs_pr16_b894d88_fresh/2026-07-23T16-15-59-00-00_hf-danish-foundation-models-multilingual-gsm-symbolic-synthetic-est@refs-pr-16-synthetic-est_hwBDvYtDdXhkpNjip7bSnT.eval
Analyzed hf_dataset/logs_pr16_b894d88_fresh/2026-07-23T16-15-59-00-00_hf-danish-foundation-models-multilingual-gsm-symbolic-synthetic-eng-metric@refs-pr-16-synthetic-eng-metric_N8R2WijgmMWg7vW3CWHkVF.eval
Analyzed hf_dataset/logs_pr16_b894d88_fresh/2026-07-23T16-15-59-00-00_hf-danish-foundation-models-multilingual-gsm-symbolic-synthetic-jpn@refs-pr-16-synthetic-jpn_S7Nxpffgq2YGkYn37akgex.eval
Analyzed hf_dataset/logs_pr16_b894d88_fresh/2026-07-23T18-24-39-00-00_hf-danish-foundation-models-multilingual-gsm-symbolic-original-ukr@refs-pr-16-original-ukr_U6tXTLAXeNTSb7vm3fuaSZ.eval
Analyzed hf_dataset/logs_pr16_b894d88_fresh/2026-07-23T21-29-16-00-00_hf-danish-foundation-models-multilingual-gsm-symbolic-original-eng@refs-pr-16-original-eng_bUvR25YUHXpvVHmaTBW36D.eval
Analyzed hf_dataset/logs_pr16_b894d88_fresh/2026-07-23T21-29-17-00-00_hf-danish-foundation-models-multilingual-gsm-symbolic-original-ara@refs-pr-16-original-ara_FVt5vLuZtDxMZ67D3bL4ih.eval
Analyzed hf_dataset/logs_pr16_b894d88_fresh/2026-07-23T16-59-08-00-00_hf-danish-foundation-models-multilingual-gsm-symbolic-synthetic-ita@refs-pr-16-synthetic-ita_N9HvyeYFhbF4gGyqgDFyeT.eval
Analyzed hf_dataset/logs_pr16_b894d88_fresh/2026-07-23T21-29-17-00-00_hf-danish-foundation-models-multilingual-gsm-symbolic-original-dan@refs-pr-16-original-dan_g4qmkw5aDVbmy4hVytynkn.eval
Analyzed hf_dataset/logs_pr16_b894d88_fresh/2026-07-23T21-29-17-00-00_hf-danish-foundation-models-multilingual-gsm-symbolic-original-deu@refs-pr-16-original-deu_g2kqpDUvu67nWt7nj43BFR.eval
Analyzed hf_dataset/logs_pr16_b894d88_fresh/2026-07-23T21-29-17-00-00_hf-danish-foundation-models-multilingual-gsm-symbolic-original-hin@refs-pr-16-original-hin_VwkADsrzsQqkvKTLxQ7fGp.eval
Analyzed hf_dataset/logs_pr16_b894d88_fresh/2026-07-23T21-29-17-00-00_hf-danish-foundation-models-multilingual-gsm-symbolic-original-isl@refs-pr-16-original-isl_oKHb8gopaMSzaSznvZWHS6.eval
Analyzed hf_dataset/logs_pr16_b894d88_fresh/2026-07-23T16-59-08-00-00_hf-danish-foundation-models-multilingual-gsm-symbolic-synthetic-ara@refs-pr-16-synthetic-ara_gzoZ5sohaXiJ2WrsPrz7Mo.eval
Analyzed hf_dataset/logs_pr16_b894d88_fresh/2026-07-23T16-59-08-00-00_hf-danish-foundation-models-multilingual-gsm-symbolic-synthetic-hin@refs-pr-16-synthetic-hin_DvwntJhubMnDxHFuxv3FXf.eval
Analyzed hf_dataset/logs_pr16_b894d88_fresh/2026-07-23T16-59-08-00-00_hf-danish-foundation-models-multilingual-gsm-symbolic-synthetic-fra@refs-pr-16-synthetic-fra_AyHLYFzoBug4xsLMEnVj8R.eval
Analyzed hf_dataset/logs_pr16_b894d88_fresh/2026-07-23T16-15-58-00-00_hf-danish-foundation-models-multilingual-gsm-symbolic-synthetic-mar@refs-pr-16-synthetic-mar_WhS7awy8dzJShcNyCTpsWg.eval
Analyzed hf_dataset/logs_pr16_b894d88_fresh/2026-07-23T21-29-17-00-00_hf-danish-foundation-models-multilingual-gsm-symbolic-original-nob@refs-pr-16-original-nob_5akPXSRUfvW5REi37RzMrV.eval
Analyzed hf_dataset/logs_pr16_b894d88_fresh/2026-07-23T16-59-08-00-00_hf-danish-foundation-models-multilingual-gsm-symbolic-synthetic-mar@refs-pr-16-synthetic-mar_GTtWL8wRokZvkqeYrMChs4.eval
Analyzed hf_dataset/logs_pr16_b894d88_fresh/2026-07-23T16-59-09-00-00_hf-danish-foundation-models-multilingual-gsm-symbolic-synthetic-eng-metric@refs-pr-16-synthetic-eng-metric_FKSbqN2nMpfNccVKBoAvaa.eval
Analyzed hf_dataset/logs_pr16_b894d88_fresh/2026-07-23T16-59-08-00-00_hf-danish-foundation-models-multilingual-gsm-symbolic-synthetic-nld@refs-pr-16-synthetic-nld_94N3tq5TBh6tGZwdnoHXdf.eval
Analyzed hf_dataset/logs_pr16_b894d88_fresh/2026-07-23T16-59-09-00-00_hf-danish-foundation-models-multilingual-gsm-symbolic-synthetic-jpn@refs-pr-16-synthetic-jpn_mZt69UhyHLpmYiDVDvchdi.eval
Analyzed hf_dataset/logs_pr16_b894d88_fresh/2026-07-23T21-29-18-00-00_hf-danish-foundation-models-multilingual-gsm-symbolic-original-fra@refs-pr-16-original-fra_cTJhusSGkXPFoQ6uuzynhj.eval
Analyzed hf_dataset/logs_pr16_b894d88_fresh/2026-07-23T16-59-08-00-00_hf-danish-foundation-models-multilingual-gsm-symbolic-synthetic-zho@refs-pr-16-synthetic-zho_2A8ZUNwSEuy8DJ34eJ3TDK.eval
Analyzed hf_dataset/logs_pr16_b894d88_fresh/2026-07-23T21-29-18-00-00_hf-danish-foundation-models-multilingual-gsm-symbolic-original-ita@refs-pr-16-original-ita_USYFKSdSmJ595PpCBufWf2.eval
Analyzed hf_dataset/logs_pr16_b894d88_fresh/2026-07-23T21-29-18-00-00_hf-danish-foundation-models-multilingual-gsm-symbolic-original-jpn@refs-pr-16-original-jpn_TYSmQ96Do7hYdmxAcgStrd.eval
Analyzed hf_dataset/logs_pr16_b894d88_fresh/2026-07-23T16-59-08-00-00_hf-danish-foundation-models-multilingual-gsm-symbolic-synthetic-rus@refs-pr-16-synthetic-rus_gUagKFouQSUtQFbKyRBfnk.eval
Analyzed hf_dataset/logs_pr16_b894d88_fresh/2026-07-23T21-29-18-00-00_hf-danish-foundation-models-multilingual-gsm-symbolic-original-nld@refs-pr-16-original-nld_8gf7hvFts2ReA4Rn7zBrSw.eval
Analyzed hf_dataset/logs_pr16_b894d88_fresh/2026-07-23T21-29-18-00-00_hf-danish-foundation-models-multilingual-gsm-symbolic-original-rus@refs-pr-16-original-rus_mWi3GcweTmn9Vxx2J8DKNW.eval
Analyzed hf_dataset/logs_pr16_b894d88_fresh/2026-07-23T21-29-18-00-00_hf-danish-foundation-models-multilingual-gsm-symbolic-original-mar@refs-pr-16-original-mar_3y5QVtv9bb7Spu3DLAwEmh.eval
Analyzed hf_dataset/logs_pr16_b894d88_fresh/2026-07-23T21-29-18-00-00_hf-danish-foundation-models-multilingual-gsm-symbolic-original-zho@refs-pr-16-original-zho_XafN54gCRFF2L3q6Ni6tFM.eval
Analyzed hf_dataset/logs_pr16_b894d88_fresh/2026-07-23T16-59-09-00-00_hf-danish-foundation-models-multilingual-gsm-symbolic-synthetic-ukr@refs-pr-16-synthetic-ukr_RNXn9T29nXMBueSf5hhm7Y.eval
Analyzed hf_dataset/logs_pr16_b894d88_fresh/2026-07-23T16-59-09-00-00_hf-danish-foundation-models-multilingual-gsm-symbolic-synthetic-est@refs-pr-16-synthetic-est_8RLU4QmWXGRKVLYRH4isfU.eval
Analyzed hf_dataset/logs_pr16_b894d88_fresh/2026-07-23T21-29-19-00-00_hf-danish-foundation-models-multilingual-gsm-symbolic-original-eng-metric@refs-pr-16-original-eng-metric_9VrJjCojfHyRhka7LYRAqK.eval
Analyzed hf_dataset/logs_pr16_b894d88_fresh/2026-07-23T18-24-36-00-00_hf-danish-foundation-models-multilingual-gsm-symbolic-synthetic-nob@refs-pr-16-synthetic-nob_H3N23gjLabfUfBFRACA8x4.eval
Analyzed hf_dataset/logs_pr16_b894d88_fresh/2026-07-23T21-29-19-00-00_hf-danish-foundation-models-multilingual-gsm-symbolic-original-est@refs-pr-16-original-est_7RTNjKqo2Sx72BAbyv7vrM.eval
Analyzed hf_dataset/logs_pr16_b894d88_fresh/2026-07-23T21-29-19-00-00_hf-danish-foundation-models-multilingual-gsm-symbolic-original-ukr@refs-pr-16-original-ukr_isUTRRFbuRrKfyvi87gqrY.eval
Analyzed hf_dataset/logs_pr16_b894d88_fresh/2026-07-23T18-24-35-00-00_hf-danish-foundation-models-multilingual-gsm-symbolic-synthetic-eng@refs-pr-16-synthetic-eng_BQDkt9ChmJaLmVegffRXS8.eval
Analyzed hf_dataset/logs_pr16_b894d88_fresh/2026-07-23T18-24-36-00-00_hf-danish-foundation-models-multilingual-gsm-symbolic-synthetic-deu@refs-pr-16-synthetic-deu_Zwa87xbz3rj5P5uLad3K6Q.eval
Analyzed hf_dataset/logs_pr16_b894d88_fresh/2026-07-23T18-24-36-00-00_hf-danish-foundation-models-multilingual-gsm-symbolic-synthetic-isl@refs-pr-16-synthetic-isl_FkrdJkmcrx2idea28gNPWz.eval
Analyzed hf_dataset/logs_pr16_b894d88_fresh/2026-07-23T22-08-12-00-00_hf-danish-foundation-models-multilingual-gsm-symbolic-original-dan@refs-pr-16-original-dan_Y4ShH99HScrvFZkYhXwAL7.eval
Analyzed hf_dataset/logs_pr16_b894d88_fresh/2026-07-23T22-08-12-00-00_hf-danish-foundation-models-multilingual-gsm-symbolic-original-eng@refs-pr-16-original-eng_hBdbTaySQa6i6fKRR9tMU5.eval
Analyzed hf_dataset/logs_pr16_b894d88_fresh/2026-07-23T18-24-36-00-00_hf-danish-foundation-models-multilingual-gsm-symbolic-synthetic-dan@refs-pr-16-synthetic-dan_hGwfU6tRCFscqpU2ZCkD6X.eval
Analyzed hf_dataset/logs_pr16_b894d88_fresh/2026-07-23T18-24-38-00-00_hf-danish-foundation-models-multilingual-gsm-symbolic-synthetic-ita@refs-pr-16-synthetic-ita_4HoGHASoziehigAy2mkVWD.eval
Analyzed hf_dataset/logs_pr16_b894d88_fresh/2026-07-23T22-08-12-00-00_hf-danish-foundation-models-multilingual-gsm-symbolic-original-nob@refs-pr-16-original-nob_JhQj5DF8hkKqkkye6XnNa5.eval
Analyzed hf_dataset/logs_pr16_b894d88_fresh/2026-07-23T18-24-37-00-00_hf-danish-foundation-models-multilingual-gsm-symbolic-synthetic-fra@refs-pr-16-synthetic-fra_NQdgAQ6MPUR2potuBxAt7i.eval
Analyzed hf_dataset/logs_pr16_b894d88_fresh/2026-07-23T22-08-13-00-00_hf-danish-foundation-models-multilingual-gsm-symbolic-original-ara@refs-pr-16-original-ara_HkKmcBqafYycZbTM3oWr8T.eval
Analyzed hf_dataset/logs_pr16_b894d88_fresh/2026-07-23T22-08-13-00-00_hf-danish-foundation-models-multilingual-gsm-symbolic-original-deu@refs-pr-16-original-deu_WPUHX763ciq6Xp2Pfw9nt7.eval
Analyzed hf_dataset/logs_pr16_b894d88_fresh/2026-07-23T18-24-38-00-00_hf-danish-foundation-models-multilingual-gsm-symbolic-synthetic-zho@refs-pr-16-synthetic-zho_354woPK98QdZ99F9pXTXST.eval
Analyzed hf_dataset/logs_pr16_b894d88_fresh/2026-07-23T22-08-13-00-00_hf-danish-foundation-models-multilingual-gsm-symbolic-original-fra@refs-pr-16-original-fra_KU7CzMPDRTzMySATye65kG.eval
Analyzed hf_dataset/logs_pr16_b894d88_fresh/2026-07-23T22-08-13-00-00_hf-danish-foundation-models-multilingual-gsm-symbolic-original-hin@refs-pr-16-original-hin_DBathhRvk2854qrSekArTu.eval
Analyzed hf_dataset/logs_pr16_b894d88_fresh/2026-07-23T18-24-38-00-00_hf-danish-foundation-models-multilingual-gsm-symbolic-synthetic-nld@refs-pr-16-synthetic-nld_YaJCQuJW6xPfZsCmanraC2.eval
Analyzed hf_dataset/logs_pr16_b894d88_fresh/2026-07-23T22-08-13-00-00_hf-danish-foundation-models-multilingual-gsm-symbolic-original-isl@refs-pr-16-original-isl_BUpWEmhPZmXu4bTMFdzzp5.eval
Analyzed hf_dataset/logs_pr16_b894d88_fresh/2026-07-23T18-24-38-00-00_hf-danish-foundation-models-multilingual-gsm-symbolic-synthetic-rus@refs-pr-16-synthetic-rus_Qr2cAXUzCZ9nfbDRoMvJRL.eval
Analyzed hf_dataset/logs_pr16_b894d88_fresh/2026-07-23T22-08-13-00-00_hf-danish-foundation-models-multilingual-gsm-symbolic-original-mar@refs-pr-16-original-mar_cVs6exZuMN6ET2szZV4aym.eval
Analyzed hf_dataset/logs_pr16_b894d88_fresh/2026-07-23T21-29-17-00-00_hf-danish-foundation-models-multilingual-gsm-symbolic-synthetic-deu@refs-pr-16-synthetic-deu_NEBw4hNaoqjuqcw9SA4fXf.eval
Analyzed hf_dataset/logs_pr16_b894d88_fresh/2026-07-23T18-24-37-00-00_hf-danish-foundation-models-multilingual-gsm-symbolic-synthetic-ara@refs-pr-16-synthetic-ara_BxAZ2oQ8dnRCtPV3ikWc7d.eval
Analyzed hf_dataset/logs_pr16_b894d88_fresh/2026-07-23T21-29-17-00-00_hf-danish-foundation-models-multilingual-gsm-symbolic-synthetic-ara@refs-pr-16-synthetic-ara_SJBQDyX5EtUntkNoBSQnpr.eval
Analyzed hf_dataset/logs_pr16_b894d88_fresh/2026-07-23T21-29-17-00-00_hf-danish-foundation-models-multilingual-gsm-symbolic-synthetic-dan@refs-pr-16-synthetic-dan_EThmXmVrnXp7SfmMFQFbj3.eval
Analyzed hf_dataset/logs_pr16_b894d88_fresh/2026-07-23T18-24-37-00-00_hf-danish-foundation-models-multilingual-gsm-symbolic-synthetic-mar@refs-pr-16-synthetic-mar_P8BMCZNG67aaPSPvtdcEBv.eval
Analyzed hf_dataset/logs_pr16_b894d88_fresh/2026-07-23T18-24-37-00-00_hf-danish-foundation-models-multilingual-gsm-symbolic-synthetic-hin@refs-pr-16-synthetic-hin_NrMAnAHvwEVxPL4dQhG2bM.eval
Analyzed hf_dataset/logs_pr16_b894d88_fresh/2026-07-23T21-29-17-00-00_hf-danish-foundation-models-multilingual-gsm-symbolic-synthetic-nob@refs-pr-16-synthetic-nob_YHjQV7iN2hhVUuWqkQrBkE.eval
Analyzed hf_dataset/logs_pr16_b894d88_fresh/2026-07-23T22-08-14-00-00_hf-danish-foundation-models-multilingual-gsm-symbolic-original-ita@refs-pr-16-original-ita_iDtKpkbtb7UPgk6YDW2cXS.eval
Analyzed hf_dataset/logs_pr16_b894d88_fresh/2026-07-23T22-08-14-00-00_hf-danish-foundation-models-multilingual-gsm-symbolic-original-nld@refs-pr-16-original-nld_PPhdHtVowYdmUQdmkw3en2.eval
Analyzed hf_dataset/logs_pr16_b894d88_fresh/2026-07-23T18-24-39-00-00_hf-danish-foundation-models-multilingual-gsm-symbolic-synthetic-est@refs-pr-16-synthetic-est_W3zxhqGaA7fqiJabiVeD7k.eval
Analyzed hf_dataset/logs_pr16_b894d88_fresh/2026-07-23T22-08-14-00-00_hf-danish-foundation-models-multilingual-gsm-symbolic-original-jpn@refs-pr-16-original-jpn_bTdyX3mbQGbjZx6LNo7dDc.eval
Analyzed hf_dataset/logs_pr16_b894d88_fresh/2026-07-23T22-08-14-00-00_hf-danish-foundation-models-multilingual-gsm-symbolic-original-rus@refs-pr-16-original-rus_hYVuVq4Fo4RefAoYzxwVzm.eval
Analyzed hf_dataset/logs_pr16_b894d88_fresh/2026-07-23T18-24-39-00-00_hf-danish-foundation-models-multilingual-gsm-symbolic-synthetic-eng-metric@refs-pr-16-synthetic-eng-metric_3oU53yJ9mPu526hnMH4efh.eval
Analyzed hf_dataset/logs_pr16_b894d88_fresh/2026-07-23T22-08-14-00-00_hf-danish-foundation-models-multilingual-gsm-symbolic-original-ukr@refs-pr-16-original-ukr_2beVeQtohNEu744AohoWFE.eval
Analyzed hf_dataset/logs_pr16_b894d88_fresh/2026-07-23T22-08-14-00-00_hf-danish-foundation-models-multilingual-gsm-symbolic-original-zho@refs-pr-16-original-zho_3gjKiMWJVDdn4CPb9qVY9d.eval
Analyzed hf_dataset/logs_pr16_b894d88_fresh/2026-07-23T21-29-17-00-00_hf-danish-foundation-models-multilingual-gsm-symbolic-synthetic-hin@refs-pr-16-synthetic-hin_eMZeHSG5QK8CL9rbpw2FEU.eval
Analyzed hf_dataset/logs_pr16_b894d88_fresh/2026-07-23T18-24-39-00-00_hf-danish-foundation-models-multilingual-gsm-symbolic-synthetic-jpn@refs-pr-16-synthetic-jpn_H6VDPBgv8cjYQjiNjQNiRJ.eval
Analyzed hf_dataset/logs_pr16_b894d88_fresh/2026-07-23T18-24-39-00-00_hf-danish-foundation-models-multilingual-gsm-symbolic-synthetic-ukr@refs-pr-16-synthetic-ukr_WctbtjsncqAANHKEMYQsF9.eval
Analyzed hf_dataset/logs_pr16_b894d88_fresh/2026-07-23T22-08-15-00-00_hf-danish-foundation-models-multilingual-gsm-symbolic-original-eng-metric@refs-pr-16-original-eng-metric_RyZzuqHqGhs88HJvq7n6PT.eval
Analyzed hf_dataset/logs_pr16_b894d88_fresh/2026-07-23T22-08-15-00-00_hf-danish-foundation-models-multilingual-gsm-symbolic-original-est@refs-pr-16-original-est_TFHx36WqHvqJAZkRq8VxxY.eval
Analyzed hf_dataset/logs_pr16_b894d88_fresh/2026-07-23T21-29-18-00-00_hf-danish-foundation-models-multilingual-gsm-symbolic-synthetic-fra@refs-pr-16-synthetic-fra_5N8HZpmfT8vk3axmPFGvym.eval
Analyzed hf_dataset/logs_pr16_b894d88_fresh/2026-07-23T21-29-16-00-00_hf-danish-foundation-models-multilingual-gsm-symbolic-synthetic-eng@refs-pr-16-synthetic-eng_fhNCzdwH3GVtP3FKTTy7S9.eval
Analyzed hf_dataset/logs_pr16_b894d88_fresh/2026-07-23T21-29-18-00-00_hf-danish-foundation-models-multilingual-gsm-symbolic-synthetic-mar@refs-pr-16-synthetic-mar_FgHBsVFZXRLt9RN9efca99.eval
Analyzed hf_dataset/logs_pr16_b894d88_fresh/2026-07-24T01-35-11-00-00_hf-danish-foundation-models-multilingual-gsm-symbolic-original-dan@refs-pr-16-original-dan_9FhYyqM47vKpuLxw857KTi.eval
Analyzed hf_dataset/logs_pr16_b894d88_fresh/2026-07-23T21-29-18-00-00_hf-danish-foundation-models-multilingual-gsm-symbolic-synthetic-nld@refs-pr-16-synthetic-nld_LzT3h6mr3uVdMg6arbTvvu.eval
Analyzed hf_dataset/logs_pr16_b894d88_fresh/2026-07-24T01-35-11-00-00_hf-danish-foundation-models-multilingual-gsm-symbolic-original-eng@refs-pr-16-original-eng_B2t968njtN6ANjA8NUAXTC.eval
Analyzed hf_dataset/logs_pr16_b894d88_fresh/2026-07-23T21-29-17-00-00_hf-danish-foundation-models-multilingual-gsm-symbolic-synthetic-isl@refs-pr-16-synthetic-isl_DaDWqxLHCxRp48dVPvwf9s.eval
Analyzed hf_dataset/logs_pr16_b894d88_fresh/2026-07-23T21-29-18-00-00_hf-danish-foundation-models-multilingual-gsm-symbolic-synthetic-ita@refs-pr-16-synthetic-ita_3JzmcUskS5YunTqJuX3VMF.eval
Analyzed hf_dataset/logs_pr16_b894d88_fresh/2026-07-24T01-35-12-00-00_hf-danish-foundation-models-multilingual-gsm-symbolic-original-deu@refs-pr-16-original-deu_o8To8CJMvEfR8JUE5mWEKt.eval
Analyzed hf_dataset/logs_pr16_b894d88_fresh/2026-07-24T01-35-12-00-00_hf-danish-foundation-models-multilingual-gsm-symbolic-original-nob@refs-pr-16-original-nob_NNVV976E4hHj4RH8q2uxHw.eval
Analyzed hf_dataset/logs_pr16_b894d88_fresh/2026-07-24T01-35-12-00-00_hf-danish-foundation-models-multilingual-gsm-symbolic-original-isl@refs-pr-16-original-isl_bb8ZnMXWcFFHkrJA8YSJbi.eval
Analyzed hf_dataset/logs_pr16_b894d88_fresh/2026-07-24T01-35-13-00-00_hf-danish-foundation-models-multilingual-gsm-symbolic-original-fra@refs-pr-16-original-fra_Aw924QQrCN3MH4CCxaiKcV.eval
Analyzed hf_dataset/logs_pr16_b894d88_fresh/2026-07-23T21-29-18-00-00_hf-danish-foundation-models-multilingual-gsm-symbolic-synthetic-zho@refs-pr-16-synthetic-zho_8nGcsdd5hcxuSVN4kn2E7i.eval
Analyzed hf_dataset/logs_pr16_b894d88_fresh/2026-07-24T01-35-13-00-00_hf-danish-foundation-models-multilingual-gsm-symbolic-original-ara@refs-pr-16-original-ara_ZDXztiGahFjFpR8cyVtfSs.eval
Analyzed hf_dataset/logs_pr16_b894d88_fresh/2026-07-23T21-29-18-00-00_hf-danish-foundation-models-multilingual-gsm-symbolic-synthetic-rus@refs-pr-16-synthetic-rus_9JKzcmYGBK3J49YvVrEayN.eval
Analyzed hf_dataset/logs_pr16_b894d88_fresh/2026-07-23T21-29-19-00-00_hf-danish-foundation-models-multilingual-gsm-symbolic-synthetic-eng-metric@refs-pr-16-synthetic-eng-metric_9V9urvpXU5BNdMbYaNsD5j.eval
Analyzed hf_dataset/logs_pr16_b894d88_fresh/2026-07-24T01-35-13-00-00_hf-danish-foundation-models-multilingual-gsm-symbolic-original-hin@refs-pr-16-original-hin_H7SSV9WTN5PGyj7KDncJiW.eval
Analyzed hf_dataset/logs_pr16_b894d88_fresh/2026-07-23T21-29-19-00-00_hf-danish-foundation-models-multilingual-gsm-symbolic-synthetic-est@refs-pr-16-synthetic-est_NTuPuuVek8TN2BXXe2Fvi6.eval
Analyzed hf_dataset/logs_pr16_b894d88_fresh/2026-07-24T01-35-13-00-00_hf-danish-foundation-models-multilingual-gsm-symbolic-original-mar@refs-pr-16-original-mar_iej6zRzGZzVHWyqx6bHWKX.eval
Analyzed hf_dataset/logs_pr16_b894d88_fresh/2026-07-24T01-35-14-00-00_hf-danish-foundation-models-multilingual-gsm-symbolic-original-ita@refs-pr-16-original-ita_MWU3TV7SWjPVZkjzYYAAJU.eval
Analyzed hf_dataset/logs_pr16_b894d88_fresh/2026-07-24T01-35-14-00-00_hf-danish-foundation-models-multilingual-gsm-symbolic-original-nld@refs-pr-16-original-nld_EfwiAkrucYoFswbDczM4Gb.eval
Analyzed hf_dataset/logs_pr16_b894d88_fresh/2026-07-23T21-29-19-00-00_hf-danish-foundation-models-multilingual-gsm-symbolic-synthetic-jpn@refs-pr-16-synthetic-jpn_Jz8nN9yXdhwLy3xAf8EfGG.eval
Analyzed hf_dataset/logs_pr16_b894d88_fresh/2026-07-24T01-35-14-00-00_hf-danish-foundation-models-multilingual-gsm-symbolic-original-rus@refs-pr-16-original-rus_ikJxNJ9L2iqfuzqiKEjbRi.eval
Analyzed hf_dataset/logs_pr16_b894d88_fresh/2026-07-24T01-35-14-00-00_hf-danish-foundation-models-multilingual-gsm-symbolic-original-zho@refs-pr-16-original-zho_Nd5yrezQevbfrzc26ejJrb.eval
Analyzed hf_dataset/logs_pr16_b894d88_fresh/2026-07-24T01-35-15-00-00_hf-danish-foundation-models-multilingual-gsm-symbolic-original-eng-metric@refs-pr-16-original-eng-metric_52rrFFrrxqHwzZySvebxec.eval
Analyzed hf_dataset/logs_pr16_b894d88_fresh/2026-07-23T21-29-19-00-00_hf-danish-foundation-models-multilingual-gsm-symbolic-synthetic-ukr@refs-pr-16-synthetic-ukr_23QhmeYhVSuyifujC4wdt6.eval
Analyzed hf_dataset/logs_pr16_b894d88_fresh/2026-07-24T01-35-15-00-00_hf-danish-foundation-models-multilingual-gsm-symbolic-original-jpn@refs-pr-16-original-jpn_B7YPtjHHSaB7kkayb6VkP6.eval
Analyzed hf_dataset/logs_pr16_b894d88_fresh/2026-07-24T01-35-15-00-00_hf-danish-foundation-models-multilingual-gsm-symbolic-original-est@refs-pr-16-original-est_2wTmn42J4qRH3QVEaxojg9.eval
Analyzed hf_dataset/logs_pr16_b894d88_fresh/2026-07-24T01-35-15-00-00_hf-danish-foundation-models-multilingual-gsm-symbolic-original-ukr@refs-pr-16-original-ukr_3oidjoVyj8inXtszD2h9UH.eval
Analyzed hf_dataset/logs_pr16_b894d88_fresh/2026-07-23T22-08-13-00-00_hf-danish-foundation-models-multilingual-gsm-symbolic-synthetic-deu@refs-pr-16-synthetic-deu_crQsVdE7g9GBGsQaVJhicC.eval
Analyzed hf_dataset/logs_pr16_b894d88_fresh/2026-07-23T22-08-12-00-00_hf-danish-foundation-models-multilingual-gsm-symbolic-synthetic-dan@refs-pr-16-synthetic-dan_avSgMLEUthfESbj4p3YSv2.eval
Analyzed hf_dataset/logs_pr16_b894d88_fresh/2026-07-23T22-08-13-00-00_hf-danish-foundation-models-multilingual-gsm-symbolic-synthetic-ara@refs-pr-16-synthetic-ara_kpRYuUGvY5F9rZCNYzd4Y6.eval
Analyzed hf_dataset/logs_pr16_b894d88_fresh/2026-07-24T03-31-56-00-00_hf-danish-foundation-models-multilingual-gsm-symbolic-original-eng@refs-pr-16-original-eng_QtrD4FnmJgojDfQjuxkiZq.eval
Analyzed hf_dataset/logs_pr16_b894d88_fresh/2026-07-24T01-35-12-00-00_hf-danish-foundation-models-multilingual-gsm-symbolic-synthetic-dan@refs-pr-16-synthetic-dan_Gv3KfKWW8GFexzYMMMqgG9.eval
Analyzed hf_dataset/logs_pr16_b894d88_fresh/2026-07-23T22-08-14-00-00_hf-danish-foundation-models-multilingual-gsm-symbolic-synthetic-jpn@refs-pr-16-synthetic-jpn_KmcCo5upRgLa4kqmw5CrQ2.eval
Analyzed hf_dataset/logs_pr16_b894d88_fresh/2026-07-24T03-31-57-00-00_hf-danish-foundation-models-multilingual-gsm-symbolic-original-dan@refs-pr-16-original-dan_aJf5wpyiHd9NQtSufHUhPx.eval
Analyzed hf_dataset/logs_pr16_b894d88_fresh/2026-07-23T22-08-13-00-00_hf-danish-foundation-models-multilingual-gsm-symbolic-synthetic-nob@refs-pr-16-synthetic-nob_URM8U3SMsKZ8MSWeHrH6Gx.eval
Analyzed hf_dataset/logs_pr16_b894d88_fresh/2026-07-24T01-35-11-00-00_hf-danish-foundation-models-multilingual-gsm-symbolic-synthetic-eng@refs-pr-16-synthetic-eng_P8NhGWhZenxFfdemcNAEpQ.eval
Analyzed hf_dataset/logs_pr16_b894d88_fresh/2026-07-23T22-08-12-00-00_hf-danish-foundation-models-multilingual-gsm-symbolic-synthetic-eng@refs-pr-16-synthetic-eng_AJn3jr3QswUR8SjjroXZvY.eval
Analyzed hf_dataset/logs_pr16_b894d88_fresh/2026-07-24T03-31-57-00-00_hf-danish-foundation-models-multilingual-gsm-symbolic-original-deu@refs-pr-16-original-deu_X7NPY9Mbiz8F3dsL6UhnRo.eval
Analyzed hf_dataset/logs_pr16_b894d88_fresh/2026-07-24T01-35-13-00-00_hf-danish-foundation-models-multilingual-gsm-symbolic-synthetic-ara@refs-pr-16-synthetic-ara_XGDwtMcxespG6L2PkPo4F4.eval
Analyzed hf_dataset/logs_pr16_b894d88_fresh/2026-07-23T22-08-14-00-00_hf-danish-foundation-models-multilingual-gsm-symbolic-synthetic-fra@refs-pr-16-synthetic-fra_nWpMgy8Y9QkFFUzvX5MfFk.eval
Analyzed hf_dataset/logs_pr16_b894d88_fresh/2026-07-24T03-31-57-00-00_hf-danish-foundation-models-multilingual-gsm-symbolic-original-isl@refs-pr-16-original-isl_dAVAK2fGusurDec4yaM6Fc.eval
Analyzed hf_dataset/logs_pr16_b894d88_fresh/2026-07-24T03-31-57-00-00_hf-danish-foundation-models-multilingual-gsm-symbolic-original-nob@refs-pr-16-original-nob_FWYUCRgKPKTMct42AEY6Ua.eval
Analyzed hf_dataset/logs_pr16_b894d88_fresh/2026-07-23T22-08-13-00-00_hf-danish-foundation-models-multilingual-gsm-symbolic-synthetic-hin@refs-pr-16-synthetic-hin_6hDdXExBnos4atR664kZhs.eval
Analyzed hf_dataset/logs_pr16_b894d88_fresh/2026-07-24T01-35-12-00-00_hf-danish-foundation-models-multilingual-gsm-symbolic-synthetic-deu@refs-pr-16-synthetic-deu_TtmaM6mEYMknqEAiUSACZi.eval
Analyzed hf_dataset/logs_pr16_b894d88_fresh/2026-07-23T22-08-14-00-00_hf-danish-foundation-models-multilingual-gsm-symbolic-synthetic-ita@refs-pr-16-synthetic-ita_edkTK8RzqAtiqygA32q8T5.eval
Analyzed hf_dataset/logs_pr16_b894d88_fresh/2026-07-23T22-08-14-00-00_hf-danish-foundation-models-multilingual-gsm-symbolic-synthetic-nld@refs-pr-16-synthetic-nld_CPpKDU3JrhWMaKiCqSSBuu.eval
Analyzed hf_dataset/logs_pr16_b894d88_fresh/2026-07-24T03-31-58-00-00_hf-danish-foundation-models-multilingual-gsm-symbolic-original-ara@refs-pr-16-original-ara_bqmR9FRq79YkZf2Nxq2Rb6.eval
Analyzed hf_dataset/logs_pr16_b894d88_fresh/2026-07-24T01-35-12-00-00_hf-danish-foundation-models-multilingual-gsm-symbolic-synthetic-nob@refs-pr-16-synthetic-nob_oYh5zpiVpRqufemHzfnhat.eval
Analyzed hf_dataset/logs_pr16_b894d88_fresh/2026-07-24T03-31-58-00-00_hf-danish-foundation-models-multilingual-gsm-symbolic-original-mar@refs-pr-16-original-mar_mBWd4gjCT2wWFuAwNCPf7A.eval
Analyzed hf_dataset/logs_pr16_b894d88_fresh/2026-07-24T03-31-58-00-00_hf-danish-foundation-models-multilingual-gsm-symbolic-original-hin@refs-pr-16-original-hin_hmW5oBvAwRf6cZVioNBMy5.eval
Analyzed hf_dataset/logs_pr16_b894d88_fresh/2026-07-24T01-35-14-00-00_hf-danish-foundation-models-multilingual-gsm-symbolic-synthetic-ita@refs-pr-16-synthetic-ita_R8wSVuehyPGmz9zr4Fiofu.eval
Analyzed hf_dataset/logs_pr16_b894d88_fresh/2026-07-23T22-08-14-00-00_hf-danish-foundation-models-multilingual-gsm-symbolic-synthetic-zho@refs-pr-16-synthetic-zho_NScd49FbWTPD9nDTkGmpry.eval
Analyzed hf_dataset/logs_pr16_b894d88_fresh/2026-07-23T22-08-13-00-00_hf-danish-foundation-models-multilingual-gsm-symbolic-synthetic-mar@refs-pr-16-synthetic-mar_mA8uHgEVYpepEQCH2cgsuA.eval
Analyzed hf_dataset/logs_pr16_b894d88_fresh/2026-07-24T03-31-59-00-00_hf-danish-foundation-models-multilingual-gsm-symbolic-original-ita@refs-pr-16-original-ita_Ee7SWZWQ362HLExRe9aUiv.eval
Analyzed hf_dataset/logs_pr16_b894d88_fresh/2026-07-24T01-35-14-00-00_hf-danish-foundation-models-multilingual-gsm-symbolic-synthetic-nld@refs-pr-16-synthetic-nld_bD8Yve6YkbjszeRT6uSUjR.eval
Analyzed hf_dataset/logs_pr16_b894d88_fresh/2026-07-24T03-31-59-00-00_hf-danish-foundation-models-multilingual-gsm-symbolic-original-fra@refs-pr-16-original-fra_eVZnR5fkMZmiUxzNVBcySs.eval
Analyzed hf_dataset/logs_pr16_b894d88_fresh/2026-07-24T03-31-59-00-00_hf-danish-foundation-models-multilingual-gsm-symbolic-original-rus@refs-pr-16-original-rus_nAaybrFLksArK7PSZMfRNz.eval
Analyzed hf_dataset/logs_pr16_b894d88_fresh/2026-07-23T22-08-14-00-00_hf-danish-foundation-models-multilingual-gsm-symbolic-synthetic-ukr@refs-pr-16-synthetic-ukr_gALNAUaDFY585zswJVwpj2.eval
Analyzed hf_dataset/logs_pr16_b894d88_fresh/2026-07-24T03-31-59-00-00_hf-danish-foundation-models-multilingual-gsm-symbolic-original-nld@refs-pr-16-original-nld_Rg9nKQ35w96vBBL77fkxRA.eval
Analyzed hf_dataset/logs_pr16_b894d88_fresh/2026-07-24T01-35-13-00-00_hf-danish-foundation-models-multilingual-gsm-symbolic-synthetic-mar@refs-pr-16-synthetic-mar_3EF9beBuwnPUNfTiQgppBv.eval
Analyzed hf_dataset/logs_pr16_b894d88_fresh/2026-07-24T03-32-00-00-00_hf-danish-foundation-models-multilingual-gsm-symbolic-original-jpn@refs-pr-16-original-jpn_eDH6gprKXWBamvZjcDC2Ut.eval
Analyzed hf_dataset/logs_pr16_b894d88_fresh/2026-07-24T01-35-13-00-00_hf-danish-foundation-models-multilingual-gsm-symbolic-synthetic-fra@refs-pr-16-synthetic-fra_mqSVrsPhyiD3eEoMXaGLpx.eval
Analyzed hf_dataset/logs_pr16_b894d88_fresh/2026-07-24T03-32-00-00-00_hf-danish-foundation-models-multilingual-gsm-symbolic-original-ukr@refs-pr-16-original-ukr_2iRk2odmfWK6pJtaGbBPnA.eval
Analyzed hf_dataset/logs_pr16_b894d88_fresh/2026-07-24T03-32-00-00-00_hf-danish-foundation-models-multilingual-gsm-symbolic-original-zho@refs-pr-16-original-zho_6jyEPnWdREQsnzdiy7VEfM.eval
Analyzed hf_dataset/logs_pr16_b894d88_fresh/2026-07-24T01-35-14-00-00_hf-danish-foundation-models-multilingual-gsm-symbolic-synthetic-zho@refs-pr-16-synthetic-zho_65zUzGy8SYUDGbZcfnDQHB.eval
Analyzed hf_dataset/logs_pr16_b894d88_fresh/2026-07-24T01-35-13-00-00_hf-danish-foundation-models-multilingual-gsm-symbolic-synthetic-hin@refs-pr-16-synthetic-hin_jSaehmCR7LsBsHyiDCk5WX.eval
Analyzed hf_dataset/logs_pr16_b894d88_fresh/2026-07-23T22-08-15-00-00_hf-danish-foundation-models-multilingual-gsm-symbolic-synthetic-eng-metric@refs-pr-16-synthetic-eng-metric_PjH4WVi9vfyju4vD7ANpCP.eval
Analyzed hf_dataset/logs_pr16_b894d88_fresh/2026-07-24T03-32-01-00-00_hf-danish-foundation-models-multilingual-gsm-symbolic-original-est@refs-pr-16-original-est_5v8qEkmqi5ZJ5KHS7JMBMi.eval
Analyzed hf_dataset/logs_pr16_b894d88_fresh/2026-07-23T22-08-13-00-00_hf-danish-foundation-models-multilingual-gsm-symbolic-synthetic-isl@refs-pr-16-synthetic-isl_hunb4GiNHcMYb3FCLNWf6F.eval
Analyzed hf_dataset/logs_pr16_b894d88_fresh/2026-07-23T22-08-14-00-00_hf-danish-foundation-models-multilingual-gsm-symbolic-synthetic-rus@refs-pr-16-synthetic-rus_EohuiDamUMGQxYRANmCrL2.eval
Analyzed hf_dataset/logs_pr16_b894d88_fresh/2026-07-24T06-27-47-00-00_hf-danish-foundation-models-multilingual-gsm-symbolic-original-dan@refs-pr-16-original-dan_eStu6RPxxfH58PArfRMxMj.eval
Analyzed hf_dataset/logs_pr16_b894d88_fresh/2026-07-24T03-32-01-00-00_hf-danish-foundation-models-multilingual-gsm-symbolic-original-eng-metric@refs-pr-16-original-eng-metric_ABHjwN8z5tdnzxZ5xqePgY.eval
Analyzed hf_dataset/logs_pr16_b894d88_fresh/2026-07-24T01-35-14-00-00_hf-danish-foundation-models-multilingual-gsm-symbolic-synthetic-rus@refs-pr-16-synthetic-rus_h5SUahkSkEufw38j4jmZYV.eval
Analyzed hf_dataset/logs_pr16_b894d88_fresh/2026-07-24T06-27-47-00-00_hf-danish-foundation-models-multilingual-gsm-symbolic-original-nob@refs-pr-16-original-nob_W3P3ikzht3NAyHcCBNWffR.eval
Analyzed hf_dataset/logs_pr16_b894d88_fresh/2026-07-24T06-27-47-00-00_hf-danish-foundation-models-multilingual-gsm-symbolic-original-eng@refs-pr-16-original-eng_ZeZA6QUh77eLpQ6WXnYuDN.eval
Analyzed hf_dataset/logs_pr16_b894d88_fresh/2026-07-24T01-35-12-00-00_hf-danish-foundation-models-multilingual-gsm-symbolic-synthetic-isl@refs-pr-16-synthetic-isl_c77ft6xyqhQoiTRPHP9WFf.eval
Analyzed hf_dataset/logs_pr16_b894d88_fresh/2026-07-24T06-27-48-00-00_hf-danish-foundation-models-multilingual-gsm-symbolic-original-deu@refs-pr-16-original-deu_Jqs7xfxdovpSanJ36GheBL.eval
Analyzed hf_dataset/logs_pr16_b894d88_fresh/2026-07-24T06-27-48-00-00_hf-danish-foundation-models-multilingual-gsm-symbolic-original-ara@refs-pr-16-original-ara_fXRYG3hCULXLbnzoEYQeit.eval
Analyzed hf_dataset/logs_pr16_b894d88_fresh/2026-07-24T06-27-48-00-00_hf-danish-foundation-models-multilingual-gsm-symbolic-original-isl@refs-pr-16-original-isl_nfnpdFSukCzojmA32UaSpX.eval
Analyzed hf_dataset/logs_pr16_b894d88_fresh/2026-07-24T01-35-15-00-00_hf-danish-foundation-models-multilingual-gsm-symbolic-synthetic-est@refs-pr-16-synthetic-est_SZd2cd4ubhEK2QukZKHu7Z.eval
Analyzed hf_dataset/logs_pr16_b894d88_fresh/2026-07-24T06-27-49-00-00_hf-danish-foundation-models-multilingual-gsm-symbolic-original-hin@refs-pr-16-original-hin_iMcqaxaLwr79XzEzV7ABMf.eval
Analyzed hf_dataset/logs_pr16_b894d88_fresh/2026-07-24T06-27-49-00-00_hf-danish-foundation-models-multilingual-gsm-symbolic-original-fra@refs-pr-16-original-fra_Qcxds8ysTghCpQZZUvkNP6.eval
Analyzed hf_dataset/logs_pr16_b894d88_fresh/2026-07-24T06-27-49-00-00_hf-danish-foundation-models-multilingual-gsm-symbolic-original-mar@refs-pr-16-original-mar_kqXjoKftASTKoTHyuZWjCM.eval
Analyzed hf_dataset/logs_pr16_b894d88_fresh/2026-07-24T06-27-50-00-00_hf-danish-foundation-models-multilingual-gsm-symbolic-original-ita@refs-pr-16-original-ita_ejwytAJzR5NWEkTtEgTVkz.eval
Analyzed hf_dataset/logs_pr16_b894d88_fresh/2026-07-23T22-08-15-00-00_hf-danish-foundation-models-multilingual-gsm-symbolic-synthetic-est@refs-pr-16-synthetic-est_AbqSCUCQDzgkhywbd3sVkJ.eval
Analyzed hf_dataset/logs_pr16_b894d88_fresh/2026-07-24T06-27-50-00-00_hf-danish-foundation-models-multilingual-gsm-symbolic-original-nld@refs-pr-16-original-nld_ENDNHKTpBM9c8UNjjQqrwT.eval
Analyzed hf_dataset/logs_pr16_b894d88_fresh/2026-07-24T06-27-50-00-00_hf-danish-foundation-models-multilingual-gsm-symbolic-original-rus@refs-pr-16-original-rus_Urr7zztVLjDHypm59SNsch.eval
Analyzed hf_dataset/logs_pr16_b894d88_fresh/2026-07-24T06-27-50-00-00_hf-danish-foundation-models-multilingual-gsm-symbolic-original-zho@refs-pr-16-original-zho_KM7XmhoTbsfyNBFzTesGEf.eval
Analyzed hf_dataset/logs_pr16_b894d88_fresh/2026-07-24T01-35-15-00-00_hf-danish-foundation-models-multilingual-gsm-symbolic-synthetic-jpn@refs-pr-16-synthetic-jpn_6beKbKYmtQtyFsfxAtQpGk.eval
Analyzed hf_dataset/logs_pr16_b894d88_fresh/2026-07-24T01-35-15-00-00_hf-danish-foundation-models-multilingual-gsm-symbolic-synthetic-eng-metric@refs-pr-16-synthetic-eng-metric_nhVafeLj7ucv6wjHCUyvd7.eval
Analyzed hf_dataset/logs_pr16_b894d88_fresh/2026-07-24T06-27-51-00-00_hf-danish-foundation-models-multilingual-gsm-symbolic-original-eng-metric@refs-pr-16-original-eng-metric_fPE22yYaNN4pBYoPoEHC5W.eval
Analyzed hf_dataset/logs_pr16_b894d88_fresh/2026-07-24T01-35-15-00-00_hf-danish-foundation-models-multilingual-gsm-symbolic-synthetic-ukr@refs-pr-16-synthetic-ukr_Lef5VNaEaKe3jCT7KtvpJv.eval
Analyzed hf_dataset/logs_pr16_b894d88_fresh/2026-07-24T06-27-51-00-00_hf-danish-foundation-models-multilingual-gsm-symbolic-original-ukr@refs-pr-16-original-ukr_VvuCoTSnM4Jxy8NZ7yvrRg.eval
Analyzed hf_dataset/logs_pr16_b894d88_fresh/2026-07-24T06-27-51-00-00_hf-danish-foundation-models-multilingual-gsm-symbolic-original-jpn@refs-pr-16-original-jpn_abEjqrYqinpuJqmhTZHKxL.eval
Analyzed hf_dataset/logs_pr16_b894d88_fresh/2026-07-24T03-31-57-00-00_hf-danish-foundation-models-multilingual-gsm-symbolic-synthetic-deu@refs-pr-16-synthetic-deu_HS2EnwDtGXRURTVrY4xnJZ.eval
Analyzed hf_dataset/logs_pr16_b894d88_fresh/2026-07-24T03-31-57-00-00_hf-danish-foundation-models-multilingual-gsm-symbolic-synthetic-nob@refs-pr-16-synthetic-nob_8LYieardToppQUQv7jSfb4.eval
Analyzed hf_dataset/logs_pr16_b894d88_fresh/2026-07-24T06-27-48-00-00_hf-danish-foundation-models-multilingual-gsm-symbolic-synthetic-nob@refs-pr-16-synthetic-nob_C3QdfEWq5RxTCTfrCiGMEC.eval
Analyzed hf_dataset/logs_pr16_b894d88_fresh/2026-07-24T03-31-59-00-00_hf-danish-foundation-models-multilingual-gsm-symbolic-synthetic-fra@refs-pr-16-synthetic-fra_HGztginZrS4Neev5hrVfTx.eval
Analyzed hf_dataset/logs_pr16_b894d88_fresh/2026-07-24T03-31-57-00-00_hf-danish-foundation-models-multilingual-gsm-symbolic-synthetic-dan@refs-pr-16-synthetic-dan_CUhaz2ogTMkA9jjskLa3bv.eval
Analyzed hf_dataset/logs_pr16_b894d88_fresh/2026-07-24T06-27-52-00-00_hf-danish-foundation-models-multilingual-gsm-symbolic-original-est@refs-pr-16-original-est_arwMAGo6usbmwi8GpPjAD3.eval
Analyzed hf_dataset/logs_pr16_b894d88_fresh/2026-07-24T03-32-00-00-00_hf-danish-foundation-models-multilingual-gsm-symbolic-synthetic-jpn@refs-pr-16-synthetic-jpn_GFXrppJrgqzDq2wEBTT4c3.eval
Analyzed hf_dataset/logs_pr16_b894d88_fresh/2026-07-24T06-27-47-00-00_hf-danish-foundation-models-multilingual-gsm-symbolic-synthetic-dan@refs-pr-16-synthetic-dan_eZNZqdyzXN62FQ96XjdL2V.eval
Analyzed hf_dataset/logs_pr16_b894d88_fresh/2026-07-24T03-31-59-00-00_hf-danish-foundation-models-multilingual-gsm-symbolic-synthetic-ita@refs-pr-16-synthetic-ita_6oSgDaz3q7xT2NntdRvTqn.eval
Analyzed hf_dataset/logs_pr16_b894d88_fresh/2026-07-24T03-31-59-00-00_hf-danish-foundation-models-multilingual-gsm-symbolic-synthetic-nld@refs-pr-16-synthetic-nld_NDiE8nYMSHxZqvtm7aLDjt.eval
Analyzed hf_dataset/logs_pr16_b894d88_fresh/2026-07-24T06-27-48-00-00_hf-danish-foundation-models-multilingual-gsm-symbolic-synthetic-ara@refs-pr-16-synthetic-ara_aKkGH8542b489RPXEpMCjS.eval
Analyzed hf_dataset/logs_pr16_b894d88_fresh/2026-07-24T07-08-46-00-00_hf-danish-foundation-models-multilingual-gsm-symbolic-original-nob@refs-pr-16-original-nob_2afjNkdbKanPc4CqpZUYWt.eval
Analyzed hf_dataset/logs_pr16_b894d88_fresh/2026-07-24T07-08-46-00-00_hf-danish-foundation-models-multilingual-gsm-symbolic-original-eng@refs-pr-16-original-eng_Wkghx7ftZK25UmbqaGcf2B.eval
Analyzed hf_dataset/logs_pr16_b894d88_fresh/2026-07-24T07-08-46-00-00_hf-danish-foundation-models-multilingual-gsm-symbolic-original-dan@refs-pr-16-original-dan_4iz3wiyEh8yQoxfLXSNUFo.eval
Analyzed hf_dataset/logs_pr16_b894d88_fresh/2026-07-24T06-27-49-00-00_hf-danish-foundation-models-multilingual-gsm-symbolic-synthetic-fra@refs-pr-16-synthetic-fra_gY4AFQ9gVdDh7niKugG92J.eval
Analyzed hf_dataset/logs_pr16_b894d88_fresh/2026-07-24T06-27-48-00-00_hf-danish-foundation-models-multilingual-gsm-symbolic-synthetic-isl@refs-pr-16-synthetic-isl_C65F5haab52CkqwM5je6VH.eval
Analyzed hf_dataset/logs_pr16_b894d88_fresh/2026-07-24T03-32-00-00-00_hf-danish-foundation-models-multilingual-gsm-symbolic-synthetic-ukr@refs-pr-16-synthetic-ukr_efxe3KGAwcna9sdrFFuqAz.eval
Analyzed hf_dataset/logs_pr16_b894d88_fresh/2026-07-24T07-08-47-00-00_hf-danish-foundation-models-multilingual-gsm-symbolic-original-ara@refs-pr-16-original-ara_eMPmECEFtK8bKrraGayoQK.eval
Analyzed hf_dataset/logs_pr16_b894d88_fresh/2026-07-24T03-31-57-00-00_hf-danish-foundation-models-multilingual-gsm-symbolic-synthetic-eng@refs-pr-16-synthetic-eng_NKoSqEUJZKJaGiNJXzsA6M.eval
Analyzed hf_dataset/logs_pr16_b894d88_fresh/2026-07-24T07-08-47-00-00_hf-danish-foundation-models-multilingual-gsm-symbolic-original-deu@refs-pr-16-original-deu_LxK2M3tXc4d8ku8P39T5h6.eval
Analyzed hf_dataset/logs_pr16_b894d88_fresh/2026-07-24T07-08-47-00-00_hf-danish-foundation-models-multilingual-gsm-symbolic-original-isl@refs-pr-16-original-isl_L6y34nvYLrLtSg2oPNdyez.eval
Analyzed hf_dataset/logs_pr16_b894d88_fresh/2026-07-24T03-31-58-00-00_hf-danish-foundation-models-multilingual-gsm-symbolic-synthetic-hin@refs-pr-16-synthetic-hin_UzTYeqXkXWaq687SXfqUUN.eval
Analyzed hf_dataset/logs_pr16_b894d88_fresh/2026-07-24T07-08-47-00-00_hf-danish-foundation-models-multilingual-gsm-symbolic-original-hin@refs-pr-16-original-hin_YWLJkQ6YA6ouV5wETPNGHi.eval
Analyzed hf_dataset/logs_pr16_b894d88_fresh/2026-07-24T03-31-58-00-00_hf-danish-foundation-models-multilingual-gsm-symbolic-synthetic-isl@refs-pr-16-synthetic-isl_3sjpdFVa3dJ7hj4ozech4N.eval
Analyzed hf_dataset/logs_pr16_b894d88_fresh/2026-07-24T06-27-50-00-00_hf-danish-foundation-models-multilingual-gsm-symbolic-synthetic-rus@refs-pr-16-synthetic-rus_BnxccXeh6DfP8p7mssy6Xi.eval
Analyzed hf_dataset/logs_pr16_b894d88_fresh/2026-07-24T07-08-48-00-00_hf-danish-foundation-models-multilingual-gsm-symbolic-original-fra@refs-pr-16-original-fra_VR2WGeXvEREbq9G9N42Q8u.eval
Analyzed hf_dataset/logs_pr16_b894d88_fresh/2026-07-24T07-08-48-00-00_hf-danish-foundation-models-multilingual-gsm-symbolic-original-ita@refs-pr-16-original-ita_LysxrD3hxsHM6gghqAWuKM.eval
Analyzed hf_dataset/logs_pr16_b894d88_fresh/2026-07-24T07-08-48-00-00_hf-danish-foundation-models-multilingual-gsm-symbolic-original-mar@refs-pr-16-original-mar_dG3HyjKoZ9nY34AURZnK6X.eval
Analyzed hf_dataset/logs_pr16_b894d88_fresh/2026-07-24T03-32-00-00-00_hf-danish-foundation-models-multilingual-gsm-symbolic-synthetic-zho@refs-pr-16-synthetic-zho_7o49rPmx2vRGw227PdsxtV.eval
Analyzed hf_dataset/logs_pr16_b894d88_fresh/2026-07-24T06-27-50-00-00_hf-danish-foundation-models-multilingual-gsm-symbolic-synthetic-ita@refs-pr-16-synthetic-ita_KxodXg69gWvsUPZSogMWtF.eval
Analyzed hf_dataset/logs_pr16_b894d88_fresh/2026-07-24T06-27-49-00-00_hf-danish-foundation-models-multilingual-gsm-symbolic-synthetic-hin@refs-pr-16-synthetic-hin_Hp9zeyMzdjasfAGyWhzFBS.eval
Analyzed hf_dataset/logs_pr16_b894d88_fresh/2026-07-24T07-08-49-00-00_hf-danish-foundation-models-multilingual-gsm-symbolic-original-nld@refs-pr-16-original-nld_F342dPzwfLT2gfuaZuLGw4.eval
Analyzed hf_dataset/logs_pr16_b894d88_fresh/2026-07-24T07-08-49-00-00_hf-danish-foundation-models-multilingual-gsm-symbolic-original-jpn@refs-pr-16-original-jpn_LxmPwiPrSZ4Fyc443phx7w.eval
Analyzed hf_dataset/logs_pr16_b894d88_fresh/2026-07-24T07-08-49-00-00_hf-danish-foundation-models-multilingual-gsm-symbolic-original-zho@refs-pr-16-original-zho_AKtzhtMAhHDf6gFWH4gdHz.eval
Analyzed hf_dataset/logs_pr16_b894d88_fresh/2026-07-24T07-08-49-00-00_hf-danish-foundation-models-multilingual-gsm-symbolic-original-rus@refs-pr-16-original-rus_jbwxucqQXjNznRufxVFwKL.eval
Analyzed hf_dataset/logs_pr16_b894d88_fresh/2026-07-24T07-08-50-00-00_hf-danish-foundation-models-multilingual-gsm-symbolic-original-eng-metric@refs-pr-16-original-eng-metric_TcpdPTnWiQGesbUUEGtEPn.eval
Analyzed hf_dataset/logs_pr16_b894d88_fresh/2026-07-24T07-08-50-00-00_hf-danish-foundation-models-multilingual-gsm-symbolic-original-est@refs-pr-16-original-est_NY55t9sU2DWz6aibSLW5T5.eval
Analyzed hf_dataset/logs_pr16_b894d88_fresh/2026-07-24T07-08-50-00-00_hf-danish-foundation-models-multilingual-gsm-symbolic-original-ukr@refs-pr-16-original-ukr_GRaTUnjA87HDLHeDMsCkZ2.eval
Analyzed hf_dataset/logs_pr16_b894d88_fresh/2026-07-24T03-32-01-00-00_hf-danish-foundation-models-multilingual-gsm-symbolic-synthetic-eng-metric@refs-pr-16-synthetic-eng-metric_mw2fKSdScniwYWvbqZnojZ.eval
Analyzed hf_dataset/logs_pr16_b894d88_fresh/2026-07-24T09-51-41-00-00_hf-danish-foundation-models-multilingual-gsm-symbolic-original-eng@refs-pr-16-original-eng_Zy2A4DJbWrDaw9fXwjEVbe.eval
Analyzed hf_dataset/logs_pr16_b894d88_fresh/2026-07-24T09-51-41-00-00_hf-danish-foundation-models-multilingual-gsm-symbolic-original-nob@refs-pr-16-original-nob_VBpetqQJW6J2QtJkifTfdn.eval
Analyzed hf_dataset/logs_pr16_b894d88_fresh/2026-07-24T06-27-51-00-00_hf-danish-foundation-models-multilingual-gsm-symbolic-synthetic-zho@refs-pr-16-synthetic-zho_aw6g9mxsSTVeBHnjwkqWuc.eval
Analyzed hf_dataset/logs_pr16_b894d88_fresh/2026-07-24T07-08-49-00-00_hf-danish-foundation-models-multilingual-gsm-symbolic-synthetic-nld@refs-pr-16-synthetic-nld_Qz9YDdANUvXuP8Ha3FcsVg.eval
Analyzed hf_dataset/logs_pr16_b894d88_fresh/2026-07-24T07-08-49-00-00_hf-danish-foundation-models-multilingual-gsm-symbolic-synthetic-jpn@refs-pr-16-synthetic-jpn_L3nVqFUse9VQ4rAaDiDMuj.eval
Analyzed hf_dataset/logs_pr16_b894d88_fresh/2026-07-24T03-31-58-00-00_hf-danish-foundation-models-multilingual-gsm-symbolic-synthetic-ara@refs-pr-16-synthetic-ara_MAuB3GCAf2g6z5Cuuj3GTA.eval
Analyzed hf_dataset/logs_pr16_b894d88_fresh/2026-07-24T09-51-42-00-00_hf-danish-foundation-models-multilingual-gsm-symbolic-original-isl@refs-pr-16-original-isl_RMJiTRb6qDGnHvJiwgjgMV.eval
Analyzed hf_dataset/logs_pr16_b894d88_fresh/2026-07-24T06-27-47-00-00_hf-danish-foundation-models-multilingual-gsm-symbolic-synthetic-eng@refs-pr-16-synthetic-eng_oDVyKfdyFXJqfhEtkmbYUU.eval
Analyzed hf_dataset/logs_pr16_b894d88_fresh/2026-07-24T03-31-58-00-00_hf-danish-foundation-models-multilingual-gsm-symbolic-synthetic-mar@refs-pr-16-synthetic-mar_h7pi72JXq5TiqDypmBHhmC.eval
Analyzed hf_dataset/logs_pr16_b894d88_fresh/2026-07-24T06-27-48-00-00_hf-danish-foundation-models-multilingual-gsm-symbolic-synthetic-deu@refs-pr-16-synthetic-deu_BKueSxd3iKLSLkjsT6KvbC.eval
Analyzed hf_dataset/logs_pr16_b894d88_fresh/2026-07-24T06-27-49-00-00_hf-danish-foundation-models-multilingual-gsm-symbolic-synthetic-mar@refs-pr-16-synthetic-mar_7fR3PjA62zTDGDmQcvN3VJ.eval
Analyzed hf_dataset/logs_pr16_b894d88_fresh/2026-07-24T03-32-01-00-00_hf-danish-foundation-models-multilingual-gsm-symbolic-synthetic-est@refs-pr-16-synthetic-est_fVEgm5JB4DoZLyhB5CiSxw.eval
Analyzed hf_dataset/logs_pr16_b894d88_fresh/2026-07-24T09-51-43-00-00_hf-danish-foundation-models-multilingual-gsm-symbolic-original-fra@refs-pr-16-original-fra_YrZS2mA2xuixSV9k4JdpPu.eval
Analyzed hf_dataset/logs_pr16_b894d88_fresh/2026-07-24T09-51-43-00-00_hf-danish-foundation-models-multilingual-gsm-symbolic-original-hin@refs-pr-16-original-hin_gcBbtjeyzgupmsTgBcW7bR.eval
Analyzed hf_dataset/logs_pr16_b894d88_fresh/2026-07-24T09-51-43-00-00_hf-danish-foundation-models-multilingual-gsm-symbolic-original-mar@refs-pr-16-original-mar_BtyyWyt4iSWFwhpoQDiCKV.eval
Analyzed hf_dataset/logs_pr16_b894d88_fresh/2026-07-24T06-27-50-00-00_hf-danish-foundation-models-multilingual-gsm-symbolic-synthetic-nld@refs-pr-16-synthetic-nld_CQnM8xPZ4b3FDggHaeH4gF.eval
Analyzed hf_dataset/logs_pr16_b894d88_fresh/2026-07-24T06-27-51-00-00_hf-danish-foundation-models-multilingual-gsm-symbolic-synthetic-jpn@refs-pr-16-synthetic-jpn_BPYV4tqrVMxAeDKbX8fc3T.eval
Analyzed hf_dataset/logs_pr16_b894d88_fresh/2026-07-24T09-51-44-00-00_hf-danish-foundation-models-multilingual-gsm-symbolic-original-ita@refs-pr-16-original-ita_PB9phUsQiCgY4K4JY9esH4.eval
Analyzed hf_dataset/logs_pr16_b894d88_fresh/2026-07-24T09-51-44-00-00_hf-danish-foundation-models-multilingual-gsm-symbolic-original-nld@refs-pr-16-original-nld_ZHGqek8nsfFT7uEJZXTdER.eval
Analyzed hf_dataset/logs_pr16_b894d88_fresh/2026-07-24T09-51-44-00-00_hf-danish-foundation-models-multilingual-gsm-symbolic-original-rus@refs-pr-16-original-rus_iHRi5QaUDr9fGu4xmkhAGL.eval
Analyzed hf_dataset/logs_pr16_b894d88_fresh/2026-07-24T03-32-00-00-00_hf-danish-foundation-models-multilingual-gsm-symbolic-synthetic-rus@refs-pr-16-synthetic-rus_SauKeAoiDbRGRAA5BaMxQU.eval
Analyzed hf_dataset/logs_pr16_b894d88_fresh/2026-07-24T09-51-44-00-00_hf-danish-foundation-models-multilingual-gsm-symbolic-original-zho@refs-pr-16-original-zho_KHtnBBLM9n3QtccQjjUQZm.eval
Analyzed hf_dataset/logs_pr16_b894d88_fresh/2026-07-24T09-51-41-00-00_hf-danish-foundation-models-multilingual-gsm-symbolic-original-dan@refs-pr-16-original-dan_Y8YccXDDx9HbCZ2ZPG4ci7.eval
Analyzed hf_dataset/logs_pr16_b894d88_fresh/2026-07-24T09-51-42-00-00_hf-danish-foundation-models-multilingual-gsm-symbolic-synthetic-ara@refs-pr-16-synthetic-ara_6b4Sc9vrbaMhV8yrr5W8DK.eval
Analyzed hf_dataset/logs_pr16_b894d88_fresh/2026-07-24T09-51-45-00-00_hf-danish-foundation-models-multilingual-gsm-symbolic-original-eng-metric@refs-pr-16-original-eng-metric_gLW9t6wxfcHzwgbCF5FPFC.eval
Analyzed hf_dataset/logs_pr16_b894d88_fresh/2026-07-24T09-51-45-00-00_hf-danish-foundation-models-multilingual-gsm-symbolic-original-est@refs-pr-16-original-est_8EBatvrNJGweHmdUTS8tFZ.eval
Analyzed hf_dataset/logs_pr16_b894d88_fresh/2026-07-24T06-27-51-00-00_hf-danish-foundation-models-multilingual-gsm-symbolic-synthetic-ukr@refs-pr-16-synthetic-ukr_nGJ4ietBh7BPUFPo2Wc96H.eval
Analyzed hf_dataset/logs_pr16_b894d88_fresh/2026-07-24T09-51-45-00-00_hf-danish-foundation-models-multilingual-gsm-symbolic-original-jpn@refs-pr-16-original-jpn_M2rGegy3UDeoM22oUd3rnG.eval
Analyzed hf_dataset/logs_pr16_b894d88_fresh/2026-07-24T09-51-42-00-00_hf-danish-foundation-models-multilingual-gsm-symbolic-synthetic-isl@refs-pr-16-synthetic-isl_7fFYc6E9mDy2QzWFBBRsr5.eval
Analyzed hf_dataset/logs_pr16_b894d88_fresh/2026-07-24T09-51-45-00-00_hf-danish-foundation-models-multilingual-gsm-symbolic-original-ukr@refs-pr-16-original-ukr_FwyC8TQNd8C7pueNGRYF2X.eval
Analyzed hf_dataset/logs_pr16_b894d88_fresh/2026-07-24T09-51-42-00-00_hf-danish-foundation-models-multilingual-gsm-symbolic-synthetic-deu@refs-pr-16-synthetic-deu_GDuKFfVGgExn9YqHXsXtQB.eval
Analyzed hf_dataset/logs_pr16_b894d88_fresh/2026-07-24T06-27-52-00-00_hf-danish-foundation-models-multilingual-gsm-symbolic-synthetic-eng-metric@refs-pr-16-synthetic-eng-metric_gBKaRcXNebbPWh3xtYToBS.eval
Analyzed hf_dataset/logs_pr16_b894d88_fresh/2026-07-24T09-51-42-00-00_hf-danish-foundation-models-multilingual-gsm-symbolic-synthetic-nob@refs-pr-16-synthetic-nob_4vjHSUKedZriDqgsLDKWcM.eval
Analyzed hf_dataset/logs_pr16_b894d88_fresh/2026-07-24T09-51-43-00-00_hf-danish-foundation-models-multilingual-gsm-symbolic-synthetic-fra@refs-pr-16-synthetic-fra_KL2hUN6h4udNRqhkpagjco.eval
Analyzed hf_dataset/logs_pr16_b894d88_fresh/2026-07-24T07-08-47-00-00_hf-danish-foundation-models-multilingual-gsm-symbolic-synthetic-ara@refs-pr-16-synthetic-ara_LbtqLwqHjWgkTjjae6NLF5.eval
Analyzed hf_dataset/logs_pr16_b894d88_fresh/2026-07-24T07-08-46-00-00_hf-danish-foundation-models-multilingual-gsm-symbolic-synthetic-nob@refs-pr-16-synthetic-nob_2Ke3PS2eVALCadvsGt8zP4.eval
Analyzed hf_dataset/logs_pr16_b894d88_fresh/2026-07-24T10-34-10-00-00_hf-danish-foundation-models-multilingual-gsm-symbolic-original-dan@refs-pr-16-original-dan_9sPF9MsDDKMFBEWTsKwnxz.eval
Analyzed hf_dataset/logs_pr16_b894d88_fresh/2026-07-24T06-27-52-00-00_hf-danish-foundation-models-multilingual-gsm-symbolic-synthetic-est@refs-pr-16-synthetic-est_EkQ6LFpjcp5XYWCwyixnYZ.eval
Analyzed hf_dataset/logs_pr16_b894d88_fresh/2026-07-24T10-34-10-00-00_hf-danish-foundation-models-multilingual-gsm-symbolic-original-eng@refs-pr-16-original-eng_B9DojrYMCYasiAVMb9QYWD.eval
Analyzed hf_dataset/logs_pr16_b894d88_fresh/2026-07-24T10-34-11-00-00_hf-danish-foundation-models-multilingual-gsm-symbolic-original-deu@refs-pr-16-original-deu_WtMNQn8UkQQvVpkUhKEKjJ.eval
Analyzed hf_dataset/logs_pr16_b894d88_fresh/2026-07-24T10-34-11-00-00_hf-danish-foundation-models-multilingual-gsm-symbolic-original-nob@refs-pr-16-original-nob_ZXq24zD8WWAuyL7P6z5g9m.eval
Analyzed hf_dataset/logs_pr16_b894d88_fresh/2026-07-24T10-34-11-00-00_hf-danish-foundation-models-multilingual-gsm-symbolic-original-isl@refs-pr-16-original-isl_Xn54WnhYbgaPgSqbpmBurH.eval
Analyzed hf_dataset/logs_pr16_b894d88_fresh/2026-07-24T09-51-43-00-00_hf-danish-foundation-models-multilingual-gsm-symbolic-synthetic-hin@refs-pr-16-synthetic-hin_BfeBNNr9FiAiZeJ8h2j4tf.eval
Analyzed hf_dataset/logs_pr16_b894d88_fresh/2026-07-24T07-08-46-00-00_hf-danish-foundation-models-multilingual-gsm-symbolic-synthetic-dan@refs-pr-16-synthetic-dan_dyGbMdtbBdWXmisXFcUkyK.eval
Analyzed hf_dataset/logs_pr16_b894d88_fresh/2026-07-24T07-08-48-00-00_hf-danish-foundation-models-multilingual-gsm-symbolic-synthetic-fra@refs-pr-16-synthetic-fra_57y9f3fMXoEvUMsb5VFRMB.eval
Analyzed hf_dataset/logs_pr16_b894d88_fresh/2026-07-24T07-08-48-00-00_hf-danish-foundation-models-multilingual-gsm-symbolic-synthetic-ita@refs-pr-16-synthetic-ita_MSCT5QpZcbNwSLXjDgcbDf.eval
Analyzed hf_dataset/logs_pr16_b894d88_fresh/2026-07-24T10-34-12-00-00_hf-danish-foundation-models-multilingual-gsm-symbolic-original-ara@refs-pr-16-original-ara_bAFPXwSxJsmoPa37gFnynC.eval
Analyzed hf_dataset/logs_pr16_b894d88_fresh/2026-07-24T10-34-12-00-00_hf-danish-foundation-models-multilingual-gsm-symbolic-original-hin@refs-pr-16-original-hin_HDdyPmL6xvoMHR7cHTmTGH.eval
Analyzed hf_dataset/logs_pr16_b894d88_fresh/2026-07-24T09-51-43-00-00_hf-danish-foundation-models-multilingual-gsm-symbolic-synthetic-mar@refs-pr-16-synthetic-mar_CdZf5Cud2jvcp6APFLraxr.eval
Analyzed hf_dataset/logs_pr16_b894d88_fresh/2026-07-24T10-34-12-00-00_hf-danish-foundation-models-multilingual-gsm-symbolic-original-mar@refs-pr-16-original-mar_7dtoxDrM7wA3p2UbiYaGD6.eval
Analyzed hf_dataset/logs_pr16_b894d88_fresh/2026-07-24T10-34-13-00-00_hf-danish-foundation-models-multilingual-gsm-symbolic-original-ita@refs-pr-16-original-ita_6D8ae3Mt7Cc5KtcuEDSWvo.eval
Analyzed hf_dataset/logs_pr16_b894d88_fresh/2026-07-24T10-34-13-00-00_hf-danish-foundation-models-multilingual-gsm-symbolic-original-fra@refs-pr-16-original-fra_9SBBVwDpqr7dVSm4cHbLfc.eval
Analyzed hf_dataset/logs_pr16_b894d88_fresh/2026-07-24T07-08-46-00-00_hf-danish-foundation-models-multilingual-gsm-symbolic-synthetic-eng@refs-pr-16-synthetic-eng_H9tvupuwQxyPPFpNmavVkx.eval
Analyzed hf_dataset/logs_pr16_b894d88_fresh/2026-07-24T07-08-47-00-00_hf-danish-foundation-models-multilingual-gsm-symbolic-synthetic-isl@refs-pr-16-synthetic-isl_XVJ2JXJ94dSDPAJvrWgB66.eval
Analyzed hf_dataset/logs_pr16_b894d88_fresh/2026-07-24T10-34-13-00-00_hf-danish-foundation-models-multilingual-gsm-symbolic-original-nld@refs-pr-16-original-nld_QQzgyyBCSzueBRdHki7tDL.eval
Analyzed hf_dataset/logs_pr16_b894d88_fresh/2026-07-24T09-51-44-00-00_hf-danish-foundation-models-multilingual-gsm-symbolic-synthetic-ita@refs-pr-16-synthetic-ita_SGAZjvx9UevwNPKYRMMLDJ.eval
Analyzed hf_dataset/logs_pr16_b894d88_fresh/2026-07-24T10-34-13-00-00_hf-danish-foundation-models-multilingual-gsm-symbolic-original-rus@refs-pr-16-original-rus_nuxnwTzB236op2v5yJXAbA.eval
Analyzed hf_dataset/logs_pr16_b894d88_fresh/2026-07-24T07-08-48-00-00_hf-danish-foundation-models-multilingual-gsm-symbolic-synthetic-hin@refs-pr-16-synthetic-hin_EnfysdbvNsL7aT4wFbgdTt.eval
Analyzed hf_dataset/logs_pr16_b894d88_fresh/2026-07-24T07-08-50-00-00_hf-danish-foundation-models-multilingual-gsm-symbolic-synthetic-est@refs-pr-16-synthetic-est_fhhHgVEL6Ra7JW9iZUdrNy.eval
Analyzed hf_dataset/logs_pr16_b894d88_fresh/2026-07-24T09-51-41-00-00_hf-danish-foundation-models-multilingual-gsm-symbolic-synthetic-eng@refs-pr-16-synthetic-eng_7unyDVkZBdDV5zy3tuHiRU.eval
Analyzed hf_dataset/logs_pr16_b894d88_fresh/2026-07-24T10-34-14-00-00_hf-danish-foundation-models-multilingual-gsm-symbolic-original-eng-metric@refs-pr-16-original-eng-metric_5iThmFBKR4UCeThcqMJd6v.eval
Analyzed hf_dataset/logs_pr16_b894d88_fresh/2026-07-24T10-34-14-00-00_hf-danish-foundation-models-multilingual-gsm-symbolic-original-jpn@refs-pr-16-original-jpn_Dsd5x5EChWenr3TkKBgurq.eval
Analyzed hf_dataset/logs_pr16_b894d88_fresh/2026-07-24T09-51-44-00-00_hf-danish-foundation-models-multilingual-gsm-symbolic-synthetic-nld@refs-pr-16-synthetic-nld_SiaDBesSZjeMcd7oQb5RKc.eval
Analyzed hf_dataset/logs_pr16_b894d88_fresh/2026-07-24T10-34-14-00-00_hf-danish-foundation-models-multilingual-gsm-symbolic-original-ukr@refs-pr-16-original-ukr_HoYck9MMbGJQKn3p33PLcG.eval
Analyzed hf_dataset/logs_pr16_b894d88_fresh/2026-07-24T10-34-14-00-00_hf-danish-foundation-models-multilingual-gsm-symbolic-original-zho@refs-pr-16-original-zho_EgUBMWnaJGv7UXxxe7M3CN.eval
Analyzed hf_dataset/logs_pr16_b894d88_fresh/2026-07-24T07-08-48-00-00_hf-danish-foundation-models-multilingual-gsm-symbolic-synthetic-mar@refs-pr-16-synthetic-mar_kKGsFxraykRTRMKDBUL6Am.eval
Analyzed hf_dataset/logs_pr16_b894d88_fresh/2026-07-24T10-34-15-00-00_hf-danish-foundation-models-multilingual-gsm-symbolic-original-est@refs-pr-16-original-est_D35CPe6geDxwo7Rz5uakFv.eval
Analyzed hf_dataset/logs_pr16_b894d88_fresh/2026-07-24T07-08-47-00-00_hf-danish-foundation-models-multilingual-gsm-symbolic-synthetic-deu@refs-pr-16-synthetic-deu_6NS8odX9o7sTHUR6g5ivvi.eval
Analyzed hf_dataset/logs_pr16_b894d88_fresh/2026-07-24T12-42-06-00-00_hf-danish-foundation-models-multilingual-gsm-symbolic-original-dan@refs-pr-16-original-dan_UD5aWMtao2xHSFfG9hSibL.eval
Analyzed hf_dataset/logs_pr16_b894d88_fresh/2026-07-24T07-08-50-00-00_hf-danish-foundation-models-multilingual-gsm-symbolic-synthetic-eng-metric@refs-pr-16-synthetic-eng-metric_VALXWkEXdeXyPz33949jLh.eval
Analyzed hf_dataset/logs_pr16_b894d88_fresh/2026-07-24T09-51-45-00-00_hf-danish-foundation-models-multilingual-gsm-symbolic-synthetic-jpn@refs-pr-16-synthetic-jpn_AuC8tiSJ6H4RMmew3SNHvF.eval
Analyzed hf_dataset/logs_pr16_b894d88_fresh/2026-07-24T12-42-06-00-00_hf-danish-foundation-models-multilingual-gsm-symbolic-original-eng@refs-pr-16-original-eng_9UxgDPr5XTFStUyrHxB5na.eval
Analyzed hf_dataset/logs_pr16_b894d88_fresh/2026-07-24T09-51-42-00-00_hf-danish-foundation-models-multilingual-gsm-symbolic-original-ara@refs-pr-16-original-ara_RAnesYhJYP74RMZE9F5eWM.eval
Analyzed hf_dataset/logs_pr16_b894d88_fresh/2026-07-24T12-42-06-00-00_hf-danish-foundation-models-multilingual-gsm-symbolic-original-nob@refs-pr-16-original-nob_YaDERwuabvtwKTdu9ZTpKx.eval
Analyzed hf_dataset/logs_pr16_b894d88_fresh/2026-07-24T09-51-42-00-00_hf-danish-foundation-models-multilingual-gsm-symbolic-original-deu@refs-pr-16-original-deu_gTysHHrnKb4UtYbzTWWkV7.eval
Analyzed hf_dataset/logs_pr16_b894d88_fresh/2026-07-24T12-42-07-00-00_hf-danish-foundation-models-multilingual-gsm-symbolic-original-ara@refs-pr-16-original-ara_52XsNpRcwhD5kevwTfnKrN.eval
Analyzed hf_dataset/logs_pr16_b894d88_fresh/2026-07-24T07-08-50-00-00_hf-danish-foundation-models-multilingual-gsm-symbolic-synthetic-ukr@refs-pr-16-synthetic-ukr_R34fvbDGCTtpk2qwYfjGC2.eval
Analyzed hf_dataset/logs_pr16_b894d88_fresh/2026-07-24T12-42-07-00-00_hf-danish-foundation-models-multilingual-gsm-symbolic-original-deu@refs-pr-16-original-deu_jauYBL2UgJKwpgxWMZzCA2.eval
Analyzed hf_dataset/logs_pr16_b894d88_fresh/2026-07-24T12-42-07-00-00_hf-danish-foundation-models-multilingual-gsm-symbolic-original-isl@refs-pr-16-original-isl_V4QPrS9VPwYqvYD9pF6hvx.eval
Analyzed hf_dataset/logs_pr16_b894d88_fresh/2026-07-24T09-51-45-00-00_hf-danish-foundation-models-multilingual-gsm-symbolic-synthetic-ukr@refs-pr-16-synthetic-ukr_PAiH7HrhAiguKUrzDsz6c4.eval
Analyzed hf_dataset/logs_pr16_b894d88_fresh/2026-07-24T09-51-45-00-00_hf-danish-foundation-models-multilingual-gsm-symbolic-synthetic-eng-metric@refs-pr-16-synthetic-eng-metric_FrkKwNSrHddT8xtpgU8qrJ.eval
Analyzed hf_dataset/logs_pr16_b894d88_fresh/2026-07-24T07-08-49-00-00_hf-danish-foundation-models-multilingual-gsm-symbolic-synthetic-zho@refs-pr-16-synthetic-zho_ZNNP2YyiFaeqmHsvzcPU3h.eval
Analyzed hf_dataset/logs_pr16_b894d88_fresh/2026-07-24T12-42-08-00-00_hf-danish-foundation-models-multilingual-gsm-symbolic-original-fra@refs-pr-16-original-fra_AEvgXAjXaFMSMf4vVbutFV.eval
Analyzed hf_dataset/logs_pr16_b894d88_fresh/2026-07-24T09-51-46-00-00_hf-danish-foundation-models-multilingual-gsm-symbolic-synthetic-est@refs-pr-16-synthetic-est_MUeqbu6Cjc4ArqijW5LKgU.eval
Analyzed hf_dataset/logs_pr16_b894d88_fresh/2026-07-24T09-51-41-00-00_hf-danish-foundation-models-multilingual-gsm-symbolic-synthetic-dan@refs-pr-16-synthetic-dan_mCLpq6jH9y38Z6aoViaCYo.eval
Analyzed hf_dataset/logs_pr16_b894d88_fresh/2026-07-24T12-42-08-00-00_hf-danish-foundation-models-multilingual-gsm-symbolic-original-hin@refs-pr-16-original-hin_eojJjg8qk8fn6gqHXMXfpw.eval
Analyzed hf_dataset/logs_pr16_b894d88_fresh/2026-07-24T12-42-08-00-00_hf-danish-foundation-models-multilingual-gsm-symbolic-original-ita@refs-pr-16-original-ita_jqNA4jtchEKeKJxXcwv2E3.eval
Analyzed hf_dataset/logs_pr16_b894d88_fresh/2026-07-24T09-51-45-00-00_hf-danish-foundation-models-multilingual-gsm-symbolic-synthetic-zho@refs-pr-16-synthetic-zho_Y88756G9yvTomexCpQdUmB.eval
Analyzed hf_dataset/logs_pr16_b894d88_fresh/2026-07-24T12-42-08-00-00_hf-danish-foundation-models-multilingual-gsm-symbolic-original-mar@refs-pr-16-original-mar_TWzLCULhpVvqw4maTLNb5K.eval
Analyzed hf_dataset/logs_pr16_b894d88_fresh/2026-07-24T07-08-49-00-00_hf-danish-foundation-models-multilingual-gsm-symbolic-synthetic-rus@refs-pr-16-synthetic-rus_8DTqhxoGoSBAPmBi5suWka.eval
Analyzed hf_dataset/logs_pr16_b894d88_fresh/2026-07-24T12-42-09-00-00_hf-danish-foundation-models-multilingual-gsm-symbolic-original-nld@refs-pr-16-original-nld_XvNXMXaJFsWUdhhTPoSDwt.eval
Analyzed hf_dataset/logs_pr16_b894d88_fresh/2026-07-24T12-42-09-00-00_hf-danish-foundation-models-multilingual-gsm-symbolic-original-rus@refs-pr-16-original-rus_BB4LK8ydMQek7jyPKqjJC6.eval
Analyzed hf_dataset/logs_pr16_b894d88_fresh/2026-07-24T12-42-09-00-00_hf-danish-foundation-models-multilingual-gsm-symbolic-original-zho@refs-pr-16-original-zho_4NVqzHwxVcxVnuZVt3btfB.eval
Analyzed hf_dataset/logs_pr16_b894d88_fresh/2026-07-24T12-42-10-00-00_hf-danish-foundation-models-multilingual-gsm-symbolic-original-eng-metric@refs-pr-16-original-eng-metric_bp9FgRRysZPfSPQ83pqsGf.eval
Analyzed hf_dataset/logs_pr16_b894d88_fresh/2026-07-24T09-51-44-00-00_hf-danish-foundation-models-multilingual-gsm-symbolic-synthetic-rus@refs-pr-16-synthetic-rus_inWb6MmfwckDm6a6nhLEvh.eval
Analyzed hf_dataset/logs_pr16_b894d88_fresh/2026-07-24T12-42-10-00-00_hf-danish-foundation-models-multilingual-gsm-symbolic-original-est@refs-pr-16-original-est_DQdLBKQPyCe3RSwsUTiBkx.eval
Analyzed hf_dataset/logs_pr16_b894d88_fresh/2026-07-24T12-42-10-00-00_hf-danish-foundation-models-multilingual-gsm-symbolic-original-ukr@refs-pr-16-original-ukr_99z9qECbjZEFqerygBtZPH.eval
Analyzed hf_dataset/logs_pr16_b894d88_fresh/2026-07-24T12-42-10-00-00_hf-danish-foundation-models-multilingual-gsm-symbolic-original-jpn@refs-pr-16-original-jpn_KQcvXQ7VjBjUZtVMNZyaPS.eval
Analyzed hf_dataset/logs_pr16_b894d88_fresh/2026-07-24T10-34-10-00-00_hf-danish-foundation-models-multilingual-gsm-symbolic-synthetic-dan@refs-pr-16-synthetic-dan_Qd3aCtgP2GzKRNekYtcFKy.eval
Analyzed hf_dataset/logs_pr16_b894d88_fresh/2026-07-24T10-34-11-00-00_hf-danish-foundation-models-multilingual-gsm-symbolic-synthetic-deu@refs-pr-16-synthetic-deu_ARPuANRRxBEGTy292sCNUR.eval
Analyzed hf_dataset/logs_pr16_b894d88_fresh/2026-07-24T10-34-10-00-00_hf-danish-foundation-models-multilingual-gsm-symbolic-synthetic-eng@refs-pr-16-synthetic-eng_iVaFzoLcDGRxmDmctH4WiC.eval
Analyzed hf_dataset/logs_pr16_b894d88_fresh/2026-07-24T13-34-55-00-00_hf-danish-foundation-models-multilingual-gsm-symbolic-original-dan@refs-pr-16-original-dan_973xM7wxjJfdFRnipZV6FL.eval
Analyzed hf_dataset/logs_pr16_b894d88_fresh/2026-07-24T10-34-12-00-00_hf-danish-foundation-models-multilingual-gsm-symbolic-synthetic-ara@refs-pr-16-synthetic-ara_cdQTDz39Dg6GQCLMNp82Yi.eval
Analyzed hf_dataset/logs_pr16_b894d88_fresh/2026-07-24T13-34-55-00-00_hf-danish-foundation-models-multilingual-gsm-symbolic-original-deu@refs-pr-16-original-deu_fzeXkxSxHZgykTYWTCLJZ2.eval
Analyzed hf_dataset/logs_pr16_b894d88_fresh/2026-07-24T10-34-11-00-00_hf-danish-foundation-models-multilingual-gsm-symbolic-synthetic-isl@refs-pr-16-synthetic-isl_XgHPFjenWJskmQx895XdPL.eval
Analyzed hf_dataset/logs_pr16_b894d88_fresh/2026-07-24T13-34-55-00-00_hf-danish-foundation-models-multilingual-gsm-symbolic-original-eng@refs-pr-16-original-eng_VQHV76rrfBcrYFqxyVtrAS.eval
Analyzed hf_dataset/logs_pr16_b894d88_fresh/2026-07-24T13-34-55-00-00_hf-danish-foundation-models-multilingual-gsm-symbolic-original-nob@refs-pr-16-original-nob_fioj2Mcazf5k4Ej2PBBKWB.eval
Analyzed hf_dataset/logs_pr16_b894d88_fresh/2026-07-24T10-34-13-00-00_hf-danish-foundation-models-multilingual-gsm-symbolic-synthetic-fra@refs-pr-16-synthetic-fra_bABVQMUa65vQL5XgFNy3p9.eval
Analyzed hf_dataset/logs_pr16_b894d88_fresh/2026-07-24T10-34-12-00-00_hf-danish-foundation-models-multilingual-gsm-symbolic-synthetic-mar@refs-pr-16-synthetic-mar_GLi9bswzaCSXXfXjGAwf4B.eval
Analyzed hf_dataset/logs_pr16_b894d88_fresh/2026-07-24T10-34-13-00-00_hf-danish-foundation-models-multilingual-gsm-symbolic-synthetic-nld@refs-pr-16-synthetic-nld_UsaEKTrroWdq3UoHwEQ4No.eval
Analyzed hf_dataset/logs_pr16_b894d88_fresh/2026-07-24T10-34-12-00-00_hf-danish-foundation-models-multilingual-gsm-symbolic-synthetic-hin@refs-pr-16-synthetic-hin_kooFtYPQvnZjQfmfp2rvV2.eval
Analyzed hf_dataset/logs_pr16_b894d88_fresh/2026-07-24T13-34-56-00-00_hf-danish-foundation-models-multilingual-gsm-symbolic-original-ara@refs-pr-16-original-ara_kSu4iamh5APXVZuwRsydpq.eval
Analyzed hf_dataset/logs_pr16_b894d88_fresh/2026-07-24T10-34-14-00-00_hf-danish-foundation-models-multilingual-gsm-symbolic-synthetic-jpn@refs-pr-16-synthetic-jpn_YSJzwuqCmP7Hg7JnJt6UTj.eval
Analyzed hf_dataset/logs_pr16_b894d88_fresh/2026-07-24T13-34-56-00-00_hf-danish-foundation-models-multilingual-gsm-symbolic-original-hin@refs-pr-16-original-hin_8vHygeoGkd22yb6fqswYny.eval
Analyzed hf_dataset/logs_pr16_b894d88_fresh/2026-07-24T13-34-56-00-00_hf-danish-foundation-models-multilingual-gsm-symbolic-original-isl@refs-pr-16-original-isl_MTTAXoFWPkD9MKksSBU7Ag.eval
Analyzed hf_dataset/logs_pr16_b894d88_fresh/2026-07-24T10-34-14-00-00_hf-danish-foundation-models-multilingual-gsm-symbolic-synthetic-eng-metric@refs-pr-16-synthetic-eng-metric_cZHXKHJC9LNfmNBn2SbKtv.eval
Analyzed hf_dataset/logs_pr16_b894d88_fresh/2026-07-24T10-34-11-00-00_hf-danish-foundation-models-multilingual-gsm-symbolic-synthetic-nob@refs-pr-16-synthetic-nob_TJbQuFnayvAHB42mcSh5PU.eval
Analyzed hf_dataset/logs_pr16_b894d88_fresh/2026-07-24T12-42-06-00-00_hf-danish-foundation-models-multilingual-gsm-symbolic-synthetic-eng@refs-pr-16-synthetic-eng_76dpycfFbPLDXwdycMJNCT.eval
Analyzed hf_dataset/logs_pr16_b894d88_fresh/2026-07-24T13-34-57-00-00_hf-danish-foundation-models-multilingual-gsm-symbolic-original-fra@refs-pr-16-original-fra_3z7Hm62ETDRGPbJMNuAncV.eval
Analyzed hf_dataset/logs_pr16_b894d88_fresh/2026-07-24T10-34-13-00-00_hf-danish-foundation-models-multilingual-gsm-symbolic-synthetic-ita@refs-pr-16-synthetic-ita_dtujeZVVSC3N7zmFdwxXQE.eval
Analyzed hf_dataset/logs_pr16_b894d88_fresh/2026-07-24T13-34-57-00-00_hf-danish-foundation-models-multilingual-gsm-symbolic-original-ita@refs-pr-16-original-ita_VptJVyg2zTtT2mWxm8Gjyd.eval
Analyzed hf_dataset/logs_pr16_b894d88_fresh/2026-07-24T10-34-13-00-00_hf-danish-foundation-models-multilingual-gsm-symbolic-synthetic-rus@refs-pr-16-synthetic-rus_AKqZHsjDb5aCkiU4sJnQpz.eval
Analyzed hf_dataset/logs_pr16_b894d88_fresh/2026-07-24T13-34-57-00-00_hf-danish-foundation-models-multilingual-gsm-symbolic-original-mar@refs-pr-16-original-mar_MFTA6ED7XEM2noXvGTnhCV.eval
Analyzed hf_dataset/logs_pr16_b894d88_fresh/2026-07-24T10-34-15-00-00_hf-danish-foundation-models-multilingual-gsm-symbolic-synthetic-est@refs-pr-16-synthetic-est_Db7sVEkLAfpUSXDPLmCXWk.eval
Analyzed hf_dataset/logs_pr16_b894d88_fresh/2026-07-24T10-34-14-00-00_hf-danish-foundation-models-multilingual-gsm-symbolic-synthetic-ukr@refs-pr-16-synthetic-ukr_N9dKHhdK86iKSmodRzrupu.eval
Analyzed hf_dataset/logs_pr16_b894d88_fresh/2026-07-24T13-34-58-00-00_hf-danish-foundation-models-multilingual-gsm-symbolic-original-nld@refs-pr-16-original-nld_dPXyBP2ncgMSkLEtj236Mx.eval
Analyzed hf_dataset/logs_pr16_b894d88_fresh/2026-07-24T13-34-58-00-00_hf-danish-foundation-models-multilingual-gsm-symbolic-original-rus@refs-pr-16-original-rus_Qf8hbrj67SWuca5xRNe995.eval
Analyzed hf_dataset/logs_pr16_b894d88_fresh/2026-07-24T13-34-58-00-00_hf-danish-foundation-models-multilingual-gsm-symbolic-original-zho@refs-pr-16-original-zho_9Zqt99FzPzkYJRsHwTteDP.eval
Analyzed hf_dataset/logs_pr16_b894d88_fresh/2026-07-24T12-42-07-00-00_hf-danish-foundation-models-multilingual-gsm-symbolic-synthetic-deu@refs-pr-16-synthetic-deu_mXGgeDwyVBHLiaUKAU4z9a.eval
Analyzed hf_dataset/logs_pr16_b894d88_fresh/2026-07-24T12-42-07-00-00_hf-danish-foundation-models-multilingual-gsm-symbolic-synthetic-ara@refs-pr-16-synthetic-ara_bDkQbTe9RX8G5NGXZ8wwpx.eval
Analyzed hf_dataset/logs_pr16_b894d88_fresh/2026-07-24T12-42-06-00-00_hf-danish-foundation-models-multilingual-gsm-symbolic-synthetic-dan@refs-pr-16-synthetic-dan_6JsVXSzXu8UceK5DoycMiW.eval
Analyzed hf_dataset/logs_pr16_b894d88_fresh/2026-07-24T12-42-07-00-00_hf-danish-foundation-models-multilingual-gsm-symbolic-synthetic-isl@refs-pr-16-synthetic-isl_MWdpntE6kkZCqxUGrjkTKd.eval
Analyzed hf_dataset/logs_pr16_b894d88_fresh/2026-07-24T12-42-07-00-00_hf-danish-foundation-models-multilingual-gsm-symbolic-synthetic-nob@refs-pr-16-synthetic-nob_MefHtfshtBDss2LK8x66iY.eval
Analyzed hf_dataset/logs_pr16_b894d88_fresh/2026-07-24T13-34-59-00-00_hf-danish-foundation-models-multilingual-gsm-symbolic-original-eng-metric@refs-pr-16-original-eng-metric_XynJe2QMGgaBZrDDFQUbHx.eval
Analyzed hf_dataset/logs_pr16_b894d88_fresh/2026-07-24T13-34-59-00-00_hf-danish-foundation-models-multilingual-gsm-symbolic-original-est@refs-pr-16-original-est_a7EcSdzFvm9AAzKHdpMeme.eval
Analyzed hf_dataset/logs_pr16_b894d88_fresh/2026-07-24T10-34-14-00-00_hf-danish-foundation-models-multilingual-gsm-symbolic-synthetic-zho@refs-pr-16-synthetic-zho_Roh5Dg47N6zJ7JLJYkg5cD.eval
Analyzed hf_dataset/logs_pr16_b894d88_fresh/2026-07-24T13-34-59-00-00_hf-danish-foundation-models-multilingual-gsm-symbolic-original-jpn@refs-pr-16-original-jpn_dBscuGzytj6HD4p4hY5TZE.eval
Analyzed hf_dataset/logs_pr16_b894d88_fresh/2026-07-24T13-34-59-00-00_hf-danish-foundation-models-multilingual-gsm-symbolic-original-ukr@refs-pr-16-original-ukr_Kwj5RZRyDsN8yvdrhLuGQR.eval
Analyzed hf_dataset/logs_pr16_b894d88_fresh/2026-07-24T12-42-09-00-00_hf-danish-foundation-models-multilingual-gsm-symbolic-synthetic-nld@refs-pr-16-synthetic-nld_4JWVHrg2CjLjW3Wi6yGsYG.eval
Analyzed hf_dataset/logs_pr16_b894d88_fresh/2026-07-24T16-42-01-00-00_hf-danish-foundation-models-multilingual-gsm-symbolic-original-ara@refs-pr-16-original-ara_bCHLxVLEcdy7h3aaD7zPAu.eval
Analyzed hf_dataset/logs_pr16_b894d88_fresh/2026-07-24T12-42-08-00-00_hf-danish-foundation-models-multilingual-gsm-symbolic-synthetic-mar@refs-pr-16-synthetic-mar_cghcqYQjugNR7GgpL3zVzB.eval
Analyzed hf_dataset/logs_pr16_b894d88_fresh/2026-07-24T16-42-01-00-00_hf-danish-foundation-models-multilingual-gsm-symbolic-original-deu@refs-pr-16-original-deu_BznfS3TfDBzbWHoPULiifb.eval
Analyzed hf_dataset/logs_pr16_b894d88_fresh/2026-07-24T16-42-01-00-00_hf-danish-foundation-models-multilingual-gsm-symbolic-original-dan@refs-pr-16-original-dan_jbXedChFnaFFAdm8NgaL99.eval
Analyzed hf_dataset/logs_pr16_b894d88_fresh/2026-07-24T16-42-01-00-00_hf-danish-foundation-models-multilingual-gsm-symbolic-original-isl@refs-pr-16-original-isl_BfVJRUvvQbheqCioMq54ja.eval
Analyzed hf_dataset/logs_pr16_b894d88_fresh/2026-07-24T12-42-08-00-00_hf-danish-foundation-models-multilingual-gsm-symbolic-synthetic-hin@refs-pr-16-synthetic-hin_Vnt6JSbgPDajVjhTVKrqcA.eval
Analyzed hf_dataset/logs_pr16_b894d88_fresh/2026-07-24T16-42-01-00-00_hf-danish-foundation-models-multilingual-gsm-symbolic-original-eng@refs-pr-16-original-eng_gdaXcYKSf7Gw6XaZ3n5n4L.eval
Analyzed hf_dataset/logs_pr16_b894d88_fresh/2026-07-24T12-42-09-00-00_hf-danish-foundation-models-multilingual-gsm-symbolic-synthetic-rus@refs-pr-16-synthetic-rus_8XxdYhPbFab7BKy2wL2ndJ.eval
Analyzed hf_dataset/logs_pr16_b894d88_fresh/2026-07-24T12-42-09-00-00_hf-danish-foundation-models-multilingual-gsm-symbolic-synthetic-zho@refs-pr-16-synthetic-zho_foskWjkYhapfCGWZMt27bn.eval
Analyzed hf_dataset/logs_pr16_b894d88_fresh/2026-07-24T16-42-01-00-00_hf-danish-foundation-models-multilingual-gsm-symbolic-original-nob@refs-pr-16-original-nob_LFFL7qJPzDLo2hqzWczMvW.eval
Analyzed hf_dataset/logs_pr16_b894d88_fresh/2026-07-24T12-42-08-00-00_hf-danish-foundation-models-multilingual-gsm-symbolic-synthetic-fra@refs-pr-16-synthetic-fra_NW57heSfdpLaDY5Ft2Th4E.eval
Analyzed hf_dataset/logs_pr16_b894d88_fresh/2026-07-24T16-42-02-00-00_hf-danish-foundation-models-multilingual-gsm-symbolic-original-ita@refs-pr-16-original-ita_Lxh2MfrZy4wPTdBje5wkay.eval
Analyzed hf_dataset/logs_pr16_b894d88_fresh/2026-07-24T16-42-02-00-00_hf-danish-foundation-models-multilingual-gsm-symbolic-original-hin@refs-pr-16-original-hin_HRguqi7EmYjXQEFrb7MEgx.eval
Analyzed hf_dataset/logs_pr16_b894d88_fresh/2026-07-24T16-42-02-00-00_hf-danish-foundation-models-multilingual-gsm-symbolic-original-fra@refs-pr-16-original-fra_nfrmy9oqfZSeAgeLZbbNhP.eval
Analyzed hf_dataset/logs_pr16_b894d88_fresh/2026-07-24T16-42-02-00-00_hf-danish-foundation-models-multilingual-gsm-symbolic-original-mar@refs-pr-16-original-mar_5wBsgLoRXhJt8oFKbfzQDX.eval
Analyzed hf_dataset/logs_pr16_b894d88_fresh/2026-07-24T16-42-02-00-00_hf-danish-foundation-models-multilingual-gsm-symbolic-original-nld@refs-pr-16-original-nld_EdDCAYu7U3uHjDDWSqJAQy.eval
Analyzed hf_dataset/logs_pr16_b894d88_fresh/2026-07-24T12-42-10-00-00_hf-danish-foundation-models-multilingual-gsm-symbolic-synthetic-eng-metric@refs-pr-16-synthetic-eng-metric_KYCJBNAxDwgXFSpnBdGic4.eval
Analyzed hf_dataset/logs_pr16_b894d88_fresh/2026-07-24T16-42-02-00-00_hf-danish-foundation-models-multilingual-gsm-symbolic-original-zho@refs-pr-16-original-zho_AvK3idgnhxNU9AnXzxHg5c.eval
Analyzed hf_dataset/logs_pr16_b894d88_fresh/2026-07-24T16-42-02-00-00_hf-danish-foundation-models-multilingual-gsm-symbolic-original-rus@refs-pr-16-original-rus_g7KCKukXY7ELS4bQVZm5Tt.eval
Analyzed hf_dataset/logs_pr16_b894d88_fresh/2026-07-24T12-42-10-00-00_hf-danish-foundation-models-multilingual-gsm-symbolic-synthetic-jpn@refs-pr-16-synthetic-jpn_SEfgpURVMqQts62TzzYo6o.eval
Analyzed hf_dataset/logs_pr16_b894d88_fresh/2026-07-24T12-42-09-00-00_hf-danish-foundation-models-multilingual-gsm-symbolic-synthetic-ita@refs-pr-16-synthetic-ita_8J9VNcaqaboHFMiJMEqzZ3.eval
Analyzed hf_dataset/logs_pr16_b894d88_fresh/2026-07-24T16-42-03-00-00_hf-danish-foundation-models-multilingual-gsm-symbolic-original-eng-metric@refs-pr-16-original-eng-metric_koEFaYHpPjFzf7WzFnbWTQ.eval
Analyzed hf_dataset/logs_pr16_b894d88_fresh/2026-07-24T16-42-03-00-00_hf-danish-foundation-models-multilingual-gsm-symbolic-original-est@refs-pr-16-original-est_C7FGBEn8vv5Y5NnVyCdUbc.eval
Analyzed hf_dataset/logs_pr16_b894d88_fresh/2026-07-24T16-42-03-00-00_hf-danish-foundation-models-multilingual-gsm-symbolic-original-jpn@refs-pr-16-original-jpn_k3RMLdbKhktXzgSQzjAerJ.eval
Analyzed hf_dataset/logs_pr16_b894d88_fresh/2026-07-24T12-42-11-00-00_hf-danish-foundation-models-multilingual-gsm-symbolic-synthetic-est@refs-pr-16-synthetic-est_YtW5VY2iAwR3bsqTzmZhJe.eval
Analyzed hf_dataset/logs_pr16_b894d88_fresh/2026-07-24T12-42-10-00-00_hf-danish-foundation-models-multilingual-gsm-symbolic-synthetic-ukr@refs-pr-16-synthetic-ukr_XYRxFgFfdZgoAk6LJxmwLh.eval
Analyzed hf_dataset/logs_pr16_b894d88_fresh/2026-07-24T16-42-03-00-00_hf-danish-foundation-models-multilingual-gsm-symbolic-original-ukr@refs-pr-16-original-ukr_eeESXAmuRLb9KnQdiPNuqz.eval
Analyzed hf_dataset/logs_pr16_b894d88_fresh/2026-07-24T13-34-55-00-00_hf-danish-foundation-models-multilingual-gsm-symbolic-synthetic-dan@refs-pr-16-synthetic-dan_EcZwE7YgA24QPvYH5Sm6TT.eval
Analyzed hf_dataset/logs_pr16_b894d88_fresh/2026-07-24T13-34-55-00-00_hf-danish-foundation-models-multilingual-gsm-symbolic-synthetic-nob@refs-pr-16-synthetic-nob_NpUK69ZsMPNFjqfJ7Kh5Nb.eval
Analyzed hf_dataset/logs_pr16_b894d88_fresh/2026-07-24T13-34-55-00-00_hf-danish-foundation-models-multilingual-gsm-symbolic-synthetic-eng@refs-pr-16-synthetic-eng_PJLSYtAehWKemRt47mt2yd.eval
Analyzed hf_dataset/logs_pr16_b894d88_fresh/2026-07-24T13-34-56-00-00_hf-danish-foundation-models-multilingual-gsm-symbolic-synthetic-isl@refs-pr-16-synthetic-isl_FumKeWHDjohatrCRJesmcE.eval
Analyzed hf_dataset/logs_pr16_b894d88_fresh/2026-07-24T13-34-56-00-00_hf-danish-foundation-models-multilingual-gsm-symbolic-synthetic-ara@refs-pr-16-synthetic-ara_2KocSHT7ANaJNLkME8ByhR.eval
Analyzed hf_dataset/logs_pr16_b894d88_fresh/2026-07-24T17-41-54-00-00_hf-danish-foundation-models-multilingual-gsm-symbolic-original-dan@refs-pr-16-original-dan_bbtR2LT9ZWcJTB49C4MC6K.eval
Analyzed hf_dataset/logs_pr16_b894d88_fresh/2026-07-24T13-34-56-00-00_hf-danish-foundation-models-multilingual-gsm-symbolic-synthetic-deu@refs-pr-16-synthetic-deu_Gva2YnheuNNHCa9k6H3Ngs.eval
Analyzed hf_dataset/logs_pr16_b894d88_fresh/2026-07-24T17-41-54-00-00_hf-danish-foundation-models-multilingual-gsm-symbolic-original-eng@refs-pr-16-original-eng_8sYBpFSrmHLR7DzFxk5Qeo.eval
Analyzed hf_dataset/logs_pr16_b894d88_fresh/2026-07-24T17-41-54-00-00_hf-danish-foundation-models-multilingual-gsm-symbolic-original-nob@refs-pr-16-original-nob_PMTrdofeqokydZMyKq6UFk.eval
Analyzed hf_dataset/logs_pr16_b894d88_fresh/2026-07-24T13-34-57-00-00_hf-danish-foundation-models-multilingual-gsm-symbolic-synthetic-hin@refs-pr-16-synthetic-hin_kEivEgn3XGVGJftywDFcpU.eval
Analyzed hf_dataset/logs_pr16_b894d88_fresh/2026-07-24T17-41-55-00-00_hf-danish-foundation-models-multilingual-gsm-symbolic-original-ara@refs-pr-16-original-ara_7jsyXXJEGEmkEqYWS2iBxB.eval
Analyzed hf_dataset/logs_pr16_b894d88_fresh/2026-07-24T13-34-57-00-00_hf-danish-foundation-models-multilingual-gsm-symbolic-synthetic-ita@refs-pr-16-synthetic-ita_ni7ehA8i7iW7kuLe2jkxig.eval
Analyzed hf_dataset/logs_pr16_b894d88_fresh/2026-07-24T17-41-55-00-00_hf-danish-foundation-models-multilingual-gsm-symbolic-original-deu@refs-pr-16-original-deu_heXyKcGFnLBgbvaya8HzcE.eval
Analyzed hf_dataset/logs_pr16_b894d88_fresh/2026-07-24T13-34-57-00-00_hf-danish-foundation-models-multilingual-gsm-symbolic-synthetic-mar@refs-pr-16-synthetic-mar_fJuMj7KSKevzo7sSWYVGEo.eval
Analyzed hf_dataset/logs_pr16_b894d88_fresh/2026-07-24T13-35-00-00-00_hf-danish-foundation-models-multilingual-gsm-symbolic-synthetic-est@refs-pr-16-synthetic-est_3RyacdajK3rgqyig5xV34g.eval
Analyzed hf_dataset/logs_pr16_b894d88_fresh/2026-07-24T17-41-55-00-00_hf-danish-foundation-models-multilingual-gsm-symbolic-original-fra@refs-pr-16-original-fra_8Xk4soxaN9XyCBvwwZCzEg.eval
Analyzed hf_dataset/logs_pr16_b894d88_fresh/2026-07-24T16-42-01-00-00_hf-danish-foundation-models-multilingual-gsm-symbolic-synthetic-dan@refs-pr-16-synthetic-dan_KyZEWjZzfZb2aHYQc5braA.eval
Analyzed hf_dataset/logs_pr16_b894d88_fresh/2026-07-24T17-41-55-00-00_hf-danish-foundation-models-multilingual-gsm-symbolic-original-hin@refs-pr-16-original-hin_DqmvrUJAhqMjowWHCmsQCz.eval
Analyzed hf_dataset/logs_pr16_b894d88_fresh/2026-07-24T17-41-55-00-00_hf-danish-foundation-models-multilingual-gsm-symbolic-original-ita@refs-pr-16-original-ita_fDSq5K7HArc9XiGPrW3VHM.eval
Analyzed hf_dataset/logs_pr16_b894d88_fresh/2026-07-24T17-41-55-00-00_hf-danish-foundation-models-multilingual-gsm-symbolic-original-isl@refs-pr-16-original-isl_eri5Toecg2GKLZxsKiZtDr.eval
Analyzed hf_dataset/logs_pr16_b894d88_fresh/2026-07-24T13-34-58-00-00_hf-danish-foundation-models-multilingual-gsm-symbolic-synthetic-nld@refs-pr-16-synthetic-nld_FNa8RXZribjPWKmsGKKofM.eval
Analyzed hf_dataset/logs_pr16_b894d88_fresh/2026-07-24T16-42-01-00-00_hf-danish-foundation-models-multilingual-gsm-symbolic-synthetic-deu@refs-pr-16-synthetic-deu_YtPfcQjrRaoJ7XzdJzx4EV.eval
Analyzed hf_dataset/logs_pr16_b894d88_fresh/2026-07-24T13-34-59-00-00_hf-danish-foundation-models-multilingual-gsm-symbolic-synthetic-eng-metric@refs-pr-16-synthetic-eng-metric_i4WLDdzbWmHKQNCQQuxf3A.eval
Analyzed hf_dataset/logs_pr16_b894d88_fresh/2026-07-24T17-41-55-00-00_hf-danish-foundation-models-multilingual-gsm-symbolic-original-mar@refs-pr-16-original-mar_Cn8ZwFvTD9zDfwyeBJoa3H.eval
Analyzed hf_dataset/logs_pr16_b894d88_fresh/2026-07-24T16-42-01-00-00_hf-danish-foundation-models-multilingual-gsm-symbolic-synthetic-nob@refs-pr-16-synthetic-nob_RKxK4PuPEdgoFGUm6wyoVk.eval
Analyzed hf_dataset/logs_pr16_b894d88_fresh/2026-07-24T16-42-01-00-00_hf-danish-foundation-models-multilingual-gsm-symbolic-synthetic-eng@refs-pr-16-synthetic-eng_JhgAyZmxq6DyzyrpbfMpBn.eval
Analyzed hf_dataset/logs_pr16_b894d88_fresh/2026-07-24T13-34-58-00-00_hf-danish-foundation-models-multilingual-gsm-symbolic-synthetic-zho@refs-pr-16-synthetic-zho_VisrCz6QWoPn22QRGjjDAp.eval
Analyzed hf_dataset/logs_pr16_b894d88_fresh/2026-07-24T16-42-02-00-00_hf-danish-foundation-models-multilingual-gsm-symbolic-synthetic-nld@refs-pr-16-synthetic-nld_bCW758LGszK2zhbYP8QXdw.eval
Analyzed hf_dataset/logs_pr16_b894d88_fresh/2026-07-24T13-34-58-00-00_hf-danish-foundation-models-multilingual-gsm-symbolic-synthetic-rus@refs-pr-16-synthetic-rus_MR2nTJMUH7YvrTEEbxAHXL.eval
Analyzed hf_dataset/logs_pr16_b894d88_fresh/2026-07-24T17-41-56-00-00_hf-danish-foundation-models-multilingual-gsm-symbolic-original-eng-metric@refs-pr-16-original-eng-metric_EBwXggtfP8ZdjYcgBLpVRg.eval
Analyzed hf_dataset/logs_pr16_b894d88_fresh/2026-07-24T16-42-01-00-00_hf-danish-foundation-models-multilingual-gsm-symbolic-synthetic-isl@refs-pr-16-synthetic-isl_JrCEXgpmMrzh3RuUER2Mb6.eval
Analyzed hf_dataset/logs_pr16_b894d88_fresh/2026-07-24T17-41-56-00-00_hf-danish-foundation-models-multilingual-gsm-symbolic-original-est@refs-pr-16-original-est_mRm8tAZCx2N5hbuzhjHzg2.eval
Analyzed hf_dataset/logs_pr16_b894d88_fresh/2026-07-24T13-34-59-00-00_hf-danish-foundation-models-multilingual-gsm-symbolic-synthetic-jpn@refs-pr-16-synthetic-jpn_nKXWnGaJryUZCQSitsP9wi.eval
Analyzed hf_dataset/logs_pr16_b894d88_fresh/2026-07-24T17-41-56-00-00_hf-danish-foundation-models-multilingual-gsm-symbolic-original-jpn@refs-pr-16-original-jpn_L6vUYr5FXgAUG32nK9JZpK.eval
Analyzed hf_dataset/logs_pr16_b894d88_fresh/2026-07-24T13-34-59-00-00_hf-danish-foundation-models-multilingual-gsm-symbolic-synthetic-ukr@refs-pr-16-synthetic-ukr_jecMmNUyYnkcTQcybBfYNm.eval
Analyzed hf_dataset/logs_pr16_b894d88_fresh/2026-07-24T17-41-56-00-00_hf-danish-foundation-models-multilingual-gsm-symbolic-original-nld@refs-pr-16-original-nld_3tEDNqnKxmQZuR9a8aTffW.eval
Analyzed hf_dataset/logs_pr16_b894d88_fresh/2026-07-24T16-42-02-00-00_hf-danish-foundation-models-multilingual-gsm-symbolic-synthetic-mar@refs-pr-16-synthetic-mar_8Ddgs7dX584THE5cPBXTdo.eval
Analyzed hf_dataset/logs_pr16_b894d88_fresh/2026-07-24T17-41-56-00-00_hf-danish-foundation-models-multilingual-gsm-symbolic-original-rus@refs-pr-16-original-rus_iKcH46Ctg9A2u8m6zd3xq9.eval
Analyzed hf_dataset/logs_pr16_b894d88_fresh/2026-07-24T17-41-56-00-00_hf-danish-foundation-models-multilingual-gsm-symbolic-original-ukr@refs-pr-16-original-ukr_2Ppyb9sx4C2w42MypxPBNt.eval
Analyzed hf_dataset/logs_pr16_b894d88_fresh/2026-07-24T16-42-02-00-00_hf-danish-foundation-models-multilingual-gsm-symbolic-synthetic-ita@refs-pr-16-synthetic-ita_YfyUKXMj4d3yugLgdSufuX.eval
Analyzed hf_dataset/logs_pr16_b894d88_fresh/2026-07-24T17-41-56-00-00_hf-danish-foundation-models-multilingual-gsm-symbolic-original-zho@refs-pr-16-original-zho_H4h5A8RHY3z3bBvDwuXXvf.eval
Analyzed hf_dataset/logs_pr16_b894d88_fresh/2026-07-24T16-42-02-00-00_hf-danish-foundation-models-multilingual-gsm-symbolic-synthetic-rus@refs-pr-16-synthetic-rus_F4MjhrDvC6EtqDzNx5kxXp.eval
Analyzed hf_dataset/logs_pr16_b894d88_fresh/2026-07-24T16-42-02-00-00_hf-danish-foundation-models-multilingual-gsm-symbolic-synthetic-ara@refs-pr-16-synthetic-ara_bj8QGA9s8afCbMzGdSNPru.eval
Analyzed hf_dataset/logs_pr16_b894d88_fresh/2026-07-24T21-58-36-00-00_hf-danish-foundation-models-multilingual-gsm-symbolic-original-eng@refs-pr-16-original-eng_3mxQk8s6NJogxyqgchZyci.eval
Analyzed hf_dataset/logs_pr16_b894d88_fresh/2026-07-24T16-42-02-00-00_hf-danish-foundation-models-multilingual-gsm-symbolic-synthetic-hin@refs-pr-16-synthetic-hin_QuEZgSamHmAvWnXM7UNV3S.eval
Analyzed hf_dataset/logs_pr16_b894d88_fresh/2026-07-24T21-58-36-00-00_hf-danish-foundation-models-multilingual-gsm-symbolic-original-deu@refs-pr-16-original-deu_c94aibskW5reSkKpFaoWif.eval
Analyzed hf_dataset/logs_pr16_b894d88_fresh/2026-07-24T21-58-36-00-00_hf-danish-foundation-models-multilingual-gsm-symbolic-original-isl@refs-pr-16-original-isl_nYmiBiy5hfkeofrtE4oAuc.eval
Analyzed hf_dataset/logs_pr16_b894d88_fresh/2026-07-24T21-58-36-00-00_hf-danish-foundation-models-multilingual-gsm-symbolic-original-mar@refs-pr-16-original-mar_g2bURfnmSmFSMJNjecjUmB.eval
Analyzed hf_dataset/logs_pr16_b894d88_fresh/2026-07-24T21-58-36-00-00_hf-danish-foundation-models-multilingual-gsm-symbolic-original-dan@refs-pr-16-original-dan_4j7xmpNnmubtE62TporXe8.eval
Analyzed hf_dataset/logs_pr16_b894d88_fresh/2026-07-24T16-42-02-00-00_hf-danish-foundation-models-multilingual-gsm-symbolic-synthetic-fra@refs-pr-16-synthetic-fra_YZA95GBYoLASNgVLBiZ54t.eval
Analyzed hf_dataset/logs_pr16_b894d88_fresh/2026-07-24T21-58-36-00-00_hf-danish-foundation-models-multilingual-gsm-symbolic-original-hin@refs-pr-16-original-hin_iJXbZ88hrZ5oQm8pMe87ZC.eval
Analyzed hf_dataset/logs_pr16_b894d88_fresh/2026-07-24T21-58-36-00-00_hf-danish-foundation-models-multilingual-gsm-symbolic-original-nob@refs-pr-16-original-nob_ikCCXiKeYqYjvRUZVd2JSJ.eval
Analyzed hf_dataset/logs_pr16_b894d88_fresh/2026-07-24T16-42-03-00-00_hf-danish-foundation-models-multilingual-gsm-symbolic-synthetic-jpn@refs-pr-16-synthetic-jpn_8nPLzY2HQKT9pxtiTWbHcR.eval
Analyzed hf_dataset/logs_pr16_b894d88_fresh/2026-07-24T16-42-03-00-00_hf-danish-foundation-models-multilingual-gsm-symbolic-synthetic-eng-metric@refs-pr-16-synthetic-eng-metric_35FUv6VBVsiR2wicgcvMHT.eval
Analyzed hf_dataset/logs_pr16_b894d88_fresh/2026-07-24T13-34-57-00-00_hf-danish-foundation-models-multilingual-gsm-symbolic-synthetic-fra@refs-pr-16-synthetic-fra_kfK2bqi9mvcuA8setp8nsK.eval
Analyzed hf_dataset/logs_pr16_b894d88_fresh/2026-07-24T16-42-03-00-00_hf-danish-foundation-models-multilingual-gsm-symbolic-synthetic-est@refs-pr-16-synthetic-est_aJjCt3BdscmXzNuTDfL2rx.eval
Analyzed hf_dataset/logs_pr16_b894d88_fresh/2026-07-24T21-58-37-00-00_hf-danish-foundation-models-multilingual-gsm-symbolic-original-ita@refs-pr-16-original-ita_9tg66b4nciJfPa4eJ2dryJ.eval
Analyzed hf_dataset/logs_pr16_b894d88_fresh/2026-07-24T21-58-37-00-00_hf-danish-foundation-models-multilingual-gsm-symbolic-original-fra@refs-pr-16-original-fra_9Wi4avdnWYx9Ws8cWXXF4e.eval
Analyzed hf_dataset/logs_pr16_b894d88_fresh/2026-07-24T21-58-37-00-00_hf-danish-foundation-models-multilingual-gsm-symbolic-original-jpn@refs-pr-16-original-jpn_K8qYrydhSmgLGZKmTcqDQy.eval
Analyzed hf_dataset/logs_pr16_b894d88_fresh/2026-07-24T21-58-37-00-00_hf-danish-foundation-models-multilingual-gsm-symbolic-original-nld@refs-pr-16-original-nld_WgUP35b8SkJfmerUXkkFp7.eval
Analyzed hf_dataset/logs_pr16_b894d88_fresh/2026-07-24T21-58-37-00-00_hf-danish-foundation-models-multilingual-gsm-symbolic-original-rus@refs-pr-16-original-rus_j2TrEe3Vx2NYFo5tbrxcnP.eval
Analyzed hf_dataset/logs_pr16_b894d88_fresh/2026-07-24T21-58-37-00-00_hf-danish-foundation-models-multilingual-gsm-symbolic-original-ukr@refs-pr-16-original-ukr_Ubo4Vjm3Hiz8egjN6Z8vTJ.eval
Analyzed hf_dataset/logs_pr16_b894d88_fresh/2026-07-24T21-58-37-00-00_hf-danish-foundation-models-multilingual-gsm-symbolic-original-zho@refs-pr-16-original-zho_b6PjQMtC7AoWUsHaUqtVQX.eval
Memory guard: host usage exceeded 220 GiB; stopping pr16-artifacts.
