file,model,language,n,has_boxed,extracted,correct,extracted_but_wrong,unparsed
logs/2026-07-02T07-23-13-00-00_hf-danish-foundation-models-multilingual-gsm-symbolic-synthetic-isl@0850f21ea3197a67221af050c288883caabd36f6-synthetic-isl_Zjbh7z55y4HFfxH6FMeLPe.eval,vllm/allenai/OLMo-2-0425-1B-Instruct,isl,500,171,266,2,264,0
logs/2026-07-02T07-26-15-00-00_hf-danish-foundation-models-multilingual-gsm-symbolic-synthetic-isl@0850f21ea3197a67221af050c288883caabd36f6-synthetic-isl_V9FKW8nAh5nhm7ZozrGbXN.eval,vllm/allenai/OLMo-2-1124-7B-Instruct,isl,500,119,215,7,208,0
logs/2026-07-02T07-29-45-00-00_hf-danish-foundation-models-multilingual-gsm-symbolic-synthetic-isl@0850f21ea3197a67221af050c288883caabd36f6-synthetic-isl_GZ2L4nVAnKu3FWbgYgciDJ.eval,vllm/allenai/OLMo-2-1124-13B-Instruct,isl,500,478,481,86,395,0
logs/2026-07-02T07-34-27-00-00_hf-danish-foundation-models-multilingual-gsm-symbolic-synthetic-isl@0850f21ea3197a67221af050c288883caabd36f6-synthetic-isl_mYdozptmcg9i2TcT7aA6AF.eval,vllm/allenai/OLMo-2-0325-32B-Instruct,isl,500,500,500,241,259,0
logs/2026-07-02T07-40-54-00-00_hf-danish-foundation-models-multilingual-gsm-symbolic-synthetic-isl@0850f21ea3197a67221af050c288883caabd36f6-synthetic-isl_cmpxJa39epYq65RFsnRAp9.eval,vllm/ibm-granite/granite-3.2-2b-instruct,isl,500,229,238,13,225,0
logs/2026-07-02T07-45-01-00-00_hf-danish-foundation-models-multilingual-gsm-symbolic-synthetic-isl@0850f21ea3197a67221af050c288883caabd36f6-synthetic-isl_XgNEKsCaf2qXEmnGtStRdd.eval,vllm/ibm-granite/granite-3.2-2b-instruct,isl,500,257,319,9,310,0
logs/2026-07-02T07-49-47-00-00_hf-danish-foundation-models-multilingual-gsm-symbolic-synthetic-isl@0850f21ea3197a67221af050c288883caabd36f6-synthetic-isl_aUdVGLTeMHmjSYhnPxbcJR.eval,vllm/ibm-granite/granite-3.2-8b-instruct,isl,500,499,499,136,363,0
logs/2026-07-02T07-53-16-00-00_hf-danish-foundation-models-multilingual-gsm-symbolic-synthetic-isl@0850f21ea3197a67221af050c288883caabd36f6-synthetic-isl_EkRQXar67ApyMn2wJy8YjV.eval,vllm/ibm-granite/granite-3.2-8b-instruct,isl,500,492,497,65,432,0
logs/2026-07-02T07-56-03-00-00_hf-danish-foundation-models-multilingual-gsm-symbolic-synthetic-isl@0850f21ea3197a67221af050c288883caabd36f6-synthetic-isl_k6nAjcabLaykmaa5Q32zg8.eval,vllm/google/gemma-3-1b-it,isl,500,282,341,13,328,0
logs/2026-07-02T08-01-25-00-00_hf-danish-foundation-models-multilingual-gsm-symbolic-synthetic-isl@0850f21ea3197a67221af050c288883caabd36f6-synthetic-isl_dMuVoW86APUaAjgiXtfTjy.eval,vllm/google/gemma-3-4b-it,isl,500,496,497,265,232,0
logs/2026-07-02T08-14-57-00-00_hf-danish-foundation-models-multilingual-gsm-symbolic-synthetic-isl@0850f21ea3197a67221af050c288883caabd36f6-synthetic-isl_b5PKwUDTLk6Cy4f2xMuShY.eval,vllm/google/gemma-3-12b-it,isl,500,500,500,392,108,0
logs/2026-07-02T08-19-16-00-00_hf-danish-foundation-models-multilingual-gsm-symbolic-synthetic-isl@0850f21ea3197a67221af050c288883caabd36f6-synthetic-isl_FmsSNXm3fvgBF9nCSkaMNy.eval,vllm/google/gemma-3-27b-it,isl,500,499,499,399,100,0
logs/2026-07-02T08-24-53-00-00_hf-danish-foundation-models-multilingual-gsm-symbolic-synthetic-isl@0850f21ea3197a67221af050c288883caabd36f6-synthetic-isl_iqqNsLzoEqpSA3LYNSXbmV.eval,vllm/swiss-ai/Apertus-8B-Instruct-2509,isl,500,303,343,98,245,0
logs/2026-07-22T07-29-55-00-00_hf-danish-foundation-models-multilingual-gsm-symbolic-synthetic-isl@0850f21ea3197a67221af050c288883caabd36f6-synthetic-isl_eRw7gcWtGwdpdvhyZxWWyD.eval,vllm/Qwen/Qwen2.5-0.5B-Instruct,isl,500,29,282,3,279,0
logs/2026-07-22T08-14-26-00-00_hf-danish-foundation-models-multilingual-gsm-symbolic-synthetic-isl@0850f21ea3197a67221af050c288883caabd36f6-synthetic-isl_PJiY8np9hXox9FyMUFK65h.eval,vllm/Qwen/Qwen2.5-1.5B-Instruct,isl,500,180,249,11,238,0
logs/2026-07-22T08-36-10-00-00_hf-danish-foundation-models-multilingual-gsm-symbolic-synthetic-isl@0850f21ea3197a67221af050c288883caabd36f6-synthetic-isl_nTmT9pAixRhmhvESQzoHVp.eval,vllm/Qwen/Qwen2.5-3B-Instruct,isl,500,470,472,85,387,0
logs/2026-07-22T08-50-37-00-00_hf-danish-foundation-models-multilingual-gsm-symbolic-synthetic-isl@0850f21ea3197a67221af050c288883caabd36f6-synthetic-isl_Vk8CGrBpz8jdC2r6ovjCjp.eval,vllm/Qwen/Qwen2.5-7B-Instruct,isl,500,500,499,203,296,0
logs/2026-07-22T08-59-03-00-00_hf-danish-foundation-models-multilingual-gsm-symbolic-synthetic-isl@0850f21ea3197a67221af050c288883caabd36f6-synthetic-isl_bPmvBN7t287uYAbSqUeZrf.eval,vllm/Qwen/Qwen2.5-14B-Instruct,isl,500,499,499,318,181,0
logs/2026-07-22T09-05-47-00-00_hf-danish-foundation-models-multilingual-gsm-symbolic-synthetic-isl@0850f21ea3197a67221af050c288883caabd36f6-synthetic-isl_HWGunxVNqqDS9vG4fUKbJT.eval,vllm/Qwen/Qwen2.5-32B-Instruct,isl,500,499,499,388,111,0
logs/2026-07-22T09-27-28-00-00_hf-danish-foundation-models-multilingual-gsm-symbolic-synthetic-isl@0850f21ea3197a67221af050c288883caabd36f6-synthetic-isl_XSkcqREojREsrPPLLiYvyf.eval,vllm/Qwen/Qwen2.5-72B-Instruct,isl,500,500,500,398,102,0
logs/2026-07-22T09-33-09-00-00_hf-danish-foundation-models-multilingual-gsm-symbolic-synthetic-isl@0850f21ea3197a67221af050c288883caabd36f6-synthetic-isl_65Lyc2S5KHkZqoAHoZ77vC.eval,vllm/Qwen/Qwen3-0.6B,isl,500,495,497,64,433,0
logs/2026-07-22T09-47-19-00-00_hf-danish-foundation-models-multilingual-gsm-symbolic-synthetic-isl@0850f21ea3197a67221af050c288883caabd36f6-synthetic-isl_k5AaCRYKrusus5MBZJQMAf.eval,vllm/Qwen/Qwen3-0.6B,isl,500,471,491,19,472,0
logs/2026-07-22T09-54-26-00-00_hf-danish-foundation-models-multilingual-gsm-symbolic-synthetic-isl@0850f21ea3197a67221af050c288883caabd36f6-synthetic-isl_FKhWakf5V8GQRBCafXPUbu.eval,vllm/Qwen/Qwen3-1.7B,isl,500,497,497,214,283,0
logs/2026-07-22T10-20-24-00-00_hf-danish-foundation-models-multilingual-gsm-symbolic-synthetic-isl@0850f21ea3197a67221af050c288883caabd36f6-synthetic-isl_PDHuK7CkqHdVoLBHZKE6ij.eval,vllm/Qwen/Qwen3-1.7B,isl,500,499,499,119,380,0
logs/2026-07-23T08-45-16-00-00_hf-danish-foundation-models-multilingual-gsm-symbolic-synthetic-dan@refs-pr-16-synthetic-dan_HhJaZzw5A83AGAKQrBuecX.eval,vllm/Qwen/Qwen2.5-0.5B-Instruct,dan,500,131,209,6,203,0
logs/2026-07-23T08-45-16-00-00_hf-danish-foundation-models-multilingual-gsm-symbolic-synthetic-eng@refs-pr-16-synthetic-eng_nZVM3dt4sqzUxtf65kGYXF.eval,vllm/Qwen/Qwen2.5-0.5B-Instruct,eng,500,493,493,187,306,0
logs/2026-07-23T08-45-17-00-00_hf-danish-foundation-models-multilingual-gsm-symbolic-synthetic-ara@refs-pr-16-synthetic-ara_J56pRTWL6ctZji34kpp6cs.eval,vllm/Qwen/Qwen2.5-0.5B-Instruct,ara,500,159,284,3,281,0
logs/2026-07-23T08-45-17-00-00_hf-danish-foundation-models-multilingual-gsm-symbolic-synthetic-deu@refs-pr-16-synthetic-deu_VmCx8Rxng4ocGdwZWKFGMh.eval,vllm/Qwen/Qwen2.5-0.5B-Instruct,deu,500,393,402,29,373,0
logs/2026-07-23T08-45-17-00-00_hf-danish-foundation-models-multilingual-gsm-symbolic-synthetic-fra@refs-pr-16-synthetic-fra_WXkG6y6zztmQ3VeNhoM8dd.eval,vllm/Qwen/Qwen2.5-0.5B-Instruct,fra,500,270,315,24,291,0
logs/2026-07-23T08-45-17-00-00_hf-danish-foundation-models-multilingual-gsm-symbolic-synthetic-hin@refs-pr-16-synthetic-hin_76ijuuEAhReLWht4X7wPwM.eval,vllm/Qwen/Qwen2.5-0.5B-Instruct,hin,500,153,266,3,263,0
logs/2026-07-23T08-45-17-00-00_hf-danish-foundation-models-multilingual-gsm-symbolic-synthetic-isl@refs-pr-16-synthetic-isl_JTSNg3YhggyQVPXBepoZWG.eval,vllm/Qwen/Qwen2.5-0.5B-Instruct,isl,500,52,282,2,280,0
logs/2026-07-23T08-45-17-00-00_hf-danish-foundation-models-multilingual-gsm-symbolic-synthetic-ita@refs-pr-16-synthetic-ita_NoeVomcZUbkfjzJJiT2aqU.eval,vllm/Qwen/Qwen2.5-0.5B-Instruct,ita,500,326,360,18,342,0
logs/2026-07-23T08-45-17-00-00_hf-danish-foundation-models-multilingual-gsm-symbolic-synthetic-mar@refs-pr-16-synthetic-mar_hr94XzUamxp4H72XmvFwZ7.eval,vllm/Qwen/Qwen2.5-0.5B-Instruct,mar,500,53,429,3,426,0
logs/2026-07-23T08-45-18-00-00_hf-danish-foundation-models-multilingual-gsm-symbolic-synthetic-est@refs-pr-16-synthetic-est_WcKeAciNkfv8LkQM77rtH6.eval,vllm/Qwen/Qwen2.5-0.5B-Instruct,est,500,103,267,3,264,0
logs/2026-07-23T08-45-18-00-00_hf-danish-foundation-models-multilingual-gsm-symbolic-synthetic-jpn@refs-pr-16-synthetic-jpn_UaeSFr8iWPedHnvqz8xEWu.eval,vllm/Qwen/Qwen2.5-0.5B-Instruct,jpn,500,153,190,10,180,0
logs/2026-07-23T08-45-18-00-00_hf-danish-foundation-models-multilingual-gsm-symbolic-synthetic-nld@refs-pr-16-synthetic-nld_Nt3x3Ng8vZdNtQKe7AWytn.eval,vllm/Qwen/Qwen2.5-0.5B-Instruct,nld,500,280,346,26,320,0
logs/2026-07-23T08-45-18-00-00_hf-danish-foundation-models-multilingual-gsm-symbolic-synthetic-rus@refs-pr-16-synthetic-rus_aeh3atvjkTznSMrUBWns6L.eval,vllm/Qwen/Qwen2.5-0.5B-Instruct,rus,500,207,235,21,214,0
logs/2026-07-23T08-45-18-00-00_hf-danish-foundation-models-multilingual-gsm-symbolic-synthetic-ukr@refs-pr-16-synthetic-ukr_CdUdFh6BdRD4L6tGpAzoie.eval,vllm/Qwen/Qwen2.5-0.5B-Instruct,ukr,500,269,318,6,312,0
logs/2026-07-23T08-45-18-00-00_hf-danish-foundation-models-multilingual-gsm-symbolic-synthetic-zho@refs-pr-16-synthetic-zho_Y5hf2fky8JHEUnKTEru38K.eval,vllm/Qwen/Qwen2.5-0.5B-Instruct,zho,500,200,203,48,155,0
logs/2026-07-23T10-18-20-00-00_hf-danish-foundation-models-multilingual-gsm-symbolic-synthetic-dan@refs-pr-16-synthetic-dan_EDgFhGz7SgTmtJNggneNaM.eval,vllm/Qwen/Qwen2.5-1.5B-Instruct,dan,500,333,337,67,270,0
logs/2026-07-23T10-18-20-00-00_hf-danish-foundation-models-multilingual-gsm-symbolic-synthetic-eng@refs-pr-16-synthetic-eng_Z5mVm6YNPc3vJYP5EuijcG.eval,vllm/Qwen/Qwen2.5-1.5B-Instruct,eng,500,424,424,267,157,0
logs/2026-07-23T11-14-01-00-00_hf-danish-foundation-models-multilingual-gsm-symbolic-synthetic-dan@refs-pr-16-synthetic-dan_RNNYMFdYXiXbGkk9ALf6Xi.eval,vllm/Qwen/Qwen2.5-1.5B-Instruct,dan,500,336,343,74,269,0
logs/2026-07-23T11-14-01-00-00_hf-danish-foundation-models-multilingual-gsm-symbolic-synthetic-deu@refs-pr-16-synthetic-deu_GkPi5h9N5YDBi755sGNnz4.eval,vllm/Qwen/Qwen2.5-1.5B-Instruct,deu,500,438,439,177,262,0
logs/2026-07-23T11-14-01-00-00_hf-danish-foundation-models-multilingual-gsm-symbolic-synthetic-eng@refs-pr-16-synthetic-eng_Y8sgL3UKeMbNNsbRNgyyXu.eval,vllm/Qwen/Qwen2.5-1.5B-Instruct,eng,500,420,421,269,152,0
logs/2026-07-23T11-14-02-00-00_hf-danish-foundation-models-multilingual-gsm-symbolic-synthetic-ara@refs-pr-16-synthetic-ara_nsMwRth3WscLe6ansd5t3E.eval,vllm/Qwen/Qwen2.5-1.5B-Instruct,ara,500,302,312,63,249,0
logs/2026-07-23T11-14-02-00-00_hf-danish-foundation-models-multilingual-gsm-symbolic-synthetic-fra@refs-pr-16-synthetic-fra_L22QVLdVdviJk7D6eYqY24.eval,vllm/Qwen/Qwen2.5-1.5B-Instruct,fra,500,294,306,105,201,0
logs/2026-07-23T11-14-02-00-00_hf-danish-foundation-models-multilingual-gsm-symbolic-synthetic-hin@refs-pr-16-synthetic-hin_hF7EnwQpjnMTBsBoj5r3nU.eval,vllm/Qwen/Qwen2.5-1.5B-Instruct,hin,500,184,290,23,267,0
logs/2026-07-23T11-14-02-00-00_hf-danish-foundation-models-multilingual-gsm-symbolic-synthetic-isl@refs-pr-16-synthetic-isl_j2bvLG9nJ2HPP6pm8fQH5B.eval,vllm/Qwen/Qwen2.5-1.5B-Instruct,isl,500,174,238,11,227,0
logs/2026-07-23T11-14-02-00-00_hf-danish-foundation-models-multilingual-gsm-symbolic-synthetic-ita@refs-pr-16-synthetic-ita_TmCPHKq2Z2QxFtVARBbvUQ.eval,vllm/Qwen/Qwen2.5-1.5B-Instruct,ita,500,382,387,162,225,0
logs/2026-07-23T11-14-02-00-00_hf-danish-foundation-models-multilingual-gsm-symbolic-synthetic-mar@refs-pr-16-synthetic-mar_mr9W79dEQcczqsFFLLNrMY.eval,vllm/Qwen/Qwen2.5-1.5B-Instruct,mar,500,182,325,3,322,0
logs/2026-07-23T11-14-02-00-00_hf-danish-foundation-models-multilingual-gsm-symbolic-synthetic-nld@refs-pr-16-synthetic-nld_5bpqx3hGwpWT5xf79N3ace.eval,vllm/Qwen/Qwen2.5-1.5B-Instruct,nld,500,386,395,134,261,0
logs/2026-07-23T11-14-03-00-00_hf-danish-foundation-models-multilingual-gsm-symbolic-synthetic-est@refs-pr-16-synthetic-est_8H3TmEv4P52bSSaFfjEps3.eval,vllm/Qwen/Qwen2.5-1.5B-Instruct,est,500,323,365,11,354,0
logs/2026-07-23T11-14-03-00-00_hf-danish-foundation-models-multilingual-gsm-symbolic-synthetic-jpn@refs-pr-16-synthetic-jpn_VFzJ5Ju484u87oAxRVjyvP.eval,vllm/Qwen/Qwen2.5-1.5B-Instruct,jpn,500,295,303,109,194,0
logs/2026-07-23T11-14-03-00-00_hf-danish-foundation-models-multilingual-gsm-symbolic-synthetic-rus@refs-pr-16-synthetic-rus_njnDgHSqtSaW4hvMVo4ULu.eval,vllm/Qwen/Qwen2.5-1.5B-Instruct,rus,500,345,347,136,211,0
logs/2026-07-23T11-14-03-00-00_hf-danish-foundation-models-multilingual-gsm-symbolic-synthetic-ukr@refs-pr-16-synthetic-ukr_QvEBHQLvHvXzSrGQTxod4k.eval,vllm/Qwen/Qwen2.5-1.5B-Instruct,ukr,500,343,351,96,255,0
logs/2026-07-23T11-14-03-00-00_hf-danish-foundation-models-multilingual-gsm-symbolic-synthetic-zho@refs-pr-16-synthetic-zho_hesQu49LFXYBL72zUcq7s3.eval,vllm/Qwen/Qwen2.5-1.5B-Instruct,zho,500,191,191,93,98,0
logs/2026-07-23T13-05-04-00-00_hf-danish-foundation-models-multilingual-gsm-symbolic-synthetic-dan@refs-pr-16-synthetic-dan_FcW8W4Lkrs3o5kqkDfEwhJ.eval,vllm/Qwen/Qwen2.5-3B-Instruct,dan,500,485,486,277,209,0
logs/2026-07-23T13-05-04-00-00_hf-danish-foundation-models-multilingual-gsm-symbolic-synthetic-eng@refs-pr-16-synthetic-eng_iCEgWLuZJGvN4NpGT3cNdj.eval,vllm/Qwen/Qwen2.5-3B-Instruct,eng,500,500,500,415,85,0
logs/2026-07-23T13-05-05-00-00_hf-danish-foundation-models-multilingual-gsm-symbolic-synthetic-deu@refs-pr-16-synthetic-deu_YLXgYdLbqr9byyrhan8qFa.eval,vllm/Qwen/Qwen2.5-3B-Instruct,deu,500,496,496,315,181,0
logs/2026-07-23T13-05-05-00-00_hf-danish-foundation-models-multilingual-gsm-symbolic-synthetic-isl@refs-pr-16-synthetic-isl_6DUcSZoGC5jmrFU6eYdXyX.eval,vllm/Qwen/Qwen2.5-3B-Instruct,isl,500,332,353,63,290,0
logs/2026-07-23T13-05-06-00-00_hf-danish-foundation-models-multilingual-gsm-symbolic-synthetic-ara@refs-pr-16-synthetic-ara_5Q5fMkJFk9k9PfryJvjfqF.eval,vllm/Qwen/Qwen2.5-3B-Instruct,ara,500,496,496,300,196,0
logs/2026-07-23T13-05-06-00-00_hf-danish-foundation-models-multilingual-gsm-symbolic-synthetic-fra@refs-pr-16-synthetic-fra_48KREDD7wrgS4iCJbayZGe.eval,vllm/Qwen/Qwen2.5-3B-Instruct,fra,500,500,500,361,139,0
logs/2026-07-23T13-05-06-00-00_hf-danish-foundation-models-multilingual-gsm-symbolic-synthetic-hin@refs-pr-16-synthetic-hin_CW9atRiaEkAw9aBxCJaSi7.eval,vllm/Qwen/Qwen2.5-3B-Instruct,hin,500,494,495,200,295,0
logs/2026-07-23T13-05-06-00-00_hf-danish-foundation-models-multilingual-gsm-symbolic-synthetic-ita@refs-pr-16-synthetic-ita_Zc4Hy4XBvrcSby9Q49gWN7.eval,vllm/Qwen/Qwen2.5-3B-Instruct,ita,500,500,500,347,153,0
logs/2026-07-23T13-05-06-00-00_hf-danish-foundation-models-multilingual-gsm-symbolic-synthetic-mar@refs-pr-16-synthetic-mar_D7AXBubYvav8AWwLTY5ZzC.eval,vllm/Qwen/Qwen2.5-3B-Instruct,mar,500,481,492,72,420,0
logs/2026-07-23T13-05-07-00-00_hf-danish-foundation-models-multilingual-gsm-symbolic-synthetic-est@refs-pr-16-synthetic-est_fpVpri4YgGKwTPoyMWx5W6.eval,vllm/Qwen/Qwen2.5-3B-Instruct,est,500,401,419,76,343,0
logs/2026-07-23T13-05-07-00-00_hf-danish-foundation-models-multilingual-gsm-symbolic-synthetic-jpn@refs-pr-16-synthetic-jpn_fJHUo5pUCRnJP8SDJbCBPP.eval,vllm/Qwen/Qwen2.5-3B-Instruct,jpn,500,498,498,284,214,0
logs/2026-07-23T13-05-07-00-00_hf-danish-foundation-models-multilingual-gsm-symbolic-synthetic-nld@refs-pr-16-synthetic-nld_nbhpTdDvLBYDRbwavtkDq2.eval,vllm/Qwen/Qwen2.5-3B-Instruct,nld,500,468,468,304,164,0
logs/2026-07-23T13-05-07-00-00_hf-danish-foundation-models-multilingual-gsm-symbolic-synthetic-rus@refs-pr-16-synthetic-rus_kqv9WCfPm8eweon2aQ6LY8.eval,vllm/Qwen/Qwen2.5-3B-Instruct,rus,500,497,497,331,166,0
logs/2026-07-23T13-05-07-00-00_hf-danish-foundation-models-multilingual-gsm-symbolic-synthetic-ukr@refs-pr-16-synthetic-ukr_i62YVZckazUYh6KhhKY2RN.eval,vllm/Qwen/Qwen2.5-3B-Instruct,ukr,500,496,496,287,209,0
logs/2026-07-23T13-05-07-00-00_hf-danish-foundation-models-multilingual-gsm-symbolic-synthetic-zho@refs-pr-16-synthetic-zho_bdNQtZCGS9f9tSCMWfz8cy.eval,vllm/Qwen/Qwen2.5-3B-Instruct,zho,500,498,498,368,130,0
logs/2026-07-23T14-06-05-00-00_hf-danish-foundation-models-multilingual-gsm-symbolic-synthetic-dan@refs-pr-16-synthetic-dan_48iT5wrSrMfT3swqsHDFui.eval,vllm/Qwen/Qwen2.5-7B-Instruct,dan,500,500,500,414,86,0
logs/2026-07-23T14-06-05-00-00_hf-danish-foundation-models-multilingual-gsm-symbolic-synthetic-deu@refs-pr-16-synthetic-deu_juLGtUa7r8KbGHS77YGtZz.eval,vllm/Qwen/Qwen2.5-7B-Instruct,deu,500,500,500,400,100,0
logs/2026-07-23T14-06-05-00-00_hf-danish-foundation-models-multilingual-gsm-symbolic-synthetic-eng@refs-pr-16-synthetic-eng_4JxEW6LpTZT8UXpC7PdQ5j.eval,vllm/Qwen/Qwen2.5-7B-Instruct,eng,500,500,500,462,38,0
logs/2026-07-23T14-06-06-00-00_hf-danish-foundation-models-multilingual-gsm-symbolic-synthetic-ara@refs-pr-16-synthetic-ara_3kD4MGXBbEw7raBqHEU3zT.eval,vllm/Qwen/Qwen2.5-7B-Instruct,ara,500,499,499,391,108,0
logs/2026-07-23T14-06-06-00-00_hf-danish-foundation-models-multilingual-gsm-symbolic-synthetic-fra@refs-pr-16-synthetic-fra_fBUgLKmawY5mAiXMN9f2Er.eval,vllm/Qwen/Qwen2.5-7B-Instruct,fra,500,500,500,423,77,0
logs/2026-07-23T14-06-06-00-00_hf-danish-foundation-models-multilingual-gsm-symbolic-synthetic-hin@refs-pr-16-synthetic-hin_6nAaBhprSkgYZAQEDkATg5.eval,vllm/Qwen/Qwen2.5-7B-Instruct,hin,500,500,500,347,153,0
logs/2026-07-23T14-06-06-00-00_hf-danish-foundation-models-multilingual-gsm-symbolic-synthetic-isl@refs-pr-16-synthetic-isl_gvEP4pSmVL4qyTcuzwJREB.eval,vllm/Qwen/Qwen2.5-7B-Instruct,isl,500,500,500,219,281,0
logs/2026-07-23T14-06-06-00-00_hf-danish-foundation-models-multilingual-gsm-symbolic-synthetic-ita@refs-pr-16-synthetic-ita_PVDCicnCMLGxHAg6zpwn3r.eval,vllm/Qwen/Qwen2.5-7B-Instruct,ita,500,500,500,437,63,0
logs/2026-07-23T14-06-06-00-00_hf-danish-foundation-models-multilingual-gsm-symbolic-synthetic-nld@refs-pr-16-synthetic-nld_7YDmyfVZd8h3HB4csCpU2t.eval,vllm/Qwen/Qwen2.5-7B-Instruct,nld,500,500,500,405,95,0
logs/2026-07-23T14-06-07-00-00_hf-danish-foundation-models-multilingual-gsm-symbolic-synthetic-est@refs-pr-16-synthetic-est_4jpfw6iCYKqZVRC49mciAw.eval,vllm/Qwen/Qwen2.5-7B-Instruct,est,500,497,499,295,204,0
logs/2026-07-23T14-06-07-00-00_hf-danish-foundation-models-multilingual-gsm-symbolic-synthetic-jpn@refs-pr-16-synthetic-jpn_SQ5t4UscJe3bXTyvZDcygx.eval,vllm/Qwen/Qwen2.5-7B-Instruct,jpn,500,500,500,385,115,0
logs/2026-07-23T14-06-07-00-00_hf-danish-foundation-models-multilingual-gsm-symbolic-synthetic-rus@refs-pr-16-synthetic-rus_JcKP29na4Vvu5rFHSaNFxP.eval,vllm/Qwen/Qwen2.5-7B-Instruct,rus,500,500,500,401,99,0
logs/2026-07-23T14-06-07-00-00_hf-danish-foundation-models-multilingual-gsm-symbolic-synthetic-ukr@refs-pr-16-synthetic-ukr_fhEKA3fiAUsUULWnVwFAZz.eval,vllm/Qwen/Qwen2.5-7B-Instruct,ukr,500,499,499,386,113,0
logs/2026-07-23T14-06-07-00-00_hf-danish-foundation-models-multilingual-gsm-symbolic-synthetic-zho@refs-pr-16-synthetic-zho_8ebPFjpWXr9a3dXy4Mi26P.eval,vllm/Qwen/Qwen2.5-7B-Instruct,zho,500,500,500,408,92,0
logs/2026-07-23T15-02-33-00-00_hf-danish-foundation-models-multilingual-gsm-symbolic-synthetic-eng@refs-pr-16-synthetic-eng_XQBvhaoTNQKtW5v2w99PmR.eval,vllm/Qwen/Qwen2.5-14B-Instruct,eng,500,500,500,476,24,0
logs/2026-07-23T15-02-34-00-00_hf-danish-foundation-models-multilingual-gsm-symbolic-synthetic-dan@refs-pr-16-synthetic-dan_MwqXea7brJf8Ngp6KrTtAQ.eval,vllm/Qwen/Qwen2.5-14B-Instruct,dan,500,500,500,435,65,0
logs/2026-07-23T15-02-34-00-00_hf-danish-foundation-models-multilingual-gsm-symbolic-synthetic-deu@refs-pr-16-synthetic-deu_ircvekxK64eBBk7zu8Ug6q.eval,vllm/Qwen/Qwen2.5-14B-Instruct,deu,500,500,500,435,65,0
logs/2026-07-23T15-02-34-00-00_hf-danish-foundation-models-multilingual-gsm-symbolic-synthetic-isl@refs-pr-16-synthetic-isl_5YZbLhFkSPXtz9V9cnMamr.eval,vllm/Qwen/Qwen2.5-14B-Instruct,isl,500,500,500,358,142,0
logs/2026-07-23T15-02-35-00-00_hf-danish-foundation-models-multilingual-gsm-symbolic-synthetic-ara@refs-pr-16-synthetic-ara_3kSFk2KKUhPv7KQj7WuZU3.eval,vllm/Qwen/Qwen2.5-14B-Instruct,ara,500,500,500,467,33,0
logs/2026-07-23T15-02-35-00-00_hf-danish-foundation-models-multilingual-gsm-symbolic-synthetic-fra@refs-pr-16-synthetic-fra_akoKJM8H3xfrvLHe5qGPx4.eval,vllm/Qwen/Qwen2.5-14B-Instruct,fra,500,500,500,451,49,0
logs/2026-07-23T15-02-35-00-00_hf-danish-foundation-models-multilingual-gsm-symbolic-synthetic-hin@refs-pr-16-synthetic-hin_my3CTmJoFrua4stk3N493L.eval,vllm/Qwen/Qwen2.5-14B-Instruct,hin,500,500,500,399,101,0
logs/2026-07-23T15-02-35-00-00_hf-danish-foundation-models-multilingual-gsm-symbolic-synthetic-mar@refs-pr-16-synthetic-mar_U54dbggx4STBrz7y5eo9Mp.eval,vllm/Qwen/Qwen2.5-14B-Instruct,mar,500,500,500,321,179,0
logs/2026-07-23T15-02-36-00-00_hf-danish-foundation-models-multilingual-gsm-symbolic-synthetic-ita@refs-pr-16-synthetic-ita_GaJLNDveBpnkZ3WCgqACn9.eval,vllm/Qwen/Qwen2.5-14B-Instruct,ita,500,500,500,461,39,0
logs/2026-07-23T15-02-36-00-00_hf-danish-foundation-models-multilingual-gsm-symbolic-synthetic-nld@refs-pr-16-synthetic-nld_VUstDirWmQ7rR6cdhVok2T.eval,vllm/Qwen/Qwen2.5-14B-Instruct,nld,500,500,500,436,64,0
logs/2026-07-23T15-02-36-00-00_hf-danish-foundation-models-multilingual-gsm-symbolic-synthetic-rus@refs-pr-16-synthetic-rus_S5qMywo4dC7pbhULQste82.eval,vllm/Qwen/Qwen2.5-14B-Instruct,rus,500,500,500,429,71,0
logs/2026-07-23T15-02-36-00-00_hf-danish-foundation-models-multilingual-gsm-symbolic-synthetic-zho@refs-pr-16-synthetic-zho_EsRaU4mUHrUC6cNzrVHpTS.eval,vllm/Qwen/Qwen2.5-14B-Instruct,zho,500,500,500,451,49,0
logs/2026-07-23T15-02-37-00-00_hf-danish-foundation-models-multilingual-gsm-symbolic-synthetic-est@refs-pr-16-synthetic-est_8ikVzoV2WVJj7SwM5oqKzj.eval,vllm/Qwen/Qwen2.5-14B-Instruct,est,500,500,500,381,119,0
logs/2026-07-23T15-02-37-00-00_hf-danish-foundation-models-multilingual-gsm-symbolic-synthetic-jpn@refs-pr-16-synthetic-jpn_mo9iZp6WnE5Vovcu8TBvMv.eval,vllm/Qwen/Qwen2.5-14B-Instruct,jpn,500,500,500,431,69,0
logs/2026-07-23T15-02-37-00-00_hf-danish-foundation-models-multilingual-gsm-symbolic-synthetic-ukr@refs-pr-16-synthetic-ukr_hH7kvrYBfSWyhQ9uEYgELm.eval,vllm/Qwen/Qwen2.5-14B-Instruct,ukr,500,500,499,433,66,0
logs/2026-07-23T16-15-57-00-00_hf-danish-foundation-models-multilingual-gsm-symbolic-synthetic-dan@refs-pr-16-synthetic-dan_DosxTLiuG5ByeNH5VQcgTD.eval,vllm/Qwen/Qwen2.5-32B-Instruct,dan,500,500,500,467,33,0
logs/2026-07-23T16-15-57-00-00_hf-danish-foundation-models-multilingual-gsm-symbolic-synthetic-eng@refs-pr-16-synthetic-eng_PQd63sxnPzpUbLLbkN5wyy.eval,vllm/Qwen/Qwen2.5-32B-Instruct,eng,500,500,500,485,15,0
logs/2026-07-23T16-15-58-00-00_hf-danish-foundation-models-multilingual-gsm-symbolic-synthetic-ara@refs-pr-16-synthetic-ara_iv6N5bBuJY4U5r3jN927hq.eval,vllm/Qwen/Qwen2.5-32B-Instruct,ara,500,500,500,465,35,0
logs/2026-07-23T16-15-58-00-00_hf-danish-foundation-models-multilingual-gsm-symbolic-synthetic-deu@refs-pr-16-synthetic-deu_dPsubczHTh4odQ8XFutDsx.eval,vllm/Qwen/Qwen2.5-32B-Instruct,deu,500,500,500,441,59,0
logs/2026-07-23T16-15-58-00-00_hf-danish-foundation-models-multilingual-gsm-symbolic-synthetic-fra@refs-pr-16-synthetic-fra_MZ4WxhDrCqjrNpzmXNqF6B.eval,vllm/Qwen/Qwen2.5-32B-Instruct,fra,500,500,500,455,45,0
logs/2026-07-23T16-15-58-00-00_hf-danish-foundation-models-multilingual-gsm-symbolic-synthetic-hin@refs-pr-16-synthetic-hin_DA2Q6wn3GaNmom5PWCHGFD.eval,vllm/Qwen/Qwen2.5-32B-Instruct,hin,500,500,500,450,50,0
logs/2026-07-23T16-15-58-00-00_hf-danish-foundation-models-multilingual-gsm-symbolic-synthetic-isl@refs-pr-16-synthetic-isl_5gXxacWtmhdhCugLx4gHts.eval,vllm/Qwen/Qwen2.5-32B-Instruct,isl,500,500,500,422,78,0
logs/2026-07-23T16-15-58-00-00_hf-danish-foundation-models-multilingual-gsm-symbolic-synthetic-ita@refs-pr-16-synthetic-ita_JJnbzp7AE8DsVRLkXhJQt6.eval,vllm/Qwen/Qwen2.5-32B-Instruct,ita,500,500,500,467,33,0
logs/2026-07-23T16-15-58-00-00_hf-danish-foundation-models-multilingual-gsm-symbolic-synthetic-mar@refs-pr-16-synthetic-mar_WhS7awy8dzJShcNyCTpsWg.eval,vllm/Qwen/Qwen2.5-32B-Instruct,mar,500,500,500,364,136,0
logs/2026-07-23T16-15-59-00-00_hf-danish-foundation-models-multilingual-gsm-symbolic-synthetic-est@refs-pr-16-synthetic-est_hwBDvYtDdXhkpNjip7bSnT.eval,vllm/Qwen/Qwen2.5-32B-Instruct,est,500,500,500,433,67,0
logs/2026-07-23T16-15-59-00-00_hf-danish-foundation-models-multilingual-gsm-symbolic-synthetic-jpn@refs-pr-16-synthetic-jpn_S7Nxpffgq2YGkYn37akgex.eval,vllm/Qwen/Qwen2.5-32B-Instruct,jpn,500,500,500,451,49,0
logs/2026-07-23T16-15-59-00-00_hf-danish-foundation-models-multilingual-gsm-symbolic-synthetic-nld@refs-pr-16-synthetic-nld_FczpiBTAiRQJD6B3F2DCw2.eval,vllm/Qwen/Qwen2.5-32B-Instruct,nld,500,500,500,450,50,0
logs/2026-07-23T16-15-59-00-00_hf-danish-foundation-models-multilingual-gsm-symbolic-synthetic-rus@refs-pr-16-synthetic-rus_SfLnMd5PorWgyDX6Q9ekj5.eval,vllm/Qwen/Qwen2.5-32B-Instruct,rus,500,500,500,434,66,0
logs/2026-07-23T16-15-59-00-00_hf-danish-foundation-models-multilingual-gsm-symbolic-synthetic-ukr@refs-pr-16-synthetic-ukr_j28BNarAuas2jXKBBKNwz6.eval,vllm/Qwen/Qwen2.5-32B-Instruct,ukr,500,500,500,446,54,0
logs/2026-07-23T16-15-59-00-00_hf-danish-foundation-models-multilingual-gsm-symbolic-synthetic-zho@refs-pr-16-synthetic-zho_kzWft2oVa8q4BQZUwtDQct.eval,vllm/Qwen/Qwen2.5-32B-Instruct,zho,500,500,500,478,22,0
logs/2026-07-23T16-59-07-00-00_hf-danish-foundation-models-multilingual-gsm-symbolic-synthetic-dan@refs-pr-16-synthetic-dan_UonPkFZ3KWJHUGSheKc6yS.eval,vllm/Qwen/Qwen2.5-72B-Instruct,dan,500,500,500,467,33,0
logs/2026-07-23T16-59-07-00-00_hf-danish-foundation-models-multilingual-gsm-symbolic-synthetic-deu@refs-pr-16-synthetic-deu_EkCCvXz4DvKxgMNHMNY8nu.eval,vllm/Qwen/Qwen2.5-72B-Instruct,deu,500,500,500,453,47,0
logs/2026-07-23T16-59-07-00-00_hf-danish-foundation-models-multilingual-gsm-symbolic-synthetic-eng@refs-pr-16-synthetic-eng_EtM7t4t94cz3hyRdFyn4Hs.eval,vllm/Qwen/Qwen2.5-72B-Instruct,eng,500,500,500,488,12,0
logs/2026-07-23T16-59-07-00-00_hf-danish-foundation-models-multilingual-gsm-symbolic-synthetic-isl@refs-pr-16-synthetic-isl_RoeH8ivdhNvavMVsrs57jM.eval,vllm/Qwen/Qwen2.5-72B-Instruct,isl,500,500,500,444,56,0
logs/2026-07-23T16-59-08-00-00_hf-danish-foundation-models-multilingual-gsm-symbolic-synthetic-ara@refs-pr-16-synthetic-ara_gzoZ5sohaXiJ2WrsPrz7Mo.eval,vllm/Qwen/Qwen2.5-72B-Instruct,ara,500,500,500,472,28,0
logs/2026-07-23T16-59-08-00-00_hf-danish-foundation-models-multilingual-gsm-symbolic-synthetic-fra@refs-pr-16-synthetic-fra_AyHLYFzoBug4xsLMEnVj8R.eval,vllm/Qwen/Qwen2.5-72B-Instruct,fra,500,500,500,462,38,0
logs/2026-07-23T16-59-08-00-00_hf-danish-foundation-models-multilingual-gsm-symbolic-synthetic-hin@refs-pr-16-synthetic-hin_DvwntJhubMnDxHFuxv3FXf.eval,vllm/Qwen/Qwen2.5-72B-Instruct,hin,500,500,500,457,43,0
logs/2026-07-23T16-59-08-00-00_hf-danish-foundation-models-multilingual-gsm-symbolic-synthetic-ita@refs-pr-16-synthetic-ita_N9HvyeYFhbF4gGyqgDFyeT.eval,vllm/Qwen/Qwen2.5-72B-Instruct,ita,500,500,500,472,28,0
logs/2026-07-23T16-59-08-00-00_hf-danish-foundation-models-multilingual-gsm-symbolic-synthetic-mar@refs-pr-16-synthetic-mar_GTtWL8wRokZvkqeYrMChs4.eval,vllm/Qwen/Qwen2.5-72B-Instruct,mar,500,500,500,406,94,0
logs/2026-07-23T16-59-08-00-00_hf-danish-foundation-models-multilingual-gsm-symbolic-synthetic-nld@refs-pr-16-synthetic-nld_94N3tq5TBh6tGZwdnoHXdf.eval,vllm/Qwen/Qwen2.5-72B-Instruct,nld,500,500,500,454,46,0
logs/2026-07-23T16-59-08-00-00_hf-danish-foundation-models-multilingual-gsm-symbolic-synthetic-rus@refs-pr-16-synthetic-rus_gUagKFouQSUtQFbKyRBfnk.eval,vllm/Qwen/Qwen2.5-72B-Instruct,rus,500,500,500,435,65,0
logs/2026-07-23T16-59-08-00-00_hf-danish-foundation-models-multilingual-gsm-symbolic-synthetic-zho@refs-pr-16-synthetic-zho_2A8ZUNwSEuy8DJ34eJ3TDK.eval,vllm/Qwen/Qwen2.5-72B-Instruct,zho,500,500,500,472,28,0
logs/2026-07-23T16-59-09-00-00_hf-danish-foundation-models-multilingual-gsm-symbolic-synthetic-est@refs-pr-16-synthetic-est_8RLU4QmWXGRKVLYRH4isfU.eval,vllm/Qwen/Qwen2.5-72B-Instruct,est,500,500,500,441,59,0
logs/2026-07-23T16-59-09-00-00_hf-danish-foundation-models-multilingual-gsm-symbolic-synthetic-jpn@refs-pr-16-synthetic-jpn_mZt69UhyHLpmYiDVDvchdi.eval,vllm/Qwen/Qwen2.5-72B-Instruct,jpn,500,500,500,460,40,0
logs/2026-07-23T16-59-09-00-00_hf-danish-foundation-models-multilingual-gsm-symbolic-synthetic-ukr@refs-pr-16-synthetic-ukr_RNXn9T29nXMBueSf5hhm7Y.eval,vllm/Qwen/Qwen2.5-72B-Instruct,ukr,500,500,500,449,51,0
logs/2026-07-23T18-24-35-00-00_hf-danish-foundation-models-multilingual-gsm-symbolic-synthetic-eng@refs-pr-16-synthetic-eng_BQDkt9ChmJaLmVegffRXS8.eval,vllm/Qwen/Qwen3-0.6B,eng,500,500,500,386,114,0
logs/2026-07-23T18-24-36-00-00_hf-danish-foundation-models-multilingual-gsm-symbolic-synthetic-dan@refs-pr-16-synthetic-dan_hGwfU6tRCFscqpU2ZCkD6X.eval,vllm/Qwen/Qwen3-0.6B,dan,500,499,499,231,268,0
logs/2026-07-23T18-24-36-00-00_hf-danish-foundation-models-multilingual-gsm-symbolic-synthetic-deu@refs-pr-16-synthetic-deu_Zwa87xbz3rj5P5uLad3K6Q.eval,vllm/Qwen/Qwen3-0.6B,deu,500,500,500,294,206,0
logs/2026-07-23T18-24-36-00-00_hf-danish-foundation-models-multilingual-gsm-symbolic-synthetic-isl@refs-pr-16-synthetic-isl_FkrdJkmcrx2idea28gNPWz.eval,vllm/Qwen/Qwen3-0.6B,isl,500,482,491,65,426,0
logs/2026-07-23T18-24-37-00-00_hf-danish-foundation-models-multilingual-gsm-symbolic-synthetic-ara@refs-pr-16-synthetic-ara_BxAZ2oQ8dnRCtPV3ikWc7d.eval,vllm/Qwen/Qwen3-0.6B,ara,500,500,500,209,291,0
logs/2026-07-23T18-24-37-00-00_hf-danish-foundation-models-multilingual-gsm-symbolic-synthetic-fra@refs-pr-16-synthetic-fra_NQdgAQ6MPUR2potuBxAt7i.eval,vllm/Qwen/Qwen3-0.6B,fra,500,500,500,297,203,0
logs/2026-07-23T18-24-37-00-00_hf-danish-foundation-models-multilingual-gsm-symbolic-synthetic-hin@refs-pr-16-synthetic-hin_NrMAnAHvwEVxPL4dQhG2bM.eval,vllm/Qwen/Qwen3-0.6B,hin,500,500,500,136,364,0
logs/2026-07-23T18-24-37-00-00_hf-danish-foundation-models-multilingual-gsm-symbolic-synthetic-mar@refs-pr-16-synthetic-mar_P8BMCZNG67aaPSPvtdcEBv.eval,vllm/Qwen/Qwen3-0.6B,mar,500,498,500,61,439,0
logs/2026-07-23T18-24-38-00-00_hf-danish-foundation-models-multilingual-gsm-symbolic-synthetic-ita@refs-pr-16-synthetic-ita_4HoGHASoziehigAy2mkVWD.eval,vllm/Qwen/Qwen3-0.6B,ita,500,500,500,310,190,0
logs/2026-07-23T18-24-38-00-00_hf-danish-foundation-models-multilingual-gsm-symbolic-synthetic-nld@refs-pr-16-synthetic-nld_YaJCQuJW6xPfZsCmanraC2.eval,vllm/Qwen/Qwen3-0.6B,nld,500,500,500,295,205,0
logs/2026-07-23T18-24-38-00-00_hf-danish-foundation-models-multilingual-gsm-symbolic-synthetic-rus@refs-pr-16-synthetic-rus_Qr2cAXUzCZ9nfbDRoMvJRL.eval,vllm/Qwen/Qwen3-0.6B,rus,500,500,500,253,247,0
logs/2026-07-23T18-24-38-00-00_hf-danish-foundation-models-multilingual-gsm-symbolic-synthetic-zho@refs-pr-16-synthetic-zho_354woPK98QdZ99F9pXTXST.eval,vllm/Qwen/Qwen3-0.6B,zho,500,500,500,322,178,0
logs/2026-07-23T18-24-39-00-00_hf-danish-foundation-models-multilingual-gsm-symbolic-synthetic-est@refs-pr-16-synthetic-est_W3zxhqGaA7fqiJabiVeD7k.eval,vllm/Qwen/Qwen3-0.6B,est,500,499,500,85,415,0
logs/2026-07-23T18-24-39-00-00_hf-danish-foundation-models-multilingual-gsm-symbolic-synthetic-jpn@refs-pr-16-synthetic-jpn_H6VDPBgv8cjYQjiNjQNiRJ.eval,vllm/Qwen/Qwen3-0.6B,jpn,500,500,500,267,233,0
logs/2026-07-23T18-24-39-00-00_hf-danish-foundation-models-multilingual-gsm-symbolic-synthetic-ukr@refs-pr-16-synthetic-ukr_WctbtjsncqAANHKEMYQsF9.eval,vllm/Qwen/Qwen3-0.6B,ukr,500,498,498,236,262,0
logs/2026-07-23T21-29-16-00-00_hf-danish-foundation-models-multilingual-gsm-symbolic-synthetic-eng@refs-pr-16-synthetic-eng_fhNCzdwH3GVtP3FKTTy7S9.eval,vllm/Qwen/Qwen3-0.6B,eng,500,500,500,284,216,0
logs/2026-07-23T21-29-17-00-00_hf-danish-foundation-models-multilingual-gsm-symbolic-synthetic-ara@refs-pr-16-synthetic-ara_SJBQDyX5EtUntkNoBSQnpr.eval,vllm/Qwen/Qwen3-0.6B,ara,500,496,497,98,399,0
logs/2026-07-23T21-29-17-00-00_hf-danish-foundation-models-multilingual-gsm-symbolic-synthetic-dan@refs-pr-16-synthetic-dan_EThmXmVrnXp7SfmMFQFbj3.eval,vllm/Qwen/Qwen3-0.6B,dan,500,497,497,99,398,0
logs/2026-07-23T21-29-17-00-00_hf-danish-foundation-models-multilingual-gsm-symbolic-synthetic-deu@refs-pr-16-synthetic-deu_NEBw4hNaoqjuqcw9SA4fXf.eval,vllm/Qwen/Qwen3-0.6B,deu,500,500,499,146,353,0
logs/2026-07-23T21-29-17-00-00_hf-danish-foundation-models-multilingual-gsm-symbolic-synthetic-hin@refs-pr-16-synthetic-hin_eMZeHSG5QK8CL9rbpw2FEU.eval,vllm/Qwen/Qwen3-0.6B,hin,500,450,493,21,472,0
logs/2026-07-23T21-29-17-00-00_hf-danish-foundation-models-multilingual-gsm-symbolic-synthetic-isl@refs-pr-16-synthetic-isl_DaDWqxLHCxRp48dVPvwf9s.eval,vllm/Qwen/Qwen3-0.6B,isl,500,350,447,14,433,0
logs/2026-07-23T21-29-18-00-00_hf-danish-foundation-models-multilingual-gsm-symbolic-synthetic-fra@refs-pr-16-synthetic-fra_5N8HZpmfT8vk3axmPFGvym.eval,vllm/Qwen/Qwen3-0.6B,fra,500,500,500,167,333,0
logs/2026-07-23T21-29-18-00-00_hf-danish-foundation-models-multilingual-gsm-symbolic-synthetic-ita@refs-pr-16-synthetic-ita_3JzmcUskS5YunTqJuX3VMF.eval,vllm/Qwen/Qwen3-0.6B,ita,500,499,497,143,354,0
logs/2026-07-23T21-29-18-00-00_hf-danish-foundation-models-multilingual-gsm-symbolic-synthetic-mar@refs-pr-16-synthetic-mar_FgHBsVFZXRLt9RN9efca99.eval,vllm/Qwen/Qwen3-0.6B,mar,500,452,496,12,484,0
logs/2026-07-23T21-29-18-00-00_hf-danish-foundation-models-multilingual-gsm-symbolic-synthetic-nld@refs-pr-16-synthetic-nld_LzT3h6mr3uVdMg6arbTvvu.eval,vllm/Qwen/Qwen3-0.6B,nld,500,497,498,132,366,0
logs/2026-07-23T21-29-18-00-00_hf-danish-foundation-models-multilingual-gsm-symbolic-synthetic-rus@refs-pr-16-synthetic-rus_9JKzcmYGBK3J49YvVrEayN.eval,vllm/Qwen/Qwen3-0.6B,rus,500,500,500,172,328,0
logs/2026-07-23T21-29-18-00-00_hf-danish-foundation-models-multilingual-gsm-symbolic-synthetic-zho@refs-pr-16-synthetic-zho_8nGcsdd5hcxuSVN4kn2E7i.eval,vllm/Qwen/Qwen3-0.6B,zho,500,497,496,191,305,0
logs/2026-07-23T21-29-19-00-00_hf-danish-foundation-models-multilingual-gsm-symbolic-synthetic-est@refs-pr-16-synthetic-est_NTuPuuVek8TN2BXXe2Fvi6.eval,vllm/Qwen/Qwen3-0.6B,est,500,498,498,14,484,0
logs/2026-07-23T21-29-19-00-00_hf-danish-foundation-models-multilingual-gsm-symbolic-synthetic-jpn@refs-pr-16-synthetic-jpn_Jz8nN9yXdhwLy3xAf8EfGG.eval,vllm/Qwen/Qwen3-0.6B,jpn,500,500,500,134,366,0
logs/2026-07-23T21-29-19-00-00_hf-danish-foundation-models-multilingual-gsm-symbolic-synthetic-ukr@refs-pr-16-synthetic-ukr_23QhmeYhVSuyifujC4wdt6.eval,vllm/Qwen/Qwen3-0.6B,ukr,500,499,500,132,368,0
logs/2026-07-23T22-08-12-00-00_hf-danish-foundation-models-multilingual-gsm-symbolic-synthetic-dan@refs-pr-16-synthetic-dan_avSgMLEUthfESbj4p3YSv2.eval,vllm/Qwen/Qwen3-1.7B,dan,500,500,500,397,103,0
logs/2026-07-23T22-08-12-00-00_hf-danish-foundation-models-multilingual-gsm-symbolic-synthetic-eng@refs-pr-16-synthetic-eng_AJn3jr3QswUR8SjjroXZvY.eval,vllm/Qwen/Qwen3-1.7B,eng,500,500,500,453,47,0
logs/2026-07-23T22-08-13-00-00_hf-danish-foundation-models-multilingual-gsm-symbolic-synthetic-ara@refs-pr-16-synthetic-ara_kpRYuUGvY5F9rZCNYzd4Y6.eval,vllm/Qwen/Qwen3-1.7B,ara,500,500,500,385,115,0
logs/2026-07-23T22-08-13-00-00_hf-danish-foundation-models-multilingual-gsm-symbolic-synthetic-deu@refs-pr-16-synthetic-deu_crQsVdE7g9GBGsQaVJhicC.eval,vllm/Qwen/Qwen3-1.7B,deu,500,500,500,401,99,0
logs/2026-07-23T22-08-13-00-00_hf-danish-foundation-models-multilingual-gsm-symbolic-synthetic-hin@refs-pr-16-synthetic-hin_6hDdXExBnos4atR664kZhs.eval,vllm/Qwen/Qwen3-1.7B,hin,500,500,500,353,147,0
logs/2026-07-23T22-08-13-00-00_hf-danish-foundation-models-multilingual-gsm-symbolic-synthetic-isl@refs-pr-16-synthetic-isl_hunb4GiNHcMYb3FCLNWf6F.eval,vllm/Qwen/Qwen3-1.7B,isl,500,500,500,212,288,0
logs/2026-07-23T22-08-13-00-00_hf-danish-foundation-models-multilingual-gsm-symbolic-synthetic-mar@refs-pr-16-synthetic-mar_mA8uHgEVYpepEQCH2cgsuA.eval,vllm/Qwen/Qwen3-1.7B,mar,500,500,500,290,210,0
logs/2026-07-23T22-08-14-00-00_hf-danish-foundation-models-multilingual-gsm-symbolic-synthetic-fra@refs-pr-16-synthetic-fra_nWpMgy8Y9QkFFUzvX5MfFk.eval,vllm/Qwen/Qwen3-1.7B,fra,500,500,500,414,86,0
logs/2026-07-23T22-08-14-00-00_hf-danish-foundation-models-multilingual-gsm-symbolic-synthetic-ita@refs-pr-16-synthetic-ita_edkTK8RzqAtiqygA32q8T5.eval,vllm/Qwen/Qwen3-1.7B,ita,500,500,500,418,82,0
logs/2026-07-23T22-08-14-00-00_hf-danish-foundation-models-multilingual-gsm-symbolic-synthetic-jpn@refs-pr-16-synthetic-jpn_KmcCo5upRgLa4kqmw5CrQ2.eval,vllm/Qwen/Qwen3-1.7B,jpn,500,490,500,398,102,0
logs/2026-07-23T22-08-14-00-00_hf-danish-foundation-models-multilingual-gsm-symbolic-synthetic-nld@refs-pr-16-synthetic-nld_CPpKDU3JrhWMaKiCqSSBuu.eval,vllm/Qwen/Qwen3-1.7B,nld,500,500,500,411,89,0
logs/2026-07-23T22-08-14-00-00_hf-danish-foundation-models-multilingual-gsm-symbolic-synthetic-rus@refs-pr-16-synthetic-rus_EohuiDamUMGQxYRANmCrL2.eval,vllm/Qwen/Qwen3-1.7B,rus,500,500,500,385,115,0
logs/2026-07-23T22-08-14-00-00_hf-danish-foundation-models-multilingual-gsm-symbolic-synthetic-ukr@refs-pr-16-synthetic-ukr_gALNAUaDFY585zswJVwpj2.eval,vllm/Qwen/Qwen3-1.7B,ukr,500,500,500,402,98,0
logs/2026-07-23T22-08-14-00-00_hf-danish-foundation-models-multilingual-gsm-symbolic-synthetic-zho@refs-pr-16-synthetic-zho_NScd49FbWTPD9nDTkGmpry.eval,vllm/Qwen/Qwen3-1.7B,zho,500,500,500,434,66,0
logs/2026-07-23T22-08-15-00-00_hf-danish-foundation-models-multilingual-gsm-symbolic-synthetic-est@refs-pr-16-synthetic-est_AbqSCUCQDzgkhywbd3sVkJ.eval,vllm/Qwen/Qwen3-1.7B,est,500,496,498,310,188,0
logs/2026-07-24T01-35-11-00-00_hf-danish-foundation-models-multilingual-gsm-symbolic-synthetic-eng@refs-pr-16-synthetic-eng_P8NhGWhZenxFfdemcNAEpQ.eval,vllm/Qwen/Qwen3-1.7B,eng,500,500,500,420,80,0
logs/2026-07-24T01-35-12-00-00_hf-danish-foundation-models-multilingual-gsm-symbolic-synthetic-dan@refs-pr-16-synthetic-dan_Gv3KfKWW8GFexzYMMMqgG9.eval,vllm/Qwen/Qwen3-1.7B,dan,500,500,500,301,199,0
logs/2026-07-24T01-35-12-00-00_hf-danish-foundation-models-multilingual-gsm-symbolic-synthetic-deu@refs-pr-16-synthetic-deu_TtmaM6mEYMknqEAiUSACZi.eval,vllm/Qwen/Qwen3-1.7B,deu,500,500,500,323,177,0
logs/2026-07-24T01-35-12-00-00_hf-danish-foundation-models-multilingual-gsm-symbolic-synthetic-isl@refs-pr-16-synthetic-isl_c77ft6xyqhQoiTRPHP9WFf.eval,vllm/Qwen/Qwen3-1.7B,isl,500,492,495,117,378,0
logs/2026-07-24T01-35-13-00-00_hf-danish-foundation-models-multilingual-gsm-symbolic-synthetic-ara@refs-pr-16-synthetic-ara_XGDwtMcxespG6L2PkPo4F4.eval,vllm/Qwen/Qwen3-1.7B,ara,500,500,500,281,219,0
logs/2026-07-24T01-35-13-00-00_hf-danish-foundation-models-multilingual-gsm-symbolic-synthetic-fra@refs-pr-16-synthetic-fra_mqSVrsPhyiD3eEoMXaGLpx.eval,vllm/Qwen/Qwen3-1.7B,fra,500,500,500,347,153,0
logs/2026-07-24T01-35-13-00-00_hf-danish-foundation-models-multilingual-gsm-symbolic-synthetic-hin@refs-pr-16-synthetic-hin_jSaehmCR7LsBsHyiDCk5WX.eval,vllm/Qwen/Qwen3-1.7B,hin,500,500,500,242,258,0
logs/2026-07-24T01-35-13-00-00_hf-danish-foundation-models-multilingual-gsm-symbolic-synthetic-mar@refs-pr-16-synthetic-mar_3EF9beBuwnPUNfTiQgppBv.eval,vllm/Qwen/Qwen3-1.7B,mar,500,500,500,158,342,0
logs/2026-07-24T01-35-14-00-00_hf-danish-foundation-models-multilingual-gsm-symbolic-synthetic-ita@refs-pr-16-synthetic-ita_R8wSVuehyPGmz9zr4Fiofu.eval,vllm/Qwen/Qwen3-1.7B,ita,500,500,500,333,167,0
logs/2026-07-24T01-35-14-00-00_hf-danish-foundation-models-multilingual-gsm-symbolic-synthetic-nld@refs-pr-16-synthetic-nld_bD8Yve6YkbjszeRT6uSUjR.eval,vllm/Qwen/Qwen3-1.7B,nld,500,500,500,329,171,0
logs/2026-07-24T01-35-14-00-00_hf-danish-foundation-models-multilingual-gsm-symbolic-synthetic-rus@refs-pr-16-synthetic-rus_h5SUahkSkEufw38j4jmZYV.eval,vllm/Qwen/Qwen3-1.7B,rus,500,500,500,326,174,0
logs/2026-07-24T01-35-14-00-00_hf-danish-foundation-models-multilingual-gsm-symbolic-synthetic-zho@refs-pr-16-synthetic-zho_65zUzGy8SYUDGbZcfnDQHB.eval,vllm/Qwen/Qwen3-1.7B,zho,500,500,500,370,130,0
logs/2026-07-24T01-35-15-00-00_hf-danish-foundation-models-multilingual-gsm-symbolic-synthetic-est@refs-pr-16-synthetic-est_SZd2cd4ubhEK2QukZKHu7Z.eval,vllm/Qwen/Qwen3-1.7B,est,500,499,499,194,305,0
logs/2026-07-24T01-35-15-00-00_hf-danish-foundation-models-multilingual-gsm-symbolic-synthetic-jpn@refs-pr-16-synthetic-jpn_6beKbKYmtQtyFsfxAtQpGk.eval,vllm/Qwen/Qwen3-1.7B,jpn,500,500,500,277,223,0
logs/2026-07-24T01-35-15-00-00_hf-danish-foundation-models-multilingual-gsm-symbolic-synthetic-ukr@refs-pr-16-synthetic-ukr_Lef5VNaEaKe3jCT7KtvpJv.eval,vllm/Qwen/Qwen3-1.7B,ukr,500,500,500,299,201,0
logs/2026-07-24T03-31-57-00-00_hf-danish-foundation-models-multilingual-gsm-symbolic-synthetic-dan@refs-pr-16-synthetic-dan_CUhaz2ogTMkA9jjskLa3bv.eval,vllm/Qwen/Qwen3-4B,dan,500,500,500,451,49,0
logs/2026-07-24T03-31-57-00-00_hf-danish-foundation-models-multilingual-gsm-symbolic-synthetic-deu@refs-pr-16-synthetic-deu_HS2EnwDtGXRURTVrY4xnJZ.eval,vllm/Qwen/Qwen3-4B,deu,500,500,500,451,49,0
logs/2026-07-24T03-31-57-00-00_hf-danish-foundation-models-multilingual-gsm-symbolic-synthetic-eng@refs-pr-16-synthetic-eng_NKoSqEUJZKJaGiNJXzsA6M.eval,vllm/Qwen/Qwen3-4B,eng,500,500,500,474,26,0
logs/2026-07-24T03-31-58-00-00_hf-danish-foundation-models-multilingual-gsm-symbolic-synthetic-ara@refs-pr-16-synthetic-ara_MAuB3GCAf2g6z5Cuuj3GTA.eval,vllm/Qwen/Qwen3-4B,ara,500,500,500,454,46,0
logs/2026-07-24T03-31-58-00-00_hf-danish-foundation-models-multilingual-gsm-symbolic-synthetic-hin@refs-pr-16-synthetic-hin_UzTYeqXkXWaq687SXfqUUN.eval,vllm/Qwen/Qwen3-4B,hin,500,500,500,444,56,0
logs/2026-07-24T03-31-58-00-00_hf-danish-foundation-models-multilingual-gsm-symbolic-synthetic-isl@refs-pr-16-synthetic-isl_3sjpdFVa3dJ7hj4ozech4N.eval,vllm/Qwen/Qwen3-4B,isl,500,500,500,375,125,0
logs/2026-07-24T03-31-58-00-00_hf-danish-foundation-models-multilingual-gsm-symbolic-synthetic-mar@refs-pr-16-synthetic-mar_h7pi72JXq5TiqDypmBHhmC.eval,vllm/Qwen/Qwen3-4B,mar,500,500,500,405,95,0
logs/2026-07-24T03-31-59-00-00_hf-danish-foundation-models-multilingual-gsm-symbolic-synthetic-fra@refs-pr-16-synthetic-fra_HGztginZrS4Neev5hrVfTx.eval,vllm/Qwen/Qwen3-4B,fra,500,500,500,451,49,0
logs/2026-07-24T03-31-59-00-00_hf-danish-foundation-models-multilingual-gsm-symbolic-synthetic-ita@refs-pr-16-synthetic-ita_6oSgDaz3q7xT2NntdRvTqn.eval,vllm/Qwen/Qwen3-4B,ita,500,500,500,459,41,0
logs/2026-07-24T03-31-59-00-00_hf-danish-foundation-models-multilingual-gsm-symbolic-synthetic-nld@refs-pr-16-synthetic-nld_NDiE8nYMSHxZqvtm7aLDjt.eval,vllm/Qwen/Qwen3-4B,nld,500,500,500,450,50,0
logs/2026-07-24T03-32-00-00-00_hf-danish-foundation-models-multilingual-gsm-symbolic-synthetic-jpn@refs-pr-16-synthetic-jpn_GFXrppJrgqzDq2wEBTT4c3.eval,vllm/Qwen/Qwen3-4B,jpn,500,500,500,454,46,0
logs/2026-07-24T03-32-00-00-00_hf-danish-foundation-models-multilingual-gsm-symbolic-synthetic-rus@refs-pr-16-synthetic-rus_SauKeAoiDbRGRAA5BaMxQU.eval,vllm/Qwen/Qwen3-4B,rus,500,500,500,443,57,0
logs/2026-07-24T03-32-00-00-00_hf-danish-foundation-models-multilingual-gsm-symbolic-synthetic-ukr@refs-pr-16-synthetic-ukr_efxe3KGAwcna9sdrFFuqAz.eval,vllm/Qwen/Qwen3-4B,ukr,500,500,500,443,57,0
logs/2026-07-24T03-32-00-00-00_hf-danish-foundation-models-multilingual-gsm-symbolic-synthetic-zho@refs-pr-16-synthetic-zho_7o49rPmx2vRGw227PdsxtV.eval,vllm/Qwen/Qwen3-4B,zho,500,499,499,451,48,0
logs/2026-07-24T03-32-01-00-00_hf-danish-foundation-models-multilingual-gsm-symbolic-synthetic-est@refs-pr-16-synthetic-est_fVEgm5JB4DoZLyhB5CiSxw.eval,vllm/Qwen/Qwen3-4B,est,500,500,500,417,83,0
logs/2026-07-24T06-27-47-00-00_hf-danish-foundation-models-multilingual-gsm-symbolic-synthetic-dan@refs-pr-16-synthetic-dan_eZNZqdyzXN62FQ96XjdL2V.eval,vllm/Qwen/Qwen3-4B,dan,500,500,500,427,73,0
logs/2026-07-24T06-27-47-00-00_hf-danish-foundation-models-multilingual-gsm-symbolic-synthetic-eng@refs-pr-16-synthetic-eng_oDVyKfdyFXJqfhEtkmbYUU.eval,vllm/Qwen/Qwen3-4B,eng,500,500,500,464,36,0
logs/2026-07-24T06-27-48-00-00_hf-danish-foundation-models-multilingual-gsm-symbolic-synthetic-ara@refs-pr-16-synthetic-ara_aKkGH8542b489RPXEpMCjS.eval,vllm/Qwen/Qwen3-4B,ara,500,500,500,409,91,0
logs/2026-07-24T06-27-48-00-00_hf-danish-foundation-models-multilingual-gsm-symbolic-synthetic-deu@refs-pr-16-synthetic-deu_BKueSxd3iKLSLkjsT6KvbC.eval,vllm/Qwen/Qwen3-4B,deu,500,500,500,415,85,0
logs/2026-07-24T06-27-48-00-00_hf-danish-foundation-models-multilingual-gsm-symbolic-synthetic-isl@refs-pr-16-synthetic-isl_C65F5haab52CkqwM5je6VH.eval,vllm/Qwen/Qwen3-4B,isl,500,500,500,280,220,0
logs/2026-07-24T06-27-49-00-00_hf-danish-foundation-models-multilingual-gsm-symbolic-synthetic-fra@refs-pr-16-synthetic-fra_gY4AFQ9gVdDh7niKugG92J.eval,vllm/Qwen/Qwen3-4B,fra,500,500,500,434,66,0
logs/2026-07-24T06-27-49-00-00_hf-danish-foundation-models-multilingual-gsm-symbolic-synthetic-hin@refs-pr-16-synthetic-hin_Hp9zeyMzdjasfAGyWhzFBS.eval,vllm/Qwen/Qwen3-4B,hin,500,500,500,377,123,0
logs/2026-07-24T06-27-49-00-00_hf-danish-foundation-models-multilingual-gsm-symbolic-synthetic-mar@refs-pr-16-synthetic-mar_7fR3PjA62zTDGDmQcvN3VJ.eval,vllm/Qwen/Qwen3-4B,mar,500,499,499,333,166,0
logs/2026-07-24T06-27-50-00-00_hf-danish-foundation-models-multilingual-gsm-symbolic-synthetic-ita@refs-pr-16-synthetic-ita_KxodXg69gWvsUPZSogMWtF.eval,vllm/Qwen/Qwen3-4B,ita,500,500,500,429,71,0
logs/2026-07-24T06-27-50-00-00_hf-danish-foundation-models-multilingual-gsm-symbolic-synthetic-nld@refs-pr-16-synthetic-nld_CQnM8xPZ4b3FDggHaeH4gF.eval,vllm/Qwen/Qwen3-4B,nld,500,500,500,432,68,0
logs/2026-07-24T06-27-50-00-00_hf-danish-foundation-models-multilingual-gsm-symbolic-synthetic-rus@refs-pr-16-synthetic-rus_BnxccXeh6DfP8p7mssy6Xi.eval,vllm/Qwen/Qwen3-4B,rus,500,500,500,417,83,0
logs/2026-07-24T06-27-51-00-00_hf-danish-foundation-models-multilingual-gsm-symbolic-synthetic-jpn@refs-pr-16-synthetic-jpn_BPYV4tqrVMxAeDKbX8fc3T.eval,vllm/Qwen/Qwen3-4B,jpn,500,500,500,410,90,0
logs/2026-07-24T06-27-51-00-00_hf-danish-foundation-models-multilingual-gsm-symbolic-synthetic-ukr@refs-pr-16-synthetic-ukr_nGJ4ietBh7BPUFPo2Wc96H.eval,vllm/Qwen/Qwen3-4B,ukr,500,500,500,414,86,0
logs/2026-07-24T06-27-51-00-00_hf-danish-foundation-models-multilingual-gsm-symbolic-synthetic-zho@refs-pr-16-synthetic-zho_aw6g9mxsSTVeBHnjwkqWuc.eval,vllm/Qwen/Qwen3-4B,zho,500,500,500,429,71,0
logs/2026-07-24T06-27-52-00-00_hf-danish-foundation-models-multilingual-gsm-symbolic-synthetic-est@refs-pr-16-synthetic-est_EkQ6LFpjcp5XYWCwyixnYZ.eval,vllm/Qwen/Qwen3-4B,est,500,499,500,356,144,0
logs/2026-07-24T07-08-46-00-00_hf-danish-foundation-models-multilingual-gsm-symbolic-synthetic-dan@refs-pr-16-synthetic-dan_dyGbMdtbBdWXmisXFcUkyK.eval,vllm/Qwen/Qwen3-8B,dan,500,500,500,459,41,0
logs/2026-07-24T07-08-46-00-00_hf-danish-foundation-models-multilingual-gsm-symbolic-synthetic-eng@refs-pr-16-synthetic-eng_H9tvupuwQxyPPFpNmavVkx.eval,vllm/Qwen/Qwen3-8B,eng,500,500,500,477,23,0
logs/2026-07-24T07-08-47-00-00_hf-danish-foundation-models-multilingual-gsm-symbolic-synthetic-ara@refs-pr-16-synthetic-ara_LbtqLwqHjWgkTjjae6NLF5.eval,vllm/Qwen/Qwen3-8B,ara,500,500,500,453,47,0
logs/2026-07-24T07-08-47-00-00_hf-danish-foundation-models-multilingual-gsm-symbolic-synthetic-deu@refs-pr-16-synthetic-deu_6NS8odX9o7sTHUR6g5ivvi.eval,vllm/Qwen/Qwen3-8B,deu,500,500,500,455,45,0
logs/2026-07-24T07-08-47-00-00_hf-danish-foundation-models-multilingual-gsm-symbolic-synthetic-isl@refs-pr-16-synthetic-isl_XVJ2JXJ94dSDPAJvrWgB66.eval,vllm/Qwen/Qwen3-8B,isl,500,500,500,428,72,0
logs/2026-07-24T07-08-48-00-00_hf-danish-foundation-models-multilingual-gsm-symbolic-synthetic-fra@refs-pr-16-synthetic-fra_57y9f3fMXoEvUMsb5VFRMB.eval,vllm/Qwen/Qwen3-8B,fra,500,500,500,451,49,0
logs/2026-07-24T07-08-48-00-00_hf-danish-foundation-models-multilingual-gsm-symbolic-synthetic-hin@refs-pr-16-synthetic-hin_EnfysdbvNsL7aT4wFbgdTt.eval,vllm/Qwen/Qwen3-8B,hin,500,500,500,452,48,0
logs/2026-07-24T07-08-48-00-00_hf-danish-foundation-models-multilingual-gsm-symbolic-synthetic-ita@refs-pr-16-synthetic-ita_MSCT5QpZcbNwSLXjDgcbDf.eval,vllm/Qwen/Qwen3-8B,ita,500,500,500,467,33,0
logs/2026-07-24T07-08-48-00-00_hf-danish-foundation-models-multilingual-gsm-symbolic-synthetic-mar@refs-pr-16-synthetic-mar_kKGsFxraykRTRMKDBUL6Am.eval,vllm/Qwen/Qwen3-8B,mar,500,500,500,433,67,0
logs/2026-07-24T07-08-49-00-00_hf-danish-foundation-models-multilingual-gsm-symbolic-synthetic-jpn@refs-pr-16-synthetic-jpn_L3nVqFUse9VQ4rAaDiDMuj.eval,vllm/Qwen/Qwen3-8B,jpn,500,500,500,454,46,0
logs/2026-07-24T07-08-49-00-00_hf-danish-foundation-models-multilingual-gsm-symbolic-synthetic-nld@refs-pr-16-synthetic-nld_Qz9YDdANUvXuP8Ha3FcsVg.eval,vllm/Qwen/Qwen3-8B,nld,500,500,500,450,50,0
logs/2026-07-24T07-08-49-00-00_hf-danish-foundation-models-multilingual-gsm-symbolic-synthetic-rus@refs-pr-16-synthetic-rus_8DTqhxoGoSBAPmBi5suWka.eval,vllm/Qwen/Qwen3-8B,rus,500,499,499,439,60,0
logs/2026-07-24T07-08-49-00-00_hf-danish-foundation-models-multilingual-gsm-symbolic-synthetic-zho@refs-pr-16-synthetic-zho_ZNNP2YyiFaeqmHsvzcPU3h.eval,vllm/Qwen/Qwen3-8B,zho,500,500,500,453,47,0
logs/2026-07-24T07-08-50-00-00_hf-danish-foundation-models-multilingual-gsm-symbolic-synthetic-est@refs-pr-16-synthetic-est_fhhHgVEL6Ra7JW9iZUdrNy.eval,vllm/Qwen/Qwen3-8B,est,500,500,500,433,67,0
logs/2026-07-24T07-08-50-00-00_hf-danish-foundation-models-multilingual-gsm-symbolic-synthetic-ukr@refs-pr-16-synthetic-ukr_R34fvbDGCTtpk2qwYfjGC2.eval,vllm/Qwen/Qwen3-8B,ukr,500,500,500,460,40,0
logs/2026-07-24T09-51-41-00-00_hf-danish-foundation-models-multilingual-gsm-symbolic-synthetic-dan@refs-pr-16-synthetic-dan_mCLpq6jH9y38Z6aoViaCYo.eval,vllm/Qwen/Qwen3-8B,dan,500,500,500,437,63,0
logs/2026-07-24T09-51-41-00-00_hf-danish-foundation-models-multilingual-gsm-symbolic-synthetic-eng@refs-pr-16-synthetic-eng_7unyDVkZBdDV5zy3tuHiRU.eval,vllm/Qwen/Qwen3-8B,eng,500,500,500,468,32,0
logs/2026-07-24T09-51-42-00-00_hf-danish-foundation-models-multilingual-gsm-symbolic-synthetic-ara@refs-pr-16-synthetic-ara_6b4Sc9vrbaMhV8yrr5W8DK.eval,vllm/Qwen/Qwen3-8B,ara,500,500,500,436,64,0
logs/2026-07-24T09-51-42-00-00_hf-danish-foundation-models-multilingual-gsm-symbolic-synthetic-deu@refs-pr-16-synthetic-deu_GDuKFfVGgExn9YqHXsXtQB.eval,vllm/Qwen/Qwen3-8B,deu,500,500,500,429,71,0
logs/2026-07-24T09-51-42-00-00_hf-danish-foundation-models-multilingual-gsm-symbolic-synthetic-isl@refs-pr-16-synthetic-isl_7fFYc6E9mDy2QzWFBBRsr5.eval,vllm/Qwen/Qwen3-8B,isl,500,500,500,343,157,0
logs/2026-07-24T09-51-43-00-00_hf-danish-foundation-models-multilingual-gsm-symbolic-synthetic-fra@refs-pr-16-synthetic-fra_KL2hUN6h4udNRqhkpagjco.eval,vllm/Qwen/Qwen3-8B,fra,500,500,500,443,57,0
logs/2026-07-24T09-51-43-00-00_hf-danish-foundation-models-multilingual-gsm-symbolic-synthetic-hin@refs-pr-16-synthetic-hin_BfeBNNr9FiAiZeJ8h2j4tf.eval,vllm/Qwen/Qwen3-8B,hin,500,500,500,410,90,0
logs/2026-07-24T09-51-43-00-00_hf-danish-foundation-models-multilingual-gsm-symbolic-synthetic-mar@refs-pr-16-synthetic-mar_CdZf5Cud2jvcp6APFLraxr.eval,vllm/Qwen/Qwen3-8B,mar,500,500,500,383,117,0
logs/2026-07-24T09-51-44-00-00_hf-danish-foundation-models-multilingual-gsm-symbolic-synthetic-ita@refs-pr-16-synthetic-ita_SGAZjvx9UevwNPKYRMMLDJ.eval,vllm/Qwen/Qwen3-8B,ita,500,500,500,455,45,0
logs/2026-07-24T09-51-44-00-00_hf-danish-foundation-models-multilingual-gsm-symbolic-synthetic-nld@refs-pr-16-synthetic-nld_SiaDBesSZjeMcd7oQb5RKc.eval,vllm/Qwen/Qwen3-8B,nld,500,500,500,438,62,0
logs/2026-07-24T09-51-44-00-00_hf-danish-foundation-models-multilingual-gsm-symbolic-synthetic-rus@refs-pr-16-synthetic-rus_inWb6MmfwckDm6a6nhLEvh.eval,vllm/Qwen/Qwen3-8B,rus,500,500,500,428,72,0
logs/2026-07-24T09-51-45-00-00_hf-danish-foundation-models-multilingual-gsm-symbolic-synthetic-jpn@refs-pr-16-synthetic-jpn_AuC8tiSJ6H4RMmew3SNHvF.eval,vllm/Qwen/Qwen3-8B,jpn,500,500,500,428,72,0
logs/2026-07-24T09-51-45-00-00_hf-danish-foundation-models-multilingual-gsm-symbolic-synthetic-ukr@refs-pr-16-synthetic-ukr_PAiH7HrhAiguKUrzDsz6c4.eval,vllm/Qwen/Qwen3-8B,ukr,500,500,500,441,59,0
logs/2026-07-24T09-51-45-00-00_hf-danish-foundation-models-multilingual-gsm-symbolic-synthetic-zho@refs-pr-16-synthetic-zho_Y88756G9yvTomexCpQdUmB.eval,vllm/Qwen/Qwen3-8B,zho,500,500,500,432,68,0
logs/2026-07-24T09-51-46-00-00_hf-danish-foundation-models-multilingual-gsm-symbolic-synthetic-est@refs-pr-16-synthetic-est_MUeqbu6Cjc4ArqijW5LKgU.eval,vllm/Qwen/Qwen3-8B,est,500,500,500,387,113,0
logs/2026-07-24T10-34-10-00-00_hf-danish-foundation-models-multilingual-gsm-symbolic-synthetic-dan@refs-pr-16-synthetic-dan_Qd3aCtgP2GzKRNekYtcFKy.eval,vllm/Qwen/Qwen3-14B,dan,500,500,500,469,31,0
logs/2026-07-24T10-34-10-00-00_hf-danish-foundation-models-multilingual-gsm-symbolic-synthetic-eng@refs-pr-16-synthetic-eng_iVaFzoLcDGRxmDmctH4WiC.eval,vllm/Qwen/Qwen3-14B,eng,500,500,500,480,20,0
logs/2026-07-24T10-34-11-00-00_hf-danish-foundation-models-multilingual-gsm-symbolic-synthetic-deu@refs-pr-16-synthetic-deu_ARPuANRRxBEGTy292sCNUR.eval,vllm/Qwen/Qwen3-14B,deu,500,500,500,457,43,0
logs/2026-07-24T10-34-11-00-00_hf-danish-foundation-models-multilingual-gsm-symbolic-synthetic-isl@refs-pr-16-synthetic-isl_XgHPFjenWJskmQx895XdPL.eval,vllm/Qwen/Qwen3-14B,isl,500,500,500,450,50,0
logs/2026-07-24T10-34-12-00-00_hf-danish-foundation-models-multilingual-gsm-symbolic-synthetic-ara@refs-pr-16-synthetic-ara_cdQTDz39Dg6GQCLMNp82Yi.eval,vllm/Qwen/Qwen3-14B,ara,500,500,500,465,35,0
logs/2026-07-24T10-34-12-00-00_hf-danish-foundation-models-multilingual-gsm-symbolic-synthetic-hin@refs-pr-16-synthetic-hin_kooFtYPQvnZjQfmfp2rvV2.eval,vllm/Qwen/Qwen3-14B,hin,500,500,500,449,51,0
logs/2026-07-24T10-34-12-00-00_hf-danish-foundation-models-multilingual-gsm-symbolic-synthetic-mar@refs-pr-16-synthetic-mar_GLi9bswzaCSXXfXjGAwf4B.eval,vllm/Qwen/Qwen3-14B,mar,500,500,500,449,51,0
logs/2026-07-24T10-34-13-00-00_hf-danish-foundation-models-multilingual-gsm-symbolic-synthetic-fra@refs-pr-16-synthetic-fra_bABVQMUa65vQL5XgFNy3p9.eval,vllm/Qwen/Qwen3-14B,fra,500,500,500,454,46,0
logs/2026-07-24T10-34-13-00-00_hf-danish-foundation-models-multilingual-gsm-symbolic-synthetic-ita@refs-pr-16-synthetic-ita_dtujeZVVSC3N7zmFdwxXQE.eval,vllm/Qwen/Qwen3-14B,ita,500,500,500,465,35,0
logs/2026-07-24T10-34-13-00-00_hf-danish-foundation-models-multilingual-gsm-symbolic-synthetic-nld@refs-pr-16-synthetic-nld_UsaEKTrroWdq3UoHwEQ4No.eval,vllm/Qwen/Qwen3-14B,nld,500,500,500,464,36,0
logs/2026-07-24T10-34-13-00-00_hf-danish-foundation-models-multilingual-gsm-symbolic-synthetic-rus@refs-pr-16-synthetic-rus_AKqZHsjDb5aCkiU4sJnQpz.eval,vllm/Qwen/Qwen3-14B,rus,500,500,500,450,50,0
logs/2026-07-24T10-34-14-00-00_hf-danish-foundation-models-multilingual-gsm-symbolic-synthetic-jpn@refs-pr-16-synthetic-jpn_YSJzwuqCmP7Hg7JnJt6UTj.eval,vllm/Qwen/Qwen3-14B,jpn,500,500,500,457,43,0
logs/2026-07-24T10-34-14-00-00_hf-danish-foundation-models-multilingual-gsm-symbolic-synthetic-ukr@refs-pr-16-synthetic-ukr_N9dKHhdK86iKSmodRzrupu.eval,vllm/Qwen/Qwen3-14B,ukr,500,500,500,458,42,0
logs/2026-07-24T10-34-14-00-00_hf-danish-foundation-models-multilingual-gsm-symbolic-synthetic-zho@refs-pr-16-synthetic-zho_Roh5Dg47N6zJ7JLJYkg5cD.eval,vllm/Qwen/Qwen3-14B,zho,500,500,500,473,27,0
logs/2026-07-24T10-34-15-00-00_hf-danish-foundation-models-multilingual-gsm-symbolic-synthetic-est@refs-pr-16-synthetic-est_Db7sVEkLAfpUSXDPLmCXWk.eval,vllm/Qwen/Qwen3-14B,est,500,499,499,452,47,0
logs/2026-07-24T12-42-06-00-00_hf-danish-foundation-models-multilingual-gsm-symbolic-synthetic-dan@refs-pr-16-synthetic-dan_6JsVXSzXu8UceK5DoycMiW.eval,vllm/Qwen/Qwen3-14B,dan,500,500,500,467,33,0
logs/2026-07-24T12-42-06-00-00_hf-danish-foundation-models-multilingual-gsm-symbolic-synthetic-eng@refs-pr-16-synthetic-eng_76dpycfFbPLDXwdycMJNCT.eval,vllm/Qwen/Qwen3-14B,eng,500,500,500,483,17,0
logs/2026-07-24T12-42-07-00-00_hf-danish-foundation-models-multilingual-gsm-symbolic-synthetic-ara@refs-pr-16-synthetic-ara_bDkQbTe9RX8G5NGXZ8wwpx.eval,vllm/Qwen/Qwen3-14B,ara,500,500,500,455,45,0
logs/2026-07-24T12-42-07-00-00_hf-danish-foundation-models-multilingual-gsm-symbolic-synthetic-deu@refs-pr-16-synthetic-deu_mXGgeDwyVBHLiaUKAU4z9a.eval,vllm/Qwen/Qwen3-14B,deu,500,500,500,456,44,0
logs/2026-07-24T12-42-07-00-00_hf-danish-foundation-models-multilingual-gsm-symbolic-synthetic-isl@refs-pr-16-synthetic-isl_MWdpntE6kkZCqxUGrjkTKd.eval,vllm/Qwen/Qwen3-14B,isl,500,500,500,412,88,0
logs/2026-07-24T12-42-08-00-00_hf-danish-foundation-models-multilingual-gsm-symbolic-synthetic-fra@refs-pr-16-synthetic-fra_NW57heSfdpLaDY5Ft2Th4E.eval,vllm/Qwen/Qwen3-14B,fra,500,500,500,454,46,0
logs/2026-07-24T12-42-08-00-00_hf-danish-foundation-models-multilingual-gsm-symbolic-synthetic-hin@refs-pr-16-synthetic-hin_Vnt6JSbgPDajVjhTVKrqcA.eval,vllm/Qwen/Qwen3-14B,hin,500,499,499,430,69,0
logs/2026-07-24T12-42-08-00-00_hf-danish-foundation-models-multilingual-gsm-symbolic-synthetic-mar@refs-pr-16-synthetic-mar_cghcqYQjugNR7GgpL3zVzB.eval,vllm/Qwen/Qwen3-14B,mar,500,500,500,417,83,0
logs/2026-07-24T12-42-09-00-00_hf-danish-foundation-models-multilingual-gsm-symbolic-synthetic-ita@refs-pr-16-synthetic-ita_8J9VNcaqaboHFMiJMEqzZ3.eval,vllm/Qwen/Qwen3-14B,ita,500,500,500,463,37,0
logs/2026-07-24T12-42-09-00-00_hf-danish-foundation-models-multilingual-gsm-symbolic-synthetic-nld@refs-pr-16-synthetic-nld_4JWVHrg2CjLjW3Wi6yGsYG.eval,vllm/Qwen/Qwen3-14B,nld,500,500,500,448,52,0
logs/2026-07-24T12-42-09-00-00_hf-danish-foundation-models-multilingual-gsm-symbolic-synthetic-rus@refs-pr-16-synthetic-rus_8XxdYhPbFab7BKy2wL2ndJ.eval,vllm/Qwen/Qwen3-14B,rus,500,500,500,445,55,0
logs/2026-07-24T12-42-09-00-00_hf-danish-foundation-models-multilingual-gsm-symbolic-synthetic-zho@refs-pr-16-synthetic-zho_foskWjkYhapfCGWZMt27bn.eval,vllm/Qwen/Qwen3-14B,zho,500,500,500,456,44,0
logs/2026-07-24T12-42-10-00-00_hf-danish-foundation-models-multilingual-gsm-symbolic-synthetic-jpn@refs-pr-16-synthetic-jpn_SEfgpURVMqQts62TzzYo6o.eval,vllm/Qwen/Qwen3-14B,jpn,500,500,500,435,65,0
logs/2026-07-24T12-42-10-00-00_hf-danish-foundation-models-multilingual-gsm-symbolic-synthetic-ukr@refs-pr-16-synthetic-ukr_XYRxFgFfdZgoAk6LJxmwLh.eval,vllm/Qwen/Qwen3-14B,ukr,500,500,500,462,38,0
logs/2026-07-24T12-42-11-00-00_hf-danish-foundation-models-multilingual-gsm-symbolic-synthetic-est@refs-pr-16-synthetic-est_YtW5VY2iAwR3bsqTzmZhJe.eval,vllm/Qwen/Qwen3-14B,est,500,500,500,432,68,0
logs/2026-07-24T13-34-55-00-00_hf-danish-foundation-models-multilingual-gsm-symbolic-synthetic-dan@refs-pr-16-synthetic-dan_EcZwE7YgA24QPvYH5Sm6TT.eval,vllm/Qwen/Qwen3-32B,dan,500,500,500,467,33,0
logs/2026-07-24T13-34-55-00-00_hf-danish-foundation-models-multilingual-gsm-symbolic-synthetic-eng@refs-pr-16-synthetic-eng_PJLSYtAehWKemRt47mt2yd.eval,vllm/Qwen/Qwen3-32B,eng,500,500,500,487,13,0
logs/2026-07-24T13-34-56-00-00_hf-danish-foundation-models-multilingual-gsm-symbolic-synthetic-ara@refs-pr-16-synthetic-ara_2KocSHT7ANaJNLkME8ByhR.eval,vllm/Qwen/Qwen3-32B,ara,500,500,500,480,20,0
logs/2026-07-24T13-34-56-00-00_hf-danish-foundation-models-multilingual-gsm-symbolic-synthetic-deu@refs-pr-16-synthetic-deu_Gva2YnheuNNHCa9k6H3Ngs.eval,vllm/Qwen/Qwen3-32B,deu,500,500,500,460,40,0
logs/2026-07-24T13-34-56-00-00_hf-danish-foundation-models-multilingual-gsm-symbolic-synthetic-isl@refs-pr-16-synthetic-isl_FumKeWHDjohatrCRJesmcE.eval,vllm/Qwen/Qwen3-32B,isl,500,500,500,448,52,0
logs/2026-07-24T13-34-57-00-00_hf-danish-foundation-models-multilingual-gsm-symbolic-synthetic-fra@refs-pr-16-synthetic-fra_kfK2bqi9mvcuA8setp8nsK.eval,vllm/Qwen/Qwen3-32B,fra,500,500,500,457,43,0
logs/2026-07-24T13-34-57-00-00_hf-danish-foundation-models-multilingual-gsm-symbolic-synthetic-hin@refs-pr-16-synthetic-hin_kEivEgn3XGVGJftywDFcpU.eval,vllm/Qwen/Qwen3-32B,hin,500,500,500,466,34,0
logs/2026-07-24T13-34-57-00-00_hf-danish-foundation-models-multilingual-gsm-symbolic-synthetic-ita@refs-pr-16-synthetic-ita_ni7ehA8i7iW7kuLe2jkxig.eval,vllm/Qwen/Qwen3-32B,ita,500,500,500,474,26,0
logs/2026-07-24T13-34-57-00-00_hf-danish-foundation-models-multilingual-gsm-symbolic-synthetic-mar@refs-pr-16-synthetic-mar_fJuMj7KSKevzo7sSWYVGEo.eval,vllm/Qwen/Qwen3-32B,mar,500,500,500,463,37,0
logs/2026-07-24T13-34-58-00-00_hf-danish-foundation-models-multilingual-gsm-symbolic-synthetic-nld@refs-pr-16-synthetic-nld_FNa8RXZribjPWKmsGKKofM.eval,vllm/Qwen/Qwen3-32B,nld,500,500,500,466,34,0
logs/2026-07-24T13-34-58-00-00_hf-danish-foundation-models-multilingual-gsm-symbolic-synthetic-rus@refs-pr-16-synthetic-rus_MR2nTJMUH7YvrTEEbxAHXL.eval,vllm/Qwen/Qwen3-32B,rus,500,500,500,455,45,0
logs/2026-07-24T13-34-58-00-00_hf-danish-foundation-models-multilingual-gsm-symbolic-synthetic-zho@refs-pr-16-synthetic-zho_VisrCz6QWoPn22QRGjjDAp.eval,vllm/Qwen/Qwen3-32B,zho,500,500,500,479,21,0
logs/2026-07-24T13-34-59-00-00_hf-danish-foundation-models-multilingual-gsm-symbolic-synthetic-jpn@refs-pr-16-synthetic-jpn_nKXWnGaJryUZCQSitsP9wi.eval,vllm/Qwen/Qwen3-32B,jpn,500,500,500,458,42,0
logs/2026-07-24T13-34-59-00-00_hf-danish-foundation-models-multilingual-gsm-symbolic-synthetic-ukr@refs-pr-16-synthetic-ukr_jecMmNUyYnkcTQcybBfYNm.eval,vllm/Qwen/Qwen3-32B,ukr,500,500,500,466,34,0
logs/2026-07-24T13-35-00-00-00_hf-danish-foundation-models-multilingual-gsm-symbolic-synthetic-est@refs-pr-16-synthetic-est_3RyacdajK3rgqyig5xV34g.eval,vllm/Qwen/Qwen3-32B,est,500,500,500,457,43,0
logs/2026-07-24T16-42-01-00-00_hf-danish-foundation-models-multilingual-gsm-symbolic-synthetic-dan@refs-pr-16-synthetic-dan_KyZEWjZzfZb2aHYQc5braA.eval,vllm/Qwen/Qwen3-32B,dan,500,500,500,457,43,0
logs/2026-07-24T16-42-01-00-00_hf-danish-foundation-models-multilingual-gsm-symbolic-synthetic-deu@refs-pr-16-synthetic-deu_YtPfcQjrRaoJ7XzdJzx4EV.eval,vllm/Qwen/Qwen3-32B,deu,500,500,500,444,56,0
logs/2026-07-24T16-42-01-00-00_hf-danish-foundation-models-multilingual-gsm-symbolic-synthetic-eng@refs-pr-16-synthetic-eng_JhgAyZmxq6DyzyrpbfMpBn.eval,vllm/Qwen/Qwen3-32B,eng,500,500,500,477,23,0
logs/2026-07-24T16-42-01-00-00_hf-danish-foundation-models-multilingual-gsm-symbolic-synthetic-isl@refs-pr-16-synthetic-isl_JrCEXgpmMrzh3RuUER2Mb6.eval,vllm/Qwen/Qwen3-32B,isl,500,500,500,433,67,0
logs/2026-07-24T16-42-02-00-00_hf-danish-foundation-models-multilingual-gsm-symbolic-synthetic-ara@refs-pr-16-synthetic-ara_bj8QGA9s8afCbMzGdSNPru.eval,vllm/Qwen/Qwen3-32B,ara,500,500,500,475,25,0
logs/2026-07-24T16-42-02-00-00_hf-danish-foundation-models-multilingual-gsm-symbolic-synthetic-fra@refs-pr-16-synthetic-fra_YZA95GBYoLASNgVLBiZ54t.eval,vllm/Qwen/Qwen3-32B,fra,500,500,500,451,49,0
logs/2026-07-24T16-42-02-00-00_hf-danish-foundation-models-multilingual-gsm-symbolic-synthetic-hin@refs-pr-16-synthetic-hin_QuEZgSamHmAvWnXM7UNV3S.eval,vllm/Qwen/Qwen3-32B,hin,500,500,500,446,54,0
logs/2026-07-24T16-42-02-00-00_hf-danish-foundation-models-multilingual-gsm-symbolic-synthetic-ita@refs-pr-16-synthetic-ita_YfyUKXMj4d3yugLgdSufuX.eval,vllm/Qwen/Qwen3-32B,ita,500,500,500,460,40,0
logs/2026-07-24T16-42-02-00-00_hf-danish-foundation-models-multilingual-gsm-symbolic-synthetic-mar@refs-pr-16-synthetic-mar_8Ddgs7dX584THE5cPBXTdo.eval,vllm/Qwen/Qwen3-32B,mar,500,500,500,438,62,0
logs/2026-07-24T16-42-02-00-00_hf-danish-foundation-models-multilingual-gsm-symbolic-synthetic-nld@refs-pr-16-synthetic-nld_bCW758LGszK2zhbYP8QXdw.eval,vllm/Qwen/Qwen3-32B,nld,500,500,500,456,44,0
logs/2026-07-24T16-42-02-00-00_hf-danish-foundation-models-multilingual-gsm-symbolic-synthetic-rus@refs-pr-16-synthetic-rus_F4MjhrDvC6EtqDzNx5kxXp.eval,vllm/Qwen/Qwen3-32B,rus,500,500,500,438,62,0
logs/2026-07-24T16-42-03-00-00_hf-danish-foundation-models-multilingual-gsm-symbolic-synthetic-est@refs-pr-16-synthetic-est_aJjCt3BdscmXzNuTDfL2rx.eval,vllm/Qwen/Qwen3-32B,est,500,500,500,451,49,0
logs/2026-07-24T16-42-03-00-00_hf-danish-foundation-models-multilingual-gsm-symbolic-synthetic-jpn@refs-pr-16-synthetic-jpn_8nPLzY2HQKT9pxtiTWbHcR.eval,vllm/Qwen/Qwen3-32B,jpn,500,500,500,450,50,0
logs/2026-07-24T16-42-03-00-00_hf-danish-foundation-models-multilingual-gsm-symbolic-synthetic-ukr@refs-pr-16-synthetic-ukr_hYHrXnXQi64gVd9sBCjuMM.eval,vllm/Qwen/Qwen3-32B,ukr,500,500,500,462,38,0
logs/2026-07-24T16-42-03-00-00_hf-danish-foundation-models-multilingual-gsm-symbolic-synthetic-zho@refs-pr-16-synthetic-zho_S2F4X4M7d5iSyDsJk4JVzF.eval,vllm/Qwen/Qwen3-32B,zho,500,500,500,462,38,0
logs/2026-07-24T17-41-54-00-00_hf-danish-foundation-models-multilingual-gsm-symbolic-synthetic-dan@refs-pr-16-synthetic-dan_XAsZ7Ni5bA9DaeC3K4XcXz.eval,vllm/Qwen/Qwen3.5-0.8B,dan,500,21,21,0,21,0
logs/2026-07-24T17-41-54-00-00_hf-danish-foundation-models-multilingual-gsm-symbolic-synthetic-eng@refs-pr-16-synthetic-eng_PtuEcpDwmq5yWA5xY6pw98.eval,vllm/Qwen/Qwen3.5-0.8B,eng,500,26,26,4,22,0
logs/2026-07-24T17-41-55-00-00_hf-danish-foundation-models-multilingual-gsm-symbolic-synthetic-ara@refs-pr-16-synthetic-ara_PMzvCqB2T85zxvvyNr6z7P.eval,vllm/Qwen/Qwen3.5-0.8B,ara,500,7,7,0,7,0
logs/2026-07-24T17-41-55-00-00_hf-danish-foundation-models-multilingual-gsm-symbolic-synthetic-deu@refs-pr-16-synthetic-deu_PGEwASxE9RcwUJfdXXWHcm.eval,vllm/Qwen/Qwen3.5-0.8B,deu,500,10,10,1,9,0
logs/2026-07-24T17-41-55-00-00_hf-danish-foundation-models-multilingual-gsm-symbolic-synthetic-fra@refs-pr-16-synthetic-fra_o3aMeDRqH4o3BNSfPw88ng.eval,vllm/Qwen/Qwen3.5-0.8B,fra,500,10,10,1,9,0
logs/2026-07-24T17-41-55-00-00_hf-danish-foundation-models-multilingual-gsm-symbolic-synthetic-hin@refs-pr-16-synthetic-hin_ZuHEZJQZKso3376iRPDrtG.eval,vllm/Qwen/Qwen3.5-0.8B,hin,500,11,11,0,11,0
logs/2026-07-24T17-41-55-00-00_hf-danish-foundation-models-multilingual-gsm-symbolic-synthetic-isl@refs-pr-16-synthetic-isl_AgQoLpQRdMBrE9QVuyzQ2n.eval,vllm/Qwen/Qwen3.5-0.8B,isl,500,18,18,0,18,0
logs/2026-07-24T17-41-55-00-00_hf-danish-foundation-models-multilingual-gsm-symbolic-synthetic-mar@refs-pr-16-synthetic-mar_XpYCbGvX3LbhrLeb6yX3CQ.eval,vllm/Qwen/Qwen3.5-0.8B,mar,500,5,5,0,5,0
logs/2026-07-24T17-41-56-00-00_hf-danish-foundation-models-multilingual-gsm-symbolic-synthetic-est@refs-pr-16-synthetic-est_DXudSLFBTJMqmT2r3AgYwv.eval,vllm/Qwen/Qwen3.5-0.8B,est,500,13,13,0,13,0
logs/2026-07-24T17-41-56-00-00_hf-danish-foundation-models-multilingual-gsm-symbolic-synthetic-ita@refs-pr-16-synthetic-ita_nGVwWN94YrTrmXGPxPQNwV.eval,vllm/Qwen/Qwen3.5-0.8B,ita,500,10,10,1,9,0
logs/2026-07-24T17-41-56-00-00_hf-danish-foundation-models-multilingual-gsm-symbolic-synthetic-jpn@refs-pr-16-synthetic-jpn_Ph9b6KcpVdoYzbZ97NpAjL.eval,vllm/Qwen/Qwen3.5-0.8B,jpn,500,21,21,1,20,0
logs/2026-07-24T17-41-56-00-00_hf-danish-foundation-models-multilingual-gsm-symbolic-synthetic-nld@refs-pr-16-synthetic-nld_AFxettTjkAcrsmbCqJ3UhX.eval,vllm/Qwen/Qwen3.5-0.8B,nld,500,15,15,0,15,0
logs/2026-07-24T17-41-56-00-00_hf-danish-foundation-models-multilingual-gsm-symbolic-synthetic-rus@refs-pr-16-synthetic-rus_7ooCYSnnep3YBVid9j7kZt.eval,vllm/Qwen/Qwen3.5-0.8B,rus,500,11,11,0,11,0
logs/2026-07-24T17-41-56-00-00_hf-danish-foundation-models-multilingual-gsm-symbolic-synthetic-ukr@refs-pr-16-synthetic-ukr_hKZWwvDn6NJ9YFnmdMk4wx.eval,vllm/Qwen/Qwen3.5-0.8B,ukr,500,18,19,0,19,0
logs/2026-07-24T17-41-56-00-00_hf-danish-foundation-models-multilingual-gsm-symbolic-synthetic-zho@refs-pr-16-synthetic-zho_EiRZaZwvoPzZHGLDgeZuqp.eval,vllm/Qwen/Qwen3.5-0.8B,zho,500,54,54,6,48,0
logs/2026-07-24T21-58-36-00-00_hf-danish-foundation-models-multilingual-gsm-symbolic-synthetic-dan@refs-pr-16-synthetic-dan_YWKpRdJeRQ4PJMs42RXfkm.eval,vllm/Qwen/Qwen3.5-0.8B,dan,500,457,465,25,440,0
logs/2026-07-24T21-58-36-00-00_hf-danish-foundation-models-multilingual-gsm-symbolic-synthetic-deu@refs-pr-16-synthetic-deu_AGjeiAJsmJF4ToAA3MnbbF.eval,vllm/Qwen/Qwen3.5-0.8B,deu,500,482,482,47,435,0
logs/2026-07-24T21-58-36-00-00_hf-danish-foundation-models-multilingual-gsm-symbolic-synthetic-eng@refs-pr-16-synthetic-eng_WUL4Go9wNjir8gKqFFyhdw.eval,vllm/Qwen/Qwen3.5-0.8B,eng,500,493,493,228,265,0
logs/2026-07-24T21-58-36-00-00_hf-danish-foundation-models-multilingual-gsm-symbolic-synthetic-hin@refs-pr-16-synthetic-hin_ai3BAjyqwniiEEKViYj923.eval,vllm/Qwen/Qwen3.5-0.8B,hin,500,248,293,1,292,0
logs/2026-07-24T21-58-36-00-00_hf-danish-foundation-models-multilingual-gsm-symbolic-synthetic-isl@refs-pr-16-synthetic-isl_gMb3odHgac7Ga2wrJGHJWs.eval,vllm/Qwen/Qwen3.5-0.8B,isl,500,446,457,8,449,0
logs/2026-07-24T21-58-37-00-00_hf-danish-foundation-models-multilingual-gsm-symbolic-synthetic-fra@refs-pr-16-synthetic-fra_VQA8nvwLZDbZaWfuk7jQUm.eval,vllm/Qwen/Qwen3.5-0.8B,fra,500,480,482,69,413,0
logs/2026-07-24T21-58-37-00-00_hf-danish-foundation-models-multilingual-gsm-symbolic-synthetic-ita@refs-pr-16-synthetic-ita_RzKEDsEJVJjBjj2hr7NsyE.eval,vllm/Qwen/Qwen3.5-0.8B,ita,500,470,473,62,411,0
logs/2026-07-24T21-58-37-00-00_hf-danish-foundation-models-multilingual-gsm-symbolic-synthetic-jpn@refs-pr-16-synthetic-jpn_S7Yy69ecdd9ejq9qzvWfju.eval,vllm/Qwen/Qwen3.5-0.8B,jpn,500,462,476,53,423,0
logs/2026-07-24T21-58-37-00-00_hf-danish-foundation-models-multilingual-gsm-symbolic-synthetic-nld@refs-pr-16-synthetic-nld_6cGbwy9Qa7Eyizy4oEBpeu.eval,vllm/Qwen/Qwen3.5-0.8B,nld,500,465,470,61,409,0
logs/2026-07-24T21-58-37-00-00_hf-danish-foundation-models-multilingual-gsm-symbolic-synthetic-rus@refs-pr-16-synthetic-rus_gxXnbYtCgSxLT2v6g5t5f8.eval,vllm/Qwen/Qwen3.5-0.8B,rus,500,475,476,49,427,0
logs/2026-07-24T21-58-37-00-00_hf-danish-foundation-models-multilingual-gsm-symbolic-synthetic-zho@refs-pr-16-synthetic-zho_URFtbHFUo9HgyyuAwambHz.eval,vllm/Qwen/Qwen3.5-0.8B,zho,500,498,498,120,378,0
logs/2026-07-24T21-58-38-00-00_hf-danish-foundation-models-multilingual-gsm-symbolic-synthetic-est@refs-pr-16-synthetic-est_Y34yTW7v6av5vWSpeeZhtE.eval,vllm/Qwen/Qwen3.5-0.8B,est,500,446,456,11,445,0
logs/2026-07-25T02-18-06-00-00_hf-danish-foundation-models-multilingual-gsm-symbolic-synthetic-dan@refs-pr-16-synthetic-dan_gsGKHxkY2WweZGVAWnntPy.eval,vllm/Qwen/Qwen3.5-4B,dan,500,499,499,461,38,0
logs/2026-07-25T02-18-06-00-00_hf-danish-foundation-models-multilingual-gsm-symbolic-synthetic-eng@refs-pr-16-synthetic-eng_A83CxSk2GMYQ9TWbmk7sUF.eval,vllm/Qwen/Qwen3.5-4B,eng,500,498,500,490,10,0
logs/2026-07-25T02-18-07-00-00_hf-danish-foundation-models-multilingual-gsm-symbolic-synthetic-ara@refs-pr-16-synthetic-ara_55nm2ebjADE2FSejVBBrZC.eval,vllm/Qwen/Qwen3.5-4B,ara,500,499,500,463,37,0
logs/2026-07-25T02-18-07-00-00_hf-danish-foundation-models-multilingual-gsm-symbolic-synthetic-deu@refs-pr-16-synthetic-deu_iinFNN6LwavBmRpgpC5Uik.eval,vllm/Qwen/Qwen3.5-4B,deu,500,499,499,455,44,0
logs/2026-07-25T02-18-07-00-00_hf-danish-foundation-models-multilingual-gsm-symbolic-synthetic-hin@refs-pr-16-synthetic-hin_czoKVk8osyeG4PiuJ5mw6t.eval,vllm/Qwen/Qwen3.5-4B,hin,500,499,500,421,79,0
logs/2026-07-25T02-18-07-00-00_hf-danish-foundation-models-multilingual-gsm-symbolic-synthetic-isl@refs-pr-16-synthetic-isl_FYPcmRGBhgojFbvQkQGy7W.eval,vllm/Qwen/Qwen3.5-4B,isl,500,496,498,433,65,0
logs/2026-07-25T02-18-07-00-00_hf-danish-foundation-models-multilingual-gsm-symbolic-synthetic-mar@refs-pr-16-synthetic-mar_n9AiiGDjX8BDo7toTKLcw8.eval,vllm/Qwen/Qwen3.5-4B,mar,500,500,500,353,147,0
logs/2026-07-25T02-18-08-00-00_hf-danish-foundation-models-multilingual-gsm-symbolic-synthetic-est@refs-pr-16-synthetic-est_TG8VR8NQoewhtxMp6KSWKW.eval,vllm/Qwen/Qwen3.5-4B,est,500,499,499,470,29,0
logs/2026-07-25T02-18-08-00-00_hf-danish-foundation-models-multilingual-gsm-symbolic-synthetic-fra@refs-pr-16-synthetic-fra_TB5VMJkhX8eeFZ9PJxcxhA.eval,vllm/Qwen/Qwen3.5-4B,fra,500,500,500,455,45,0
logs/2026-07-25T02-18-08-00-00_hf-danish-foundation-models-multilingual-gsm-symbolic-synthetic-ita@refs-pr-16-synthetic-ita_Ty6miwanrdt6DCT2YLZSYV.eval,vllm/Qwen/Qwen3.5-4B,ita,500,500,500,477,23,0
logs/2026-07-25T02-18-08-00-00_hf-danish-foundation-models-multilingual-gsm-symbolic-synthetic-jpn@refs-pr-16-synthetic-jpn_Fga4wN3Xh5acetRe9mvJtq.eval,vllm/Qwen/Qwen3.5-4B,jpn,500,499,499,464,35,0
logs/2026-07-25T02-18-08-00-00_hf-danish-foundation-models-multilingual-gsm-symbolic-synthetic-nld@refs-pr-16-synthetic-nld_f6DKFK4aVGUuCCM6Vynshm.eval,vllm/Qwen/Qwen3.5-4B,nld,500,499,499,450,49,0
logs/2026-07-25T02-18-08-00-00_hf-danish-foundation-models-multilingual-gsm-symbolic-synthetic-rus@refs-pr-16-synthetic-rus_TdTZi875KtT2Sf6Yibtk4a.eval,vllm/Qwen/Qwen3.5-4B,rus,500,497,497,447,50,0
logs/2026-07-25T02-18-08-00-00_hf-danish-foundation-models-multilingual-gsm-symbolic-synthetic-ukr@refs-pr-16-synthetic-ukr_C5dYRs7sJftG5d7o4QCPxU.eval,vllm/Qwen/Qwen3.5-4B,ukr,500,496,498,455,43,0
logs/2026-07-25T02-18-08-00-00_hf-danish-foundation-models-multilingual-gsm-symbolic-synthetic-zho@refs-pr-16-synthetic-zho_2NxP45fChLykqk5ctZjimT.eval,vllm/Qwen/Qwen3.5-4B,zho,500,498,499,475,24,0
logs/2026-07-25T08-58-23-00-00_hf-danish-foundation-models-multilingual-gsm-symbolic-synthetic-dan@refs-pr-16-synthetic-dan_6piYrgS7NtTqHUktRTXM6a.eval,vllm/Qwen/Qwen3.5-4B,dan,500,491,491,428,63,0
logs/2026-07-25T08-58-23-00-00_hf-danish-foundation-models-multilingual-gsm-symbolic-synthetic-eng@refs-pr-16-synthetic-eng_QntLaNibz2afHgocGhxpNX.eval,vllm/Qwen/Qwen3.5-4B,eng,500,500,500,470,30,0
logs/2026-07-25T08-58-24-00-00_hf-danish-foundation-models-multilingual-gsm-symbolic-synthetic-ara@refs-pr-16-synthetic-ara_CfmRHWPi7kzrV7Dm6trjhq.eval,vllm/Qwen/Qwen3.5-4B,ara,500,498,498,417,81,0
logs/2026-07-25T08-58-24-00-00_hf-danish-foundation-models-multilingual-gsm-symbolic-synthetic-deu@refs-pr-16-synthetic-deu_nwqYLkCt7LBSPFc4YTkbaW.eval,vllm/Qwen/Qwen3.5-4B,deu,500,500,500,433,67,0
logs/2026-07-25T08-58-24-00-00_hf-danish-foundation-models-multilingual-gsm-symbolic-synthetic-fra@refs-pr-16-synthetic-fra_PqXfvF9JzseBAWii8q4Tfx.eval,vllm/Qwen/Qwen3.5-4B,fra,500,499,499,436,63,0
logs/2026-07-25T08-58-24-00-00_hf-danish-foundation-models-multilingual-gsm-symbolic-synthetic-hin@refs-pr-16-synthetic-hin_GqjhCkxnHZqXEyjPM7VcDG.eval,vllm/Qwen/Qwen3.5-4B,hin,500,446,460,242,218,0
logs/2026-07-25T08-58-24-00-00_hf-danish-foundation-models-multilingual-gsm-symbolic-synthetic-isl@refs-pr-16-synthetic-isl_RX4P8nMkprQd8F35MeDEJn.eval,vllm/Qwen/Qwen3.5-4B,isl,500,481,481,315,166,0
logs/2026-07-25T08-58-24-00-00_hf-danish-foundation-models-multilingual-gsm-symbolic-synthetic-ita@refs-pr-16-synthetic-ita_niMDujR9qoW28kQNTnUu4d.eval,vllm/Qwen/Qwen3.5-4B,ita,500,500,500,463,37,0
logs/2026-07-25T08-58-24-00-00_hf-danish-foundation-models-multilingual-gsm-symbolic-synthetic-mar@refs-pr-16-synthetic-mar_dh4np8tugfJRmmXM9ztgjv.eval,vllm/Qwen/Qwen3.5-4B,mar,500,456,461,165,296,0
logs/2026-07-25T08-58-25-00-00_hf-danish-foundation-models-multilingual-gsm-symbolic-synthetic-est@refs-pr-16-synthetic-est_fGYBY3Zx2e5qDf6q5BVNC3.eval,vllm/Qwen/Qwen3.5-4B,est,500,474,478,361,117,0
logs/2026-07-25T08-58-25-00-00_hf-danish-foundation-models-multilingual-gsm-symbolic-synthetic-jpn@refs-pr-16-synthetic-jpn_9sGUaZgyG4FAPVjDZMJGui.eval,vllm/Qwen/Qwen3.5-4B,jpn,500,494,494,415,79,0
logs/2026-07-25T08-58-25-00-00_hf-danish-foundation-models-multilingual-gsm-symbolic-synthetic-nld@refs-pr-16-synthetic-nld_9WtNN6QiEWGBJhyJSYbBSg.eval,vllm/Qwen/Qwen3.5-4B,nld,500,495,496,418,78,0
logs/2026-07-25T08-58-25-00-00_hf-danish-foundation-models-multilingual-gsm-symbolic-synthetic-rus@refs-pr-16-synthetic-rus_M9qZnMszFgj8aq6WgkAX9x.eval,vllm/Qwen/Qwen3.5-4B,rus,500,496,498,416,82,0
logs/2026-07-25T08-58-25-00-00_hf-danish-foundation-models-multilingual-gsm-symbolic-synthetic-ukr@refs-pr-16-synthetic-ukr_FgFBK6YEwZYZDWA7xvVBpu.eval,vllm/Qwen/Qwen3.5-4B,ukr,500,491,493,412,81,0
logs/2026-07-25T08-58-25-00-00_hf-danish-foundation-models-multilingual-gsm-symbolic-synthetic-zho@refs-pr-16-synthetic-zho_WKeXqhJKqsQgDhHBMNrjw4.eval,vllm/Qwen/Qwen3.5-4B,zho,500,500,500,448,52,0
logs/2026-07-25T11-07-39-00-00_hf-danish-foundation-models-multilingual-gsm-symbolic-synthetic-ara@refs-pr-16-synthetic-ara_7jE89BZe8fQETT22jsNEtv.eval,vllm/Qwen/Qwen3.5-9B,ara,500,500,500,484,16,0
logs/2026-07-25T11-07-39-00-00_hf-danish-foundation-models-multilingual-gsm-symbolic-synthetic-dan@refs-pr-16-synthetic-dan_kpaH4zm8H97iTfd59tCpbJ.eval,vllm/Qwen/Qwen3.5-9B,dan,500,499,499,467,32,0
logs/2026-07-25T11-07-39-00-00_hf-danish-foundation-models-multilingual-gsm-symbolic-synthetic-deu@refs-pr-16-synthetic-deu_Jq89NJngCwei7sX6thThLk.eval,vllm/Qwen/Qwen3.5-9B,deu,500,498,498,461,37,0
logs/2026-07-25T11-07-39-00-00_hf-danish-foundation-models-multilingual-gsm-symbolic-synthetic-eng@refs-pr-16-synthetic-eng_4Tx86VKMuSQUpbWNjw6e7A.eval,vllm/Qwen/Qwen3.5-9B,eng,500,500,500,491,9,0
logs/2026-07-25T11-07-39-00-00_hf-danish-foundation-models-multilingual-gsm-symbolic-synthetic-hin@refs-pr-16-synthetic-hin_cqUNHJV9BfZ6NZAA67UQqM.eval,vllm/Qwen/Qwen3.5-9B,hin,500,500,500,440,60,0
logs/2026-07-25T11-07-39-00-00_hf-danish-foundation-models-multilingual-gsm-symbolic-synthetic-isl@refs-pr-16-synthetic-isl_LcMBKNA8m4BkymQ9JPv97H.eval,vllm/Qwen/Qwen3.5-9B,isl,500,498,499,465,34,0
logs/2026-07-25T11-07-40-00-00_hf-danish-foundation-models-multilingual-gsm-symbolic-synthetic-fra@refs-pr-16-synthetic-fra_9BDxBfJSEuuXwfGsdcvhq2.eval,vllm/Qwen/Qwen3.5-9B,fra,500,500,500,461,39,0
logs/2026-07-25T11-07-40-00-00_hf-danish-foundation-models-multilingual-gsm-symbolic-synthetic-ita@refs-pr-16-synthetic-ita_TYhhgPQnopNYGJGM4gGY2e.eval,vllm/Qwen/Qwen3.5-9B,ita,500,499,499,481,18,0
logs/2026-07-25T11-07-40-00-00_hf-danish-foundation-models-multilingual-gsm-symbolic-synthetic-jpn@refs-pr-16-synthetic-jpn_fVmP68jgpEpzhBFH3gWJEv.eval,vllm/Qwen/Qwen3.5-9B,jpn,500,500,500,459,41,0
logs/2026-07-25T11-07-40-00-00_hf-danish-foundation-models-multilingual-gsm-symbolic-synthetic-mar@refs-pr-16-synthetic-mar_AF3iT3bdEjEUFdMGX2pNos.eval,vllm/Qwen/Qwen3.5-9B,mar,500,498,498,366,132,0
logs/2026-07-25T11-07-40-00-00_hf-danish-foundation-models-multilingual-gsm-symbolic-synthetic-nld@refs-pr-16-synthetic-nld_FuaHG9QvHdwzFWLkEhMG5Q.eval,vllm/Qwen/Qwen3.5-9B,nld,500,499,499,448,51,0
logs/2026-07-25T11-07-40-00-00_hf-danish-foundation-models-multilingual-gsm-symbolic-synthetic-rus@refs-pr-16-synthetic-rus_KHcy9zJ49d77iAcCwDQQjv.eval,vllm/Qwen/Qwen3.5-9B,rus,500,500,500,457,43,0
logs/2026-07-25T11-07-40-00-00_hf-danish-foundation-models-multilingual-gsm-symbolic-synthetic-zho@refs-pr-16-synthetic-zho_HULWyunG6Yr4LyW9YLbQ8J.eval,vllm/Qwen/Qwen3.5-9B,zho,500,500,500,479,21,0
logs/2026-07-25T11-07-41-00-00_hf-danish-foundation-models-multilingual-gsm-symbolic-synthetic-est@refs-pr-16-synthetic-est_Lk55JGuz9HAiLtVp6vuyJp.eval,vllm/Qwen/Qwen3.5-9B,est,500,500,500,470,30,0
logs/2026-07-25T11-07-41-00-00_hf-danish-foundation-models-multilingual-gsm-symbolic-synthetic-ukr@refs-pr-16-synthetic-ukr_7aJuDd4HjXvfYEohMwPao2.eval,vllm/Qwen/Qwen3.5-9B,ukr,500,500,500,460,40,0
logs/2026-07-25T17-34-02-00-00_hf-danish-foundation-models-multilingual-gsm-symbolic-synthetic-eng@refs-pr-16-synthetic-eng_fRKYic6WonNSLQcqdZtAhA.eval,vllm/Qwen/Qwen3.5-9B,eng,500,500,500,474,26,0
logs/2026-07-25T17-34-03-00-00_hf-danish-foundation-models-multilingual-gsm-symbolic-synthetic-ara@refs-pr-16-synthetic-ara_crvmKLCwUFkf2ydmjwBvto.eval,vllm/Qwen/Qwen3.5-9B,ara,500,500,500,458,42,0
logs/2026-07-25T17-34-03-00-00_hf-danish-foundation-models-multilingual-gsm-symbolic-synthetic-dan@refs-pr-16-synthetic-dan_PNqdn2ZFp8t8pLcVovcg68.eval,vllm/Qwen/Qwen3.5-9B,dan,500,499,499,456,43,0
logs/2026-07-25T17-34-03-00-00_hf-danish-foundation-models-multilingual-gsm-symbolic-synthetic-deu@refs-pr-16-synthetic-deu_ELyrtjTXPr3QxWAR8FafwW.eval,vllm/Qwen/Qwen3.5-9B,deu,500,500,500,440,60,0
logs/2026-07-25T17-34-03-00-00_hf-danish-foundation-models-multilingual-gsm-symbolic-synthetic-hin@refs-pr-16-synthetic-hin_5HH3pHeEU8TbLgWAyZLLAk.eval,vllm/Qwen/Qwen3.5-9B,hin,500,498,498,371,127,0
logs/2026-07-25T17-34-03-00-00_hf-danish-foundation-models-multilingual-gsm-symbolic-synthetic-isl@refs-pr-16-synthetic-isl_4KoYX9HSrykRXy5Bzd5GL2.eval,vllm/Qwen/Qwen3.5-9B,isl,500,497,497,431,66,0
logs/2026-07-25T17-34-04-00-00_hf-danish-foundation-models-multilingual-gsm-symbolic-synthetic-fra@refs-pr-16-synthetic-fra_Y8qJdiCE8fQRyGK5rjoZh5.eval,vllm/Qwen/Qwen3.5-9B,fra,500,500,500,447,53,0
logs/2026-07-25T17-34-04-00-00_hf-danish-foundation-models-multilingual-gsm-symbolic-synthetic-ita@refs-pr-16-synthetic-ita_T5Towd4MamJAsWsJiQvurU.eval,vllm/Qwen/Qwen3.5-9B,ita,500,500,500,469,31,0
logs/2026-07-25T17-34-04-00-00_hf-danish-foundation-models-multilingual-gsm-symbolic-synthetic-jpn@refs-pr-16-synthetic-jpn_9HrzFnmeFFyVc4TaSde7X5.eval,vllm/Qwen/Qwen3.5-9B,jpn,500,500,500,448,52,0
logs/2026-07-25T17-34-04-00-00_hf-danish-foundation-models-multilingual-gsm-symbolic-synthetic-nld@refs-pr-16-synthetic-nld_AJPstQ9Z2ppN2QisZHZnEV.eval,vllm/Qwen/Qwen3.5-9B,nld,500,500,500,441,59,0
logs/2026-07-25T17-34-04-00-00_hf-danish-foundation-models-multilingual-gsm-symbolic-synthetic-rus@refs-pr-16-synthetic-rus_ZEdz97UyFj6DZvkWujUetd.eval,vllm/Qwen/Qwen3.5-9B,rus,500,499,499,447,52,0
logs/2026-07-25T17-34-04-00-00_hf-danish-foundation-models-multilingual-gsm-symbolic-synthetic-ukr@refs-pr-16-synthetic-ukr_imaNiWyjY5VjAbmRpkjtBB.eval,vllm/Qwen/Qwen3.5-9B,ukr,500,496,496,445,51,0
logs/2026-07-25T17-34-04-00-00_hf-danish-foundation-models-multilingual-gsm-symbolic-synthetic-zho@refs-pr-16-synthetic-zho_G4izJUf5bvCF5PVpFAWiXF.eval,vllm/Qwen/Qwen3.5-9B,zho,500,500,500,468,32,0
logs/2026-07-25T17-34-05-00-00_hf-danish-foundation-models-multilingual-gsm-symbolic-synthetic-est@refs-pr-16-synthetic-est_mD6aiENMiy5LMc8GwHBiXE.eval,vllm/Qwen/Qwen3.5-9B,est,500,498,499,446,53,0
logs/2026-07-25T18-52-16-00-00_hf-danish-foundation-models-multilingual-gsm-symbolic-synthetic-eng@refs-pr-16-synthetic-eng_MjfyBPEgiPuEiEzT2DBzjD.eval,vllm/Qwen/Qwen3.5-27B,eng,500,500,500,490,10,0
logs/2026-07-25T18-52-17-00-00_hf-danish-foundation-models-multilingual-gsm-symbolic-synthetic-ara@refs-pr-16-synthetic-ara_QL2iGCodKv7K5a3aF4ABDQ.eval,vllm/Qwen/Qwen3.5-27B,ara,500,500,500,481,19,0
logs/2026-07-25T18-52-17-00-00_hf-danish-foundation-models-multilingual-gsm-symbolic-synthetic-dan@refs-pr-16-synthetic-dan_DTWjUGGEc2miEgYzAchSWU.eval,vllm/Qwen/Qwen3.5-27B,dan,500,500,500,481,19,0
logs/2026-07-25T18-52-17-00-00_hf-danish-foundation-models-multilingual-gsm-symbolic-synthetic-deu@refs-pr-16-synthetic-deu_GYr3RwBjJmLmHpQEjrKUPt.eval,vllm/Qwen/Qwen3.5-27B,deu,500,500,500,469,31,0
logs/2026-07-25T18-52-17-00-00_hf-danish-foundation-models-multilingual-gsm-symbolic-synthetic-hin@refs-pr-16-synthetic-hin_DE9zkzrELLYEz3x7knFApu.eval,vllm/Qwen/Qwen3.5-27B,hin,500,500,500,470,30,0
logs/2026-07-25T18-52-17-00-00_hf-danish-foundation-models-multilingual-gsm-symbolic-synthetic-isl@refs-pr-16-synthetic-isl_kqH7eXDEw77jtKs9N2CN8u.eval,vllm/Qwen/Qwen3.5-27B,isl,500,500,500,484,16,0
logs/2026-07-25T18-52-18-00-00_hf-danish-foundation-models-multilingual-gsm-symbolic-synthetic-fra@refs-pr-16-synthetic-fra_EK7M9b96soJbLNqoHdB36u.eval,vllm/Qwen/Qwen3.5-27B,fra,500,500,500,471,29,0
logs/2026-07-25T18-52-18-00-00_hf-danish-foundation-models-multilingual-gsm-symbolic-synthetic-ita@refs-pr-16-synthetic-ita_CQWNiuVQkfQJ2JDQfGVjf5.eval,vllm/Qwen/Qwen3.5-27B,ita,500,500,500,484,16,0
logs/2026-07-25T18-52-18-00-00_hf-danish-foundation-models-multilingual-gsm-symbolic-synthetic-mar@refs-pr-16-synthetic-mar_CPxjrhKuNGxXSmfxQ2Bd3M.eval,vllm/Qwen/Qwen3.5-27B,mar,500,500,500,455,45,0
logs/2026-07-25T18-52-18-00-00_hf-danish-foundation-models-multilingual-gsm-symbolic-synthetic-nld@refs-pr-16-synthetic-nld_4gm3hpAiGyyAspspgxHdri.eval,vllm/Qwen/Qwen3.5-27B,nld,500,500,500,468,32,0
logs/2026-07-25T18-52-18-00-00_hf-danish-foundation-models-multilingual-gsm-symbolic-synthetic-rus@refs-pr-16-synthetic-rus_6ML8H3yG7DxnVp9iyHfXXT.eval,vllm/Qwen/Qwen3.5-27B,rus,500,500,500,465,35,0
logs/2026-07-25T18-52-19-00-00_hf-danish-foundation-models-multilingual-gsm-symbolic-synthetic-est@refs-pr-16-synthetic-est_VuVPZXjSRGkdcFKuzCDn9V.eval,vllm/Qwen/Qwen3.5-27B,est,500,500,500,483,17,0
logs/2026-07-25T18-52-19-00-00_hf-danish-foundation-models-multilingual-gsm-symbolic-synthetic-jpn@refs-pr-16-synthetic-jpn_BFoasMvEZcg7abTQafCNaV.eval,vllm/Qwen/Qwen3.5-27B,jpn,500,500,500,474,26,0
logs/2026-07-25T18-52-19-00-00_hf-danish-foundation-models-multilingual-gsm-symbolic-synthetic-ukr@refs-pr-16-synthetic-ukr_WY8U4PR6DVuSbeNXuNafns.eval,vllm/Qwen/Qwen3.5-27B,ukr,500,500,500,479,21,0
logs/2026-07-25T18-52-19-00-00_hf-danish-foundation-models-multilingual-gsm-symbolic-synthetic-zho@refs-pr-16-synthetic-zho_eLataefvc23YEycvohK83G.eval,vllm/Qwen/Qwen3.5-27B,zho,500,500,500,489,11,0
logs/2026-07-26T04-27-23-00-00_hf-danish-foundation-models-multilingual-gsm-symbolic-synthetic-eng@refs-pr-16-synthetic-eng_DNSWWSJYjkVvcbZDXhXYu4.eval,vllm/Qwen/Qwen3.5-27B,eng,500,500,500,491,9,0
logs/2026-07-26T04-27-24-00-00_hf-danish-foundation-models-multilingual-gsm-symbolic-synthetic-ara@refs-pr-16-synthetic-ara_Ddk6n2vdEfNAjr6aqQpjT4.eval,vllm/Qwen/Qwen3.5-27B,ara,500,500,500,476,24,0
logs/2026-07-26T04-27-24-00-00_hf-danish-foundation-models-multilingual-gsm-symbolic-synthetic-dan@refs-pr-16-synthetic-dan_HRhmwUCmABE8fYyHLSXBpc.eval,vllm/Qwen/Qwen3.5-27B,dan,500,500,500,481,19,0
logs/2026-07-26T04-27-24-00-00_hf-danish-foundation-models-multilingual-gsm-symbolic-synthetic-deu@refs-pr-16-synthetic-deu_SdqMP6Vk4R4iqvFBtWcfgG.eval,vllm/Qwen/Qwen3.5-27B,deu,500,500,500,467,33,0
logs/2026-07-26T04-27-24-00-00_hf-danish-foundation-models-multilingual-gsm-symbolic-synthetic-fra@refs-pr-16-synthetic-fra_KbhbcnJczEmwK8i9TheYkJ.eval,vllm/Qwen/Qwen3.5-27B,fra,500,500,500,467,33,0
logs/2026-07-26T04-27-24-00-00_hf-danish-foundation-models-multilingual-gsm-symbolic-synthetic-hin@refs-pr-16-synthetic-hin_ctgGAZZ4nsi6mvx9Eg92Qj.eval,vllm/Qwen/Qwen3.5-27B,hin,500,500,500,457,43,0
logs/2026-07-26T04-27-24-00-00_hf-danish-foundation-models-multilingual-gsm-symbolic-synthetic-isl@refs-pr-16-synthetic-isl_FvtQjWtuaqmThHfVDByJ7N.eval,vllm/Qwen/Qwen3.5-27B,isl,500,500,500,473,27,0
logs/2026-07-26T04-27-24-00-00_hf-danish-foundation-models-multilingual-gsm-symbolic-synthetic-mar@refs-pr-16-synthetic-mar_YAbQzZZ4RURaiwep7dzzKD.eval,vllm/Qwen/Qwen3.5-27B,mar,500,500,500,436,64,0
logs/2026-07-26T04-27-25-00-00_hf-danish-foundation-models-multilingual-gsm-symbolic-synthetic-ita@refs-pr-16-synthetic-ita_duGE2KiSVjsmSbNhhjSrJV.eval,vllm/Qwen/Qwen3.5-27B,ita,500,500,500,478,22,0
logs/2026-07-26T04-27-25-00-00_hf-danish-foundation-models-multilingual-gsm-symbolic-synthetic-jpn@refs-pr-16-synthetic-jpn_RWUQ3RxCQoKdgfgX6vpDzG.eval,vllm/Qwen/Qwen3.5-27B,jpn,500,500,500,472,28,0
logs/2026-07-26T04-27-25-00-00_hf-danish-foundation-models-multilingual-gsm-symbolic-synthetic-nld@refs-pr-16-synthetic-nld_kuYpifd4TBawjTTL97kuiZ.eval,vllm/Qwen/Qwen3.5-27B,nld,500,500,500,457,43,0
logs/2026-07-26T04-27-25-00-00_hf-danish-foundation-models-multilingual-gsm-symbolic-synthetic-rus@refs-pr-16-synthetic-rus_9RwkQjEBwCVjGK6HUCRuQ2.eval,vllm/Qwen/Qwen3.5-27B,rus,500,500,500,457,43,0
logs/2026-07-26T04-27-25-00-00_hf-danish-foundation-models-multilingual-gsm-symbolic-synthetic-ukr@refs-pr-16-synthetic-ukr_GxLY26hec3zq6nVGiwNntg.eval,vllm/Qwen/Qwen3.5-27B,ukr,500,500,500,473,27,0
logs/2026-07-26T04-27-25-00-00_hf-danish-foundation-models-multilingual-gsm-symbolic-synthetic-zho@refs-pr-16-synthetic-zho_R57aH9dBk9NZm5twDTWXMx.eval,vllm/Qwen/Qwen3.5-27B,zho,500,500,500,486,14,0
logs/2026-07-26T04-27-26-00-00_hf-danish-foundation-models-multilingual-gsm-symbolic-synthetic-est@refs-pr-16-synthetic-est_W7RhKzuLCFFQhiV5PNneud.eval,vllm/Qwen/Qwen3.5-27B,est,500,500,500,482,18,0
logs/2026-07-26T12-39-41-00-00_hf-danish-foundation-models-multilingual-gsm-symbolic-synthetic-dan@refs-pr-16-synthetic-dan_JsRpTve6pjzy6isCSLh6bZ.eval,vllm/allenai/OLMo-2-0425-1B-Instruct,dan,500,317,322,11,311,0
logs/2026-07-26T12-39-41-00-00_hf-danish-foundation-models-multilingual-gsm-symbolic-synthetic-eng@refs-pr-16-synthetic-eng_XDTENt78U64kgWGxLqdZM4.eval,vllm/allenai/OLMo-2-0425-1B-Instruct,eng,500,500,500,240,260,0
logs/2026-07-26T12-39-42-00-00_hf-danish-foundation-models-multilingual-gsm-symbolic-synthetic-ara@refs-pr-16-synthetic-ara_j42YBnypRQv2E9zKayZwFF.eval,vllm/allenai/OLMo-2-0425-1B-Instruct,ara,500,307,345,9,336,0
logs/2026-07-26T12-39-42-00-00_hf-danish-foundation-models-multilingual-gsm-symbolic-synthetic-deu@refs-pr-16-synthetic-deu_8ZMNfw77UonubxZsxoaoj6.eval,vllm/allenai/OLMo-2-0425-1B-Instruct,deu,500,447,447,58,389,0
logs/2026-07-26T12-39-42-00-00_hf-danish-foundation-models-multilingual-gsm-symbolic-synthetic-fra@refs-pr-16-synthetic-fra_A2nH7wQXqXF4TPKVbmW3xg.eval,vllm/allenai/OLMo-2-0425-1B-Instruct,fra,500,458,471,96,375,0
logs/2026-07-26T12-39-42-00-00_hf-danish-foundation-models-multilingual-gsm-symbolic-synthetic-hin@refs-pr-16-synthetic-hin_YGbK8i4E7tH8LPokDTWp6x.eval,vllm/allenai/OLMo-2-0425-1B-Instruct,hin,500,145,324,3,321,0
logs/2026-07-26T12-39-42-00-00_hf-danish-foundation-models-multilingual-gsm-symbolic-synthetic-isl@refs-pr-16-synthetic-isl_W6SoTdiSJPH9YdymmdRYJ2.eval,vllm/allenai/OLMo-2-0425-1B-Instruct,isl,500,188,283,4,279,0
logs/2026-07-26T12-39-42-00-00_hf-danish-foundation-models-multilingual-gsm-symbolic-synthetic-ita@refs-pr-16-synthetic-ita_eMrS6SEZgkvRJq4c9Lnovk.eval,vllm/allenai/OLMo-2-0425-1B-Instruct,ita,500,487,488,55,433,0
logs/2026-07-26T12-39-42-00-00_hf-danish-foundation-models-multilingual-gsm-symbolic-synthetic-mar@refs-pr-16-synthetic-mar_ThmKJqJR96Zd9V8WZ78jy3.eval,vllm/allenai/OLMo-2-0425-1B-Instruct,mar,500,62,328,1,327,0
logs/2026-07-26T12-39-43-00-00_hf-danish-foundation-models-multilingual-gsm-symbolic-synthetic-est@refs-pr-16-synthetic-est_8t8UoV9PMPbV7RPhPjeE4P.eval,vllm/allenai/OLMo-2-0425-1B-Instruct,est,500,128,176,1,175,0
logs/2026-07-26T12-39-43-00-00_hf-danish-foundation-models-multilingual-gsm-symbolic-synthetic-jpn@refs-pr-16-synthetic-jpn_U8GqECQ8LRiF9uRK3DsgqH.eval,vllm/allenai/OLMo-2-0425-1B-Instruct,jpn,500,303,336,9,327,0
logs/2026-07-26T12-39-43-00-00_hf-danish-foundation-models-multilingual-gsm-symbolic-synthetic-nld@refs-pr-16-synthetic-nld_WW8zFdqN57UDCC5baspAxk.eval,vllm/allenai/OLMo-2-0425-1B-Instruct,nld,500,414,433,32,401,0
logs/2026-07-26T12-39-43-00-00_hf-danish-foundation-models-multilingual-gsm-symbolic-synthetic-rus@refs-pr-16-synthetic-rus_VBtEz7k2XeqDBosYQ4qD5T.eval,vllm/allenai/OLMo-2-0425-1B-Instruct,rus,500,466,476,50,426,0
logs/2026-07-26T12-39-43-00-00_hf-danish-foundation-models-multilingual-gsm-symbolic-synthetic-ukr@refs-pr-16-synthetic-ukr_YmSQg662QLamdz6jWT27M4.eval,vllm/allenai/OLMo-2-0425-1B-Instruct,ukr,500,321,416,11,405,0
logs/2026-07-26T12-39-43-00-00_hf-danish-foundation-models-multilingual-gsm-symbolic-synthetic-zho@refs-pr-16-synthetic-zho_L58QdU9NZ24cqmue3APiN4.eval,vllm/allenai/OLMo-2-0425-1B-Instruct,zho,500,463,470,48,422,0
logs/2026-07-26T13-00-27-00-00_hf-danish-foundation-models-multilingual-gsm-symbolic-synthetic-dan@refs-pr-16-synthetic-dan_CibXHBtcijpZCcGYLA2yTk.eval,vllm/allenai/OLMo-2-1124-7B-Instruct,dan,500,424,437,114,323,0
logs/2026-07-26T13-00-27-00-00_hf-danish-foundation-models-multilingual-gsm-symbolic-synthetic-eng@refs-pr-16-synthetic-eng_7fnssTDwV6u3tFnCVRFEwV.eval,vllm/allenai/OLMo-2-1124-7B-Instruct,eng,500,497,497,360,137,0
logs/2026-07-26T13-00-28-00-00_hf-danish-foundation-models-multilingual-gsm-symbolic-synthetic-ara@refs-pr-16-synthetic-ara_gZo34fQKaDFCXPQZpUdtPQ.eval,vllm/allenai/OLMo-2-1124-7B-Instruct,ara,500,451,460,85,375,0
logs/2026-07-26T13-00-28-00-00_hf-danish-foundation-models-multilingual-gsm-symbolic-synthetic-deu@refs-pr-16-synthetic-deu_8ciFvVZmMzn9TvpWPHMrun.eval,vllm/allenai/OLMo-2-1124-7B-Instruct,deu,500,478,479,204,275,0
logs/2026-07-26T13-00-28-00-00_hf-danish-foundation-models-multilingual-gsm-symbolic-synthetic-fra@refs-pr-16-synthetic-fra_WiK2xLfsSb3HzPToptA7ML.eval,vllm/allenai/OLMo-2-1124-7B-Instruct,fra,500,489,491,288,203,0
logs/2026-07-26T13-00-28-00-00_hf-danish-foundation-models-multilingual-gsm-symbolic-synthetic-hin@refs-pr-16-synthetic-hin_KcJZMA7VSPPaLtBhsQanUA.eval,vllm/allenai/OLMo-2-1124-7B-Instruct,hin,500,224,255,17,238,0
logs/2026-07-26T13-00-28-00-00_hf-danish-foundation-models-multilingual-gsm-symbolic-synthetic-isl@refs-pr-16-synthetic-isl_fumHMkqs7xbTXZtH9j6xrs.eval,vllm/allenai/OLMo-2-1124-7B-Instruct,isl,500,77,174,11,163,0
logs/2026-07-26T13-00-28-00-00_hf-danish-foundation-models-multilingual-gsm-symbolic-synthetic-mar@refs-pr-16-synthetic-mar_GycvCQdydhvGrbLGfw6cin.eval,vllm/allenai/OLMo-2-1124-7B-Instruct,mar,500,190,297,9,288,0
logs/2026-07-26T13-00-29-00-00_hf-danish-foundation-models-multilingual-gsm-symbolic-synthetic-est@refs-pr-16-synthetic-est_PTrmqxZWY8WTdwDRbYcrSR.eval,vllm/allenai/OLMo-2-1124-7B-Instruct,est,500,219,290,19,271,0
logs/2026-07-26T13-00-29-00-00_hf-danish-foundation-models-multilingual-gsm-symbolic-synthetic-ita@refs-pr-16-synthetic-ita_Rt9EKwNN3xiLJhBCVrr55u.eval,vllm/allenai/OLMo-2-1124-7B-Instruct,ita,500,490,491,226,265,0
logs/2026-07-26T13-00-29-00-00_hf-danish-foundation-models-multilingual-gsm-symbolic-synthetic-jpn@refs-pr-16-synthetic-jpn_BgSygYheSvrVhQYGSbqJYM.eval,vllm/allenai/OLMo-2-1124-7B-Instruct,jpn,500,382,387,62,325,0
logs/2026-07-26T13-00-29-00-00_hf-danish-foundation-models-multilingual-gsm-symbolic-synthetic-nld@refs-pr-16-synthetic-nld_nhkvJMZwEXr5ESPsypk7ds.eval,vllm/allenai/OLMo-2-1124-7B-Instruct,nld,500,452,461,151,310,0
logs/2026-07-26T13-00-29-00-00_hf-danish-foundation-models-multilingual-gsm-symbolic-synthetic-rus@refs-pr-16-synthetic-rus_SAvfQrv6odknzFBgSwk3WQ.eval,vllm/allenai/OLMo-2-1124-7B-Instruct,rus,500,486,486,199,287,0
logs/2026-07-26T13-00-29-00-00_hf-danish-foundation-models-multilingual-gsm-symbolic-synthetic-ukr@refs-pr-16-synthetic-ukr_eePphRL5bVpNNLqgtjmUvm.eval,vllm/allenai/OLMo-2-1124-7B-Instruct,ukr,500,419,435,60,375,0
logs/2026-07-26T13-00-29-00-00_hf-danish-foundation-models-multilingual-gsm-symbolic-synthetic-zho@refs-pr-16-synthetic-zho_dELTMAhuzPNkyDaxmbLVvh.eval,vllm/allenai/OLMo-2-1124-7B-Instruct,zho,500,479,483,186,297,0
logs/2026-07-26T13-39-04-00-00_hf-danish-foundation-models-multilingual-gsm-symbolic-synthetic-ara@refs-pr-16-synthetic-ara_Zr39Qfg4P4S7eqEpdRFqs7.eval,vllm/allenai/OLMo-2-1124-13B-Instruct,ara,500,483,485,188,297,0
logs/2026-07-26T13-39-04-00-00_hf-danish-foundation-models-multilingual-gsm-symbolic-synthetic-dan@refs-pr-16-synthetic-dan_58xMNWm6KxHiL3uuGsrPSE.eval,vllm/allenai/OLMo-2-1124-13B-Instruct,dan,500,488,489,225,264,0
logs/2026-07-26T13-39-04-00-00_hf-danish-foundation-models-multilingual-gsm-symbolic-synthetic-deu@refs-pr-16-synthetic-deu_LYc4LFciyhVv2A5oNnYFiM.eval,vllm/allenai/OLMo-2-1124-13B-Instruct,deu,500,499,497,312,185,0
logs/2026-07-26T13-39-04-00-00_hf-danish-foundation-models-multilingual-gsm-symbolic-synthetic-eng@refs-pr-16-synthetic-eng_mNijvon7mGvMHXEUzMok7D.eval,vllm/allenai/OLMo-2-1124-13B-Instruct,eng,500,500,499,418,81,0
logs/2026-07-26T13-39-04-00-00_hf-danish-foundation-models-multilingual-gsm-symbolic-synthetic-hin@refs-pr-16-synthetic-hin_8fWaSvze2wadY4f6tVZAfk.eval,vllm/allenai/OLMo-2-1124-13B-Instruct,hin,500,480,481,65,416,0
logs/2026-07-26T13-39-04-00-00_hf-danish-foundation-models-multilingual-gsm-symbolic-synthetic-isl@refs-pr-16-synthetic-isl_htVWo9M5RUxdGYcfwTw7go.eval,vllm/allenai/OLMo-2-1124-13B-Instruct,isl,500,417,432,94,338,0
logs/2026-07-26T13-39-05-00-00_hf-danish-foundation-models-multilingual-gsm-symbolic-synthetic-fra@refs-pr-16-synthetic-fra_cMfGxzFgzYyrz4y5ZMf48i.eval,vllm/allenai/OLMo-2-1124-13B-Instruct,fra,500,498,498,343,155,0
logs/2026-07-26T13-39-05-00-00_hf-danish-foundation-models-multilingual-gsm-symbolic-synthetic-ita@refs-pr-16-synthetic-ita_fhoU6LaPkBtJebd5Xe8Rfe.eval,vllm/allenai/OLMo-2-1124-13B-Instruct,ita,500,499,497,323,174,0
logs/2026-07-26T13-39-05-00-00_hf-danish-foundation-models-multilingual-gsm-symbolic-synthetic-jpn@refs-pr-16-synthetic-jpn_7iPAoarZ9huvvDgvb7oA8Y.eval,vllm/allenai/OLMo-2-1124-13B-Instruct,jpn,500,486,485,156,329,0
logs/2026-07-26T13-39-05-00-00_hf-danish-foundation-models-multilingual-gsm-symbolic-synthetic-mar@refs-pr-16-synthetic-mar_4rpP6ZJGQ9irA33fKuMSv9.eval,vllm/allenai/OLMo-2-1124-13B-Instruct,mar,500,444,464,15,449,0
logs/2026-07-26T13-39-05-00-00_hf-danish-foundation-models-multilingual-gsm-symbolic-synthetic-nld@refs-pr-16-synthetic-nld_a6pLidyZahR4Z2HhKLDy8Z.eval,vllm/allenai/OLMo-2-1124-13B-Instruct,nld,500,493,493,279,214,0
logs/2026-07-26T13-39-05-00-00_hf-danish-foundation-models-multilingual-gsm-symbolic-synthetic-rus@refs-pr-16-synthetic-rus_5roZTUcpTfkMotsdDekbe6.eval,vllm/allenai/OLMo-2-1124-13B-Instruct,rus,500,500,500,299,201,0
logs/2026-07-26T13-39-05-00-00_hf-danish-foundation-models-multilingual-gsm-symbolic-synthetic-ukr@refs-pr-16-synthetic-ukr_DYZSZZEHmQoPJbFqBBUXHh.eval,vllm/allenai/OLMo-2-1124-13B-Instruct,ukr,500,493,494,166,328,0
logs/2026-07-26T13-39-05-00-00_hf-danish-foundation-models-multilingual-gsm-symbolic-synthetic-zho@refs-pr-16-synthetic-zho_eBJKWFUyk4JVCviutXHfRi.eval,vllm/allenai/OLMo-2-1124-13B-Instruct,zho,500,498,498,250,248,0
logs/2026-07-26T13-39-06-00-00_hf-danish-foundation-models-multilingual-gsm-symbolic-synthetic-est@refs-pr-16-synthetic-est_kbSrLV6PCjfQqGMiTv986t.eval,vllm/allenai/OLMo-2-1124-13B-Instruct,est,500,446,460,68,392,0
logs/2026-07-26T14-26-34-00-00_hf-danish-foundation-models-multilingual-gsm-symbolic-synthetic-dan@refs-pr-16-synthetic-dan_NdL3VFQUwkWGZjZpYp6Tjr.eval,vllm/allenai/OLMo-2-0325-32B-Instruct,dan,500,500,500,383,117,0
logs/2026-07-26T14-26-34-00-00_hf-danish-foundation-models-multilingual-gsm-symbolic-synthetic-deu@refs-pr-16-synthetic-deu_PB3EjN9Zr4HCVQaP27gp8o.eval,vllm/allenai/OLMo-2-0325-32B-Instruct,deu,500,499,500,359,141,0
logs/2026-07-26T14-26-34-00-00_hf-danish-foundation-models-multilingual-gsm-symbolic-synthetic-eng@refs-pr-16-synthetic-eng_SpLsDF5oPhQqrxK5DSgCJt.eval,vllm/allenai/OLMo-2-0325-32B-Instruct,eng,500,500,500,454,46,0
logs/2026-07-26T14-26-34-00-00_hf-danish-foundation-models-multilingual-gsm-symbolic-synthetic-isl@refs-pr-16-synthetic-isl_CNa5AdovKgEGdieLfbor5k.eval,vllm/allenai/OLMo-2-0325-32B-Instruct,isl,500,500,499,292,207,0
logs/2026-07-26T14-26-35-00-00_hf-danish-foundation-models-multilingual-gsm-symbolic-synthetic-ara@refs-pr-16-synthetic-ara_krrr5WCUjQsdANRUW8ij9U.eval,vllm/allenai/OLMo-2-0325-32B-Instruct,ara,500,498,499,244,255,0
logs/2026-07-26T14-26-35-00-00_hf-danish-foundation-models-multilingual-gsm-symbolic-synthetic-fra@refs-pr-16-synthetic-fra_HSubaRQUzeqLAJHXNTDRHE.eval,vllm/allenai/OLMo-2-0325-32B-Instruct,fra,500,499,500,369,131,0
logs/2026-07-26T14-26-35-00-00_hf-danish-foundation-models-multilingual-gsm-symbolic-synthetic-ita@refs-pr-16-synthetic-ita_3C6ZnWwxegr42fRzk9jEBS.eval,vllm/allenai/OLMo-2-0325-32B-Instruct,ita,500,500,500,354,146,0
logs/2026-07-26T14-26-35-00-00_hf-danish-foundation-models-multilingual-gsm-symbolic-synthetic-mar@refs-pr-16-synthetic-mar_Eaez2oUgDcqCSBneZLJ3Q5.eval,vllm/allenai/OLMo-2-0325-32B-Instruct,mar,500,488,500,195,305,0
logs/2026-07-26T14-26-35-00-00_hf-danish-foundation-models-multilingual-gsm-symbolic-synthetic-nld@refs-pr-16-synthetic-nld_Dun3oW7HR7jtTBhJvVc4Pj.eval,vllm/allenai/OLMo-2-0325-32B-Instruct,nld,500,500,500,355,145,0
logs/2026-07-26T14-26-35-00-00_hf-danish-foundation-models-multilingual-gsm-symbolic-synthetic-rus@refs-pr-16-synthetic-rus_Vc8UTTycCNSXuaRQvz27RJ.eval,vllm/allenai/OLMo-2-0325-32B-Instruct,rus,500,500,500,276,224,0
logs/2026-07-26T14-26-36-00-00_hf-danish-foundation-models-multilingual-gsm-symbolic-synthetic-est@refs-pr-16-synthetic-est_dJtvARgXYrMpX88tC2LAem.eval,vllm/allenai/OLMo-2-0325-32B-Instruct,est,500,497,500,126,374,0
logs/2026-07-26T14-26-36-00-00_hf-danish-foundation-models-multilingual-gsm-symbolic-synthetic-jpn@refs-pr-16-synthetic-jpn_bYfR3tgSMrHrtnUuQqvUst.eval,vllm/allenai/OLMo-2-0325-32B-Instruct,jpn,500,500,500,214,286,0
logs/2026-07-26T14-26-36-00-00_hf-danish-foundation-models-multilingual-gsm-symbolic-synthetic-ukr@refs-pr-16-synthetic-ukr_98kbENEooZC577hnvBQsGa.eval,vllm/allenai/OLMo-2-0325-32B-Instruct,ukr,500,500,500,230,270,0
logs/2026-07-26T14-26-36-00-00_hf-danish-foundation-models-multilingual-gsm-symbolic-synthetic-zho@refs-pr-16-synthetic-zho_LwB5aHkZc47abEBMBmoJ2W.eval,vllm/allenai/OLMo-2-0325-32B-Instruct,zho,500,500,500,376,124,0
logs/2026-07-26T16-07-50-00-00_hf-danish-foundation-models-multilingual-gsm-symbolic-synthetic-isl@refs-pr-16-synthetic-isl_BjtZxzg2YsNyNKaLwAd3XJ.eval,vllm/allenai/Olmo-3-7B-Think,isl,500,500,500,213,287,0
logs/2026-07-26T16-45-10-00-00_hf-danish-foundation-models-multilingual-gsm-symbolic-synthetic-eng@refs-pr-16-synthetic-eng_dkmUXWq3ECPx4dMdcexyoa.eval,vllm/allenai/Olmo-3-7B-Think,eng,500,500,500,474,26,0
logs/2026-07-26T19-36-02-00-00_hf-danish-foundation-models-multilingual-gsm-symbolic-synthetic-dan@refs-pr-16-synthetic-dan_9eGpKQwgXMXYikUzaQRrJA.eval,vllm/allenai/Olmo-3-7B-Think,dan,500,500,500,368,132,0
logs/2026-07-26T21-21-38-00-00_hf-danish-foundation-models-multilingual-gsm-symbolic-synthetic-zho@refs-pr-16-synthetic-zho_RTdYUdiurBKaxRNMWHgUPu.eval,vllm/allenai/Olmo-3-7B-Think,zho,500,500,500,438,62,0
logs/2026-07-26T22-32-52-00-00_hf-danish-foundation-models-multilingual-gsm-symbolic-synthetic-fra@refs-pr-16-synthetic-fra_53U8T3QYWaPQt4vW7BdTrq.eval,vllm/allenai/Olmo-3-7B-Think,fra,500,500,500,444,56,0
logs/2026-07-26T23-40-21-00-00_hf-danish-foundation-models-multilingual-gsm-symbolic-synthetic-deu@refs-pr-16-synthetic-deu_cWcwGBPXEKSxuYiMBJDNXH.eval,vllm/allenai/Olmo-3-7B-Think,deu,500,500,500,436,64,0
logs/2026-07-27T00-12-25-00-00_hf-danish-foundation-models-multilingual-gsm-symbolic-synthetic-est@refs-pr-16-synthetic-est_A5kif7eKBHb7y2Pqgksh3q.eval,vllm/allenai/Olmo-3-7B-Think,est,500,500,500,152,348,0
logs/2026-07-27T00-15-08-00-00_hf-danish-foundation-models-multilingual-gsm-symbolic-synthetic-nld@refs-pr-16-synthetic-nld_LCg2brvSJGf5vb7zbPjEsA.eval,vllm/allenai/Olmo-3-7B-Think,nld,500,500,500,423,77,0
logs/2026-07-27T02-45-07-00-00_hf-danish-foundation-models-multilingual-gsm-symbolic-synthetic-ita@refs-pr-16-synthetic-ita_EySKWw24FUyVNyjeNz3gcZ.eval,vllm/allenai/Olmo-3-7B-Think,ita,500,500,500,451,49,0
logs/2026-07-27T03-21-13-00-00_hf-danish-foundation-models-multilingual-gsm-symbolic-synthetic-ukr@refs-pr-16-synthetic-ukr_gatw2LCYFfLLcdFtqYVHBe.eval,vllm/allenai/Olmo-3-7B-Think,ukr,500,500,500,390,110,0
logs/2026-07-27T04-16-40-00-00_hf-danish-foundation-models-multilingual-gsm-symbolic-synthetic-mar@refs-pr-16-synthetic-mar_7RXDCHdftCWRf3xyPfqhJR.eval,vllm/allenai/Olmo-3-7B-Think,mar,500,500,500,216,284,0
logs/2026-07-27T04-30-02-00-00_hf-danish-foundation-models-multilingual-gsm-symbolic-synthetic-jpn@refs-pr-16-synthetic-jpn_HjbVxWRhGDKvjuq6Wu7gD6.eval,vllm/allenai/Olmo-3-7B-Think,jpn,500,500,500,399,101,0
logs/2026-07-27T05-03-23-00-00_hf-danish-foundation-models-multilingual-gsm-symbolic-synthetic-ara@refs-pr-16-synthetic-ara_4PRwxTZaVqPGWM3JvSm5af.eval,vllm/allenai/Olmo-3-7B-Think,ara,500,500,500,384,116,0
logs/2026-07-27T05-13-47-00-00_hf-danish-foundation-models-multilingual-gsm-symbolic-synthetic-hin@refs-pr-16-synthetic-hin_jGSCQQ4ttNHrdfRVrweqWg.eval,vllm/allenai/Olmo-3-7B-Think,hin,500,500,500,327,173,0
logs/2026-07-27T05-36-30-00-00_hf-danish-foundation-models-multilingual-gsm-symbolic-synthetic-rus@refs-pr-16-synthetic-rus_6ULfj5oBXgQvi85bK4pZc2.eval,vllm/allenai/Olmo-3-7B-Think,rus,500,498,498,403,95,0
logs/2026-07-27T07-39-56-00-00_hf-danish-foundation-models-multilingual-gsm-symbolic-synthetic-mar@refs-pr-16-synthetic-mar_4JDBGKhxTzzLJVP3Tm92DK.eval,vllm/Qwen/Qwen2.5-7B-Instruct,mar,500,500,500,161,339,0
logs/2026-07-27T14-57-20-00-00_hf-danish-foundation-models-multilingual-gsm-symbolic-synthetic-ara@refs-pr-16-synthetic-ara_XrMWePUEdVuxAy86DuVkEu.eval,vllm/ibm-granite/granite-3.2-2b-instruct,ara,500,499,499,113,386,0
logs/2026-07-27T14-57-20-00-00_hf-danish-foundation-models-multilingual-gsm-symbolic-synthetic-deu@refs-pr-16-synthetic-deu_fhqJ5KRg7jhaqGDTnfSQGs.eval,vllm/ibm-granite/granite-3.2-2b-instruct,deu,500,498,498,206,292,0
logs/2026-07-27T14-57-20-00-00_hf-danish-foundation-models-multilingual-gsm-symbolic-synthetic-hin@refs-pr-16-synthetic-hin_XqnEuAxPoMkJVRQX4gZMey.eval,vllm/ibm-granite/granite-3.2-2b-instruct,hin,500,485,488,59,429,0
logs/2026-07-27T14-57-20-00-00_hf-danish-foundation-models-multilingual-gsm-symbolic-synthetic-isl@refs-pr-16-synthetic-isl_LCd7P82kLZijEBQQgVcFVq.eval,vllm/ibm-granite/granite-3.2-2b-instruct,isl,500,222,239,14,225,0
logs/2026-07-27T14-57-21-00-00_hf-danish-foundation-models-multilingual-gsm-symbolic-synthetic-fra@refs-pr-16-synthetic-fra_dZ4h4zMsVPZa5KEaVqk3Rj.eval,vllm/ibm-granite/granite-3.2-2b-instruct,fra,500,500,499,236,263,0
logs/2026-07-27T14-57-21-00-00_hf-danish-foundation-models-multilingual-gsm-symbolic-synthetic-ita@refs-pr-16-synthetic-ita_Zm93TnCtgGEUT32aioP6Ee.eval,vllm/ibm-granite/granite-3.2-2b-instruct,ita,500,500,499,236,263,0
logs/2026-07-27T14-57-21-00-00_hf-danish-foundation-models-multilingual-gsm-symbolic-synthetic-jpn@refs-pr-16-synthetic-jpn_9TB83bfJ5BESNoujcbWwVV.eval,vllm/ibm-granite/granite-3.2-2b-instruct,jpn,500,496,496,98,398,0
logs/2026-07-27T14-57-21-00-00_hf-danish-foundation-models-multilingual-gsm-symbolic-synthetic-mar@refs-pr-16-synthetic-mar_4GW22BHia9WFGCNLDjYN3B.eval,vllm/ibm-granite/granite-3.2-2b-instruct,mar,500,495,495,47,448,0
logs/2026-07-27T14-57-21-00-00_hf-danish-foundation-models-multilingual-gsm-symbolic-synthetic-nld@refs-pr-16-synthetic-nld_Ncp2YLpEgfW62kJ8JjefHN.eval,vllm/ibm-granite/granite-3.2-2b-instruct,nld,500,500,500,215,285,0
logs/2026-07-27T14-57-21-00-00_hf-danish-foundation-models-multilingual-gsm-symbolic-synthetic-rus@refs-pr-16-synthetic-rus_h7JUMbb82s8EUeMLkV8TGQ.eval,vllm/ibm-granite/granite-3.2-2b-instruct,rus,500,499,497,117,380,0
logs/2026-07-27T14-57-21-00-00_hf-danish-foundation-models-multilingual-gsm-symbolic-synthetic-zho@refs-pr-16-synthetic-zho_HwgRhLMMSn35eg4rYSQbeC.eval,vllm/ibm-granite/granite-3.2-2b-instruct,zho,500,500,500,165,335,0
logs/2026-07-27T14-57-22-00-00_hf-danish-foundation-models-multilingual-gsm-symbolic-synthetic-dan@refs-pr-16-synthetic-dan_9aum5jMCpbcEgFWTWSmBjX.eval,vllm/ibm-granite/granite-3.2-2b-instruct,dan,500,494,494,82,412,0
logs/2026-07-27T14-57-22-00-00_hf-danish-foundation-models-multilingual-gsm-symbolic-synthetic-eng@refs-pr-16-synthetic-eng_n63Jzo4XjTRcUFnps3qVB8.eval,vllm/ibm-granite/granite-3.2-2b-instruct,eng,500,500,500,311,189,0
logs/2026-07-27T14-57-22-00-00_hf-danish-foundation-models-multilingual-gsm-symbolic-synthetic-est@refs-pr-16-synthetic-est_3Qb6zjNJkhPGA8kkqNZ4BP.eval,vllm/ibm-granite/granite-3.2-2b-instruct,est,500,215,236,11,225,0
logs/2026-07-27T14-57-22-00-00_hf-danish-foundation-models-multilingual-gsm-symbolic-synthetic-ukr@refs-pr-16-synthetic-ukr_QdKGEyaCyuBKPem9c7DGUt.eval,vllm/ibm-granite/granite-3.2-2b-instruct,ukr,500,496,494,77,417,0
logs/2026-07-27T15-46-43-00-00_hf-danish-foundation-models-multilingual-gsm-symbolic-synthetic-dan@refs-pr-16-synthetic-dan_i4VJLxomqZHeNjgiGdV6CY.eval,vllm/ibm-granite/granite-3.2-2b-instruct,dan,500,482,485,65,420,0
logs/2026-07-27T15-46-43-00-00_hf-danish-foundation-models-multilingual-gsm-symbolic-synthetic-deu@refs-pr-16-synthetic-deu_LgL3hE6gGnPdzBSo6A9f5A.eval,vllm/ibm-granite/granite-3.2-2b-instruct,deu,500,500,500,199,301,0
logs/2026-07-27T15-46-43-00-00_hf-danish-foundation-models-multilingual-gsm-symbolic-synthetic-eng@refs-pr-16-synthetic-eng_cwfbf7mpr3R4GtAeDNxjky.eval,vllm/ibm-granite/granite-3.2-2b-instruct,eng,500,500,500,309,191,0
logs/2026-07-27T15-46-43-00-00_hf-danish-foundation-models-multilingual-gsm-symbolic-synthetic-isl@refs-pr-16-synthetic-isl_fqADnf3D2SzS5eKCyopnmP.eval,vllm/ibm-granite/granite-3.2-2b-instruct,isl,500,217,296,7,289,0
logs/2026-07-27T15-46-44-00-00_hf-danish-foundation-models-multilingual-gsm-symbolic-synthetic-ara@refs-pr-16-synthetic-ara_dHzb7CpyQVwujGzbxaNHAL.eval,vllm/ibm-granite/granite-3.2-2b-instruct,ara,500,477,478,63,415,0
logs/2026-07-27T15-46-44-00-00_hf-danish-foundation-models-multilingual-gsm-symbolic-synthetic-fra@refs-pr-16-synthetic-fra_iEiydvFGqgRq98PwHZJr2G.eval,vllm/ibm-granite/granite-3.2-2b-instruct,fra,500,500,500,224,276,0
logs/2026-07-27T15-46-44-00-00_hf-danish-foundation-models-multilingual-gsm-symbolic-synthetic-hin@refs-pr-16-synthetic-hin_73ptyZKZgSeDw5Ev5bWDHY.eval,vllm/ibm-granite/granite-3.2-2b-instruct,hin,500,474,476,28,448,0
logs/2026-07-27T15-46-44-00-00_hf-danish-foundation-models-multilingual-gsm-symbolic-synthetic-ita@refs-pr-16-synthetic-ita_9eQH3yFT87FeZE9YYPmwZJ.eval,vllm/ibm-granite/granite-3.2-2b-instruct,ita,500,499,499,252,247,0
logs/2026-07-27T15-46-44-00-00_hf-danish-foundation-models-multilingual-gsm-symbolic-synthetic-mar@refs-pr-16-synthetic-mar_MP82GHZ9PsqEXLXQvRB5f3.eval,vllm/ibm-granite/granite-3.2-2b-instruct,mar,500,463,471,11,460,0
logs/2026-07-27T15-46-44-00-00_hf-danish-foundation-models-multilingual-gsm-symbolic-synthetic-nld@refs-pr-16-synthetic-nld_kxwHdZzyBnE5oceDKQiBQT.eval,vllm/ibm-granite/granite-3.2-2b-instruct,nld,500,499,499,196,303,0
logs/2026-07-27T15-46-44-00-00_hf-danish-foundation-models-multilingual-gsm-symbolic-synthetic-rus@refs-pr-16-synthetic-rus_YdJUYqJhfp98adFYZ5Q5vb.eval,vllm/ibm-granite/granite-3.2-2b-instruct,rus,500,500,499,102,397,0
logs/2026-07-27T15-46-44-00-00_hf-danish-foundation-models-multilingual-gsm-symbolic-synthetic-zho@refs-pr-16-synthetic-zho_NZ5XfBHtKGxnp24nxQBPBa.eval,vllm/ibm-granite/granite-3.2-2b-instruct,zho,500,497,498,155,343,0
logs/2026-07-27T15-46-45-00-00_hf-danish-foundation-models-multilingual-gsm-symbolic-synthetic-est@refs-pr-16-synthetic-est_3827SE9yiTgzc3AZ3p5miE.eval,vllm/ibm-granite/granite-3.2-2b-instruct,est,500,293,322,5,317,0
logs/2026-07-27T15-46-45-00-00_hf-danish-foundation-models-multilingual-gsm-symbolic-synthetic-jpn@refs-pr-16-synthetic-jpn_XeDGAHk8fXkjKe3Fau8SqN.eval,vllm/ibm-granite/granite-3.2-2b-instruct,jpn,500,495,496,88,408,0
logs/2026-07-27T15-46-45-00-00_hf-danish-foundation-models-multilingual-gsm-symbolic-synthetic-ukr@refs-pr-16-synthetic-ukr_BRgU5FcX45w7J3w3PxJc7Q.eval,vllm/ibm-granite/granite-3.2-2b-instruct,ukr,500,494,493,52,441,0
logs/2026-07-27T16-37-07-00-00_hf-danish-foundation-models-multilingual-gsm-symbolic-synthetic-ara@refs-pr-16-synthetic-ara_BAvaj63UKK8ezoWhVvYRUa.eval,vllm/ibm-granite/granite-3.2-8b-instruct,ara,500,498,500,252,248,0
logs/2026-07-27T16-37-07-00-00_hf-danish-foundation-models-multilingual-gsm-symbolic-synthetic-dan@refs-pr-16-synthetic-dan_aKDNCKKsfXS4Bk8VzLPrug.eval,vllm/ibm-granite/granite-3.2-8b-instruct,dan,500,500,500,292,208,0
logs/2026-07-27T16-37-07-00-00_hf-danish-foundation-models-multilingual-gsm-symbolic-synthetic-deu@refs-pr-16-synthetic-deu_CHHEtHDz9Ljevy6EZLFZgh.eval,vllm/ibm-granite/granite-3.2-8b-instruct,deu,500,500,500,361,139,0
logs/2026-07-27T16-37-07-00-00_hf-danish-foundation-models-multilingual-gsm-symbolic-synthetic-eng@refs-pr-16-synthetic-eng_V9qtuPLvk25SoT5DADRQbm.eval,vllm/ibm-granite/granite-3.2-8b-instruct,eng,500,500,500,416,84,0
logs/2026-07-27T16-37-07-00-00_hf-danish-foundation-models-multilingual-gsm-symbolic-synthetic-hin@refs-pr-16-synthetic-hin_DzDKjSEXLaXa4pxL7yfEns.eval,vllm/ibm-granite/granite-3.2-8b-instruct,hin,500,500,500,203,297,0
logs/2026-07-27T16-37-07-00-00_hf-danish-foundation-models-multilingual-gsm-symbolic-synthetic-isl@refs-pr-16-synthetic-isl_jXjmmGniM7Nffo2a9nBF8H.eval,vllm/ibm-granite/granite-3.2-8b-instruct,isl,500,496,496,136,360,0
logs/2026-07-27T16-37-08-00-00_hf-danish-foundation-models-multilingual-gsm-symbolic-synthetic-fra@refs-pr-16-synthetic-fra_BgE8nSJfV2aW5q3t53euTi.eval,vllm/ibm-granite/granite-3.2-8b-instruct,fra,500,499,500,357,143,0
logs/2026-07-27T16-37-08-00-00_hf-danish-foundation-models-multilingual-gsm-symbolic-synthetic-ita@refs-pr-16-synthetic-ita_nujZ7NmedCk4GvMtbStZJM.eval,vllm/ibm-granite/granite-3.2-8b-instruct,ita,500,500,500,379,121,0
logs/2026-07-27T16-37-08-00-00_hf-danish-foundation-models-multilingual-gsm-symbolic-synthetic-jpn@refs-pr-16-synthetic-jpn_USfb5fNaWYEkRSXubuqrEJ.eval,vllm/ibm-granite/granite-3.2-8b-instruct,jpn,500,499,499,260,239,0
logs/2026-07-27T16-37-08-00-00_hf-danish-foundation-models-multilingual-gsm-symbolic-synthetic-mar@refs-pr-16-synthetic-mar_jKxjGarVMhbQnkhPoGt7ex.eval,vllm/ibm-granite/granite-3.2-8b-instruct,mar,500,499,500,149,351,0
logs/2026-07-27T16-37-08-00-00_hf-danish-foundation-models-multilingual-gsm-symbolic-synthetic-nld@refs-pr-16-synthetic-nld_cMe2bn9t9AzEe8y7f8RE4r.eval,vllm/ibm-granite/granite-3.2-8b-instruct,nld,500,500,499,365,134,0
logs/2026-07-27T16-37-08-00-00_hf-danish-foundation-models-multilingual-gsm-symbolic-synthetic-rus@refs-pr-16-synthetic-rus_Qno2ptBbqmuqQrcyf2oQCq.eval,vllm/ibm-granite/granite-3.2-8b-instruct,rus,500,500,500,306,194,0
logs/2026-07-27T16-37-08-00-00_hf-danish-foundation-models-multilingual-gsm-symbolic-synthetic-ukr@refs-pr-16-synthetic-ukr_AnM8h8U35FTHW5hFsK3LHx.eval,vllm/ibm-granite/granite-3.2-8b-instruct,ukr,500,499,500,288,212,0
logs/2026-07-27T16-37-08-00-00_hf-danish-foundation-models-multilingual-gsm-symbolic-synthetic-zho@refs-pr-16-synthetic-zho_LNuvwDPLSWyywURDumAUKD.eval,vllm/ibm-granite/granite-3.2-8b-instruct,zho,500,500,500,318,182,0
logs/2026-07-27T16-37-09-00-00_hf-danish-foundation-models-multilingual-gsm-symbolic-synthetic-est@refs-pr-16-synthetic-est_UH8NdBPa5priSKmHNBf8im.eval,vllm/ibm-granite/granite-3.2-8b-instruct,est,500,500,499,104,395,0
logs/2026-07-27T17-36-51-00-00_hf-danish-foundation-models-multilingual-gsm-symbolic-synthetic-ara@refs-pr-16-synthetic-ara_F9Lf74rvpezbb6BaDpubdW.eval,vllm/ibm-granite/granite-3.2-8b-instruct,ara,500,491,493,198,295,0
logs/2026-07-27T17-36-51-00-00_hf-danish-foundation-models-multilingual-gsm-symbolic-synthetic-dan@refs-pr-16-synthetic-dan_QU6Q4h2ygHHUgnNDWAFhm3.eval,vllm/ibm-granite/granite-3.2-8b-instruct,dan,500,497,498,220,278,0
logs/2026-07-27T17-36-51-00-00_hf-danish-foundation-models-multilingual-gsm-symbolic-synthetic-deu@refs-pr-16-synthetic-deu_YEKPuLa5dRyyo7m7gTdFEG.eval,vllm/ibm-granite/granite-3.2-8b-instruct,deu,500,500,500,325,175,0
logs/2026-07-27T17-36-51-00-00_hf-danish-foundation-models-multilingual-gsm-symbolic-synthetic-eng@refs-pr-16-synthetic-eng_4YEJLkwKDETWRKrxnhVF9w.eval,vllm/ibm-granite/granite-3.2-8b-instruct,eng,500,500,500,414,86,0
logs/2026-07-27T17-36-51-00-00_hf-danish-foundation-models-multilingual-gsm-symbolic-synthetic-isl@refs-pr-16-synthetic-isl_TkM6RHD4TwNrSdnf4TgHVs.eval,vllm/ibm-granite/granite-3.2-8b-instruct,isl,500,484,491,71,420,0
logs/2026-07-27T17-36-52-00-00_hf-danish-foundation-models-multilingual-gsm-symbolic-synthetic-fra@refs-pr-16-synthetic-fra_Weg7TtwfUG2t6Yr3FHSw4V.eval,vllm/ibm-granite/granite-3.2-8b-instruct,fra,500,500,500,318,182,0
logs/2026-07-27T17-36-52-00-00_hf-danish-foundation-models-multilingual-gsm-symbolic-synthetic-hin@refs-pr-16-synthetic-hin_ZApJzC3afUF3p5ZaSbNHJM.eval,vllm/ibm-granite/granite-3.2-8b-instruct,hin,500,475,476,102,374,0
logs/2026-07-27T17-36-52-00-00_hf-danish-foundation-models-multilingual-gsm-symbolic-synthetic-ita@refs-pr-16-synthetic-ita_NVLWtPnNbAQAdxDfVNsyqQ.eval,vllm/ibm-granite/granite-3.2-8b-instruct,ita,500,499,500,352,148,0
logs/2026-07-27T17-36-52-00-00_hf-danish-foundation-models-multilingual-gsm-symbolic-synthetic-mar@refs-pr-16-synthetic-mar_7d5MHpAdY9U4XHEyGb8nRw.eval,vllm/ibm-granite/granite-3.2-8b-instruct,mar,500,482,486,66,420,0
logs/2026-07-27T17-36-52-00-00_hf-danish-foundation-models-multilingual-gsm-symbolic-synthetic-nld@refs-pr-16-synthetic-nld_L9KjkPnjgf65W6M4eatNRm.eval,vllm/ibm-granite/granite-3.2-8b-instruct,nld,500,499,499,322,177,0
logs/2026-07-27T17-36-52-00-00_hf-danish-foundation-models-multilingual-gsm-symbolic-synthetic-rus@refs-pr-16-synthetic-rus_MQEdgnirDWZKsyvGcnXQtW.eval,vllm/ibm-granite/granite-3.2-8b-instruct,rus,500,497,497,226,271,0
logs/2026-07-27T17-36-52-00-00_hf-danish-foundation-models-multilingual-gsm-symbolic-synthetic-zho@refs-pr-16-synthetic-zho_GnGb26ZmL9XB97rp34Mc6X.eval,vllm/ibm-granite/granite-3.2-8b-instruct,zho,500,499,500,278,222,0
logs/2026-07-27T17-36-53-00-00_hf-danish-foundation-models-multilingual-gsm-symbolic-synthetic-est@refs-pr-16-synthetic-est_4Ccp65eByk47PMYjemNQcr.eval,vllm/ibm-granite/granite-3.2-8b-instruct,est,500,492,494,35,459,0
logs/2026-07-27T17-36-53-00-00_hf-danish-foundation-models-multilingual-gsm-symbolic-synthetic-jpn@refs-pr-16-synthetic-jpn_ch6JXSDBFLG89GB4Q9ehAw.eval,vllm/ibm-granite/granite-3.2-8b-instruct,jpn,500,498,499,223,276,0
logs/2026-07-27T17-36-53-00-00_hf-danish-foundation-models-multilingual-gsm-symbolic-synthetic-ukr@refs-pr-16-synthetic-ukr_kTBGqLx5kjW9YfNC8YhbHQ.eval,vllm/ibm-granite/granite-3.2-8b-instruct,ukr,500,492,495,176,319,0
logs/2026-07-29T08-37-06-00-00_hf-danish-foundation-models-multilingual-gsm-symbolic-synthetic-dan@refs-pr-16-synthetic-dan_evQZn2XbHii5GKNKpnp5Yh.eval,vllm/google/gemma-3-1b-it,dan,500,496,496,119,377,0
logs/2026-07-29T08-37-06-00-00_hf-danish-foundation-models-multilingual-gsm-symbolic-synthetic-eng@refs-pr-16-synthetic-eng_gSV7Rpdk6fKB7VHC7wnjXX.eval,vllm/google/gemma-3-1b-it,eng,500,498,498,280,218,0
logs/2026-07-29T08-37-07-00-00_hf-danish-foundation-models-multilingual-gsm-symbolic-synthetic-ara@refs-pr-16-synthetic-ara_NopZfUi7BqGLqUKuhqUDBP.eval,vllm/google/gemma-3-1b-it,ara,500,445,447,88,359,0
logs/2026-07-29T08-37-07-00-00_hf-danish-foundation-models-multilingual-gsm-symbolic-synthetic-deu@refs-pr-16-synthetic-deu_MhVxcgVs2NGeEw7HPbWb7v.eval,vllm/google/gemma-3-1b-it,deu,500,493,493,126,367,0
logs/2026-07-29T08-37-07-00-00_hf-danish-foundation-models-multilingual-gsm-symbolic-synthetic-fra@refs-pr-16-synthetic-fra_CghQz2Z54gLbKz7wWLvzEn.eval,vllm/google/gemma-3-1b-it,fra,500,359,365,98,267,0
logs/2026-07-29T08-37-07-00-00_hf-danish-foundation-models-multilingual-gsm-symbolic-synthetic-hin@refs-pr-16-synthetic-hin_DcXAY3CuJvE2HiCfmZVfer.eval,vllm/google/gemma-3-1b-it,hin,500,186,203,23,180,0
logs/2026-07-29T08-37-07-00-00_hf-danish-foundation-models-multilingual-gsm-symbolic-synthetic-isl@refs-pr-16-synthetic-isl_dKLWx7R2YMYs2NBHR8hXSJ.eval,vllm/google/gemma-3-1b-it,isl,500,246,282,13,269,0
logs/2026-07-29T08-37-07-00-00_hf-danish-foundation-models-multilingual-gsm-symbolic-synthetic-ita@refs-pr-16-synthetic-ita_WprbN4MnghEwmLKcrjNx2K.eval,vllm/google/gemma-3-1b-it,ita,500,494,494,155,339,0
logs/2026-07-29T08-37-07-00-00_hf-danish-foundation-models-multilingual-gsm-symbolic-synthetic-mar@refs-pr-16-synthetic-mar_kuF8n3JWcbnPPu9DRDQTsp.eval,vllm/google/gemma-3-1b-it,mar,500,22,32,4,28,0
logs/2026-07-29T08-37-07-00-00_hf-danish-foundation-models-multilingual-gsm-symbolic-synthetic-nld@refs-pr-16-synthetic-nld_2D8MZZcpyhFwpaD6cfosuV.eval,vllm/google/gemma-3-1b-it,nld,500,490,487,126,361,0
logs/2026-07-29T08-37-08-00-00_hf-danish-foundation-models-multilingual-gsm-symbolic-synthetic-est@refs-pr-16-synthetic-est_mr5QBvTwqNfWYfZfameoWT.eval,vllm/google/gemma-3-1b-it,est,500,236,285,21,264,0
logs/2026-07-29T08-37-08-00-00_hf-danish-foundation-models-multilingual-gsm-symbolic-synthetic-jpn@refs-pr-16-synthetic-jpn_AaKd78WJLQPY2dbv8ocgwi.eval,vllm/google/gemma-3-1b-it,jpn,500,381,383,48,335,0
logs/2026-07-29T08-37-08-00-00_hf-danish-foundation-models-multilingual-gsm-symbolic-synthetic-rus@refs-pr-16-synthetic-rus_8FLvJvVe2cjdHJqGTjXEyR.eval,vllm/google/gemma-3-1b-it,rus,500,488,488,117,371,0
logs/2026-07-29T08-37-08-00-00_hf-danish-foundation-models-multilingual-gsm-symbolic-synthetic-ukr@refs-pr-16-synthetic-ukr_MeynmViWf4PL8QJFqPxRP9.eval,vllm/google/gemma-3-1b-it,ukr,500,420,421,104,317,0
logs/2026-07-29T08-37-08-00-00_hf-danish-foundation-models-multilingual-gsm-symbolic-synthetic-zho@refs-pr-16-synthetic-zho_UBRaQWsPGZpNgFiKiHCdTS.eval,vllm/google/gemma-3-1b-it,zho,500,481,481,93,388,0
logs/2026-07-29T09-16-16-00-00_hf-danish-foundation-models-multilingual-gsm-symbolic-synthetic-dan@refs-pr-16-synthetic-dan_dhKaBWdoceMSaYsFF3gWJ7.eval,vllm/google/gemma-3-4b-it,dan,500,500,500,379,121,0
logs/2026-07-29T09-16-16-00-00_hf-danish-foundation-models-multilingual-gsm-symbolic-synthetic-deu@refs-pr-16-synthetic-deu_PzD6aoMLBgx5Y4msSgsdXA.eval,vllm/google/gemma-3-4b-it,deu,500,500,500,373,127,0
logs/2026-07-29T09-16-16-00-00_hf-danish-foundation-models-multilingual-gsm-symbolic-synthetic-eng@refs-pr-16-synthetic-eng_exs95cNXmr6PuPcseDGUj6.eval,vllm/google/gemma-3-4b-it,eng,500,500,500,432,68,0
logs/2026-07-29T09-16-17-00-00_hf-danish-foundation-models-multilingual-gsm-symbolic-synthetic-ara@refs-pr-16-synthetic-ara_Scc6zyVRXzU29tZf97CDvG.eval,vllm/google/gemma-3-4b-it,ara,500,500,500,375,125,0
logs/2026-07-29T09-16-17-00-00_hf-danish-foundation-models-multilingual-gsm-symbolic-synthetic-fra@refs-pr-16-synthetic-fra_o7nYDiAAGBzvajxVq85Vxd.eval,vllm/google/gemma-3-4b-it,fra,500,500,500,406,94,0
logs/2026-07-29T09-16-17-00-00_hf-danish-foundation-models-multilingual-gsm-symbolic-synthetic-hin@refs-pr-16-synthetic-hin_76T5f3yNX4KCQT2whfctj3.eval,vllm/google/gemma-3-4b-it,hin,500,497,499,335,164,0
logs/2026-07-29T09-16-17-00-00_hf-danish-foundation-models-multilingual-gsm-symbolic-synthetic-isl@refs-pr-16-synthetic-isl_jdUMYrWFj9bwtTsikRH4De.eval,vllm/google/gemma-3-4b-it,isl,500,493,494,289,205,0
logs/2026-07-29T09-16-17-00-00_hf-danish-foundation-models-multilingual-gsm-symbolic-synthetic-ita@refs-pr-16-synthetic-ita_foMfADMMX6EfbgEQtxaN9r.eval,vllm/google/gemma-3-4b-it,ita,500,500,500,427,73,0
logs/2026-07-29T09-16-17-00-00_hf-danish-foundation-models-multilingual-gsm-symbolic-synthetic-mar@refs-pr-16-synthetic-mar_jb5UQU2gLtpePmWSgtPBD6.eval,vllm/google/gemma-3-4b-it,mar,500,492,493,246,247,0
logs/2026-07-29T09-16-17-00-00_hf-danish-foundation-models-multilingual-gsm-symbolic-synthetic-nld@refs-pr-16-synthetic-nld_YttAy7LRXASr6TYSCT6iqq.eval,vllm/google/gemma-3-4b-it,nld,500,500,500,388,112,0
logs/2026-07-29T09-16-17-00-00_hf-danish-foundation-models-multilingual-gsm-symbolic-synthetic-rus@refs-pr-16-synthetic-rus_L4nsy6mEcL5y3tVWfwM4Ya.eval,vllm/google/gemma-3-4b-it,rus,500,500,500,365,135,0
logs/2026-07-29T09-16-18-00-00_hf-danish-foundation-models-multilingual-gsm-symbolic-synthetic-est@refs-pr-16-synthetic-est_SBoTajW8ETVRLdfqYzfLqU.eval,vllm/google/gemma-3-4b-it,est,500,500,500,359,141,0
logs/2026-07-29T09-16-18-00-00_hf-danish-foundation-models-multilingual-gsm-symbolic-synthetic-jpn@refs-pr-16-synthetic-jpn_WgSF2u7XNntK7U47pxwYYD.eval,vllm/google/gemma-3-4b-it,jpn,500,498,498,304,194,0
logs/2026-07-29T09-16-18-00-00_hf-danish-foundation-models-multilingual-gsm-symbolic-synthetic-ukr@refs-pr-16-synthetic-ukr_NQwnuVWKWvJSQPs75uC9VX.eval,vllm/google/gemma-3-4b-it,ukr,500,500,500,376,124,0
logs/2026-07-29T09-16-18-00-00_hf-danish-foundation-models-multilingual-gsm-symbolic-synthetic-zho@refs-pr-16-synthetic-zho_JJF23fHQN9R6jfdos57Fu3.eval,vllm/google/gemma-3-4b-it,zho,500,500,500,346,154,0
logs/2026-07-29T10-17-32-00-00_hf-danish-foundation-models-multilingual-gsm-symbolic-synthetic-dan@refs-pr-16-synthetic-dan_XwPndBKuVimeBAXAkX4ZTd.eval,vllm/google/gemma-3-12b-it,dan,500,497,497,460,37,0
logs/2026-07-29T10-17-32-00-00_hf-danish-foundation-models-multilingual-gsm-symbolic-synthetic-eng@refs-pr-16-synthetic-eng_afLT3CvyLEX974MLEf5mAT.eval,vllm/google/gemma-3-12b-it,eng,500,500,500,476,24,0
logs/2026-07-29T10-17-33-00-00_hf-danish-foundation-models-multilingual-gsm-symbolic-synthetic-ara@refs-pr-16-synthetic-ara_N3n8Dstu8avgNohxD6mUxa.eval,vllm/google/gemma-3-12b-it,ara,500,500,500,460,40,0
logs/2026-07-29T10-17-33-00-00_hf-danish-foundation-models-multilingual-gsm-symbolic-synthetic-deu@refs-pr-16-synthetic-deu_4Prwi9mHue9ez3JCNLKxxA.eval,vllm/google/gemma-3-12b-it,deu,500,500,500,441,59,0
logs/2026-07-29T10-17-33-00-00_hf-danish-foundation-models-multilingual-gsm-symbolic-synthetic-fra@refs-pr-16-synthetic-fra_PXJPd5KjLuN7pvztdPnQZG.eval,vllm/google/gemma-3-12b-it,fra,500,499,499,443,56,0
logs/2026-07-29T10-17-33-00-00_hf-danish-foundation-models-multilingual-gsm-symbolic-synthetic-hin@refs-pr-16-synthetic-hin_8X88sBhe2bAXPEJ9bdn546.eval,vllm/google/gemma-3-12b-it,hin,500,497,497,431,66,0
logs/2026-07-29T10-17-33-00-00_hf-danish-foundation-models-multilingual-gsm-symbolic-synthetic-isl@refs-pr-16-synthetic-isl_4j4SYQYaRpvGfBFHHhDuz5.eval,vllm/google/gemma-3-12b-it,isl,500,500,500,428,72,0
logs/2026-07-29T10-17-33-00-00_hf-danish-foundation-models-multilingual-gsm-symbolic-synthetic-ita@refs-pr-16-synthetic-ita_UAvx8at8TWLQVw4r7LyX9b.eval,vllm/google/gemma-3-12b-it,ita,500,500,500,458,42,0
logs/2026-07-29T10-17-33-00-00_hf-danish-foundation-models-multilingual-gsm-symbolic-synthetic-mar@refs-pr-16-synthetic-mar_LKdmZKejU5cyGm5hYJHrPj.eval,vllm/google/gemma-3-12b-it,mar,500,500,500,381,119,0
logs/2026-07-29T10-17-34-00-00_hf-danish-foundation-models-multilingual-gsm-symbolic-synthetic-jpn@refs-pr-16-synthetic-jpn_SW26NeU4rmuLAK7x2P6ZNL.eval,vllm/google/gemma-3-12b-it,jpn,500,498,498,435,63,0
logs/2026-07-29T10-17-34-00-00_hf-danish-foundation-models-multilingual-gsm-symbolic-synthetic-nld@refs-pr-16-synthetic-nld_kzshuHjGNrNrAdAgbVQZx7.eval,vllm/google/gemma-3-12b-it,nld,500,500,500,451,49,0
logs/2026-07-29T10-17-34-00-00_hf-danish-foundation-models-multilingual-gsm-symbolic-synthetic-rus@refs-pr-16-synthetic-rus_Wx62G8rcYh6zC5Hur37Ev5.eval,vllm/google/gemma-3-12b-it,rus,500,500,500,419,81,0
logs/2026-07-29T10-17-34-00-00_hf-danish-foundation-models-multilingual-gsm-symbolic-synthetic-ukr@refs-pr-16-synthetic-ukr_PuURDWeJdherQekrkYZKS2.eval,vllm/google/gemma-3-12b-it,ukr,500,500,500,433,67,0
logs/2026-07-29T10-17-34-00-00_hf-danish-foundation-models-multilingual-gsm-symbolic-synthetic-zho@refs-pr-16-synthetic-zho_aivRQaCuAETp85VgYWCpP9.eval,vllm/google/gemma-3-12b-it,zho,500,499,499,436,63,0
logs/2026-07-29T10-58-47-00-00_hf-danish-foundation-models-multilingual-gsm-symbolic-synthetic-est@refs-pr-16-synthetic-est_Wk4h3BQ4HghH9k58PbToDu.eval,vllm/google/gemma-3-12b-it,est,500,500,500,458,42,0
logs/2026-07-29T11-12-21-00-00_hf-danish-foundation-models-multilingual-gsm-symbolic-synthetic-ara@refs-pr-16-synthetic-ara_eeVKUwTbP6xV5eiAuBk3ZG.eval,vllm/google/gemma-3-27b-it,ara,500,500,500,461,39,0
logs/2026-07-29T11-12-21-00-00_hf-danish-foundation-models-multilingual-gsm-symbolic-synthetic-dan@refs-pr-16-synthetic-dan_Hbsvnpt6vcHM94oPSXcmB6.eval,vllm/google/gemma-3-27b-it,dan,500,500,500,470,30,0
logs/2026-07-29T11-12-21-00-00_hf-danish-foundation-models-multilingual-gsm-symbolic-synthetic-deu@refs-pr-16-synthetic-deu_dLq8GznaMP7gYbJ2RQZvff.eval,vllm/google/gemma-3-27b-it,deu,500,500,500,446,54,0
logs/2026-07-29T11-12-21-00-00_hf-danish-foundation-models-multilingual-gsm-symbolic-synthetic-eng@refs-pr-16-synthetic-eng_AbNdVa9qQnQudejCZTrEAA.eval,vllm/google/gemma-3-27b-it,eng,500,500,500,486,14,0
logs/2026-07-29T11-12-21-00-00_hf-danish-foundation-models-multilingual-gsm-symbolic-synthetic-isl@refs-pr-16-synthetic-isl_SSU35GPQMC4vrv4nSw494H.eval,vllm/google/gemma-3-27b-it,isl,500,500,500,459,41,0
logs/2026-07-29T11-12-22-00-00_hf-danish-foundation-models-multilingual-gsm-symbolic-synthetic-fra@refs-pr-16-synthetic-fra_7iBcJxZBLP7iyq5hnnUheA.eval,vllm/google/gemma-3-27b-it,fra,500,500,500,454,46,0
logs/2026-07-29T11-12-22-00-00_hf-danish-foundation-models-multilingual-gsm-symbolic-synthetic-hin@refs-pr-16-synthetic-hin_H7sVvRcjeVLYPKwJwr8m54.eval,vllm/google/gemma-3-27b-it,hin,500,499,499,451,48,0
logs/2026-07-29T11-12-22-00-00_hf-danish-foundation-models-multilingual-gsm-symbolic-synthetic-ita@refs-pr-16-synthetic-ita_TmcVzgXbqfhxgQgdvds6Fa.eval,vllm/google/gemma-3-27b-it,ita,500,500,500,469,31,0
logs/2026-07-29T11-12-22-00-00_hf-danish-foundation-models-multilingual-gsm-symbolic-synthetic-mar@refs-pr-16-synthetic-mar_gZPeq3pm9ktZs767L4q3qg.eval,vllm/google/gemma-3-27b-it,mar,500,500,500,441,59,0
logs/2026-07-29T11-12-22-00-00_hf-danish-foundation-models-multilingual-gsm-symbolic-synthetic-nld@refs-pr-16-synthetic-nld_JGM2vfJmfYDA94XH8DtKSk.eval,vllm/google/gemma-3-27b-it,nld,500,498,498,462,36,0
logs/2026-07-29T11-12-22-00-00_hf-danish-foundation-models-multilingual-gsm-symbolic-synthetic-rus@refs-pr-16-synthetic-rus_BCf9DKUHUPUppBSw94yXum.eval,vllm/google/gemma-3-27b-it,rus,500,499,499,446,53,0
logs/2026-07-29T11-12-23-00-00_hf-danish-foundation-models-multilingual-gsm-symbolic-synthetic-est@refs-pr-16-synthetic-est_is5N7guPpuPvAJWxqy3Sjq.eval,vllm/google/gemma-3-27b-it,est,500,500,500,462,38,0
logs/2026-07-29T11-12-23-00-00_hf-danish-foundation-models-multilingual-gsm-symbolic-synthetic-jpn@refs-pr-16-synthetic-jpn_W7UmfzYo7JwNieMS4orxk7.eval,vllm/google/gemma-3-27b-it,jpn,500,500,500,447,53,0
logs/2026-07-29T11-12-23-00-00_hf-danish-foundation-models-multilingual-gsm-symbolic-synthetic-ukr@refs-pr-16-synthetic-ukr_WS9hwjUe8YEDmrbwD7FbHK.eval,vllm/google/gemma-3-27b-it,ukr,500,499,499,444,55,0
logs/2026-07-29T11-12-23-00-00_hf-danish-foundation-models-multilingual-gsm-symbolic-synthetic-zho@refs-pr-16-synthetic-zho_VfRsD2fdpH4tQMkar2DhAU.eval,vllm/google/gemma-3-27b-it,zho,500,500,500,446,54,0
logs/2026-07-30T08-20-06-00-00_hf-danish-foundation-models-multilingual-gsm-symbolic-synthetic-ara@refs-pr-16-synthetic-ara_VAjLHmY9gX5awrtFKED452.eval,vllm/swiss-ai/Apertus-8B-Instruct-2509,ara,500,376,416,152,264,0
logs/2026-07-30T08-20-06-00-00_hf-danish-foundation-models-multilingual-gsm-symbolic-synthetic-dan@refs-pr-16-synthetic-dan_bvJMvZtYAjxG3SbPLk9Ws3.eval,vllm/swiss-ai/Apertus-8B-Instruct-2509,dan,500,342,368,153,215,0
logs/2026-07-30T08-20-06-00-00_hf-danish-foundation-models-multilingual-gsm-symbolic-synthetic-deu@refs-pr-16-synthetic-deu_dvigSE3ts5jrBhfbZSMk5D.eval,vllm/swiss-ai/Apertus-8B-Instruct-2509,deu,500,438,451,211,240,0
logs/2026-07-30T08-20-06-00-00_hf-danish-foundation-models-multilingual-gsm-symbolic-synthetic-eng@refs-pr-16-synthetic-eng_2jS8xFQzEtJBWhDGNdzrqF.eval,vllm/swiss-ai/Apertus-8B-Instruct-2509,eng,500,212,221,126,95,0
logs/2026-07-30T08-20-06-00-00_hf-danish-foundation-models-multilingual-gsm-symbolic-synthetic-est@refs-pr-16-synthetic-est_5RZdRrcC2CuZWeKxUG6UA3.eval,vllm/swiss-ai/Apertus-8B-Instruct-2509,est,500,393,411,158,253,0
logs/2026-07-30T08-20-06-00-00_hf-danish-foundation-models-multilingual-gsm-symbolic-synthetic-hin@refs-pr-16-synthetic-hin_cdTcPbrEVfPmADEHA7QyEz.eval,vllm/swiss-ai/Apertus-8B-Instruct-2509,hin,500,354,376,117,259,0
logs/2026-07-30T08-20-06-00-00_hf-danish-foundation-models-multilingual-gsm-symbolic-synthetic-isl@refs-pr-16-synthetic-isl_NRcDHacB5Gc68G93nL4B7b.eval,vllm/swiss-ai/Apertus-8B-Instruct-2509,isl,500,392,420,151,269,0
logs/2026-07-30T08-20-06-00-00_hf-danish-foundation-models-multilingual-gsm-symbolic-synthetic-mar@refs-pr-16-synthetic-mar_Gh8MdefNfehpbZEFdrp3CV.eval,vllm/swiss-ai/Apertus-8B-Instruct-2509,mar,500,309,343,84,259,0
logs/2026-07-30T08-20-07-00-00_hf-danish-foundation-models-multilingual-gsm-symbolic-synthetic-fra@refs-pr-16-synthetic-fra_7c3WnCDukfpvSx5YKaKXo8.eval,vllm/swiss-ai/Apertus-8B-Instruct-2509,fra,500,375,409,174,235,0
logs/2026-07-30T08-20-07-00-00_hf-danish-foundation-models-multilingual-gsm-symbolic-synthetic-ita@refs-pr-16-synthetic-ita_HjWXLuVuT82b7XLoF8PE3S.eval,vllm/swiss-ai/Apertus-8B-Instruct-2509,ita,500,441,448,206,242,0
logs/2026-07-30T08-20-07-00-00_hf-danish-foundation-models-multilingual-gsm-symbolic-synthetic-jpn@refs-pr-16-synthetic-jpn_VnU7epMGuEd9vs9wq33X5w.eval,vllm/swiss-ai/Apertus-8B-Instruct-2509,jpn,500,231,288,68,220,0
logs/2026-07-30T08-20-07-00-00_hf-danish-foundation-models-multilingual-gsm-symbolic-synthetic-nld@refs-pr-16-synthetic-nld_QRsWNwxVnxDV5yCqpwGN9d.eval,vllm/swiss-ai/Apertus-8B-Instruct-2509,nld,500,345,368,158,210,0
logs/2026-07-30T08-20-07-00-00_hf-danish-foundation-models-multilingual-gsm-symbolic-synthetic-rus@refs-pr-16-synthetic-rus_aDQ8d8AcG38wV7tHJCKyqW.eval,vllm/swiss-ai/Apertus-8B-Instruct-2509,rus,500,474,478,201,277,0
logs/2026-07-30T08-20-07-00-00_hf-danish-foundation-models-multilingual-gsm-symbolic-synthetic-ukr@refs-pr-16-synthetic-ukr_juuPgrqFfWieMaETdnVsuo.eval,vllm/swiss-ai/Apertus-8B-Instruct-2509,ukr,500,420,431,173,258,0
logs/2026-07-30T08-20-07-00-00_hf-danish-foundation-models-multilingual-gsm-symbolic-synthetic-zho@refs-pr-16-synthetic-zho_K2BhgoUcW4tTg64chP2FCw.eval,vllm/swiss-ai/Apertus-8B-Instruct-2509,zho,500,237,257,103,154,0
logs/2026-07-30T13-43-01-00-00_hf-danish-foundation-models-multilingual-gsm-symbolic-synthetic-ara@refs-pr-16-synthetic-ara_7E5MSJbYkAn2AZPkuXkMTi.eval,vllm/swiss-ai/Apertus-70B-Instruct-2509,ara,500,490,490,326,164,0
logs/2026-07-30T13-43-01-00-00_hf-danish-foundation-models-multilingual-gsm-symbolic-synthetic-dan@refs-pr-16-synthetic-dan_fYPmrzDpXsWNY6JjPT25nS.eval,vllm/swiss-ai/Apertus-70B-Instruct-2509,dan,500,429,433,300,133,0
logs/2026-07-30T13-43-01-00-00_hf-danish-foundation-models-multilingual-gsm-symbolic-synthetic-deu@refs-pr-16-synthetic-deu_8vU2Ra9HAoXDDpVfGZxoQt.eval,vllm/swiss-ai/Apertus-70B-Instruct-2509,deu,500,477,478,304,174,0
logs/2026-07-30T13-43-01-00-00_hf-danish-foundation-models-multilingual-gsm-symbolic-synthetic-fra@refs-pr-16-synthetic-fra_GeiEzeYPra9Pw6VPU5CBjc.eval,vllm/swiss-ai/Apertus-70B-Instruct-2509,fra,500,482,484,336,148,0
logs/2026-07-30T13-43-01-00-00_hf-danish-foundation-models-multilingual-gsm-symbolic-synthetic-hin@refs-pr-16-synthetic-hin_M3dShctRFQ5E48WnFE6kdp.eval,vllm/swiss-ai/Apertus-70B-Instruct-2509,hin,500,482,484,273,211,0
logs/2026-07-30T13-43-01-00-00_hf-danish-foundation-models-multilingual-gsm-symbolic-synthetic-isl@refs-pr-16-synthetic-isl_S6tDksHQiWb5WFJg2NPncU.eval,vllm/swiss-ai/Apertus-70B-Instruct-2509,isl,500,475,477,290,187,0
logs/2026-07-30T13-43-01-00-00_hf-danish-foundation-models-multilingual-gsm-symbolic-synthetic-ita@refs-pr-16-synthetic-ita_TLTc4AVU3ZmTaRytnkpvkH.eval,vllm/swiss-ai/Apertus-70B-Instruct-2509,ita,500,464,464,330,134,0
logs/2026-07-30T13-43-01-00-00_hf-danish-foundation-models-multilingual-gsm-symbolic-synthetic-mar@refs-pr-16-synthetic-mar_Nx55NLqHfuvHdhUPcxiSwW.eval,vllm/swiss-ai/Apertus-70B-Instruct-2509,mar,500,421,450,202,248,0
logs/2026-07-30T13-43-02-00-00_hf-danish-foundation-models-multilingual-gsm-symbolic-synthetic-est@refs-pr-16-synthetic-est_Vqzkc6TjAuYgdNneFrHVsu.eval,vllm/swiss-ai/Apertus-70B-Instruct-2509,est,500,458,474,280,194,0
logs/2026-07-30T13-43-02-00-00_hf-danish-foundation-models-multilingual-gsm-symbolic-synthetic-jpn@refs-pr-16-synthetic-jpn_A6TrhUAtJq4rj5rqJbRYY2.eval,vllm/swiss-ai/Apertus-70B-Instruct-2509,jpn,500,467,474,252,222,0
logs/2026-07-30T13-43-02-00-00_hf-danish-foundation-models-multilingual-gsm-symbolic-synthetic-rus@refs-pr-16-synthetic-rus_AiCoCYMQGVFZVchzmjwSug.eval,vllm/swiss-ai/Apertus-70B-Instruct-2509,rus,500,470,470,313,157,0
logs/2026-07-30T13-43-02-00-00_hf-danish-foundation-models-multilingual-gsm-symbolic-synthetic-ukr@refs-pr-16-synthetic-ukr_WpUyE6X8vcUNFhadgBad2U.eval,vllm/swiss-ai/Apertus-70B-Instruct-2509,ukr,500,468,468,306,162,0
logs/2026-07-30T13-43-02-00-00_hf-danish-foundation-models-multilingual-gsm-symbolic-synthetic-zho@refs-pr-16-synthetic-zho_8B3oeXYPMYKGTP2PNQu7pe.eval,vllm/swiss-ai/Apertus-70B-Instruct-2509,zho,500,486,488,321,167,0
logs/2026-07-30T14-33-42-00-00_hf-danish-foundation-models-multilingual-gsm-symbolic-synthetic-nld@refs-pr-16-synthetic-nld_S39HdgTCfKKN44U8uwyJ5v.eval,vllm/swiss-ai/Apertus-70B-Instruct-2509,nld,500,451,450,300,150,0
logs/2026-07-30T15-02-01-00-00_hf-danish-foundation-models-multilingual-gsm-symbolic-synthetic-eng@refs-pr-16-synthetic-eng_LPaFux9Rwi5pEfQ38HzAnt.eval,vllm/swiss-ai/Apertus-70B-Instruct-2509,eng,500,156,156,118,38,0
logs/2026-07-30T22-54-38-00-00_hf-danish-foundation-models-multilingual-gsm-symbolic-synthetic-dan@refs-pr-16-synthetic-dan_FAWxe2W6spd6HMtRLUVBWX.eval,vllm/utter-project/EuroLLM-1.7B-Instruct,dan,500,91,170,3,167,0
logs/2026-07-30T22-54-38-00-00_hf-danish-foundation-models-multilingual-gsm-symbolic-synthetic-eng@refs-pr-16-synthetic-eng_js6A3HpHEgKh39f7uQoPg8.eval,vllm/utter-project/EuroLLM-1.7B-Instruct,eng,500,78,100,3,97,0
logs/2026-07-30T22-54-39-00-00_hf-danish-foundation-models-multilingual-gsm-symbolic-synthetic-ara@refs-pr-16-synthetic-ara_JQTBrMbeMx4VWhzJDECntg.eval,vllm/utter-project/EuroLLM-1.7B-Instruct,ara,500,86,237,1,236,0
logs/2026-07-30T22-54-39-00-00_hf-danish-foundation-models-multilingual-gsm-symbolic-synthetic-deu@refs-pr-16-synthetic-deu_MvSLjVkWvKUhkUhKish4JC.eval,vllm/utter-project/EuroLLM-1.7B-Instruct,deu,500,138,207,2,205,0
logs/2026-07-30T22-54-39-00-00_hf-danish-foundation-models-multilingual-gsm-symbolic-synthetic-fra@refs-pr-16-synthetic-fra_jEYq3EogVcmsdyvVQeWzYP.eval,vllm/utter-project/EuroLLM-1.7B-Instruct,fra,500,137,218,3,215,0
logs/2026-07-30T22-54-39-00-00_hf-danish-foundation-models-multilingual-gsm-symbolic-synthetic-hin@refs-pr-16-synthetic-hin_Xsj7LUCehxurjsGA2nUN2v.eval,vllm/utter-project/EuroLLM-1.7B-Instruct,hin,500,80,244,0,244,0
logs/2026-07-30T22-54-39-00-00_hf-danish-foundation-models-multilingual-gsm-symbolic-synthetic-isl@refs-pr-16-synthetic-isl_dtwUdwAzKyCsi4c9rdAqXY.eval,vllm/utter-project/EuroLLM-1.7B-Instruct,isl,500,97,393,2,391,0
logs/2026-07-30T22-54-39-00-00_hf-danish-foundation-models-multilingual-gsm-symbolic-synthetic-ita@refs-pr-16-synthetic-ita_gnHpgDe3oHEu6GGhXmmwVB.eval,vllm/utter-project/EuroLLM-1.7B-Instruct,ita,500,148,219,2,217,0
logs/2026-07-30T22-54-39-00-00_hf-danish-foundation-models-multilingual-gsm-symbolic-synthetic-mar@refs-pr-16-synthetic-mar_fWNuWtubhZz7t2AKvDT5UU.eval,vllm/utter-project/EuroLLM-1.7B-Instruct,mar,500,23,398,6,392,0
logs/2026-07-30T22-54-40-00-00_hf-danish-foundation-models-multilingual-gsm-symbolic-synthetic-est@refs-pr-16-synthetic-est_GSW3fHx6fvizDFoLZrZ9cF.eval,vllm/utter-project/EuroLLM-1.7B-Instruct,est,500,88,217,3,214,0
logs/2026-07-30T22-54-40-00-00_hf-danish-foundation-models-multilingual-gsm-symbolic-synthetic-jpn@refs-pr-16-synthetic-jpn_io4Qawb4LvdVqQH6ekgqYn.eval,vllm/utter-project/EuroLLM-1.7B-Instruct,jpn,500,221,308,3,305,0
logs/2026-07-30T22-54-40-00-00_hf-danish-foundation-models-multilingual-gsm-symbolic-synthetic-nld@refs-pr-16-synthetic-nld_8FZWRYKzrEUSBaNJqdm9eE.eval,vllm/utter-project/EuroLLM-1.7B-Instruct,nld,500,124,170,3,167,0
logs/2026-07-30T22-54-40-00-00_hf-danish-foundation-models-multilingual-gsm-symbolic-synthetic-rus@refs-pr-16-synthetic-rus_U8fSACaDciXnGyNgwvb2Lf.eval,vllm/utter-project/EuroLLM-1.7B-Instruct,rus,500,94,133,0,133,0
logs/2026-07-30T22-54-40-00-00_hf-danish-foundation-models-multilingual-gsm-symbolic-synthetic-ukr@refs-pr-16-synthetic-ukr_2A4WArpWV6dyhtxPhUoSJo.eval,vllm/utter-project/EuroLLM-1.7B-Instruct,ukr,500,74,176,2,174,0
logs/2026-07-30T22-54-40-00-00_hf-danish-foundation-models-multilingual-gsm-symbolic-synthetic-zho@refs-pr-16-synthetic-zho_Gunwy4s39CqbVY9zet7hPG.eval,vllm/utter-project/EuroLLM-1.7B-Instruct,zho,500,183,248,0,248,0
logs/2026-07-31T00-04-58-00-00_hf-danish-foundation-models-multilingual-gsm-symbolic-synthetic-eng@refs-pr-16-synthetic-eng_Ss7vJuYcJryrLEJurJhgVB.eval,vllm/utter-project/EuroLLM-9B-Instruct-2512,eng,500,421,426,256,170,0
logs/2026-07-31T00-04-59-00-00_hf-danish-foundation-models-multilingual-gsm-symbolic-synthetic-ara@refs-pr-16-synthetic-ara_g7rizLvgYzTWMbogZCiL5P.eval,vllm/utter-project/EuroLLM-9B-Instruct-2512,ara,500,487,492,241,251,0
logs/2026-07-31T00-04-59-00-00_hf-danish-foundation-models-multilingual-gsm-symbolic-synthetic-dan@refs-pr-16-synthetic-dan_oTQUkCucoNGeKnxuC2xm48.eval,vllm/utter-project/EuroLLM-9B-Instruct-2512,dan,500,494,494,265,229,0
logs/2026-07-31T00-04-59-00-00_hf-danish-foundation-models-multilingual-gsm-symbolic-synthetic-deu@refs-pr-16-synthetic-deu_dWwfNc6QpJxVV4crdCvfTa.eval,vllm/utter-project/EuroLLM-9B-Instruct-2512,deu,500,498,498,259,239,0
logs/2026-07-31T00-04-59-00-00_hf-danish-foundation-models-multilingual-gsm-symbolic-synthetic-hin@refs-pr-16-synthetic-hin_7vTHpRbpNrSt2AMpTDmBoS.eval,vllm/utter-project/EuroLLM-9B-Instruct-2512,hin,500,471,476,202,274,0
logs/2026-07-31T00-04-59-00-00_hf-danish-foundation-models-multilingual-gsm-symbolic-synthetic-isl@refs-pr-16-synthetic-isl_4JJFb5uGLGtA7asFojm9Gc.eval,vllm/utter-project/EuroLLM-9B-Instruct-2512,isl,500,170,326,19,307,0
logs/2026-07-31T00-05-00-00-00_hf-danish-foundation-models-multilingual-gsm-symbolic-synthetic-fra@refs-pr-16-synthetic-fra_ABxZDFHB4RH5xjt6nr8JLX.eval,vllm/utter-project/EuroLLM-9B-Instruct-2512,fra,500,497,497,277,220,0
logs/2026-07-31T00-05-00-00-00_hf-danish-foundation-models-multilingual-gsm-symbolic-synthetic-ita@refs-pr-16-synthetic-ita_6eEr4MPZg6orHHSgZJFzca.eval,vllm/utter-project/EuroLLM-9B-Instruct-2512,ita,500,499,499,300,199,0
logs/2026-07-31T00-05-00-00-00_hf-danish-foundation-models-multilingual-gsm-symbolic-synthetic-jpn@refs-pr-16-synthetic-jpn_32veKGL2X3Yq8zjwwaarHw.eval,vllm/utter-project/EuroLLM-9B-Instruct-2512,jpn,500,479,484,177,307,0
logs/2026-07-31T00-05-00-00-00_hf-danish-foundation-models-multilingual-gsm-symbolic-synthetic-mar@refs-pr-16-synthetic-mar_FDdJCTFrXnJyGZC5nddgAy.eval,vllm/utter-project/EuroLLM-9B-Instruct-2512,mar,500,63,322,3,319,0
logs/2026-07-31T00-05-00-00-00_hf-danish-foundation-models-multilingual-gsm-symbolic-synthetic-nld@refs-pr-16-synthetic-nld_UEwydUEekh83pg7wxiDnjq.eval,vllm/utter-project/EuroLLM-9B-Instruct-2512,nld,500,492,493,264,229,0
logs/2026-07-31T00-05-00-00-00_hf-danish-foundation-models-multilingual-gsm-symbolic-synthetic-rus@refs-pr-16-synthetic-rus_frjD9r9pEdjuUeZ56x4UKV.eval,vllm/utter-project/EuroLLM-9B-Instruct-2512,rus,500,497,497,261,236,0
logs/2026-07-31T00-05-00-00-00_hf-danish-foundation-models-multilingual-gsm-symbolic-synthetic-ukr@refs-pr-16-synthetic-ukr_LEpBicJusjrC9KMazxZvpY.eval,vllm/utter-project/EuroLLM-9B-Instruct-2512,ukr,500,493,494,264,230,0
logs/2026-07-31T00-05-00-00-00_hf-danish-foundation-models-multilingual-gsm-symbolic-synthetic-zho@refs-pr-16-synthetic-zho_nGLUbogWiP9yeh5CZevD2P.eval,vllm/utter-project/EuroLLM-9B-Instruct-2512,zho,500,496,496,250,246,0
logs/2026-07-31T00-05-01-00-00_hf-danish-foundation-models-multilingual-gsm-symbolic-synthetic-est@refs-pr-16-synthetic-est_3t3S7yZ3yskfQ5YN6NJApp.eval,vllm/utter-project/EuroLLM-9B-Instruct-2512,est,500,458,470,241,229,0
logs/2026-07-31T01-25-01-00-00_hf-danish-foundation-models-multilingual-gsm-symbolic-synthetic-ara@refs-pr-16-synthetic-ara_4VxRTP5UCV3Mcy8kJ4dauy.eval,vllm/utter-project/EuroLLM-22B-Instruct-2512,ara,500,362,403,220,183,0
logs/2026-07-31T01-25-01-00-00_hf-danish-foundation-models-multilingual-gsm-symbolic-synthetic-dan@refs-pr-16-synthetic-dan_iyoSP7jpS4PsTzNYLTSAiM.eval,vllm/utter-project/EuroLLM-22B-Instruct-2512,dan,500,442,451,313,138,0
logs/2026-07-31T01-25-01-00-00_hf-danish-foundation-models-multilingual-gsm-symbolic-synthetic-deu@refs-pr-16-synthetic-deu_fhvdRRJyuLrHokU4LTNAeb.eval,vllm/utter-project/EuroLLM-22B-Instruct-2512,deu,500,489,489,334,155,0
logs/2026-07-31T01-25-01-00-00_hf-danish-foundation-models-multilingual-gsm-symbolic-synthetic-eng@refs-pr-16-synthetic-eng_E26NwKLAFAVxRcJ8yabc46.eval,vllm/utter-project/EuroLLM-22B-Instruct-2512,eng,500,432,432,320,112,0
logs/2026-07-31T01-25-01-00-00_hf-danish-foundation-models-multilingual-gsm-symbolic-synthetic-hin@refs-pr-16-synthetic-hin_jNfLzb6qg86TBUVp3GZL87.eval,vllm/utter-project/EuroLLM-22B-Instruct-2512,hin,500,298,349,151,198,0
logs/2026-07-31T01-25-01-00-00_hf-danish-foundation-models-multilingual-gsm-symbolic-synthetic-isl@refs-pr-16-synthetic-isl_T5NryHoGksvpQCjdu3dTae.eval,vllm/utter-project/EuroLLM-22B-Instruct-2512,isl,500,159,327,32,295,0
logs/2026-07-31T01-25-02-00-00_hf-danish-foundation-models-multilingual-gsm-symbolic-synthetic-fra@refs-pr-16-synthetic-fra_Y6PYuiUobvtETVvxDjHw4H.eval,vllm/utter-project/EuroLLM-22B-Instruct-2512,fra,500,468,472,317,155,0
logs/2026-07-31T01-25-02-00-00_hf-danish-foundation-models-multilingual-gsm-symbolic-synthetic-ita@refs-pr-16-synthetic-ita_emh8unsi7ipZn84pLhiHZB.eval,vllm/utter-project/EuroLLM-22B-Instruct-2512,ita,500,483,484,376,108,0
logs/2026-07-31T01-25-02-00-00_hf-danish-foundation-models-multilingual-gsm-symbolic-synthetic-jpn@refs-pr-16-synthetic-jpn_9u6BBAWcHtjCgH5rxXZgQD.eval,vllm/utter-project/EuroLLM-22B-Instruct-2512,jpn,500,411,422,201,221,0
logs/2026-07-31T01-25-02-00-00_hf-danish-foundation-models-multilingual-gsm-symbolic-synthetic-mar@refs-pr-16-synthetic-mar_H9b4NzGjCe5uRi2zHdq9oK.eval,vllm/utter-project/EuroLLM-22B-Instruct-2512,mar,500,86,293,10,283,0
logs/2026-07-31T01-25-02-00-00_hf-danish-foundation-models-multilingual-gsm-symbolic-synthetic-nld@refs-pr-16-synthetic-nld_hNCuXgHpa7KqEJDG8dmzjp.eval,vllm/utter-project/EuroLLM-22B-Instruct-2512,nld,500,475,476,354,122,0
logs/2026-07-31T01-25-02-00-00_hf-danish-foundation-models-multilingual-gsm-symbolic-synthetic-rus@refs-pr-16-synthetic-rus_QfUeDTtKP94ZCrsGT5fjBb.eval,vllm/utter-project/EuroLLM-22B-Instruct-2512,rus,500,474,475,302,173,0
logs/2026-07-31T01-25-02-00-00_hf-danish-foundation-models-multilingual-gsm-symbolic-synthetic-ukr@refs-pr-16-synthetic-ukr_nVH7Rux7ScofbHpFaqBXjW.eval,vllm/utter-project/EuroLLM-22B-Instruct-2512,ukr,500,491,491,344,147,0
logs/2026-07-31T01-25-02-00-00_hf-danish-foundation-models-multilingual-gsm-symbolic-synthetic-zho@refs-pr-16-synthetic-zho_4qHiohcQf3mPUEARckmv9G.eval,vllm/utter-project/EuroLLM-22B-Instruct-2512,zho,500,478,481,299,182,0
logs/2026-07-31T01-25-03-00-00_hf-danish-foundation-models-multilingual-gsm-symbolic-synthetic-est@refs-pr-16-synthetic-est_6KzLkC6VvrLyvZNvR9qNv6.eval,vllm/utter-project/EuroLLM-22B-Instruct-2512,est,500,420,436,241,195,0
logs/2026-07-31T14-01-58-00-00_hf-danish-foundation-models-multilingual-gsm-symbolic-synthetic-ara@refs-pr-16-synthetic-ara_hRmSMuY6RMkCB9GHQ9wfD9.eval,vllm/Qwen/Qwen3.5-0.8B,ara,500,484,486,46,440,0
logs/2026-07-31T14-01-58-00-00_hf-danish-foundation-models-multilingual-gsm-symbolic-synthetic-mar@refs-pr-16-synthetic-mar_UVDvCXHyVBKkhWJP4ChkSz.eval,vllm/Qwen/Qwen3.5-0.8B,mar,500,266,304,4,300,0
logs/2026-07-31T14-01-58-00-00_hf-danish-foundation-models-multilingual-gsm-symbolic-synthetic-ukr@refs-pr-16-synthetic-ukr_Ac6dkDveeQiNNUKG9HN6Gt.eval,vllm/Qwen/Qwen3.5-0.8B,ukr,500,448,454,22,432,0
logs/2026-07-31T14-20-55-00-00_hf-danish-foundation-models-multilingual-gsm-symbolic-synthetic-mar@refs-pr-16-synthetic-mar_CWawF4kNWTmAQBWHgDsw28.eval,vllm/Qwen/Qwen3.5-9B,mar,500,497,497,265,232,0
logs/2026-07-31T14-49-02-00-00_hf-danish-foundation-models-multilingual-gsm-symbolic-synthetic-ara@refs-pr-16-synthetic-ara_Ay8diRxPvAJJVCYP9ykX68.eval,vllm/allenai/Olmo-3-7B-Instruct,ara,500,500,500,238,262,0
logs/2026-07-31T14-49-02-00-00_hf-danish-foundation-models-multilingual-gsm-symbolic-synthetic-dan@refs-pr-16-synthetic-dan_TN4aFLSQhTM6rLSDamLXeg.eval,vllm/allenai/Olmo-3-7B-Instruct,dan,500,500,500,264,236,0
logs/2026-07-31T14-49-02-00-00_hf-danish-foundation-models-multilingual-gsm-symbolic-synthetic-deu@refs-pr-16-synthetic-deu_UKkddqa4MD3on5RXBDYLfN.eval,vllm/allenai/Olmo-3-7B-Instruct,deu,500,500,500,346,154,0
logs/2026-07-31T14-49-02-00-00_hf-danish-foundation-models-multilingual-gsm-symbolic-synthetic-eng@refs-pr-16-synthetic-eng_4YyVM7DsykWwkvy6KVcHBE.eval,vllm/allenai/Olmo-3-7B-Instruct,eng,500,500,500,456,44,0
logs/2026-07-31T14-49-02-00-00_hf-danish-foundation-models-multilingual-gsm-symbolic-synthetic-isl@refs-pr-16-synthetic-isl_RXR7iwbTiTtxorxifVNUVA.eval,vllm/allenai/Olmo-3-7B-Instruct,isl,500,498,498,85,413,0
logs/2026-07-31T14-49-03-00-00_hf-danish-foundation-models-multilingual-gsm-symbolic-synthetic-fra@refs-pr-16-synthetic-fra_Adu4J8BLcEMWRpsQU2jPLE.eval,vllm/allenai/Olmo-3-7B-Instruct,fra,500,500,500,386,114,0
logs/2026-07-31T14-49-03-00-00_hf-danish-foundation-models-multilingual-gsm-symbolic-synthetic-hin@refs-pr-16-synthetic-hin_7hQtHKAXHDLsHj8Ytcwqvu.eval,vllm/allenai/Olmo-3-7B-Instruct,hin,500,500,500,96,404,0
logs/2026-07-31T14-49-03-00-00_hf-danish-foundation-models-multilingual-gsm-symbolic-synthetic-ita@refs-pr-16-synthetic-ita_FtA2i7pbTcRhcAjkZjBSNb.eval,vllm/allenai/Olmo-3-7B-Instruct,ita,500,500,500,349,151,0
logs/2026-07-31T14-49-03-00-00_hf-danish-foundation-models-multilingual-gsm-symbolic-synthetic-mar@refs-pr-16-synthetic-mar_G4QxQXi664YNokRnhDPWL7.eval,vllm/allenai/Olmo-3-7B-Instruct,mar,500,500,500,57,443,0
logs/2026-07-31T14-49-03-00-00_hf-danish-foundation-models-multilingual-gsm-symbolic-synthetic-nld@refs-pr-16-synthetic-nld_JhAegHFtupCzPDoj49tMu4.eval,vllm/allenai/Olmo-3-7B-Instruct,nld,500,500,500,319,181,0
logs/2026-07-31T14-49-04-00-00_hf-danish-foundation-models-multilingual-gsm-symbolic-synthetic-est@refs-pr-16-synthetic-est_5h4wiVdgLCgsvbMDnQg4S2.eval,vllm/allenai/Olmo-3-7B-Instruct,est,500,498,499,90,409,0
logs/2026-07-31T14-49-04-00-00_hf-danish-foundation-models-multilingual-gsm-symbolic-synthetic-jpn@refs-pr-16-synthetic-jpn_RwBrE8QLgdE4sxznN6Wxf6.eval,vllm/allenai/Olmo-3-7B-Instruct,jpn,500,500,500,295,205,0
logs/2026-07-31T14-49-04-00-00_hf-danish-foundation-models-multilingual-gsm-symbolic-synthetic-rus@refs-pr-16-synthetic-rus_ZjmAjzWY7SAPBmt3JYHgKB.eval,vllm/allenai/Olmo-3-7B-Instruct,rus,500,500,500,351,149,0
logs/2026-07-31T14-49-04-00-00_hf-danish-foundation-models-multilingual-gsm-symbolic-synthetic-ukr@refs-pr-16-synthetic-ukr_juChQ3bwGxoKMsKbs4kuvs.eval,vllm/allenai/Olmo-3-7B-Instruct,ukr,500,500,500,274,226,0
logs/2026-07-31T14-49-04-00-00_hf-danish-foundation-models-multilingual-gsm-symbolic-synthetic-zho@refs-pr-16-synthetic-zho_Zp7hQCpEujBDKxFgtHXwk4.eval,vllm/allenai/Olmo-3-7B-Instruct,zho,500,500,500,345,155,0
logs/2026-07-31T17-06-48-00-00_hf-danish-foundation-models-multilingual-gsm-symbolic-synthetic-dan@refs-pr-16-synthetic-dan_dJ4fyFd38DPVX3hTFFc4sd.eval,vllm/allenai/Olmo-3-32B-Think,dan,500,500,500,461,39,0
logs/2026-07-31T17-06-48-00-00_hf-danish-foundation-models-multilingual-gsm-symbolic-synthetic-deu@refs-pr-16-synthetic-deu_fALtxvqv7DEEtQeYf3dfZb.eval,vllm/allenai/Olmo-3-32B-Think,deu,500,500,500,444,56,0
logs/2026-07-31T17-06-48-00-00_hf-danish-foundation-models-multilingual-gsm-symbolic-synthetic-eng@refs-pr-16-synthetic-eng_gWTJ9568T9nqwDBtMLbsb9.eval,vllm/allenai/Olmo-3-32B-Think,eng,500,498,498,483,15,0
logs/2026-07-31T17-06-48-00-00_hf-danish-foundation-models-multilingual-gsm-symbolic-synthetic-isl@refs-pr-16-synthetic-isl_oWLmkPsaaoT3BgP3ug42xJ.eval,vllm/allenai/Olmo-3-32B-Think,isl,500,500,500,409,91,0
logs/2026-07-31T17-06-49-00-00_hf-danish-foundation-models-multilingual-gsm-symbolic-synthetic-ara@refs-pr-16-synthetic-ara_4suJHaK6wHvyApbEFgzr2Q.eval,vllm/allenai/Olmo-3-32B-Think,ara,500,500,500,434,66,0
logs/2026-07-31T17-06-49-00-00_hf-danish-foundation-models-multilingual-gsm-symbolic-synthetic-fra@refs-pr-16-synthetic-fra_PL8kbixSetVyu9sXFHVafF.eval,vllm/allenai/Olmo-3-32B-Think,fra,500,499,499,461,38,0
logs/2026-07-31T17-06-49-00-00_hf-danish-foundation-models-multilingual-gsm-symbolic-synthetic-hin@refs-pr-16-synthetic-hin_2uQexstGvapEGLPHTQKJA5.eval,vllm/allenai/Olmo-3-32B-Think,hin,500,500,500,426,74,0
logs/2026-07-31T17-06-49-00-00_hf-danish-foundation-models-multilingual-gsm-symbolic-synthetic-ita@refs-pr-16-synthetic-ita_bKY35mY5df9koW2UihN4Ug.eval,vllm/allenai/Olmo-3-32B-Think,ita,500,500,500,467,33,0
logs/2026-07-31T17-06-49-00-00_hf-danish-foundation-models-multilingual-gsm-symbolic-synthetic-mar@refs-pr-16-synthetic-mar_bLRkXU4pgpmuB8N4rMj7Zz.eval,vllm/allenai/Olmo-3-32B-Think,mar,500,500,500,341,159,0
logs/2026-07-31T17-06-49-00-00_hf-danish-foundation-models-multilingual-gsm-symbolic-synthetic-nld@refs-pr-16-synthetic-nld_af9ALtPfbZtC9VRTSA2e8R.eval,vllm/allenai/Olmo-3-32B-Think,nld,500,500,500,459,41,0
logs/2026-07-31T17-06-49-00-00_hf-danish-foundation-models-multilingual-gsm-symbolic-synthetic-rus@refs-pr-16-synthetic-rus_BMiH83pTmmwEJWPk2WPjjo.eval,vllm/allenai/Olmo-3-32B-Think,rus,500,499,499,443,56,0
logs/2026-07-31T17-06-50-00-00_hf-danish-foundation-models-multilingual-gsm-symbolic-synthetic-est@refs-pr-16-synthetic-est_R84uZFREmW3rqmJrwMKGKd.eval,vllm/allenai/Olmo-3-32B-Think,est,500,499,499,365,134,0
logs/2026-07-31T17-06-50-00-00_hf-danish-foundation-models-multilingual-gsm-symbolic-synthetic-jpn@refs-pr-16-synthetic-jpn_YHd86wUuEXW8W5jZdZx8v6.eval,vllm/allenai/Olmo-3-32B-Think,jpn,500,495,495,459,36,0
logs/2026-07-31T17-06-50-00-00_hf-danish-foundation-models-multilingual-gsm-symbolic-synthetic-zho@refs-pr-16-synthetic-zho_SpPbNddGMdzfNLpnAnPXBY.eval,vllm/allenai/Olmo-3-32B-Think,zho,500,500,500,463,37,0
logs/2026-08-01T00-41-24-00-00_hf-danish-foundation-models-multilingual-gsm-symbolic-synthetic-ukr@refs-pr-16-synthetic-ukr_TuLWgpqC6wKiUGN2FJnhVG.eval,vllm/allenai/Olmo-3-32B-Think,ukr,500,500,500,438,62,0
logs/2026-08-01T10-47-41-00-00_hf-danish-foundation-models-multilingual-gsm-symbolic-synthetic-dan@refs-pr-16-synthetic-dan_8WnaWZuJMocgGe2oTrUuYR.eval,vllm/allenai/Olmo-3.1-32B-Instruct,dan,500,500,500,433,67,0
logs/2026-08-01T10-47-41-00-00_hf-danish-foundation-models-multilingual-gsm-symbolic-synthetic-eng@refs-pr-16-synthetic-eng_gERUMe3vWw3Qz6angayhvs.eval,vllm/allenai/Olmo-3.1-32B-Instruct,eng,500,499,499,482,17,0
logs/2026-08-01T10-47-42-00-00_hf-danish-foundation-models-multilingual-gsm-symbolic-synthetic-ara@refs-pr-16-synthetic-ara_3i6kRocbie2vQzpVQgQGpL.eval,vllm/allenai/Olmo-3.1-32B-Instruct,ara,500,498,499,338,161,0
logs/2026-08-01T10-47-42-00-00_hf-danish-foundation-models-multilingual-gsm-symbolic-synthetic-deu@refs-pr-16-synthetic-deu_BoWBKJj4jxkTowHMCFAY7w.eval,vllm/allenai/Olmo-3.1-32B-Instruct,deu,500,499,499,435,64,0
logs/2026-08-01T10-47-42-00-00_hf-danish-foundation-models-multilingual-gsm-symbolic-synthetic-hin@refs-pr-16-synthetic-hin_PFxuYitZhTNBzWAFGBupLV.eval,vllm/allenai/Olmo-3.1-32B-Instruct,hin,500,499,499,335,164,0
logs/2026-08-01T10-47-42-00-00_hf-danish-foundation-models-multilingual-gsm-symbolic-synthetic-mar@refs-pr-16-synthetic-mar_263amYFqka9SkiPZAPc435.eval,vllm/allenai/Olmo-3.1-32B-Instruct,mar,500,500,500,211,289,0
logs/2026-08-01T10-47-43-00-00_hf-danish-foundation-models-multilingual-gsm-symbolic-synthetic-fra@refs-pr-16-synthetic-fra_JFPWg2Bavks4eSHAM8rxhb.eval,vllm/allenai/Olmo-3.1-32B-Instruct,fra,500,496,497,430,67,0
logs/2026-08-01T10-47-43-00-00_hf-danish-foundation-models-multilingual-gsm-symbolic-synthetic-ita@refs-pr-16-synthetic-ita_6oMGko5geCRxDBsPjv4W8c.eval,vllm/allenai/Olmo-3.1-32B-Instruct,ita,500,500,500,450,50,0
logs/2026-08-01T10-47-43-00-00_hf-danish-foundation-models-multilingual-gsm-symbolic-synthetic-nld@refs-pr-16-synthetic-nld_2JRDv9t3Hkf4zGeeBnJ4Mg.eval,vllm/allenai/Olmo-3.1-32B-Instruct,nld,500,498,499,420,79,0
logs/2026-08-01T10-47-43-00-00_hf-danish-foundation-models-multilingual-gsm-symbolic-synthetic-rus@refs-pr-16-synthetic-rus_gL78Gz2Qc5ALYqPChESuZp.eval,vllm/allenai/Olmo-3.1-32B-Instruct,rus,500,499,499,427,72,0
logs/2026-08-01T10-47-43-00-00_hf-danish-foundation-models-multilingual-gsm-symbolic-synthetic-zho@refs-pr-16-synthetic-zho_53gUgFjLA7G99v3nhpU3ZJ.eval,vllm/allenai/Olmo-3.1-32B-Instruct,zho,500,499,499,439,60,0
logs/2026-08-01T10-47-44-00-00_hf-danish-foundation-models-multilingual-gsm-symbolic-synthetic-est@refs-pr-16-synthetic-est_bnd92Ypm6rpYHeR7dbhpxi.eval,vllm/allenai/Olmo-3.1-32B-Instruct,est,500,498,498,95,403,0
logs/2026-08-01T10-47-44-00-00_hf-danish-foundation-models-multilingual-gsm-symbolic-synthetic-jpn@refs-pr-16-synthetic-jpn_DFW7cradfD9LKn4znQdXCm.eval,vllm/allenai/Olmo-3.1-32B-Instruct,jpn,500,500,500,410,90,0
logs/2026-08-01T10-47-44-00-00_hf-danish-foundation-models-multilingual-gsm-symbolic-synthetic-ukr@refs-pr-16-synthetic-ukr_BZjN4SH6Y2ouRD9pMV4nAQ.eval,vllm/allenai/Olmo-3.1-32B-Instruct,ukr,500,500,500,424,76,0
logs/2026-08-01T14-25-38-00-00_hf-danish-foundation-models-multilingual-gsm-symbolic-synthetic-isl@refs-pr-16-synthetic-isl_cQVhxSNjVD2fkEFYSUCKFt.eval,vllm/allenai/Olmo-3.1-32B-Instruct,isl,500,500,500,293,207,0
logs/2026-08-01T17-33-53-00-00_hf-danish-foundation-models-multilingual-gsm-symbolic-synthetic-hin@refs-pr-16-synthetic-hin_LgeURobYHdgecL8XsG8iVX.eval,vllm/allenai/OLMo-2-0325-32B-Instruct,hin,500,491,496,260,236,0
logs/2026-08-05T13-23-03-00-00_hf-danish-foundation-models-multilingual-gsm-symbolic-synthetic-dan@d34a0ffcb2851179ccac891807fa3a29ccd896f6-synthetic-dan_mztARPDhkkCG5BNubvorMa.eval,vllm/Qwen/Qwen2.5-0.5B-Instruct,dan,500,123,200,8,192,0
logs/2026-08-05T13-23-03-00-00_hf-danish-foundation-models-multilingual-gsm-symbolic-synthetic-deu@d34a0ffcb2851179ccac891807fa3a29ccd896f6-synthetic-deu_mSY6fxRGcd7WwEEe8tb3Fz.eval,vllm/Qwen/Qwen2.5-0.5B-Instruct,deu,500,384,398,26,372,0
logs/2026-08-05T13-23-04-00-00_hf-danish-foundation-models-multilingual-gsm-symbolic-synthetic-est@d34a0ffcb2851179ccac891807fa3a29ccd896f6-synthetic-est_VVaCqmgwrMEnr9e8CC2VGy.eval,vllm/Qwen/Qwen2.5-0.5B-Instruct,est,500,97,280,3,277,0
logs/2026-08-05T13-23-04-00-00_hf-danish-foundation-models-multilingual-gsm-symbolic-synthetic-jpn@d34a0ffcb2851179ccac891807fa3a29ccd896f6-synthetic-jpn_meEC9c37pkvUpNBKnX9x8r.eval,vllm/Qwen/Qwen2.5-0.5B-Instruct,jpn,500,142,174,5,169,0
logs/2026-08-05T14-26-11-00-00_hf-danish-foundation-models-multilingual-gsm-symbolic-synthetic-dan@d34a0ffcb2851179ccac891807fa3a29ccd896f6-synthetic-dan_XKFjrug3q7Q8oSjWVKVCWf.eval,vllm/Qwen/Qwen2.5-1.5B-Instruct,dan,500,334,341,63,278,0
logs/2026-08-05T14-26-11-00-00_hf-danish-foundation-models-multilingual-gsm-symbolic-synthetic-deu@d34a0ffcb2851179ccac891807fa3a29ccd896f6-synthetic-deu_C65E5EQRvNbtX3qM8NcXFK.eval,vllm/Qwen/Qwen2.5-1.5B-Instruct,deu,500,434,437,179,258,0
logs/2026-08-05T14-26-12-00-00_hf-danish-foundation-models-multilingual-gsm-symbolic-synthetic-est@d34a0ffcb2851179ccac891807fa3a29ccd896f6-synthetic-est_Rdg5FBgP528NtMzrJMFZJK.eval,vllm/Qwen/Qwen2.5-1.5B-Instruct,est,500,331,364,9,355,0
logs/2026-08-05T14-26-12-00-00_hf-danish-foundation-models-multilingual-gsm-symbolic-synthetic-jpn@d34a0ffcb2851179ccac891807fa3a29ccd896f6-synthetic-jpn_jg6oqSg88RAY9BgvThQtLG.eval,vllm/Qwen/Qwen2.5-1.5B-Instruct,jpn,500,299,307,99,208,0
logs/2026-08-05T14-56-59-00-00_hf-danish-foundation-models-multilingual-gsm-symbolic-synthetic-dan@d34a0ffcb2851179ccac891807fa3a29ccd896f6-synthetic-dan_Cv9GPxyfRtjdf5TsiwyYUf.eval,vllm/Qwen/Qwen2.5-3B-Instruct,dan,500,482,485,261,224,0
logs/2026-08-05T14-57-00-00-00_hf-danish-foundation-models-multilingual-gsm-symbolic-synthetic-deu@d34a0ffcb2851179ccac891807fa3a29ccd896f6-synthetic-deu_3sJXrdbeBEfha9iCTvRJpT.eval,vllm/Qwen/Qwen2.5-3B-Instruct,deu,500,498,498,336,162,0
logs/2026-08-05T14-57-00-00-00_hf-danish-foundation-models-multilingual-gsm-symbolic-synthetic-est@d34a0ffcb2851179ccac891807fa3a29ccd896f6-synthetic-est_ZMXiaKpdvQnfgbPKbaqyza.eval,vllm/Qwen/Qwen2.5-3B-Instruct,est,500,404,420,97,323,0
logs/2026-08-05T14-57-00-00-00_hf-danish-foundation-models-multilingual-gsm-symbolic-synthetic-jpn@d34a0ffcb2851179ccac891807fa3a29ccd896f6-synthetic-jpn_kcEscRFAWdUX59Tz7iVWYs.eval,vllm/Qwen/Qwen2.5-3B-Instruct,jpn,500,495,496,290,206,0
logs/2026-08-05T15-26-58-00-00_hf-danish-foundation-models-multilingual-gsm-symbolic-synthetic-dan@d34a0ffcb2851179ccac891807fa3a29ccd896f6-synthetic-dan_GiZzafjWKXAqMY3qUVodHu.eval,vllm/Qwen/Qwen2.5-7B-Instruct,dan,500,500,500,418,82,0
logs/2026-08-05T15-26-58-00-00_hf-danish-foundation-models-multilingual-gsm-symbolic-synthetic-deu@d34a0ffcb2851179ccac891807fa3a29ccd896f6-synthetic-deu_kDHBvFFHoW8uFmfuhsaWXh.eval,vllm/Qwen/Qwen2.5-7B-Instruct,deu,500,499,499,425,74,0
logs/2026-08-05T15-26-59-00-00_hf-danish-foundation-models-multilingual-gsm-symbolic-synthetic-est@d34a0ffcb2851179ccac891807fa3a29ccd896f6-synthetic-est_M3cXg9vZjc7kiopvVSuxzq.eval,vllm/Qwen/Qwen2.5-7B-Instruct,est,500,498,500,299,201,0
logs/2026-08-05T15-26-59-00-00_hf-danish-foundation-models-multilingual-gsm-symbolic-synthetic-jpn@d34a0ffcb2851179ccac891807fa3a29ccd896f6-synthetic-jpn_g9WyX7dgUoECYmLBwJfdMc.eval,vllm/Qwen/Qwen2.5-7B-Instruct,jpn,500,499,499,383,116,0
logs/2026-08-05T15-49-32-00-00_hf-danish-foundation-models-multilingual-gsm-symbolic-synthetic-dan@d34a0ffcb2851179ccac891807fa3a29ccd896f6-synthetic-dan_6poJyDfRW72Speb3tgUZTb.eval,vllm/Qwen/Qwen2.5-14B-Instruct,dan,500,500,500,449,51,0
logs/2026-08-05T15-49-32-00-00_hf-danish-foundation-models-multilingual-gsm-symbolic-synthetic-deu@d34a0ffcb2851179ccac891807fa3a29ccd896f6-synthetic-deu_9Z97XsxHNfe6k4HVP5SRiW.eval,vllm/Qwen/Qwen2.5-14B-Instruct,deu,500,500,500,447,53,0
logs/2026-08-05T15-49-33-00-00_hf-danish-foundation-models-multilingual-gsm-symbolic-synthetic-est@d34a0ffcb2851179ccac891807fa3a29ccd896f6-synthetic-est_KY3ssm7CsiQ9qnmERUZtej.eval,vllm/Qwen/Qwen2.5-14B-Instruct,est,500,500,500,375,125,0
logs/2026-08-05T15-49-33-00-00_hf-danish-foundation-models-multilingual-gsm-symbolic-synthetic-jpn@d34a0ffcb2851179ccac891807fa3a29ccd896f6-synthetic-jpn_46WDPtpsu8QtKibmJfduQU.eval,vllm/Qwen/Qwen2.5-14B-Instruct,jpn,500,499,499,419,80,0
logs/2026-08-05T16-20-36-00-00_hf-danish-foundation-models-multilingual-gsm-symbolic-synthetic-dan@d34a0ffcb2851179ccac891807fa3a29ccd896f6-synthetic-dan_gUh92rzka9q7ZmT6wNsjGS.eval,vllm/Qwen/Qwen2.5-32B-Instruct,dan,500,500,500,459,41,0
logs/2026-08-05T16-20-37-00-00_hf-danish-foundation-models-multilingual-gsm-symbolic-synthetic-deu@d34a0ffcb2851179ccac891807fa3a29ccd896f6-synthetic-deu_TCQ4UGm2zDevZE9o6DFQ9F.eval,vllm/Qwen/Qwen2.5-32B-Instruct,deu,500,500,500,460,40,0
logs/2026-08-05T16-20-37-00-00_hf-danish-foundation-models-multilingual-gsm-symbolic-synthetic-est@d34a0ffcb2851179ccac891807fa3a29ccd896f6-synthetic-est_4HfH3TMjMXttTvCT4rhJwj.eval,vllm/Qwen/Qwen2.5-32B-Instruct,est,500,500,500,430,70,0
logs/2026-08-05T16-20-37-00-00_hf-danish-foundation-models-multilingual-gsm-symbolic-synthetic-jpn@d34a0ffcb2851179ccac891807fa3a29ccd896f6-synthetic-jpn_NE56kqHRoRurLtv7NDRFPT.eval,vllm/Qwen/Qwen2.5-32B-Instruct,jpn,500,500,500,452,48,0
logs/2026-08-05T17-16-52-00-00_hf-danish-foundation-models-multilingual-gsm-symbolic-synthetic-dan@d34a0ffcb2851179ccac891807fa3a29ccd896f6-synthetic-dan_cbfwK9GfZbqr2zGpnDyyhp.eval,vllm/Qwen/Qwen2.5-0.5B-Instruct,dan,500,141,217,5,212,0
logs/2026-08-05T17-16-52-00-00_hf-danish-foundation-models-multilingual-gsm-symbolic-synthetic-deu@d34a0ffcb2851179ccac891807fa3a29ccd896f6-synthetic-deu_EnLkrxrrXYCZeEoiieG5sP.eval,vllm/Qwen/Qwen2.5-0.5B-Instruct,deu,500,376,391,37,354,0
logs/2026-08-05T17-16-52-00-00_hf-danish-foundation-models-multilingual-gsm-symbolic-synthetic-jpn@d34a0ffcb2851179ccac891807fa3a29ccd896f6-synthetic-jpn_9x9WuiBRJAammc9Cq2LCWx.eval,vllm/Qwen/Qwen2.5-0.5B-Instruct,jpn,500,134,173,8,165,0
logs/2026-08-05T17-16-53-00-00_hf-danish-foundation-models-multilingual-gsm-symbolic-synthetic-est@d34a0ffcb2851179ccac891807fa3a29ccd896f6-synthetic-est_kkNz6WsiaofYoVaUPEPvAn.eval,vllm/Qwen/Qwen2.5-0.5B-Instruct,est,500,87,285,7,278,0
logs/2026-08-05T18-19-31-00-00_hf-danish-foundation-models-multilingual-gsm-symbolic-synthetic-dan@d34a0ffcb2851179ccac891807fa3a29ccd896f6-synthetic-dan_5XVayro2rUtRzptSfSJk9d.eval,vllm/Qwen/Qwen2.5-1.5B-Instruct,dan,500,341,344,65,279,0
logs/2026-08-05T18-19-31-00-00_hf-danish-foundation-models-multilingual-gsm-symbolic-synthetic-deu@d34a0ffcb2851179ccac891807fa3a29ccd896f6-synthetic-deu_DxpDUg22wGCq2rY92NyBKk.eval,vllm/Qwen/Qwen2.5-1.5B-Instruct,deu,500,437,440,174,266,0
logs/2026-08-05T18-19-32-00-00_hf-danish-foundation-models-multilingual-gsm-symbolic-synthetic-est@d34a0ffcb2851179ccac891807fa3a29ccd896f6-synthetic-est_esJ4Jy3HBhKjUFrRKUqzob.eval,vllm/Qwen/Qwen2.5-1.5B-Instruct,est,500,340,376,12,364,0
logs/2026-08-05T18-19-32-00-00_hf-danish-foundation-models-multilingual-gsm-symbolic-synthetic-jpn@d34a0ffcb2851179ccac891807fa3a29ccd896f6-synthetic-jpn_Y3BeeznfdAAaRxFr4xmgRa.eval,vllm/Qwen/Qwen2.5-1.5B-Instruct,jpn,500,304,309,95,214,0
logs/2026-08-05T18-50-33-00-00_hf-danish-foundation-models-multilingual-gsm-symbolic-synthetic-dan@d34a0ffcb2851179ccac891807fa3a29ccd896f6-synthetic-dan_Fy5f5g6tzSLkvcmdkQnYgY.eval,vllm/Qwen/Qwen2.5-3B-Instruct,dan,500,481,482,262,220,0
logs/2026-08-05T18-50-34-00-00_hf-danish-foundation-models-multilingual-gsm-symbolic-synthetic-deu@d34a0ffcb2851179ccac891807fa3a29ccd896f6-synthetic-deu_TH6AmukLXzyVRHqivEUUbq.eval,vllm/Qwen/Qwen2.5-3B-Instruct,deu,500,498,498,334,164,0
logs/2026-08-05T18-50-34-00-00_hf-danish-foundation-models-multilingual-gsm-symbolic-synthetic-jpn@d34a0ffcb2851179ccac891807fa3a29ccd896f6-synthetic-jpn_Zkfd5gWUbxsYoZuJLQfTKy.eval,vllm/Qwen/Qwen2.5-3B-Instruct,jpn,500,499,499,278,221,0
logs/2026-08-05T18-50-35-00-00_hf-danish-foundation-models-multilingual-gsm-symbolic-synthetic-est@d34a0ffcb2851179ccac891807fa3a29ccd896f6-synthetic-est_hfYgrn5gNJEFJD8RmCEihC.eval,vllm/Qwen/Qwen2.5-3B-Instruct,est,500,394,412,84,328,0
logs/2026-08-05T19-18-14-00-00_hf-danish-foundation-models-multilingual-gsm-symbolic-synthetic-dan@d34a0ffcb2851179ccac891807fa3a29ccd896f6-synthetic-dan_QkSAx62jFqjhvMT98Yi7rF.eval,vllm/Qwen/Qwen2.5-7B-Instruct,dan,500,498,498,405,93,0
logs/2026-08-05T19-18-14-00-00_hf-danish-foundation-models-multilingual-gsm-symbolic-synthetic-deu@d34a0ffcb2851179ccac891807fa3a29ccd896f6-synthetic-deu_JPuGu6J668zz8izWnfzHVQ.eval,vllm/Qwen/Qwen2.5-7B-Instruct,deu,500,499,499,416,83,0
logs/2026-08-05T19-18-14-00-00_hf-danish-foundation-models-multilingual-gsm-symbolic-synthetic-jpn@d34a0ffcb2851179ccac891807fa3a29ccd896f6-synthetic-jpn_NZL7x3k8YpgZPSS9oAgN65.eval,vllm/Qwen/Qwen2.5-7B-Instruct,jpn,500,499,499,385,114,0
logs/2026-08-05T19-18-15-00-00_hf-danish-foundation-models-multilingual-gsm-symbolic-synthetic-est@d34a0ffcb2851179ccac891807fa3a29ccd896f6-synthetic-est_FjsdMTPd4Cn2xM38a6YYKB.eval,vllm/Qwen/Qwen2.5-7B-Instruct,est,500,499,499,288,211,0
logs/2026-08-05T19-38-25-00-00_hf-danish-foundation-models-multilingual-gsm-symbolic-synthetic-dan@d34a0ffcb2851179ccac891807fa3a29ccd896f6-synthetic-dan_WCP8Fd7y5dqQcejui8JeWt.eval,vllm/Qwen/Qwen2.5-14B-Instruct,dan,500,500,500,442,58,0
logs/2026-08-05T19-38-25-00-00_hf-danish-foundation-models-multilingual-gsm-symbolic-synthetic-deu@d34a0ffcb2851179ccac891807fa3a29ccd896f6-synthetic-deu_ELEaZkoE4EYnJXkwcxMnav.eval,vllm/Qwen/Qwen2.5-14B-Instruct,deu,500,500,500,446,54,0
logs/2026-08-05T19-38-25-00-00_hf-danish-foundation-models-multilingual-gsm-symbolic-synthetic-jpn@d34a0ffcb2851179ccac891807fa3a29ccd896f6-synthetic-jpn_T54E95zYKYDESBuAZRXnmS.eval,vllm/Qwen/Qwen2.5-14B-Instruct,jpn,500,500,500,431,69,0
logs/2026-08-05T19-38-26-00-00_hf-danish-foundation-models-multilingual-gsm-symbolic-synthetic-est@d34a0ffcb2851179ccac891807fa3a29ccd896f6-synthetic-est_7v2ZfYJ6Yq7eQuzb6dShyc.eval,vllm/Qwen/Qwen2.5-14B-Instruct,est,500,500,500,381,119,0
logs/2026-08-05T20-08-48-00-00_hf-danish-foundation-models-multilingual-gsm-symbolic-synthetic-dan@d34a0ffcb2851179ccac891807fa3a29ccd896f6-synthetic-dan_nqUeAu9yKoTMJHBb3z6rHv.eval,vllm/Qwen/Qwen2.5-32B-Instruct,dan,500,500,500,463,37,0
logs/2026-08-05T20-08-48-00-00_hf-danish-foundation-models-multilingual-gsm-symbolic-synthetic-deu@d34a0ffcb2851179ccac891807fa3a29ccd896f6-synthetic-deu_fsn3Tu42pouL8JP9WTxpPU.eval,vllm/Qwen/Qwen2.5-32B-Instruct,deu,500,500,500,462,38,0
logs/2026-08-05T20-08-49-00-00_hf-danish-foundation-models-multilingual-gsm-symbolic-synthetic-est@d34a0ffcb2851179ccac891807fa3a29ccd896f6-synthetic-est_Kg7cVm64DmmQRVXotqWr4F.eval,vllm/Qwen/Qwen2.5-32B-Instruct,est,500,500,500,434,66,0
logs/2026-08-05T20-08-49-00-00_hf-danish-foundation-models-multilingual-gsm-symbolic-synthetic-jpn@d34a0ffcb2851179ccac891807fa3a29ccd896f6-synthetic-jpn_g983BCcLCcTZ5TzqGhjCu9.eval,vllm/Qwen/Qwen2.5-32B-Instruct,jpn,500,500,500,462,38,0
logs/2026-08-05T20-52-43-00-00_hf-danish-foundation-models-multilingual-gsm-symbolic-synthetic-dan@d34a0ffcb2851179ccac891807fa3a29ccd896f6-synthetic-dan_8tKMcxjieUEKZsVwk8Z4Lo.eval,vllm/Qwen/Qwen2.5-72B-Instruct,dan,500,500,500,470,30,0
logs/2026-08-05T20-52-44-00-00_hf-danish-foundation-models-multilingual-gsm-symbolic-synthetic-deu@d34a0ffcb2851179ccac891807fa3a29ccd896f6-synthetic-deu_ZYcebUDitbvqsWKCkp8BHq.eval,vllm/Qwen/Qwen2.5-72B-Instruct,deu,500,500,500,466,34,0
logs/2026-08-05T20-52-44-00-00_hf-danish-foundation-models-multilingual-gsm-symbolic-synthetic-jpn@d34a0ffcb2851179ccac891807fa3a29ccd896f6-synthetic-jpn_nEXccy8vo2CQhRL93U5ae6.eval,vllm/Qwen/Qwen2.5-72B-Instruct,jpn,500,500,500,463,37,0
logs/2026-08-05T20-52-45-00-00_hf-danish-foundation-models-multilingual-gsm-symbolic-synthetic-est@d34a0ffcb2851179ccac891807fa3a29ccd896f6-synthetic-est_HXshRzvtbwsjgeBALcqdz7.eval,vllm/Qwen/Qwen2.5-72B-Instruct,est,500,500,500,444,56,0
logs/2026-08-05T22-44-32-00-00_hf-danish-foundation-models-multilingual-gsm-symbolic-synthetic-dan@d34a0ffcb2851179ccac891807fa3a29ccd896f6-synthetic-dan_8dUMmgQrgJHBZ5m3R8Ei5j.eval,vllm/Qwen/Qwen3-0.6B,dan,500,500,500,241,259,0
logs/2026-08-05T22-44-32-00-00_hf-danish-foundation-models-multilingual-gsm-symbolic-synthetic-deu@d34a0ffcb2851179ccac891807fa3a29ccd896f6-synthetic-deu_BBKnZHjzSrNu2Pm6rWDBks.eval,vllm/Qwen/Qwen3-0.6B,deu,500,500,500,310,190,0
logs/2026-08-05T22-44-32-00-00_hf-danish-foundation-models-multilingual-gsm-symbolic-synthetic-jpn@d34a0ffcb2851179ccac891807fa3a29ccd896f6-synthetic-jpn_8FxXRjxkQf6sS9tN5orHeV.eval,vllm/Qwen/Qwen3-0.6B,jpn,500,500,500,259,241,0
logs/2026-08-05T22-44-33-00-00_hf-danish-foundation-models-multilingual-gsm-symbolic-synthetic-est@d34a0ffcb2851179ccac891807fa3a29ccd896f6-synthetic-est_X2BBCmDwhn5jiwMaJ9owrN.eval,vllm/Qwen/Qwen3-0.6B,est,500,500,500,98,402,0
logs/2026-08-05T23-35-51-00-00_hf-danish-foundation-models-multilingual-gsm-symbolic-synthetic-dan@d34a0ffcb2851179ccac891807fa3a29ccd896f6-synthetic-dan_6sB7FtNZSuyVDikm6FgSXT.eval,vllm/Qwen/Qwen3-0.6B,dan,500,496,498,110,388,0
logs/2026-08-05T23-35-52-00-00_hf-danish-foundation-models-multilingual-gsm-symbolic-synthetic-deu@d34a0ffcb2851179ccac891807fa3a29ccd896f6-synthetic-deu_ihuHvTaTfyEY2sz6rgLsSk.eval,vllm/Qwen/Qwen3-0.6B,deu,500,500,500,154,346,0
logs/2026-08-05T23-35-52-00-00_hf-danish-foundation-models-multilingual-gsm-symbolic-synthetic-est@d34a0ffcb2851179ccac891807fa3a29ccd896f6-synthetic-est_JqAGETKy8YzC2SrqR6KqHL.eval,vllm/Qwen/Qwen3-0.6B,est,500,500,497,20,477,0
logs/2026-08-05T23-35-52-00-00_hf-danish-foundation-models-multilingual-gsm-symbolic-synthetic-jpn@d34a0ffcb2851179ccac891807fa3a29ccd896f6-synthetic-jpn_6HSZYdoFQoKbaTDkCKLJrN.eval,vllm/Qwen/Qwen3-0.6B,jpn,500,499,499,133,366,0
logs/2026-08-06T00-05-01-00-00_hf-danish-foundation-models-multilingual-gsm-symbolic-synthetic-dan@d34a0ffcb2851179ccac891807fa3a29ccd896f6-synthetic-dan_WBwjSSPkLiSHEtYLdWRjxD.eval,vllm/Qwen/Qwen3-1.7B,dan,500,500,500,397,103,0
logs/2026-08-06T00-05-01-00-00_hf-danish-foundation-models-multilingual-gsm-symbolic-synthetic-deu@d34a0ffcb2851179ccac891807fa3a29ccd896f6-synthetic-deu_8wykyfZwQNrYjyVqk5GaMD.eval,vllm/Qwen/Qwen3-1.7B,deu,500,500,500,420,80,0
logs/2026-08-06T00-05-02-00-00_hf-danish-foundation-models-multilingual-gsm-symbolic-synthetic-est@d34a0ffcb2851179ccac891807fa3a29ccd896f6-synthetic-est_3xAwjpPDKtZbkfwN29Yvih.eval,vllm/Qwen/Qwen3-1.7B,est,500,500,500,323,177,0
logs/2026-08-06T00-05-02-00-00_hf-danish-foundation-models-multilingual-gsm-symbolic-synthetic-jpn@d34a0ffcb2851179ccac891807fa3a29ccd896f6-synthetic-jpn_DcTXDFrT8fuQcnxQdwzRQF.eval,vllm/Qwen/Qwen3-1.7B,jpn,500,492,500,399,101,0
logs/2026-08-06T01-00-11-00-00_hf-danish-foundation-models-multilingual-gsm-symbolic-synthetic-dan@d34a0ffcb2851179ccac891807fa3a29ccd896f6-synthetic-dan_n7cBuxDRfsiPN4PZDkQ4Zh.eval,vllm/Qwen/Qwen3-1.7B,dan,500,500,500,303,197,0
logs/2026-08-06T01-00-11-00-00_hf-danish-foundation-models-multilingual-gsm-symbolic-synthetic-deu@d34a0ffcb2851179ccac891807fa3a29ccd896f6-synthetic-deu_HEX8RguR6EfELtzkrvEkio.eval,vllm/Qwen/Qwen3-1.7B,deu,500,500,500,344,156,0
logs/2026-08-06T01-00-12-00-00_hf-danish-foundation-models-multilingual-gsm-symbolic-synthetic-est@d34a0ffcb2851179ccac891807fa3a29ccd896f6-synthetic-est_4w8JCsAo9hXnct2LRUWTNj.eval,vllm/Qwen/Qwen3-1.7B,est,500,499,500,208,292,0
logs/2026-08-06T01-00-12-00-00_hf-danish-foundation-models-multilingual-gsm-symbolic-synthetic-jpn@d34a0ffcb2851179ccac891807fa3a29ccd896f6-synthetic-jpn_VgeLnf67Hy8RsuLHRsxCBW.eval,vllm/Qwen/Qwen3-1.7B,jpn,500,500,500,285,215,0
logs/2026-08-06T01-34-00-00-00_hf-danish-foundation-models-multilingual-gsm-symbolic-synthetic-dan@d34a0ffcb2851179ccac891807fa3a29ccd896f6-synthetic-dan_D8Kk453nALP8G9hGqMMSBD.eval,vllm/Qwen/Qwen3-4B,dan,500,500,500,458,42,0
logs/2026-08-06T01-34-00-00-00_hf-danish-foundation-models-multilingual-gsm-symbolic-synthetic-deu@d34a0ffcb2851179ccac891807fa3a29ccd896f6-synthetic-deu_2bKUQQfZGHqPkCw7sPSXu8.eval,vllm/Qwen/Qwen3-4B,deu,500,500,500,455,45,0
logs/2026-08-06T01-34-01-00-00_hf-danish-foundation-models-multilingual-gsm-symbolic-synthetic-est@d34a0ffcb2851179ccac891807fa3a29ccd896f6-synthetic-est_6wXrtAEyXnHkg8GKdQEA4u.eval,vllm/Qwen/Qwen3-4B,est,500,497,499,417,82,0
logs/2026-08-06T01-34-01-00-00_hf-danish-foundation-models-multilingual-gsm-symbolic-synthetic-jpn@d34a0ffcb2851179ccac891807fa3a29ccd896f6-synthetic-jpn_BBCexqtwER9TnxkUmMDyLB.eval,vllm/Qwen/Qwen3-4B,jpn,500,500,500,456,44,0
logs/2026-08-06T02-31-28-00-00_hf-danish-foundation-models-multilingual-gsm-symbolic-synthetic-dan@d34a0ffcb2851179ccac891807fa3a29ccd896f6-synthetic-dan_eXpoVe4afA553gK9MQqAHa.eval,vllm/Qwen/Qwen3-4B,dan,500,499,499,420,79,0
logs/2026-08-06T02-31-29-00-00_hf-danish-foundation-models-multilingual-gsm-symbolic-synthetic-deu@d34a0ffcb2851179ccac891807fa3a29ccd896f6-synthetic-deu_AdTUDAgrZ29SWx76CrA7FA.eval,vllm/Qwen/Qwen3-4B,deu,500,500,500,419,81,0
logs/2026-08-06T02-31-29-00-00_hf-danish-foundation-models-multilingual-gsm-symbolic-synthetic-jpn@d34a0ffcb2851179ccac891807fa3a29ccd896f6-synthetic-jpn_j6qm4QWZAAKnDbJHGrLzXR.eval,vllm/Qwen/Qwen3-4B,jpn,500,500,500,414,86,0
logs/2026-08-06T02-31-30-00-00_hf-danish-foundation-models-multilingual-gsm-symbolic-synthetic-est@d34a0ffcb2851179ccac891807fa3a29ccd896f6-synthetic-est_TD9CDW4UteNndGKrq5uA5s.eval,vllm/Qwen/Qwen3-4B,est,500,499,499,353,146,0
logs/2026-08-06T02-58-27-00-00_hf-danish-foundation-models-multilingual-gsm-symbolic-synthetic-dan@d34a0ffcb2851179ccac891807fa3a29ccd896f6-synthetic-dan_ebkPdNKr3L7dajXrdH2EqZ.eval,vllm/Qwen/Qwen3-8B,dan,500,500,500,464,36,0
logs/2026-08-06T02-58-27-00-00_hf-danish-foundation-models-multilingual-gsm-symbolic-synthetic-deu@d34a0ffcb2851179ccac891807fa3a29ccd896f6-synthetic-deu_AhDc5EfbS9q2neijKxiAFd.eval,vllm/Qwen/Qwen3-8B,deu,500,500,500,459,41,0
logs/2026-08-06T02-58-27-00-00_hf-danish-foundation-models-multilingual-gsm-symbolic-synthetic-jpn@d34a0ffcb2851179ccac891807fa3a29ccd896f6-synthetic-jpn_DbyvCH8ybajiCLF4yCgRdo.eval,vllm/Qwen/Qwen3-8B,jpn,500,500,500,448,52,0
logs/2026-08-06T02-58-28-00-00_hf-danish-foundation-models-multilingual-gsm-symbolic-synthetic-est@d34a0ffcb2851179ccac891807fa3a29ccd896f6-synthetic-est_YHvxYrGzrhaJLwMS4oRw8h.eval,vllm/Qwen/Qwen3-8B,est,500,500,500,440,60,0
logs/2026-08-06T03-41-33-00-00_hf-danish-foundation-models-multilingual-gsm-symbolic-synthetic-dan@d34a0ffcb2851179ccac891807fa3a29ccd896f6-synthetic-dan_MhMfLemi5Bptb69Bzm966F.eval,vllm/Qwen/Qwen3-8B,dan,500,499,499,443,56,0
logs/2026-08-06T03-41-33-00-00_hf-danish-foundation-models-multilingual-gsm-symbolic-synthetic-deu@d34a0ffcb2851179ccac891807fa3a29ccd896f6-synthetic-deu_CvTPw3HWr9PrLvueZjG3xC.eval,vllm/Qwen/Qwen3-8B,deu,500,500,500,446,54,0
logs/2026-08-06T03-41-34-00-00_hf-danish-foundation-models-multilingual-gsm-symbolic-synthetic-est@d34a0ffcb2851179ccac891807fa3a29ccd896f6-synthetic-est_TuWujVWvoLYQLyFaJ2xfh3.eval,vllm/Qwen/Qwen3-8B,est,500,499,500,389,111,0
logs/2026-08-06T03-41-34-00-00_hf-danish-foundation-models-multilingual-gsm-symbolic-synthetic-jpn@d34a0ffcb2851179ccac891807fa3a29ccd896f6-synthetic-jpn_7Fuoeb7VFj76cAkojQM9ze.eval,vllm/Qwen/Qwen3-8B,jpn,500,500,500,438,62,0
logs/2026-08-06T04-05-19-00-00_hf-danish-foundation-models-multilingual-gsm-symbolic-synthetic-dan@d34a0ffcb2851179ccac891807fa3a29ccd896f6-synthetic-dan_aU5dW8yzCzgvjbSuKPvYEn.eval,vllm/Qwen/Qwen3-14B,dan,500,500,500,474,26,0
logs/2026-08-06T04-05-19-00-00_hf-danish-foundation-models-multilingual-gsm-symbolic-synthetic-deu@d34a0ffcb2851179ccac891807fa3a29ccd896f6-synthetic-deu_YA8ugAYT36wZBnkCveSGxA.eval,vllm/Qwen/Qwen3-14B,deu,500,500,500,460,40,0
logs/2026-08-06T04-05-19-00-00_hf-danish-foundation-models-multilingual-gsm-symbolic-synthetic-jpn@d34a0ffcb2851179ccac891807fa3a29ccd896f6-synthetic-jpn_hwgctDN8tQYEDn2i2WEmxt.eval,vllm/Qwen/Qwen3-14B,jpn,500,500,500,460,40,0
logs/2026-08-06T04-05-20-00-00_hf-danish-foundation-models-multilingual-gsm-symbolic-synthetic-est@d34a0ffcb2851179ccac891807fa3a29ccd896f6-synthetic-est_DwJL46iKJyeA3tBo7qC6x7.eval,vllm/Qwen/Qwen3-14B,est,500,500,500,458,42,0
logs/2026-08-06T05-06-45-00-00_hf-danish-foundation-models-multilingual-gsm-symbolic-synthetic-dan@d34a0ffcb2851179ccac891807fa3a29ccd896f6-synthetic-dan_FXA898VAUCzZbjqQBGpVms.eval,vllm/Qwen/Qwen3-14B,dan,500,500,500,470,30,0
logs/2026-08-06T05-06-45-00-00_hf-danish-foundation-models-multilingual-gsm-symbolic-synthetic-deu@d34a0ffcb2851179ccac891807fa3a29ccd896f6-synthetic-deu_QcbuP2UacjMRc3qLVkMAYd.eval,vllm/Qwen/Qwen3-14B,deu,500,500,500,460,40,0
logs/2026-08-06T05-06-45-00-00_hf-danish-foundation-models-multilingual-gsm-symbolic-synthetic-jpn@d34a0ffcb2851179ccac891807fa3a29ccd896f6-synthetic-jpn_YXCVfmsdrjQBcTxJJkHeh2.eval,vllm/Qwen/Qwen3-14B,jpn,500,500,500,444,56,0
logs/2026-08-06T05-06-46-00-00_hf-danish-foundation-models-multilingual-gsm-symbolic-synthetic-est@d34a0ffcb2851179ccac891807fa3a29ccd896f6-synthetic-est_9sgXPFXdWhKamZtvoRjL9J.eval,vllm/Qwen/Qwen3-14B,est,500,500,500,432,68,0
logs/2026-08-06T07-45-50-00-00_hf-danish-foundation-models-multilingual-gsm-symbolic-synthetic-deu@d34a0ffcb2851179ccac891807fa3a29ccd896f6-synthetic-deu_WY4vsuqJP2stehtNSSq8zL.eval,vllm/Qwen/Qwen3-4B,deu,500,500,500,458,42,0
logs/2026-08-06T07-45-50-00-00_hf-danish-foundation-models-multilingual-gsm-symbolic-synthetic-jpn@d34a0ffcb2851179ccac891807fa3a29ccd896f6-synthetic-jpn_JnFu2BV9nnkYsKYVkzWrZs.eval,vllm/Qwen/Qwen3-4B,jpn,500,500,500,456,44,0
logs/2026-08-06T08-34-21-00-00_hf-danish-foundation-models-multilingual-gsm-symbolic-synthetic-dan@d34a0ffcb2851179ccac891807fa3a29ccd896f6-synthetic-dan_6p8qhPhwEQ4FNpUrNsYx9M.eval,vllm/Qwen/Qwen3-32B,dan,500,500,500,473,27,0
logs/2026-08-06T08-34-21-00-00_hf-danish-foundation-models-multilingual-gsm-symbolic-synthetic-deu@d34a0ffcb2851179ccac891807fa3a29ccd896f6-synthetic-deu_2QA3TotZMsVmhTxDGPrTuT.eval,vllm/Qwen/Qwen3-32B,deu,500,500,500,467,33,0
logs/2026-08-06T08-34-21-00-00_hf-danish-foundation-models-multilingual-gsm-symbolic-synthetic-jpn@d34a0ffcb2851179ccac891807fa3a29ccd896f6-synthetic-jpn_FDjmRKrvrWbtMRLxif2ryz.eval,vllm/Qwen/Qwen3-32B,jpn,500,500,500,462,38,0
logs/2026-08-06T10-25-43-00-00_hf-danish-foundation-models-multilingual-gsm-symbolic-synthetic-dan@d34a0ffcb2851179ccac891807fa3a29ccd896f6-synthetic-dan_MjJEjmDjrHhJoHMLRfKjwW.eval,vllm/Qwen/Qwen3-32B,dan,500,500,500,462,38,0
logs/2026-08-06T10-25-44-00-00_hf-danish-foundation-models-multilingual-gsm-symbolic-synthetic-deu@d34a0ffcb2851179ccac891807fa3a29ccd896f6-synthetic-deu_2DjDjCMdGXuyVoRSgMRCkV.eval,vllm/Qwen/Qwen3-32B,deu,500,500,500,458,42,0
logs/2026-08-06T10-25-44-00-00_hf-danish-foundation-models-multilingual-gsm-symbolic-synthetic-jpn@d34a0ffcb2851179ccac891807fa3a29ccd896f6-synthetic-jpn_3uRrMp9GGWthCzmyg4Ctqg.eval,vllm/Qwen/Qwen3-32B,jpn,500,500,500,460,40,0
logs/2026-08-06T11-07-41-00-00_hf-danish-foundation-models-multilingual-gsm-symbolic-synthetic-deu@d34a0ffcb2851179ccac891807fa3a29ccd896f6-synthetic-deu_nbhQvKhWW2mWLV4eyazQSD.eval,vllm/Qwen/Qwen3.5-0.8B,deu,500,11,11,0,11,0
logs/2026-08-06T11-07-41-00-00_hf-danish-foundation-models-multilingual-gsm-symbolic-synthetic-jpn@d34a0ffcb2851179ccac891807fa3a29ccd896f6-synthetic-jpn_RqAoh6o3qURkKyHQA8K9GE.eval,vllm/Qwen/Qwen3.5-0.8B,jpn,500,23,23,3,20,0
logs/2026-08-06T11-42-19-00-00_hf-danish-foundation-models-multilingual-gsm-symbolic-synthetic-dan@d34a0ffcb2851179ccac891807fa3a29ccd896f6-synthetic-dan_VQzedEtdeCj2TrQ4eNJdSw.eval,vllm/Qwen/Qwen3.5-0.8B,dan,500,14,14,0,14,0
logs/2026-08-06T11-58-14-00-00_hf-danish-foundation-models-multilingual-gsm-symbolic-synthetic-dan@d34a0ffcb2851179ccac891807fa3a29ccd896f6-synthetic-dan_LGGjgrGLmeK38JPKKVv8ay.eval,vllm/Qwen/Qwen3.5-0.8B,dan,500,422,427,23,404,0
logs/2026-08-06T11-58-15-00-00_hf-danish-foundation-models-multilingual-gsm-symbolic-synthetic-deu@d34a0ffcb2851179ccac891807fa3a29ccd896f6-synthetic-deu_kUz3X6VKWmBDrmD3auMeJn.eval,vllm/Qwen/Qwen3.5-0.8B,deu,500,483,483,55,428,0
logs/2026-08-06T11-58-15-00-00_hf-danish-foundation-models-multilingual-gsm-symbolic-synthetic-jpn@d34a0ffcb2851179ccac891807fa3a29ccd896f6-synthetic-jpn_ERHhGBhEATKPWgiDez4VED.eval,vllm/Qwen/Qwen3.5-0.8B,jpn,500,464,473,47,426,0
logs/2026-08-06T12-48-39-00-00_hf-danish-foundation-models-multilingual-gsm-symbolic-synthetic-dan@d34a0ffcb2851179ccac891807fa3a29ccd896f6-synthetic-dan_iJPCqbgPdug2WzKJfq5bz8.eval,vllm/Qwen/Qwen3.5-4B,dan,500,499,499,466,33,0
logs/2026-08-06T12-48-39-00-00_hf-danish-foundation-models-multilingual-gsm-symbolic-synthetic-deu@d34a0ffcb2851179ccac891807fa3a29ccd896f6-synthetic-deu_HtaPWCCnodGFCtfiFqRqcs.eval,vllm/Qwen/Qwen3.5-4B,deu,500,498,498,466,32,0
logs/2026-08-06T12-48-39-00-00_hf-danish-foundation-models-multilingual-gsm-symbolic-synthetic-jpn@d34a0ffcb2851179ccac891807fa3a29ccd896f6-synthetic-jpn_akfpXrfNFkGamC6wN9PwZr.eval,vllm/Qwen/Qwen3.5-4B,jpn,500,500,500,461,39,0
logs/2026-08-06T13-51-26-00-00_hf-danish-foundation-models-multilingual-gsm-symbolic-synthetic-dan@d34a0ffcb2851179ccac891807fa3a29ccd896f6-synthetic-dan_7RYkQa9QVB5Q4cCVAjqGRF.eval,vllm/Qwen/Qwen3.5-4B,dan,500,489,490,436,54,0
logs/2026-08-06T13-51-27-00-00_hf-danish-foundation-models-multilingual-gsm-symbolic-synthetic-deu@d34a0ffcb2851179ccac891807fa3a29ccd896f6-synthetic-deu_TriGh83BtZZibLgYkyM8RT.eval,vllm/Qwen/Qwen3.5-4B,deu,500,499,499,448,51,0
logs/2026-08-06T13-51-27-00-00_hf-danish-foundation-models-multilingual-gsm-symbolic-synthetic-jpn@d34a0ffcb2851179ccac891807fa3a29ccd896f6-synthetic-jpn_R277LKzmvEWXmFFTeNKkmk.eval,vllm/Qwen/Qwen3.5-4B,jpn,500,494,496,419,77,0
logs/2026-08-06T15-02-13-00-00_hf-danish-foundation-models-multilingual-gsm-symbolic-synthetic-dan@d34a0ffcb2851179ccac891807fa3a29ccd896f6-synthetic-dan_HdvUK29SjBu6Fy5uEBmd5L.eval,vllm/Qwen/Qwen3.5-9B,dan,500,500,500,476,24,0
logs/2026-08-06T15-02-13-00-00_hf-danish-foundation-models-multilingual-gsm-symbolic-synthetic-jpn@d34a0ffcb2851179ccac891807fa3a29ccd896f6-synthetic-jpn_mgeZD25Q5nnaVNt7tojChM.eval,vllm/Qwen/Qwen3.5-9B,jpn,500,499,499,469,30,0
logs/2026-08-06T15-50-14-00-00_hf-danish-foundation-models-multilingual-gsm-symbolic-synthetic-deu@d34a0ffcb2851179ccac891807fa3a29ccd896f6-synthetic-deu_FRc7ciBaSKvFRZCJtrVbYb.eval,vllm/Qwen/Qwen3.5-9B,deu,500,500,500,476,24,0
logs/2026-08-06T16-13-26-00-00_hf-danish-foundation-models-multilingual-gsm-symbolic-synthetic-dan@d34a0ffcb2851179ccac891807fa3a29ccd896f6-synthetic-dan_HNy9Do6hY27naKtsyNpvDF.eval,vllm/Qwen/Qwen3.5-9B,dan,500,499,499,453,46,0
logs/2026-08-06T16-13-26-00-00_hf-danish-foundation-models-multilingual-gsm-symbolic-synthetic-deu@d34a0ffcb2851179ccac891807fa3a29ccd896f6-synthetic-deu_3y3Z6Aj5TUaLjGc2oj6FkE.eval,vllm/Qwen/Qwen3.5-9B,deu,500,500,500,459,41,0
logs/2026-08-06T16-13-26-00-00_hf-danish-foundation-models-multilingual-gsm-symbolic-synthetic-jpn@d34a0ffcb2851179ccac891807fa3a29ccd896f6-synthetic-jpn_99YNzX3kX7wLJ5CDBT3tzT.eval,vllm/Qwen/Qwen3.5-9B,jpn,500,498,499,443,56,0
logs/2026-08-06T16-41-22-00-00_hf-danish-foundation-models-multilingual-gsm-symbolic-synthetic-dan@d34a0ffcb2851179ccac891807fa3a29ccd896f6-synthetic-dan_auQzp5xyBtxpxgCjwYLwGe.eval,vllm/Qwen/Qwen3.5-27B,dan,500,500,500,488,12,0
logs/2026-08-06T16-41-22-00-00_hf-danish-foundation-models-multilingual-gsm-symbolic-synthetic-deu@d34a0ffcb2851179ccac891807fa3a29ccd896f6-synthetic-deu_dvN8ZSKdWyPJuif3G3kBcN.eval,vllm/Qwen/Qwen3.5-27B,deu,500,500,500,473,27,0
logs/2026-08-06T16-41-22-00-00_hf-danish-foundation-models-multilingual-gsm-symbolic-synthetic-jpn@d34a0ffcb2851179ccac891807fa3a29ccd896f6-synthetic-jpn_meEoBDZuiHVHaYPMZWPqcm.eval,vllm/Qwen/Qwen3.5-27B,jpn,500,500,500,475,25,0
logs/2026-08-08T06-45-14-00-00_hf-danish-foundation-models-multilingual-gsm-symbolic-synthetic-jpn@d34a0ffcb2851179ccac891807fa3a29ccd896f6-synthetic-jpn_hiC2XUvgFV7MKhnRPi9Sp3.eval,vllm/Qwen/Qwen3.5-27B,jpn,500,500,500,482,18,0
logs/2026-08-08T08-08-30-00-00_hf-danish-foundation-models-multilingual-gsm-symbolic-synthetic-deu@d34a0ffcb2851179ccac891807fa3a29ccd896f6-synthetic-deu_fKMnhVPfcz3FPSnSxR5fYB.eval,vllm/Qwen/Qwen3.5-27B,deu,500,500,500,471,29,0
logs/2026-08-08T08-08-47-00-00_hf-danish-foundation-models-multilingual-gsm-symbolic-synthetic-dan@d34a0ffcb2851179ccac891807fa3a29ccd896f6-synthetic-dan_apSoxfuyy9BHFpUsm3yyL5.eval,vllm/Qwen/Qwen3.5-27B,dan,500,500,500,487,13,0
logs/2026-08-08T08-26-26-00-00_hf-danish-foundation-models-multilingual-gsm-symbolic-synthetic-dan@d34a0ffcb2851179ccac891807fa3a29ccd896f6-synthetic-dan_YumMuhnE6JytPMYTvJugds.eval,vllm/allenai/OLMo-2-0425-1B-Instruct,dan,500,307,319,7,312,0
logs/2026-08-08T08-26-27-00-00_hf-danish-foundation-models-multilingual-gsm-symbolic-synthetic-deu@d34a0ffcb2851179ccac891807fa3a29ccd896f6-synthetic-deu_7HAUCXGGduPFyqJgzi6FZX.eval,vllm/allenai/OLMo-2-0425-1B-Instruct,deu,500,427,429,68,361,0
logs/2026-08-08T08-26-27-00-00_hf-danish-foundation-models-multilingual-gsm-symbolic-synthetic-jpn@d34a0ffcb2851179ccac891807fa3a29ccd896f6-synthetic-jpn_M5gxAKyHBhcSzTxDq2itiC.eval,vllm/allenai/OLMo-2-0425-1B-Instruct,jpn,500,374,389,7,382,0
logs/2026-08-08T08-39-32-00-00_hf-danish-foundation-models-multilingual-gsm-symbolic-synthetic-dan@d34a0ffcb2851179ccac891807fa3a29ccd896f6-synthetic-dan_Zi3CgAbA4B76AhrWgXLwWN.eval,vllm/allenai/OLMo-2-1124-7B-Instruct,dan,500,431,442,102,340,0
logs/2026-08-08T08-39-33-00-00_hf-danish-foundation-models-multilingual-gsm-symbolic-synthetic-deu@d34a0ffcb2851179ccac891807fa3a29ccd896f6-synthetic-deu_bnGh6qKWc7LRAYaTDfKGxR.eval,vllm/allenai/OLMo-2-1124-7B-Instruct,deu,500,489,489,240,249,0
logs/2026-08-08T08-39-33-00-00_hf-danish-foundation-models-multilingual-gsm-symbolic-synthetic-jpn@d34a0ffcb2851179ccac891807fa3a29ccd896f6-synthetic-jpn_gy9VV3RTooyX38dmKTB3TR.eval,vllm/allenai/OLMo-2-1124-7B-Instruct,jpn,500,414,418,88,330,0
logs/2026-08-08T09-01-10-00-00_hf-danish-foundation-models-multilingual-gsm-symbolic-synthetic-dan@d34a0ffcb2851179ccac891807fa3a29ccd896f6-synthetic-dan_Y9n7E7iaYPgWJCVfcV4ZSJ.eval,vllm/allenai/OLMo-2-1124-13B-Instruct,dan,500,495,494,259,235,0
logs/2026-08-08T09-01-10-00-00_hf-danish-foundation-models-multilingual-gsm-symbolic-synthetic-deu@d34a0ffcb2851179ccac891807fa3a29ccd896f6-synthetic-deu_J42QtwCFZidQpgLqytCqLp.eval,vllm/allenai/OLMo-2-1124-13B-Instruct,deu,500,499,499,358,141,0
logs/2026-08-08T09-01-10-00-00_hf-danish-foundation-models-multilingual-gsm-symbolic-synthetic-jpn@d34a0ffcb2851179ccac891807fa3a29ccd896f6-synthetic-jpn_LaRcqw6didNxbZVv362SaZ.eval,vllm/allenai/OLMo-2-1124-13B-Instruct,jpn,500,494,494,177,317,0
logs/2026-08-08T09-26-51-00-00_hf-danish-foundation-models-multilingual-gsm-symbolic-synthetic-dan@d34a0ffcb2851179ccac891807fa3a29ccd896f6-synthetic-dan_4wqPDbUM9xkDKVb865ebUo.eval,vllm/allenai/OLMo-2-0325-32B-Instruct,dan,500,500,500,348,152,0
logs/2026-08-08T09-26-51-00-00_hf-danish-foundation-models-multilingual-gsm-symbolic-synthetic-deu@d34a0ffcb2851179ccac891807fa3a29ccd896f6-synthetic-deu_3eT6eYEM7gydiWgWVJDych.eval,vllm/allenai/OLMo-2-0325-32B-Instruct,deu,500,500,500,349,151,0
logs/2026-08-08T09-26-52-00-00_hf-danish-foundation-models-multilingual-gsm-symbolic-synthetic-jpn@d34a0ffcb2851179ccac891807fa3a29ccd896f6-synthetic-jpn_3KZs3uH3NPwSYS5nzibNjT.eval,vllm/allenai/OLMo-2-0325-32B-Instruct,jpn,500,499,500,260,240,0
logs/2026-08-08T10-01-06-00-00_hf-danish-foundation-models-multilingual-gsm-symbolic-synthetic-dan@d34a0ffcb2851179ccac891807fa3a29ccd896f6-synthetic-dan_4HF7GBuB46atuSygBymw4d.eval,vllm/allenai/Olmo-3-7B-Think,dan,500,500,500,374,126,0
logs/2026-08-08T12-38-52-00-00_hf-danish-foundation-models-multilingual-gsm-symbolic-synthetic-jpn@d34a0ffcb2851179ccac891807fa3a29ccd896f6-synthetic-jpn_c7wXaMc3HBJb6KaVx6KtX3.eval,vllm/allenai/Olmo-3-7B-Think,jpn,500,500,500,410,90,0
logs/2026-08-08T12-56-07-00-00_hf-danish-foundation-models-multilingual-gsm-symbolic-synthetic-deu@d34a0ffcb2851179ccac891807fa3a29ccd896f6-synthetic-deu_kjMr2rwa9ZPtNzkXKrujys.eval,vllm/allenai/Olmo-3-7B-Think,deu,500,500,500,451,49,0
logs/2026-08-08T13-21-30-00-00_hf-danish-foundation-models-multilingual-gsm-symbolic-synthetic-dan@d34a0ffcb2851179ccac891807fa3a29ccd896f6-synthetic-dan_8T6knXWZ5mSBkxo2Jz9nzs.eval,vllm/allenai/Olmo-3-7B-Instruct,dan,500,500,500,250,250,0
logs/2026-08-08T13-21-31-00-00_hf-danish-foundation-models-multilingual-gsm-symbolic-synthetic-deu@d34a0ffcb2851179ccac891807fa3a29ccd896f6-synthetic-deu_aiLT4i43fPYrUPoc7wZNdK.eval,vllm/allenai/Olmo-3-7B-Instruct,deu,500,500,500,352,148,0
logs/2026-08-08T13-21-31-00-00_hf-danish-foundation-models-multilingual-gsm-symbolic-synthetic-jpn@d34a0ffcb2851179ccac891807fa3a29ccd896f6-synthetic-jpn_n4pxzk3BXBkWBKv2tXJLHo.eval,vllm/allenai/Olmo-3-7B-Instruct,jpn,500,500,500,293,207,0
logs/2026-08-08T14-09-45-00-00_hf-danish-foundation-models-multilingual-gsm-symbolic-synthetic-dan@d34a0ffcb2851179ccac891807fa3a29ccd896f6-synthetic-dan_8ZaVhmvT6q2TdjW4bdeseA.eval,vllm/allenai/Olmo-3-32B-Think,dan,500,500,500,460,40,0
logs/2026-08-08T14-09-45-00-00_hf-danish-foundation-models-multilingual-gsm-symbolic-synthetic-deu@d34a0ffcb2851179ccac891807fa3a29ccd896f6-synthetic-deu_3i4mSkauofw8BmTfAsvaak.eval,vllm/allenai/Olmo-3-32B-Think,deu,500,500,500,458,42,0
logs/2026-08-08T14-09-45-00-00_hf-danish-foundation-models-multilingual-gsm-symbolic-synthetic-jpn@d34a0ffcb2851179ccac891807fa3a29ccd896f6-synthetic-jpn_aBZ64hdAReGA66vHSmvku6.eval,vllm/allenai/Olmo-3-32B-Think,jpn,500,496,496,449,47,0
logs/2026-08-08T17-45-56-00-00_hf-danish-foundation-models-multilingual-gsm-symbolic-synthetic-dan@d34a0ffcb2851179ccac891807fa3a29ccd896f6-synthetic-dan_aM9gJLRxfLUhCcoTZyWW3x.eval,vllm/allenai/Olmo-3.1-32B-Instruct,dan,500,500,500,426,74,0
logs/2026-08-08T17-45-56-00-00_hf-danish-foundation-models-multilingual-gsm-symbolic-synthetic-deu@d34a0ffcb2851179ccac891807fa3a29ccd896f6-synthetic-deu_i6Dpw7zCSHckPJojVTvudA.eval,vllm/allenai/Olmo-3.1-32B-Instruct,deu,500,498,498,448,50,0
logs/2026-08-08T17-45-56-00-00_hf-danish-foundation-models-multilingual-gsm-symbolic-synthetic-jpn@d34a0ffcb2851179ccac891807fa3a29ccd896f6-synthetic-jpn_oR3zcaoDE26FZaW4qXezGF.eval,vllm/allenai/Olmo-3.1-32B-Instruct,jpn,500,499,499,415,84,0
logs/2026-08-08T19-20-44-00-00_hf-danish-foundation-models-multilingual-gsm-symbolic-synthetic-dan@d34a0ffcb2851179ccac891807fa3a29ccd896f6-synthetic-dan_NmbNz83zMPAatA72t8LUXZ.eval,vllm/ibm-granite/granite-3.2-2b-instruct,dan,500,497,496,78,418,0
logs/2026-08-08T19-20-45-00-00_hf-danish-foundation-models-multilingual-gsm-symbolic-synthetic-deu@d34a0ffcb2851179ccac891807fa3a29ccd896f6-synthetic-deu_8p8x5ddzoYKwK4nNkdTTEZ.eval,vllm/ibm-granite/granite-3.2-2b-instruct,deu,500,500,500,238,262,0
logs/2026-08-08T19-20-45-00-00_hf-danish-foundation-models-multilingual-gsm-symbolic-synthetic-jpn@d34a0ffcb2851179ccac891807fa3a29ccd896f6-synthetic-jpn_nRzKAU3YEbevfi6ajXVWtW.eval,vllm/ibm-granite/granite-3.2-2b-instruct,jpn,500,496,498,105,393,0
logs/2026-08-08T19-32-59-00-00_hf-danish-foundation-models-multilingual-gsm-symbolic-synthetic-dan@d34a0ffcb2851179ccac891807fa3a29ccd896f6-synthetic-dan_CBshPDrR33u5cwnfZDCCM3.eval,vllm/ibm-granite/granite-3.2-2b-instruct,dan,500,482,484,70,414,0
logs/2026-08-08T19-32-59-00-00_hf-danish-foundation-models-multilingual-gsm-symbolic-synthetic-deu@d34a0ffcb2851179ccac891807fa3a29ccd896f6-synthetic-deu_JrtwFH5Hr743kJWAMDJz6k.eval,vllm/ibm-granite/granite-3.2-2b-instruct,deu,500,500,500,227,273,0
logs/2026-08-08T19-33-00-00-00_hf-danish-foundation-models-multilingual-gsm-symbolic-synthetic-jpn@d34a0ffcb2851179ccac891807fa3a29ccd896f6-synthetic-jpn_9vSCkgas8MmsqniFS9rPLg.eval,vllm/ibm-granite/granite-3.2-2b-instruct,jpn,500,491,493,82,411,0
logs/2026-08-08T19-47-46-00-00_hf-danish-foundation-models-multilingual-gsm-symbolic-synthetic-dan@d34a0ffcb2851179ccac891807fa3a29ccd896f6-synthetic-dan_dLKzSH6nV9CtqXsp45gmF5.eval,vllm/ibm-granite/granite-3.2-8b-instruct,dan,500,500,500,291,209,0
logs/2026-08-08T19-47-46-00-00_hf-danish-foundation-models-multilingual-gsm-symbolic-synthetic-deu@d34a0ffcb2851179ccac891807fa3a29ccd896f6-synthetic-deu_4vizWNK5E8J2YHn6mhekEa.eval,vllm/ibm-granite/granite-3.2-8b-instruct,deu,500,500,500,380,120,0
logs/2026-08-08T19-47-46-00-00_hf-danish-foundation-models-multilingual-gsm-symbolic-synthetic-jpn@d34a0ffcb2851179ccac891807fa3a29ccd896f6-synthetic-jpn_kEuMSoAVsbrvt7VkyVf4wQ.eval,vllm/ibm-granite/granite-3.2-8b-instruct,jpn,500,500,500,254,246,0
logs/2026-08-08T20-00-48-00-00_hf-danish-foundation-models-multilingual-gsm-symbolic-synthetic-dan@d34a0ffcb2851179ccac891807fa3a29ccd896f6-synthetic-dan_SoZtgMnQDGLMAUpJPdRV6H.eval,vllm/ibm-granite/granite-3.2-8b-instruct,dan,500,498,499,222,277,0
logs/2026-08-08T20-00-48-00-00_hf-danish-foundation-models-multilingual-gsm-symbolic-synthetic-deu@d34a0ffcb2851179ccac891807fa3a29ccd896f6-synthetic-deu_oC4qi5T4rkTCCgLrkqJBKF.eval,vllm/ibm-granite/granite-3.2-8b-instruct,deu,500,499,500,321,179,0
logs/2026-08-08T20-00-48-00-00_hf-danish-foundation-models-multilingual-gsm-symbolic-synthetic-jpn@d34a0ffcb2851179ccac891807fa3a29ccd896f6-synthetic-jpn_UP9kk46HXD3R32JHQ9dS9v.eval,vllm/ibm-granite/granite-3.2-8b-instruct,jpn,500,500,500,226,274,0
logs/2026-08-08T20-13-21-00-00_hf-danish-foundation-models-multilingual-gsm-symbolic-synthetic-dan@d34a0ffcb2851179ccac891807fa3a29ccd896f6-synthetic-dan_ZDQrgifGL6MBwBgvQn3KAR.eval,vllm/google/gemma-3-1b-it,dan,500,495,495,143,352,0
logs/2026-08-08T20-13-21-00-00_hf-danish-foundation-models-multilingual-gsm-symbolic-synthetic-deu@d34a0ffcb2851179ccac891807fa3a29ccd896f6-synthetic-deu_NCZUVhdpiTskyZed4pemWK.eval,vllm/google/gemma-3-1b-it,deu,500,493,493,141,352,0
logs/2026-08-08T20-13-21-00-00_hf-danish-foundation-models-multilingual-gsm-symbolic-synthetic-jpn@d34a0ffcb2851179ccac891807fa3a29ccd896f6-synthetic-jpn_7BS4eqAiPZvdZZYAzYdqVU.eval,vllm/google/gemma-3-1b-it,jpn,500,382,386,60,326,0
logs/2026-08-09T03-03-13-00-00_hf-danish-foundation-models-multilingual-gsm-symbolic-synthetic-dan@d34a0ffcb2851179ccac891807fa3a29ccd896f6-synthetic-dan_UNJHoJDvCQ5fm8YZQBp36Y.eval,vllm/google/gemma-3-27b-it,dan,500,500,500,473,27,0
logs/2026-08-09T03-03-13-00-00_hf-danish-foundation-models-multilingual-gsm-symbolic-synthetic-deu@d34a0ffcb2851179ccac891807fa3a29ccd896f6-synthetic-deu_X8PSHrFKBLHpzMvgEc4CS5.eval,vllm/google/gemma-3-27b-it,deu,500,499,499,456,43,0
logs/2026-08-09T03-03-13-00-00_hf-danish-foundation-models-multilingual-gsm-symbolic-synthetic-jpn@d34a0ffcb2851179ccac891807fa3a29ccd896f6-synthetic-jpn_C7h5AgkRWUqXG9Hh4BrxRJ.eval,vllm/google/gemma-3-27b-it,jpn,500,499,499,450,49,0
logs/2026-08-09T03-38-56-00-00_hf-danish-foundation-models-multilingual-gsm-symbolic-synthetic-dan@d34a0ffcb2851179ccac891807fa3a29ccd896f6-synthetic-dan_HX6EKsgfvXbJGpZTy2NfhQ.eval,vllm/swiss-ai/Apertus-8B-Instruct-2509,dan,500,346,368,160,208,0
logs/2026-08-09T03-38-56-00-00_hf-danish-foundation-models-multilingual-gsm-symbolic-synthetic-deu@d34a0ffcb2851179ccac891807fa3a29ccd896f6-synthetic-deu_4ArEwKM7rbDkvJpa6cieXf.eval,vllm/swiss-ai/Apertus-8B-Instruct-2509,deu,500,432,444,233,211,0
logs/2026-08-09T03-38-57-00-00_hf-danish-foundation-models-multilingual-gsm-symbolic-synthetic-jpn@d34a0ffcb2851179ccac891807fa3a29ccd896f6-synthetic-jpn_884qks2wNKo6WnpP6PbgMz.eval,vllm/swiss-ai/Apertus-8B-Instruct-2509,jpn,500,262,317,79,238,0
logs/2026-08-09T04-01-38-00-00_hf-danish-foundation-models-multilingual-gsm-symbolic-synthetic-jpn@d34a0ffcb2851179ccac891807fa3a29ccd896f6-synthetic-jpn_eQ6RSgmKgunaSjQfz6Rbo4.eval,vllm/swiss-ai/Apertus-70B-Instruct-2509,jpn,500,429,452,217,235,0
logs/2026-08-17T20-29-55-00-00_hf-danish-foundation-models-multilingual-gsm-symbolic-synthetic-dan@d34a0ffcb2851179ccac891807fa3a29ccd896f6-synthetic-dan_empQAwwDsKYKnce49ZP5ag.eval,vllm/google/gemma-3-4b-it,dan,500,500,500,394,106,0
logs/2026-08-17T20-29-55-00-00_hf-danish-foundation-models-multilingual-gsm-symbolic-synthetic-deu@d34a0ffcb2851179ccac891807fa3a29ccd896f6-synthetic-deu_M5EdxySiL2KpLp2tq8AsRg.eval,vllm/google/gemma-3-4b-it,deu,500,500,500,397,103,0
logs/2026-08-17T20-29-56-00-00_hf-danish-foundation-models-multilingual-gsm-symbolic-synthetic-jpn@d34a0ffcb2851179ccac891807fa3a29ccd896f6-synthetic-jpn_7R6oWWkhKvaUpmhFFCxHJf.eval,vllm/google/gemma-3-4b-it,jpn,500,498,498,303,195,0
logs/2026-08-17T20-51-25-00-00_hf-danish-foundation-models-multilingual-gsm-symbolic-synthetic-dan@d34a0ffcb2851179ccac891807fa3a29ccd896f6-synthetic-dan_PSedkso8jzoEFPkYohHkrV.eval,vllm/google/gemma-3-12b-it,dan,500,498,498,463,35,0
logs/2026-08-17T20-51-25-00-00_hf-danish-foundation-models-multilingual-gsm-symbolic-synthetic-deu@d34a0ffcb2851179ccac891807fa3a29ccd896f6-synthetic-deu_TyVdh2VvGN8WYCbR9CBwEi.eval,vllm/google/gemma-3-12b-it,deu,500,499,499,450,49,0
logs/2026-08-17T20-51-25-00-00_hf-danish-foundation-models-multilingual-gsm-symbolic-synthetic-jpn@d34a0ffcb2851179ccac891807fa3a29ccd896f6-synthetic-jpn_DakMMp5kEanjBChF5nJTpg.eval,vllm/google/gemma-3-12b-it,jpn,500,499,499,437,62,0
logs/2026-08-18T02-04-25-00-00_hf-danish-foundation-models-multilingual-gsm-symbolic-synthetic-dan@d34a0ffcb2851179ccac891807fa3a29ccd896f6-synthetic-dan_HWUCaMjS4ihoniwRUpw4rp.eval,vllm/swiss-ai/Apertus-70B-Instruct-2509,dan,500,442,443,296,147,0
logs/2026-08-18T02-04-25-00-00_hf-danish-foundation-models-multilingual-gsm-symbolic-synthetic-deu@d34a0ffcb2851179ccac891807fa3a29ccd896f6-synthetic-deu_8cDxihmyYXnQGH4EEP5EeV.eval,vllm/swiss-ai/Apertus-70B-Instruct-2509,deu,500,483,483,330,153,0
logs/2026-08-18T02-04-25-00-00_hf-danish-foundation-models-multilingual-gsm-symbolic-synthetic-jpn@d34a0ffcb2851179ccac891807fa3a29ccd896f6-synthetic-jpn_ZMdU45SehcSfetQ2ZqFUHY.eval,vllm/swiss-ai/Apertus-70B-Instruct-2509,jpn,500,474,477,254,223,0
logs/2026-08-18T06-11-49-00-00_hf-danish-foundation-models-multilingual-gsm-symbolic-synthetic-dan@d34a0ffcb2851179ccac891807fa3a29ccd896f6-synthetic-dan_dyzY4ua5CCJiJPbb5Lku54.eval,vllm/utter-project/EuroLLM-1.7B-Instruct,dan,500,107,177,3,174,0
logs/2026-08-18T06-11-50-00-00_hf-danish-foundation-models-multilingual-gsm-symbolic-synthetic-deu@d34a0ffcb2851179ccac891807fa3a29ccd896f6-synthetic-deu_3PdWqGhKnjECaBRBfHfYa4.eval,vllm/utter-project/EuroLLM-1.7B-Instruct,deu,500,124,182,1,181,0
logs/2026-08-18T06-11-50-00-00_hf-danish-foundation-models-multilingual-gsm-symbolic-synthetic-jpn@d34a0ffcb2851179ccac891807fa3a29ccd896f6-synthetic-jpn_aVUTY5Gr2DmPLjtLPKoUNB.eval,vllm/utter-project/EuroLLM-1.7B-Instruct,jpn,500,205,310,0,310,0
logs/2026-08-18T06-34-37-00-00_hf-danish-foundation-models-multilingual-gsm-symbolic-synthetic-dan@d34a0ffcb2851179ccac891807fa3a29ccd896f6-synthetic-dan_QPUMiRrUjHcYj2HtivnnMf.eval,vllm/utter-project/EuroLLM-9B-Instruct-2512,dan,500,493,494,255,239,0
logs/2026-08-18T06-34-37-00-00_hf-danish-foundation-models-multilingual-gsm-symbolic-synthetic-deu@d34a0ffcb2851179ccac891807fa3a29ccd896f6-synthetic-deu_QPgZjVRYoi76JuNBBXq5cm.eval,vllm/utter-project/EuroLLM-9B-Instruct-2512,deu,500,494,494,287,207,0
logs/2026-08-18T06-34-37-00-00_hf-danish-foundation-models-multilingual-gsm-symbolic-synthetic-jpn@d34a0ffcb2851179ccac891807fa3a29ccd896f6-synthetic-jpn_9az2K3oDoe6BHh75k9TN2h.eval,vllm/utter-project/EuroLLM-9B-Instruct-2512,jpn,500,483,489,180,309,0
logs/2026-08-18T07-17-03-00-00_hf-danish-foundation-models-multilingual-gsm-symbolic-synthetic-dan@d34a0ffcb2851179ccac891807fa3a29ccd896f6-synthetic-dan_EFARF8cBskw74vBx8PFEeY.eval,vllm/utter-project/EuroLLM-22B-Instruct-2512,dan,500,454,462,319,143,0
logs/2026-08-18T07-17-03-00-00_hf-danish-foundation-models-multilingual-gsm-symbolic-synthetic-deu@d34a0ffcb2851179ccac891807fa3a29ccd896f6-synthetic-deu_iTBYYvKK6XXTRppEkEbXKS.eval,vllm/utter-project/EuroLLM-22B-Instruct-2512,deu,500,489,489,333,156,0
logs/2026-08-18T07-17-03-00-00_hf-danish-foundation-models-multilingual-gsm-symbolic-synthetic-jpn@d34a0ffcb2851179ccac891807fa3a29ccd896f6-synthetic-jpn_edis7GY6pQTaWQssZQdHrY.eval,vllm/utter-project/EuroLLM-22B-Instruct-2512,jpn,500,389,404,200,204,0
logs/2026-08-31T19-02-46-00-00_hf-danish-foundation-models-multilingual-gsm-symbolic-synthetic-isl@0850f21ea3197a67221af050c288883caabd36f6-synthetic-isl_UVmspEELfqpU9FiRpYXWeV.eval,vllm/utter-project/EuroLLM-1.7B-Instruct,isl,500,120,414,5,409,0
logs/2026-08-31T19-32-05-00-00_hf-danish-foundation-models-multilingual-gsm-symbolic-synthetic-isl@0850f21ea3197a67221af050c288883caabd36f6-synthetic-isl_mdCaqqi68ErLDYMpdU6sWu.eval,vllm/Qwen/Qwen3-4B,isl,500,500,500,342,158,0
logs/2026-08-31T19-53-06-00-00_hf-danish-foundation-models-multilingual-gsm-symbolic-synthetic-isl@0850f21ea3197a67221af050c288883caabd36f6-synthetic-isl_XKwauT8fhomA8qNWcSqQPH.eval,vllm/Qwen/Qwen3-4B,isl,500,496,497,272,225,0
logs/2026-08-31T20-02-14-00-00_hf-danish-foundation-models-multilingual-gsm-symbolic-synthetic-isl@0850f21ea3197a67221af050c288883caabd36f6-synthetic-isl_FdpBcrQgdodkZAjgSRV8kN.eval,vllm/Qwen/Qwen3-8B,isl,500,499,500,388,112,0
logs/2026-08-31T20-15-40-00-00_hf-danish-foundation-models-multilingual-gsm-symbolic-synthetic-isl@0850f21ea3197a67221af050c288883caabd36f6-synthetic-isl_aaDYKTWxg8UA8M72vUYt63.eval,vllm/Qwen/Qwen3-8B,isl,500,500,500,327,173,0
logs/2026-08-31T20-31-50-00-00_hf-danish-foundation-models-multilingual-gsm-symbolic-synthetic-isl@0850f21ea3197a67221af050c288883caabd36f6-synthetic-isl_DcTErPJzjjKYsJWjENwhZW.eval,vllm/Qwen/Qwen3-14B,isl,500,496,500,414,86,0
logs/2026-08-31T20-57-07-00-00_hf-danish-foundation-models-multilingual-gsm-symbolic-synthetic-isl@0850f21ea3197a67221af050c288883caabd36f6-synthetic-isl_CDmS4vP8nNZptUyqU2eD7c.eval,vllm/Qwen/Qwen3-14B,isl,500,499,499,383,116,0
logs/2026-08-31T21-14-20-00-00_hf-danish-foundation-models-multilingual-gsm-symbolic-synthetic-isl@0850f21ea3197a67221af050c288883caabd36f6-synthetic-isl_njFakKgYggnuft2ZZ8B8wz.eval,vllm/Qwen/Qwen3-32B,isl,500,500,500,416,84,0
logs/2026-08-31T21-55-48-00-00_hf-danish-foundation-models-multilingual-gsm-symbolic-synthetic-isl@0850f21ea3197a67221af050c288883caabd36f6-synthetic-isl_VNQoE8AwuhUksa8sw2ySMc.eval,vllm/Qwen/Qwen3-32B,isl,500,500,500,389,111,0
logs/2026-08-31T22-21-08-00-00_hf-danish-foundation-models-multilingual-gsm-symbolic-synthetic-isl@0850f21ea3197a67221af050c288883caabd36f6-synthetic-isl_7SY6jfDPiougXUQojouQ7a.eval,vllm/Qwen/Qwen3.5-0.8B,isl,500,70,71,1,70,0
logs/2026-08-31T22-46-26-00-00_hf-danish-foundation-models-multilingual-gsm-symbolic-synthetic-isl@0850f21ea3197a67221af050c288883caabd36f6-synthetic-isl_av7D2EYRmh5xgTSU2MYWLg.eval,vllm/Qwen/Qwen3.5-0.8B,isl,500,347,356,7,349,0
logs/2026-08-31T23-00-31-00-00_hf-danish-foundation-models-multilingual-gsm-symbolic-synthetic-isl@0850f21ea3197a67221af050c288883caabd36f6-synthetic-isl_WThHD952uAHT8DDjxhaLwf.eval,vllm/Qwen/Qwen3.5-4B,isl,500,495,496,400,96,0
logs/2026-08-31T23-24-33-00-00_hf-danish-foundation-models-multilingual-gsm-symbolic-synthetic-isl@0850f21ea3197a67221af050c288883caabd36f6-synthetic-isl_3mm2XR6HAumJiUErPyJF5t.eval,vllm/Qwen/Qwen3.5-4B,isl,500,483,484,300,184,0
logs/2026-09-02T17-23-28-00-00_hf-danish-foundation-models-multilingual-gsm-symbolic-synthetic-isl@0850f21ea3197a67221af050c288883caabd36f6-synthetic-isl_nndJh7tKNMFfCJsEdehJGy.eval,vllm/Qwen/Qwen3.5-9B,isl,500,500,500,423,77,0
logs/2026-09-02T17-42-55-00-00_hf-danish-foundation-models-multilingual-gsm-symbolic-synthetic-isl@0850f21ea3197a67221af050c288883caabd36f6-synthetic-isl_FNj9DyDEfd7YPqpibo5Siu.eval,vllm/Qwen/Qwen3.5-9B,isl,500,495,495,393,102,0
logs/2026-09-02T18-06-42-00-00_hf-danish-foundation-models-multilingual-gsm-symbolic-synthetic-isl@0850f21ea3197a67221af050c288883caabd36f6-synthetic-isl_3UBJGrTfQfCd9tcyH4qDxc.eval,vllm/Qwen/Qwen3.5-27B,isl,500,500,500,444,56,0
logs/2026-09-03T00-12-25-00-00_hf-danish-foundation-models-multilingual-gsm-symbolic-synthetic-isl@0850f21ea3197a67221af050c288883caabd36f6-synthetic-isl_aP7XXGcVsaXxRgLr8sctk9.eval,vllm/Qwen/Qwen3.5-27B,isl,500,500,500,432,68,0
logs/2026-09-03T01-24-15-00-00_hf-danish-foundation-models-multilingual-gsm-symbolic-synthetic-isl@0850f21ea3197a67221af050c288883caabd36f6-synthetic-isl_j9ZyP4atsZqdj6pirq6gb8.eval,vllm/allenai/Olmo-3-7B-Think,isl,500,500,500,192,308,0
logs/2026-09-03T02-03-45-00-00_hf-danish-foundation-models-multilingual-gsm-symbolic-synthetic-isl@0850f21ea3197a67221af050c288883caabd36f6-synthetic-isl_EYPTxteAJRiwp6UzaFK8AS.eval,vllm/allenai/Olmo-3-7B-Instruct,isl,500,495,496,84,412,0
logs/2026-09-03T02-17-25-00-00_hf-danish-foundation-models-multilingual-gsm-symbolic-synthetic-isl@0850f21ea3197a67221af050c288883caabd36f6-synthetic-isl_ZNuzj9AuoaCygG78yp5xVW.eval,vllm/allenai/Olmo-3-32B-Think,isl,500,500,500,383,117,0
logs/2026-09-03T03-23-01-00-00_hf-danish-foundation-models-multilingual-gsm-symbolic-synthetic-isl@0850f21ea3197a67221af050c288883caabd36f6-synthetic-isl_mKQsuGrxPCBUQDXcQPCvjf.eval,vllm/allenai/Olmo-3.1-32B-Instruct,isl,500,500,500,258,242,0
logs/2026-09-03T05-16-34-00-00_hf-danish-foundation-models-multilingual-gsm-symbolic-synthetic-isl@0850f21ea3197a67221af050c288883caabd36f6-synthetic-isl_XmRaJzkN4gThoR7WQ9nGLq.eval,vllm/swiss-ai/Apertus-70B-Instruct-2509,isl,500,387,397,180,217,0
logs/2026-09-03T05-18-04-00-00_hf-danish-foundation-models-multilingual-gsm-symbolic-synthetic-isl@0850f21ea3197a67221af050c288883caabd36f6-synthetic-isl_5ezQ5hpV2TY8Zaqera9vQb.eval,vllm/utter-project/EuroLLM-9B-Instruct-2512,isl,500,187,337,17,320,0
logs/2026-09-03T05-47-23-00-00_hf-danish-foundation-models-multilingual-gsm-symbolic-synthetic-isl@0850f21ea3197a67221af050c288883caabd36f6-synthetic-isl_73oLYbSZyFGy6QrMeAeEGa.eval,vllm/utter-project/EuroLLM-22B-Instruct-2512,isl,500,184,343,47,296,0
