model_raw,model,family,params_b,language,split,accuracy,stderr,n_problems,english_accuracy,english_stderr,english_n_problems,transfer_gap,transfer_gap_stderr,performance_recovered,performance_recovered_stderr,language_name,typological_distance_from_english,typological_feature_set,common_crawl_language,common_crawl_crawl,common_crawl_pages,resource_source_path,log10_common_crawl_pages,tokenizer_repo,fertility_tokens_per_character,english_fertility_tokens_per_character,normalized_fertility,n_matched_questions,token_count,non_whitespace_character_count,english_token_count,english_non_whitespace_character_count
swiss-ai/Apertus-70B-Instruct-2509,Apertus-70B-Instruct-2509,Apertus,70.0,ara,original,0.64,0.04824181513244217,100,0.23,0.04229525846816507,100,-0.41000000000000003,0.06415731927193978,2.782608695652174,0.5530202424832606,Arabic,0.34901322303461213,URIEL syntax_knn,ara,CC-MAIN-2026-21,14123579,/work/multilingual-gsm-symbolic/paper/artifacts/figures/transfer_features/languages.csv,7.149944763500101,swiss-ai/Apertus-70B-Instruct-2509,0.42761580913094377,0.3180962076864342,1.3442970987961897,100,7671,17939,6249,19645
swiss-ai/Apertus-70B-Instruct-2509,Apertus-70B-Instruct-2509,Apertus,70.0,ara,synthetic,0.602,0.010947964603728044,2000,0.227,0.009369065572128698,2000,-0.375,0.014409625902823757,2.6519823788546253,0.1196107283740797,Arabic,0.34901322303461213,URIEL syntax_knn,ara,CC-MAIN-2026-21,14123579,/work/multilingual-gsm-symbolic/paper/artifacts/figures/transfer_features/languages.csv,7.149944763500101,swiss-ai/Apertus-70B-Instruct-2509,0.42761580913094377,0.3180962076864342,1.3442970987961897,100,7671,17939,6249,19645
swiss-ai/Apertus-70B-Instruct-2509,Apertus-70B-Instruct-2509,Apertus,70.0,dan,original,0.5525,0.024892941194307645,400,0.23,0.04229525846816507,100,-0.3225,0.04907695396203953,2.402173913043478,0.4548069999709905,Danish,0.11992176734660287,URIEL syntax_knn,dan,CC-MAIN-2026-21,11404389,/work/multilingual-gsm-symbolic/paper/artifacts/figures/transfer_features/languages.csv,7.057072022533615,swiss-ai/Apertus-70B-Instruct-2509,0.4069051167411823,0.3180962076864342,1.279188833154189,100,8191,20130,6249,19645
swiss-ai/Apertus-70B-Instruct-2509,Apertus-70B-Instruct-2509,Apertus,70.0,dan,synthetic,0.597,0.007756467668834473,4000,0.227,0.009369065572128698,2000,-0.37,0.012163148457226103,2.6299559471365637,0.1137983363298364,Danish,0.11992176734660287,URIEL syntax_knn,dan,CC-MAIN-2026-21,11404389,/work/multilingual-gsm-symbolic/paper/artifacts/figures/transfer_features/languages.csv,7.057072022533615,swiss-ai/Apertus-70B-Instruct-2509,0.4069051167411823,0.3180962076864342,1.279188833154189,100,8191,20130,6249,19645
swiss-ai/Apertus-70B-Instruct-2509,Apertus-70B-Instruct-2509,Apertus,70.0,deu,original,0.745,0.021820353332356282,400,0.23,0.04229525846816507,100,-0.515,0.04759219167508218,3.2391304347826084,0.6031594379624144,German,0.09745802098497969,URIEL syntax_knn,deu,CC-MAIN-2026-21,129221452,/work/multilingual-gsm-symbolic/paper/artifacts/figures/transfer_features/languages.csv,8.111334616692115,swiss-ai/Apertus-70B-Instruct-2509,0.32898660376518757,0.3180962076864342,1.0342361707420562,100,7392,22469,6249,19645
swiss-ai/Apertus-70B-Instruct-2509,Apertus-70B-Instruct-2509,Apertus,70.0,deu,synthetic,0.656,0.007511997572342637,4000,0.227,0.009369065572128698,2000,-0.42900000000000005,0.012008725878365652,2.8898678414096914,0.12378033875498898,German,0.09745802098497969,URIEL syntax_knn,deu,CC-MAIN-2026-21,129221452,/work/multilingual-gsm-symbolic/paper/artifacts/figures/transfer_features/languages.csv,8.111334616692115,swiss-ai/Apertus-70B-Instruct-2509,0.32898660376518757,0.3180962076864342,1.0342361707420562,100,7392,22469,6249,19645
swiss-ai/Apertus-70B-Instruct-2509,Apertus-70B-Instruct-2509,Apertus,70.0,est,original,0.63,0.048523658709390974,100,0.23,0.04229525846816507,100,-0.4,0.06436951408418697,2.7391304347826084,0.5461029592120134,Estonian,0.22659791675913576,URIEL syntax_knn,est,CC-MAIN-2026-21,3089989,/work/multilingual-gsm-symbolic/paper/artifacts/figures/transfer_features/languages.csv,6.489956933389947,swiss-ai/Apertus-70B-Instruct-2509,0.43691427444016967,0.3180962076864342,1.3735287120142636,100,8858,20274,6249,19645
swiss-ai/Apertus-70B-Instruct-2509,Apertus-70B-Instruct-2509,Apertus,70.0,est,synthetic,0.561,0.011099599116647202,2000,0.227,0.009369065572128698,2000,-0.3340000000000001,0.014525167477351943,2.47136563876652,0.11311611549617041,Estonian,0.22659791675913576,URIEL syntax_knn,est,CC-MAIN-2026-21,3089989,/work/multilingual-gsm-symbolic/paper/artifacts/figures/transfer_features/languages.csv,6.489956933389947,swiss-ai/Apertus-70B-Instruct-2509,0.43691427444016967,0.3180962076864342,1.3735287120142636,100,8858,20274,6249,19645
swiss-ai/Apertus-70B-Instruct-2509,Apertus-70B-Instruct-2509,Apertus,70.0,fra,original,0.76,0.04292346959909278,100,0.23,0.04229525846816507,100,-0.53,0.06026037778933294,3.3043478260869565,0.6356573988987465,French,0.18824593690905445,URIEL syntax_knn,fra,CC-MAIN-2026-21,102728618,/work/multilingual-gsm-symbolic/paper/artifacts/figures/transfer_features/languages.csv,8.011691445624011,swiss-ai/Apertus-70B-Instruct-2509,0.3289925522900593,0.3180962076864342,1.0342548711374964,100,7377,22423,6249,19645
swiss-ai/Apertus-70B-Instruct-2509,Apertus-70B-Instruct-2509,Apertus,70.0,fra,synthetic,0.661,0.010587518489895864,2000,0.227,0.009369065572128698,2000,-0.43400000000000005,0.014137713304093207,2.9118942731277535,0.1289167929700482,French,0.18824593690905445,URIEL syntax_knn,fra,CC-MAIN-2026-21,102728618,/work/multilingual-gsm-symbolic/paper/artifacts/figures/transfer_features/languages.csv,8.011691445624011,swiss-ai/Apertus-70B-Instruct-2509,0.3289925522900593,0.3180962076864342,1.0342548711374964,100,7377,22423,6249,19645
swiss-ai/Apertus-70B-Instruct-2509,Apertus-70B-Instruct-2509,Apertus,70.0,hin,original,0.55,0.05,100,0.23,0.04229525846816507,100,-0.32000000000000006,0.06548960901462834,2.391304347826087,0.4905432465443979,Hindi,0.3838046008442838,URIEL syntax_knn,hin,CC-MAIN-2026-21,4774018,/work/multilingual-gsm-symbolic/paper/artifacts/figures/transfer_features/languages.csv,6.678884052141607,swiss-ai/Apertus-70B-Instruct-2509,0.5126067302862883,0.3180962076864342,1.611483311965776,100,10206,19910,6249,19645
swiss-ai/Apertus-70B-Instruct-2509,Apertus-70B-Instruct-2509,Apertus,70.0,hin,synthetic,0.541,0.011145474902641108,2000,0.227,0.009369065572128698,2000,-0.31400000000000006,0.014560254135840146,2.383259911894273,0.10993834993385768,Hindi,0.3838046008442838,URIEL syntax_knn,hin,CC-MAIN-2026-21,4774018,/work/multilingual-gsm-symbolic/paper/artifacts/figures/transfer_features/languages.csv,6.678884052141607,swiss-ai/Apertus-70B-Instruct-2509,0.5126067302862883,0.3180962076864342,1.611483311965776,100,10206,19910,6249,19645
swiss-ai/Apertus-70B-Instruct-2509,Apertus-70B-Instruct-2509,Apertus,70.0,isl,original,0.57,0.04975698519562431,100,0.23,0.04229525846816507,100,-0.33999999999999997,0.0653042606929017,2.478260869565217,0.5044736368099255,Icelandic,0.13127809128711687,URIEL syntax_knn,isl,CC-MAIN-2026-21,777022,/work/multilingual-gsm-symbolic/paper/artifacts/figures/transfer_features/languages.csv,5.890433315253091,swiss-ai/Apertus-70B-Instruct-2509,0.49651693490271437,0.3180962076864342,1.560901774070063,100,10335,20815,6249,19645
swiss-ai/Apertus-70B-Instruct-2509,Apertus-70B-Instruct-2509,Apertus,70.0,isl,synthetic,0.553,0.011120131683767609,2000,0.227,0.009369065572128698,2000,-0.32600000000000007,0.014540863741854522,2.436123348017621,0.11184582238952934,Icelandic,0.13127809128711687,URIEL syntax_knn,isl,CC-MAIN-2026-21,777022,/work/multilingual-gsm-symbolic/paper/artifacts/figures/transfer_features/languages.csv,5.890433315253091,swiss-ai/Apertus-70B-Instruct-2509,0.49651693490271437,0.3180962076864342,1.560901774070063,100,10335,20815,6249,19645
swiss-ai/Apertus-70B-Instruct-2509,Apertus-70B-Instruct-2509,Apertus,70.0,ita,original,0.72,0.045126085985421296,100,0.23,0.04229525846816507,100,-0.49,0.06184862589623577,3.1304347826086953,0.6081798811572671,Italian,0.14220584589844,URIEL syntax_knn,ita,CC-MAIN-2026-21,53457335,/work/multilingual-gsm-symbolic/paper/artifacts/figures/transfer_features/languages.csv,7.728007304146603,swiss-ai/Apertus-70B-Instruct-2509,0.3503722534955511,0.3180962076864342,1.1014663017955035,100,7718,22028,6249,19645
swiss-ai/Apertus-70B-Instruct-2509,Apertus-70B-Instruct-2509,Apertus,70.0,ita,synthetic,0.664,0.01056445947041073,2000,0.227,0.009369065572128698,2000,-0.43700000000000006,0.014120453023780724,2.9251101321585904,0.12938888450383085,Italian,0.14220584589844,URIEL syntax_knn,ita,CC-MAIN-2026-21,53457335,/work/multilingual-gsm-symbolic/paper/artifacts/figures/transfer_features/languages.csv,7.728007304146603,swiss-ai/Apertus-70B-Instruct-2509,0.3503722534955511,0.3180962076864342,1.1014663017955035,100,7718,22028,6249,19645
swiss-ai/Apertus-70B-Instruct-2509,Apertus-70B-Instruct-2509,Apertus,70.0,jpn,original,0.5375,0.024960808880119947,400,0.23,0.04229525846816507,100,-0.3075,0.049111412816561936,2.3369565217391304,0.4432398879823909,Japanese,0.4998069870609444,URIEL syntax_knn,jpn,CC-MAIN-2026-21,118455052,/work/multilingual-gsm-symbolic/paper/artifacts/figures/transfer_features/languages.csv,8.073553587717582,swiss-ai/Apertus-70B-Instruct-2509,0.8076090876307248,0.3180962076864342,2.53888310553778,100,8958,11092,6249,19645
swiss-ai/Apertus-70B-Instruct-2509,Apertus-70B-Instruct-2509,Apertus,70.0,jpn,synthetic,0.49583333333333335,0.006455286071729085,6000,0.227,0.009369065572128698,2000,-0.26883333333333337,0.011377614335294845,2.184287812041116,0.09453175105835228,Japanese,0.4998069870609444,URIEL syntax_knn,jpn,CC-MAIN-2026-21,118455052,/work/multilingual-gsm-symbolic/paper/artifacts/figures/transfer_features/languages.csv,8.073553587717582,swiss-ai/Apertus-70B-Instruct-2509,0.8076090876307248,0.3180962076864342,2.53888310553778,100,8958,11092,6249,19645
swiss-ai/Apertus-70B-Instruct-2509,Apertus-70B-Instruct-2509,Apertus,70.0,mar,original,0.47,0.0501613558046592,100,0.23,0.04229525846816507,100,-0.23999999999999996,0.06561288368186927,2.043478260869565,0.43448272104142494,Marathi,0.43515421744059357,URIEL syntax_knn,mar,CC-MAIN-2026-21,649289,/work/multilingual-gsm-symbolic/paper/artifacts/figures/transfer_features/languages.csv,5.812438045288022,swiss-ai/Apertus-70B-Instruct-2509,0.5636978057587261,0.3180962076864342,1.7720984788174385,100,12177,21602,6249,19645
swiss-ai/Apertus-70B-Instruct-2509,Apertus-70B-Instruct-2509,Apertus,70.0,mar,synthetic,0.378,0.010845128325852209,2000,0.227,0.009369065572128698,2000,-0.151,0.014331650222463887,1.6651982378854626,0.08370264041261326,Marathi,0.43515421744059357,URIEL syntax_knn,mar,CC-MAIN-2026-21,649289,/work/multilingual-gsm-symbolic/paper/artifacts/figures/transfer_features/languages.csv,5.812438045288022,swiss-ai/Apertus-70B-Instruct-2509,0.5636978057587261,0.3180962076864342,1.7720984788174385,100,12177,21602,6249,19645
swiss-ai/Apertus-70B-Instruct-2509,Apertus-70B-Instruct-2509,Apertus,70.0,nld,original,0.59,0.04943110704237104,100,0.23,0.04229525846816507,100,-0.36,0.06505630816702739,2.5652173913043477,0.5183756060617026,Dutch,0.07570690126642576,URIEL syntax_knn,nld,CC-MAIN-2026-21,39513234,/work/multilingual-gsm-symbolic/paper/artifacts/figures/transfer_features/languages.csv,7.596742576400662,swiss-ai/Apertus-70B-Instruct-2509,0.36721722186137146,0.3180962076864342,1.1544218792553436,100,7915,21554,6249,19645
swiss-ai/Apertus-70B-Instruct-2509,Apertus-70B-Instruct-2509,Apertus,70.0,nld,synthetic,0.597,0.010970673536247411,2000,0.227,0.009369065572128698,2000,-0.37,0.014426886966139526,2.6299559471365637,0.11882002142363145,Dutch,0.07570690126642576,URIEL syntax_knn,nld,CC-MAIN-2026-21,39513234,/work/multilingual-gsm-symbolic/paper/artifacts/figures/transfer_features/languages.csv,7.596742576400662,swiss-ai/Apertus-70B-Instruct-2509,0.36721722186137146,0.3180962076864342,1.1544218792553436,100,7915,21554,6249,19645
swiss-ai/Apertus-70B-Instruct-2509,Apertus-70B-Instruct-2509,Apertus,70.0,nob,original,0.64,0.04824181513244217,100,0.23,0.04229525846816507,100,-0.41000000000000003,0.06415731927193978,2.782608695652174,0.5530202424832606,Norwegian Bokmal,0.10138170956458059,URIEL syntax_knn,nor,CC-MAIN-2026-21,7148610,/work/multilingual-gsm-symbolic/paper/artifacts/figures/transfer_features/languages.csv,6.854221604316353,swiss-ai/Apertus-70B-Instruct-2509,0.4016849706634572,0.3180962076864342,1.262778244308468,100,8010,19941,6249,19645
swiss-ai/Apertus-70B-Instruct-2509,Apertus-70B-Instruct-2509,Apertus,70.0,nob,synthetic,0.5715,0.01106820344788539,2000,0.227,0.009369065572128698,2000,-0.34450000000000003,0.014501190201449993,2.5176211453744495,0.11478179932735558,Norwegian Bokmal,0.10138170956458059,URIEL syntax_knn,nor,CC-MAIN-2026-21,7148610,/work/multilingual-gsm-symbolic/paper/artifacts/figures/transfer_features/languages.csv,6.854221604316353,swiss-ai/Apertus-70B-Instruct-2509,0.4016849706634572,0.3180962076864342,1.262778244308468,100,8010,19941,6249,19645
swiss-ai/Apertus-70B-Instruct-2509,Apertus-70B-Instruct-2509,Apertus,70.0,rus,original,0.72,0.045126085985421296,100,0.23,0.04229525846816507,100,-0.49,0.06184862589623577,3.1304347826086953,0.6081798811572671,Russian,0.18824593690905445,URIEL syntax_knn,rus,CC-MAIN-2026-21,138631119,/work/multilingual-gsm-symbolic/paper/artifacts/figures/transfer_features/languages.csv,8.141860728782362,swiss-ai/Apertus-70B-Instruct-2509,0.3994160858918817,0.3180962076864342,1.2556455444624766,100,8482,21236,6249,19645
swiss-ai/Apertus-70B-Instruct-2509,Apertus-70B-Instruct-2509,Apertus,70.0,rus,synthetic,0.6435,0.010712667997647184,2000,0.227,0.009369065572128698,2000,-0.4165,0.014231677530167039,2.8348017621145374,0.12616091734582044,Russian,0.18824593690905445,URIEL syntax_knn,rus,CC-MAIN-2026-21,138631119,/work/multilingual-gsm-symbolic/paper/artifacts/figures/transfer_features/languages.csv,8.141860728782362,swiss-ai/Apertus-70B-Instruct-2509,0.3994160858918817,0.3180962076864342,1.2556455444624766,100,8482,21236,6249,19645
swiss-ai/Apertus-70B-Instruct-2509,Apertus-70B-Instruct-2509,Apertus,70.0,ukr,original,0.74,0.044084400227680814,100,0.23,0.04229525846816507,100,-0.51,0.061092742877720214,3.2173913043478257,0.6219262220719984,Ukrainian,0.15273132616089036,URIEL syntax_knn,ukr,CC-MAIN-2026-21,17456210,/work/multilingual-gsm-symbolic/paper/artifacts/figures/transfer_features/languages.csv,7.2419499578829365,swiss-ai/Apertus-70B-Instruct-2509,0.4738737895869392,0.3180962076864342,1.4897184503817285,100,10130,21377,6249,19645
swiss-ai/Apertus-70B-Instruct-2509,Apertus-70B-Instruct-2509,Apertus,70.0,ukr,synthetic,0.6115,0.010901527262192389,2000,0.227,0.009369065572128698,2000,-0.38450000000000006,0.014374376033176922,2.693832599118943,0.12111212877206513,Ukrainian,0.15273132616089036,URIEL syntax_knn,ukr,CC-MAIN-2026-21,17456210,/work/multilingual-gsm-symbolic/paper/artifacts/figures/transfer_features/languages.csv,7.2419499578829365,swiss-ai/Apertus-70B-Instruct-2509,0.4738737895869392,0.3180962076864342,1.4897184503817285,100,10130,21377,6249,19645
swiss-ai/Apertus-70B-Instruct-2509,Apertus-70B-Instruct-2509,Apertus,70.0,urd,original,0.49666666666666665,0.028915104019025528,300,0.23,0.04229525846816507,100,-0.2666666666666666,0.051234481839089144,2.1594202898550723,0.41652636471998056,urd,0.3838046008442838,URIEL syntax_knn,urd,CC-MAIN-2026-21,682592,/work/multilingual-gsm-symbolic/paper/artifacts/figures/transfer_features/languages.csv,5.834161194027274,swiss-ai/Apertus-70B-Instruct-2509,0.525825262938665,0.3180962076864342,1.6530384526212314,100,10099,19206,6249,19645
swiss-ai/Apertus-70B-Instruct-2509,Apertus-70B-Instruct-2509,Apertus,70.0,urd,synthetic,0.494,0.011182330806282323,2000,0.227,0.009369065572128698,2000,-0.267,0.014588485595015608,2.1762114537444934,0.10244148459058994,urd,0.3838046008442838,URIEL syntax_knn,urd,CC-MAIN-2026-21,682592,/work/multilingual-gsm-symbolic/paper/artifacts/figures/transfer_features/languages.csv,5.834161194027274,swiss-ai/Apertus-70B-Instruct-2509,0.525825262938665,0.3180962076864342,1.6530384526212314,100,10099,19206,6249,19645
swiss-ai/Apertus-70B-Instruct-2509,Apertus-70B-Instruct-2509,Apertus,70.0,zho,original,0.7,0.046056618647183835,100,0.23,0.04229525846816507,100,-0.47,0.06253080049144591,3.043478260869565,0.5944173241131827,Chinese,0.2892275292349138,URIEL syntax_knn,zho,CC-MAIN-2026-21,102274716,/work/multilingual-gsm-symbolic/paper/artifacts/figures/transfer_features/languages.csv,8.009768282208015,swiss-ai/Apertus-70B-Instruct-2509,1.1658208576503426,0.3180962076864342,3.6649945188895794,100,9189,7882,6249,19645
swiss-ai/Apertus-70B-Instruct-2509,Apertus-70B-Instruct-2509,Apertus,70.0,zho,synthetic,0.631,0.010792485296234349,2000,0.227,0.009369065572128698,2000,-0.404,0.014291855322675285,2.7797356828193833,0.12419024758147987,Chinese,0.2892275292349138,URIEL syntax_knn,zho,CC-MAIN-2026-21,102274716,/work/multilingual-gsm-symbolic/paper/artifacts/figures/transfer_features/languages.csv,8.009768282208015,swiss-ai/Apertus-70B-Instruct-2509,1.1658208576503426,0.3180962076864342,3.6649945188895794,100,9189,7882,6249,19645
swiss-ai/Apertus-8B-Instruct-2509,Apertus-8B-Instruct-2509,Apertus,8.0,ara,original,0.34,0.04760952285695233,100,0.32,0.046882617226215076,100,-0.020000000000000018,0.06681801003207492,1.0625,0.21532995661228022,Arabic,0.34901322303461213,URIEL syntax_knn,ara,CC-MAIN-2026-21,14123579,/work/multilingual-gsm-symbolic/paper/artifacts/figures/transfer_features/languages.csv,7.149944763500101,swiss-ai/Apertus-8B-Instruct-2509,0.42761580913094377,0.3180962076864342,1.3442970987961897,100,7671,17939,6249,19645
swiss-ai/Apertus-8B-Instruct-2509,Apertus-8B-Instruct-2509,Apertus,8.0,ara,synthetic,0.2845,0.010091124337515496,2000,0.252,0.009710568859432852,2000,-0.03249999999999997,0.014004497062336248,1.128968253968254,0.05912784866380452,Arabic,0.34901322303461213,URIEL syntax_knn,ara,CC-MAIN-2026-21,14123579,/work/multilingual-gsm-symbolic/paper/artifacts/figures/transfer_features/languages.csv,7.149944763500101,swiss-ai/Apertus-8B-Instruct-2509,0.42761580913094377,0.3180962076864342,1.3442970987961897,100,7671,17939,6249,19645
swiss-ai/Apertus-8B-Instruct-2509,Apertus-8B-Instruct-2509,Apertus,8.0,dan,original,0.34,0.03358032446172571,200,0.32,0.046882617226215076,100,-0.020000000000000018,0.057668171368048186,1.0625,0.18773296262649913,Danish,0.11992176734660287,URIEL syntax_knn,dan,CC-MAIN-2026-21,11404389,/work/multilingual-gsm-symbolic/paper/artifacts/figures/transfer_features/languages.csv,7.057072022533615,swiss-ai/Apertus-8B-Instruct-2509,0.4069051167411823,0.3180962076864342,1.279188833154189,100,8191,20130,6249,19645
swiss-ai/Apertus-8B-Instruct-2509,Apertus-8B-Instruct-2509,Apertus,8.0,dan,synthetic,0.3055,0.007283934474262954,4000,0.252,0.009710568859432852,2000,-0.05349999999999999,0.012138815798880192,1.2123015873015872,0.054934014034466044,Danish,0.11992176734660287,URIEL syntax_knn,dan,CC-MAIN-2026-21,11404389,/work/multilingual-gsm-symbolic/paper/artifacts/figures/transfer_features/languages.csv,7.057072022533615,swiss-ai/Apertus-8B-Instruct-2509,0.4069051167411823,0.3180962076864342,1.279188833154189,100,8191,20130,6249,19645
swiss-ai/Apertus-8B-Instruct-2509,Apertus-8B-Instruct-2509,Apertus,8.0,deu,original,0.45,0.03526639466921483,200,0.32,0.046882617226215076,100,-0.13,0.05866599007043709,1.40625,0.23365116355587237,German,0.09745802098497969,URIEL syntax_knn,deu,CC-MAIN-2026-21,129221452,/work/multilingual-gsm-symbolic/paper/artifacts/figures/transfer_features/languages.csv,8.111334616692115,swiss-ai/Apertus-8B-Instruct-2509,0.32898660376518757,0.3180962076864342,1.0342361707420562,100,7392,22469,6249,19645
swiss-ai/Apertus-8B-Instruct-2509,Apertus-8B-Instruct-2509,Apertus,8.0,deu,synthetic,0.44025,0.007850024846936747,4000,0.252,0.009710568859432852,2000,-0.18824999999999997,0.012486714446615303,1.7470238095238093,0.07417773551345945,German,0.09745802098497969,URIEL syntax_knn,deu,CC-MAIN-2026-21,129221452,/work/multilingual-gsm-symbolic/paper/artifacts/figures/transfer_features/languages.csv,8.111334616692115,swiss-ai/Apertus-8B-Instruct-2509,0.32898660376518757,0.3180962076864342,1.0342361707420562,100,7392,22469,6249,19645
swiss-ai/Apertus-8B-Instruct-2509,Apertus-8B-Instruct-2509,Apertus,8.0,est,original,0.33,0.04725815626252608,100,0.32,0.046882617226215076,100,-0.010000000000000009,0.06656810896602916,1.03125,0.21127480746845645,Estonian,0.22659791675913576,URIEL syntax_knn,est,CC-MAIN-2026-21,3089989,/work/multilingual-gsm-symbolic/paper/artifacts/figures/transfer_features/languages.csv,6.489956933389947,swiss-ai/Apertus-8B-Instruct-2509,0.43691427444016967,0.3180962076864342,1.3735287120142636,100,8858,20274,6249,19645
swiss-ai/Apertus-8B-Instruct-2509,Apertus-8B-Instruct-2509,Apertus,8.0,est,synthetic,0.3255,0.010479970891894086,2000,0.252,0.009710568859432852,2000,-0.07350000000000001,0.014287229873867584,1.2916666666666667,0.06486026756797039,Estonian,0.22659791675913576,URIEL syntax_knn,est,CC-MAIN-2026-21,3089989,/work/multilingual-gsm-symbolic/paper/artifacts/figures/transfer_features/languages.csv,6.489956933389947,swiss-ai/Apertus-8B-Instruct-2509,0.43691427444016967,0.3180962076864342,1.3735287120142636,100,8858,20274,6249,19645
swiss-ai/Apertus-8B-Instruct-2509,Apertus-8B-Instruct-2509,Apertus,8.0,fra,original,0.34,0.04760952285695234,100,0.32,0.046882617226215076,100,-0.020000000000000018,0.06681801003207492,1.0625,0.21532995661228022,French,0.18824593690905445,URIEL syntax_knn,fra,CC-MAIN-2026-21,102728618,/work/multilingual-gsm-symbolic/paper/artifacts/figures/transfer_features/languages.csv,8.011691445624011,swiss-ai/Apertus-8B-Instruct-2509,0.3289925522900593,0.3180962076864342,1.0342548711374964,100,7377,22423,6249,19645
swiss-ai/Apertus-8B-Instruct-2509,Apertus-8B-Instruct-2509,Apertus,8.0,fra,synthetic,0.3415,0.010606371790639838,2000,0.252,0.009710568859432852,2000,-0.08950000000000002,0.014380204106168576,1.3551587301587302,0.06706982396404043,French,0.18824593690905445,URIEL syntax_knn,fra,CC-MAIN-2026-21,102728618,/work/multilingual-gsm-symbolic/paper/artifacts/figures/transfer_features/languages.csv,8.011691445624011,swiss-ai/Apertus-8B-Instruct-2509,0.3289925522900593,0.3180962076864342,1.0342548711374964,100,7377,22423,6249,19645
swiss-ai/Apertus-8B-Instruct-2509,Apertus-8B-Instruct-2509,Apertus,8.0,hin,original,0.3,0.04605661864718381,100,0.32,0.046882617226215076,100,0.020000000000000018,0.06572055933413773,0.9375,0.19894816926282655,Hindi,0.3838046008442838,URIEL syntax_knn,hin,CC-MAIN-2026-21,4774018,/work/multilingual-gsm-symbolic/paper/artifacts/figures/transfer_features/languages.csv,6.678884052141607,swiss-ai/Apertus-8B-Instruct-2509,0.5126067302862883,0.3180962076864342,1.611483311965776,100,10206,19910,6249,19645
swiss-ai/Apertus-8B-Instruct-2509,Apertus-8B-Instruct-2509,Apertus,8.0,hin,synthetic,0.232,0.009441004516636016,2000,0.252,0.009710568859432852,2000,0.01999999999999999,0.013543548791100828,0.9206349206349207,0.05159556983229743,Hindi,0.3838046008442838,URIEL syntax_knn,hin,CC-MAIN-2026-21,4774018,/work/multilingual-gsm-symbolic/paper/artifacts/figures/transfer_features/languages.csv,6.678884052141607,swiss-ai/Apertus-8B-Instruct-2509,0.5126067302862883,0.3180962076864342,1.611483311965776,100,10206,19910,6249,19645
swiss-ai/Apertus-8B-Instruct-2509,Apertus-8B-Instruct-2509,Apertus,8.0,isl,original,0.3,0.04605661864718382,100,0.32,0.046882617226215076,100,0.020000000000000018,0.06572055933413774,0.9375,0.19894816926282657,Icelandic,0.13127809128711687,URIEL syntax_knn,isl,CC-MAIN-2026-21,777022,/work/multilingual-gsm-symbolic/paper/artifacts/figures/transfer_features/languages.csv,5.890433315253091,swiss-ai/Apertus-8B-Instruct-2509,0.49651693490271437,0.3180962076864342,1.560901774070063,100,10335,20815,6249,19645
swiss-ai/Apertus-8B-Instruct-2509,Apertus-8B-Instruct-2509,Apertus,8.0,isl,synthetic,0.2805,0.010047903023894522,2000,0.252,0.009710568859432852,2000,-0.028500000000000025,0.013973385515020177,1.1130952380952381,0.05856237458909712,Icelandic,0.13127809128711687,URIEL syntax_knn,isl,CC-MAIN-2026-21,777022,/work/multilingual-gsm-symbolic/paper/artifacts/figures/transfer_features/languages.csv,5.890433315253091,swiss-ai/Apertus-8B-Instruct-2509,0.49651693490271437,0.3180962076864342,1.560901774070063,100,10335,20815,6249,19645
swiss-ai/Apertus-8B-Instruct-2509,Apertus-8B-Instruct-2509,Apertus,8.0,ita,original,0.46,0.050090826596203314,100,0.32,0.046882617226215076,100,-0.14,0.06860809505496206,1.4375,0.2624071655227364,Italian,0.14220584589844,URIEL syntax_knn,ita,CC-MAIN-2026-21,53457335,/work/multilingual-gsm-symbolic/paper/artifacts/figures/transfer_features/languages.csv,7.728007304146603,swiss-ai/Apertus-8B-Instruct-2509,0.3503722534955511,0.3180962076864342,1.1014663017955035,100,7718,22028,6249,19645
swiss-ai/Apertus-8B-Instruct-2509,Apertus-8B-Instruct-2509,Apertus,8.0,ita,synthetic,0.452,0.011131484850525949,2000,0.252,0.009710568859432852,2000,-0.2,0.0147717670761245,1.7936507936507937,0.08202628765074914,Italian,0.14220584589844,URIEL syntax_knn,ita,CC-MAIN-2026-21,53457335,/work/multilingual-gsm-symbolic/paper/artifacts/figures/transfer_features/languages.csv,7.728007304146603,swiss-ai/Apertus-8B-Instruct-2509,0.3503722534955511,0.3180962076864342,1.1014663017955035,100,7718,22028,6249,19645
swiss-ai/Apertus-8B-Instruct-2509,Apertus-8B-Instruct-2509,Apertus,8.0,jpn,original,0.215,0.02912242397001745,200,0.32,0.046882617226215076,100,0.10500000000000001,0.05519144295875263,0.671875,0.1340591804920371,Japanese,0.4998069870609444,URIEL syntax_knn,jpn,CC-MAIN-2026-21,118455052,/work/multilingual-gsm-symbolic/paper/artifacts/figures/transfer_features/languages.csv,8.073553587717582,swiss-ai/Apertus-8B-Instruct-2509,0.8076090876307248,0.3180962076864342,2.53888310553778,100,8958,11092,6249,19645
swiss-ai/Apertus-8B-Instruct-2509,Apertus-8B-Instruct-2509,Apertus,8.0,jpn,synthetic,0.1595,0.005789932497843345,4000,0.252,0.009710568859432852,2000,0.0925,0.011305682903008093,0.6329365079365079,0.033507379980164995,Japanese,0.4998069870609444,URIEL syntax_knn,jpn,CC-MAIN-2026-21,118455052,/work/multilingual-gsm-symbolic/paper/artifacts/figures/transfer_features/languages.csv,8.073553587717582,swiss-ai/Apertus-8B-Instruct-2509,0.8076090876307248,0.3180962076864342,2.53888310553778,100,8958,11092,6249,19645
swiss-ai/Apertus-8B-Instruct-2509,Apertus-8B-Instruct-2509,Apertus,8.0,mar,original,0.23,0.042295258468165065,100,0.32,0.046882617226215076,100,0.09,0.06314165571846123,0.71875,0.16899197601573282,Marathi,0.43515421744059357,URIEL syntax_knn,mar,CC-MAIN-2026-21,649289,/work/multilingual-gsm-symbolic/paper/artifacts/figures/transfer_features/languages.csv,5.812438045288022,swiss-ai/Apertus-8B-Instruct-2509,0.5636978057587261,0.3180962076864342,1.7720984788174385,100,12177,21602,6249,19645
swiss-ai/Apertus-8B-Instruct-2509,Apertus-8B-Instruct-2509,Apertus,8.0,mar,synthetic,0.179,0.008574162240654439,2000,0.252,0.009710568859432852,2000,0.07300000000000001,0.01295420417095745,0.7103174603174602,0.0436675579600841,Marathi,0.43515421744059357,URIEL syntax_knn,mar,CC-MAIN-2026-21,649289,/work/multilingual-gsm-symbolic/paper/artifacts/figures/transfer_features/languages.csv,5.812438045288022,swiss-ai/Apertus-8B-Instruct-2509,0.5636978057587261,0.3180962076864342,1.7720984788174385,100,12177,21602,6249,19645
swiss-ai/Apertus-8B-Instruct-2509,Apertus-8B-Instruct-2509,Apertus,8.0,nld,original,0.4,0.049236596391733084,100,0.32,0.046882617226215076,100,-0.08000000000000002,0.06798692684790379,1.25,0.23919187386960394,Dutch,0.07570690126642576,URIEL syntax_knn,nld,CC-MAIN-2026-21,39513234,/work/multilingual-gsm-symbolic/paper/artifacts/figures/transfer_features/languages.csv,7.596742576400662,swiss-ai/Apertus-8B-Instruct-2509,0.36721722186137146,0.3180962076864342,1.1544218792553436,100,7915,21554,6249,19645
swiss-ai/Apertus-8B-Instruct-2509,Apertus-8B-Instruct-2509,Apertus,8.0,nld,synthetic,0.315,0.010389488473229456,2000,0.252,0.009710568859432852,2000,-0.063,0.014220992170349956,1.25,0.06340242169188291,Dutch,0.07570690126642576,URIEL syntax_knn,nld,CC-MAIN-2026-21,39513234,/work/multilingual-gsm-symbolic/paper/artifacts/figures/transfer_features/languages.csv,7.596742576400662,swiss-ai/Apertus-8B-Instruct-2509,0.36721722186137146,0.3180962076864342,1.1544218792553436,100,7915,21554,6249,19645
swiss-ai/Apertus-8B-Instruct-2509,Apertus-8B-Instruct-2509,Apertus,8.0,nob,original,0.41,0.04943110704237103,100,0.32,0.046882617226215076,100,-0.08999999999999997,0.06812792482832676,1.28125,0.24310092695210925,Norwegian Bokmal,0.10138170956458059,URIEL syntax_knn,nor,CC-MAIN-2026-21,7148610,/work/multilingual-gsm-symbolic/paper/artifacts/figures/transfer_features/languages.csv,6.854221604316353,swiss-ai/Apertus-8B-Instruct-2509,0.4016849706634572,0.3180962076864342,1.262778244308468,100,8010,19941,6249,19645
swiss-ai/Apertus-8B-Instruct-2509,Apertus-8B-Instruct-2509,Apertus,8.0,nob,synthetic,0.328,0.010500625294037636,2000,0.252,0.009710568859432852,2000,-0.07600000000000001,0.014302387183249167,1.3015873015873016,0.06520643362368653,Norwegian Bokmal,0.10138170956458059,URIEL syntax_knn,nor,CC-MAIN-2026-21,7148610,/work/multilingual-gsm-symbolic/paper/artifacts/figures/transfer_features/languages.csv,6.854221604316353,swiss-ai/Apertus-8B-Instruct-2509,0.4016849706634572,0.3180962076864342,1.262778244308468,100,8010,19941,6249,19645
swiss-ai/Apertus-8B-Instruct-2509,Apertus-8B-Instruct-2509,Apertus,8.0,rus,original,0.56,0.049888765156985884,100,0.32,0.046882617226215076,100,-0.24000000000000005,0.06846070907366274,1.7500000000000002,0.3000683844618346,Russian,0.18824593690905445,URIEL syntax_knn,rus,CC-MAIN-2026-21,138631119,/work/multilingual-gsm-symbolic/paper/artifacts/figures/transfer_features/languages.csv,8.141860728782362,swiss-ai/Apertus-8B-Instruct-2509,0.3994160858918817,0.3180962076864342,1.2556455444624766,100,8482,21236,6249,19645
swiss-ai/Apertus-8B-Instruct-2509,Apertus-8B-Instruct-2509,Apertus,8.0,rus,synthetic,0.4175,0.011029855114729576,2000,0.252,0.009710568859432852,2000,-0.16549999999999998,0.014695334342086717,1.6567460317460316,0.0774043232909168,Russian,0.18824593690905445,URIEL syntax_knn,rus,CC-MAIN-2026-21,138631119,/work/multilingual-gsm-symbolic/paper/artifacts/figures/transfer_features/languages.csv,8.141860728782362,swiss-ai/Apertus-8B-Instruct-2509,0.3994160858918817,0.3180962076864342,1.2556455444624766,100,8482,21236,6249,19645
swiss-ai/Apertus-8B-Instruct-2509,Apertus-8B-Instruct-2509,Apertus,8.0,ukr,original,0.39,0.049020713000019735,100,0.32,0.046882617226215076,100,-0.07,0.06783074598594728,1.21875,0.23526503983338248,Ukrainian,0.15273132616089036,URIEL syntax_knn,ukr,CC-MAIN-2026-21,17456210,/work/multilingual-gsm-symbolic/paper/artifacts/figures/transfer_features/languages.csv,7.2419499578829365,swiss-ai/Apertus-8B-Instruct-2509,0.4738737895869392,0.3180962076864342,1.4897184503817285,100,10130,21377,6249,19645
swiss-ai/Apertus-8B-Instruct-2509,Apertus-8B-Instruct-2509,Apertus,8.0,ukr,synthetic,0.3635,0.010758333787020019,2000,0.252,0.009710568859432852,2000,-0.11149999999999999,0.014492649635133099,1.4424603174603174,0.07008669935240654,Ukrainian,0.15273132616089036,URIEL syntax_knn,ukr,CC-MAIN-2026-21,17456210,/work/multilingual-gsm-symbolic/paper/artifacts/figures/transfer_features/languages.csv,7.2419499578829365,swiss-ai/Apertus-8B-Instruct-2509,0.4738737895869392,0.3180962076864342,1.4897184503817285,100,10130,21377,6249,19645
swiss-ai/Apertus-8B-Instruct-2509,Apertus-8B-Instruct-2509,Apertus,8.0,urd,original,0.29,0.04560480215720686,100,0.32,0.046882617226215076,100,0.030000000000000027,0.06540472290116195,0.9062499999999999,0.19477989248972308,urd,0.3838046008442838,URIEL syntax_knn,urd,CC-MAIN-2026-21,682592,/work/multilingual-gsm-symbolic/paper/artifacts/figures/transfer_features/languages.csv,5.834161194027274,swiss-ai/Apertus-8B-Instruct-2509,0.525825262938665,0.3180962076864342,1.6530384526212314,100,10099,19206,6249,19645
swiss-ai/Apertus-8B-Instruct-2509,Apertus-8B-Instruct-2509,Apertus,8.0,urd,synthetic,0.2285,0.009390844955832901,2000,0.252,0.009710568859432852,2000,0.023499999999999993,0.013508631187440098,0.9067460317460317,0.05108367446981178,urd,0.3838046008442838,URIEL syntax_knn,urd,CC-MAIN-2026-21,682592,/work/multilingual-gsm-symbolic/paper/artifacts/figures/transfer_features/languages.csv,5.834161194027274,swiss-ai/Apertus-8B-Instruct-2509,0.525825262938665,0.3180962076864342,1.6530384526212314,100,10099,19206,6249,19645
swiss-ai/Apertus-8B-Instruct-2509,Apertus-8B-Instruct-2509,Apertus,8.0,zho,original,0.29,0.045604802157206865,100,0.32,0.046882617226215076,100,0.030000000000000027,0.06540472290116195,0.9062499999999999,0.1947798924897231,Chinese,0.2892275292349138,URIEL syntax_knn,zho,CC-MAIN-2026-21,102274716,/work/multilingual-gsm-symbolic/paper/artifacts/figures/transfer_features/languages.csv,8.009768282208015,swiss-ai/Apertus-8B-Instruct-2509,1.1658208576503426,0.3180962076864342,3.6649945188895794,100,9189,7882,6249,19645
swiss-ai/Apertus-8B-Instruct-2509,Apertus-8B-Instruct-2509,Apertus,8.0,zho,synthetic,0.235,0.009483272970505306,2000,0.252,0.009710568859432852,2000,0.017000000000000015,0.013573047329428404,0.9325396825396824,0.052033234391445915,Chinese,0.2892275292349138,URIEL syntax_knn,zho,CC-MAIN-2026-21,102274716,/work/multilingual-gsm-symbolic/paper/artifacts/figures/transfer_features/languages.csv,8.009768282208015,swiss-ai/Apertus-8B-Instruct-2509,1.1658208576503426,0.3180962076864342,3.6649945188895794,100,9189,7882,6249,19645
utter-project/EuroLLM-1.7B-Instruct,EuroLLM-1.7B-Instruct,EuroLLM,1.7,ara,original,0.0,0.0,100,0.01,0.01,100,0.01,0.01,0.0,0.0,Arabic,0.34901322303461213,URIEL syntax_knn,ara,CC-MAIN-2026-21,14123579,/work/multilingual-gsm-symbolic/paper/artifacts/figures/transfer_features/languages.csv,7.149944763500101,utter-project/EuroLLM-1.7B-Instruct,0.5045431740899716,0.3297022143038941,1.5302996225100343,100,9051,17939,6477,19645
utter-project/EuroLLM-1.7B-Instruct,EuroLLM-1.7B-Instruct,EuroLLM,1.7,ara,synthetic,0.0015,0.0008655920660521371,2000,0.006,0.001727278711115533,2000,0.0045000000000000005,0.001932030375197384,0.25,0.1612208508476516,Arabic,0.34901322303461213,URIEL syntax_knn,ara,CC-MAIN-2026-21,14123579,/work/multilingual-gsm-symbolic/paper/artifacts/figures/transfer_features/languages.csv,7.149944763500101,utter-project/EuroLLM-1.7B-Instruct,0.5045431740899716,0.3297022143038941,1.5302996225100343,100,9051,17939,6477,19645
utter-project/EuroLLM-1.7B-Instruct,EuroLLM-1.7B-Instruct,EuroLLM,1.7,dan,original,0.005,0.005,200,0.01,0.01,100,0.005,0.011180339887498949,0.5,0.7071067811865476,Danish,0.11992176734660287,URIEL syntax_knn,dan,CC-MAIN-2026-21,11404389,/work/multilingual-gsm-symbolic/paper/artifacts/figures/transfer_features/languages.csv,7.057072022533615,utter-project/EuroLLM-1.7B-Instruct,0.36378539493293593,0.3297022143038941,1.103375649754134,100,7323,20130,6477,19645
utter-project/EuroLLM-1.7B-Instruct,EuroLLM-1.7B-Instruct,EuroLLM,1.7,dan,synthetic,0.004,0.0009981227691349224,4000,0.006,0.001727278711115533,2000,0.002,0.0019949287726980388,0.6666666666666666,0.25398192158786115,Danish,0.11992176734660287,URIEL syntax_knn,dan,CC-MAIN-2026-21,11404389,/work/multilingual-gsm-symbolic/paper/artifacts/figures/transfer_features/languages.csv,7.057072022533615,utter-project/EuroLLM-1.7B-Instruct,0.36378539493293593,0.3297022143038941,1.103375649754134,100,7323,20130,6477,19645
utter-project/EuroLLM-1.7B-Instruct,EuroLLM-1.7B-Instruct,EuroLLM,1.7,deu,original,0.005,0.005,200,0.01,0.01,100,0.005,0.011180339887498949,0.5,0.7071067811865476,German,0.09745802098497969,URIEL syntax_knn,deu,CC-MAIN-2026-21,129221452,/work/multilingual-gsm-symbolic/paper/artifacts/figures/transfer_features/languages.csv,8.111334616692115,utter-project/EuroLLM-1.7B-Instruct,0.3222217277137389,0.3297022143038941,0.9773113850449902,100,7240,22469,6477,19645
utter-project/EuroLLM-1.7B-Instruct,EuroLLM-1.7B-Instruct,EuroLLM,1.7,deu,synthetic,0.00225,0.0007492494368897915,4000,0.006,0.001727278711115533,2000,0.0037500000000000003,0.001882781576432223,0.37499999999999994,0.16506970290717352,German,0.09745802098497969,URIEL syntax_knn,deu,CC-MAIN-2026-21,129221452,/work/multilingual-gsm-symbolic/paper/artifacts/figures/transfer_features/languages.csv,8.111334616692115,utter-project/EuroLLM-1.7B-Instruct,0.3222217277137389,0.3297022143038941,0.9773113850449902,100,7240,22469,6477,19645
utter-project/EuroLLM-1.7B-Instruct,EuroLLM-1.7B-Instruct,EuroLLM,1.7,est,original,0.01,0.01,100,0.01,0.01,100,0.0,0.01414213562373095,1.0,1.4142135623730951,Estonian,0.22659791675913576,URIEL syntax_knn,est,CC-MAIN-2026-21,3089989,/work/multilingual-gsm-symbolic/paper/artifacts/figures/transfer_features/languages.csv,6.489956933389947,utter-project/EuroLLM-1.7B-Instruct,0.378465029101312,0.3297022143038941,1.1478995671908714,100,7673,20274,6477,19645
utter-project/EuroLLM-1.7B-Instruct,EuroLLM-1.7B-Instruct,EuroLLM,1.7,est,synthetic,0.005,0.0015775754727384962,2000,0.006,0.001727278711115533,2000,0.001,0.002339281111379953,0.8333333333333334,0.355926554539674,Estonian,0.22659791675913576,URIEL syntax_knn,est,CC-MAIN-2026-21,3089989,/work/multilingual-gsm-symbolic/paper/artifacts/figures/transfer_features/languages.csv,6.489956933389947,utter-project/EuroLLM-1.7B-Instruct,0.378465029101312,0.3297022143038941,1.1478995671908714,100,7673,20274,6477,19645
utter-project/EuroLLM-1.7B-Instruct,EuroLLM-1.7B-Instruct,EuroLLM,1.7,fra,original,0.0,0.0,100,0.01,0.01,100,0.01,0.01,0.0,0.0,French,0.18824593690905445,URIEL syntax_knn,fra,CC-MAIN-2026-21,102728618,/work/multilingual-gsm-symbolic/paper/artifacts/figures/transfer_features/languages.csv,8.011691445624011,utter-project/EuroLLM-1.7B-Instruct,0.35249520581545735,0.3297022143038941,1.0691320546927063,100,7904,22423,6477,19645
utter-project/EuroLLM-1.7B-Instruct,EuroLLM-1.7B-Instruct,EuroLLM,1.7,fra,synthetic,0.0035,0.0013208888574315562,2000,0.006,0.001727278711115533,2000,0.0025,0.0021744514525644807,0.5833333333333334,0.27688562194276917,French,0.18824593690905445,URIEL syntax_knn,fra,CC-MAIN-2026-21,102728618,/work/multilingual-gsm-symbolic/paper/artifacts/figures/transfer_features/languages.csv,8.011691445624011,utter-project/EuroLLM-1.7B-Instruct,0.35249520581545735,0.3297022143038941,1.0691320546927063,100,7904,22423,6477,19645
utter-project/EuroLLM-1.7B-Instruct,EuroLLM-1.7B-Instruct,EuroLLM,1.7,hin,original,0.0,0.0,100,0.01,0.01,100,0.01,0.01,0.0,0.0,Hindi,0.3838046008442838,URIEL syntax_knn,hin,CC-MAIN-2026-21,4774018,/work/multilingual-gsm-symbolic/paper/artifacts/figures/transfer_features/languages.csv,6.678884052141607,utter-project/EuroLLM-1.7B-Instruct,0.46639879457559014,0.3297022143038941,1.414606194138871,100,9286,19910,6477,19645
utter-project/EuroLLM-1.7B-Instruct,EuroLLM-1.7B-Instruct,EuroLLM,1.7,hin,synthetic,0.0035,0.001320888857431557,2000,0.006,0.001727278711115533,2000,0.0025,0.002174451452564481,0.5833333333333334,0.2768856219427693,Hindi,0.3838046008442838,URIEL syntax_knn,hin,CC-MAIN-2026-21,4774018,/work/multilingual-gsm-symbolic/paper/artifacts/figures/transfer_features/languages.csv,6.678884052141607,utter-project/EuroLLM-1.7B-Instruct,0.46639879457559014,0.3297022143038941,1.414606194138871,100,9286,19910,6477,19645
utter-project/EuroLLM-1.7B-Instruct,EuroLLM-1.7B-Instruct,EuroLLM,1.7,isl,original,0.01,0.009999999999999998,100,0.01,0.01,100,0.0,0.01414213562373095,1.0,1.414213562373095,Icelandic,0.13127809128711687,URIEL syntax_knn,isl,CC-MAIN-2026-21,777022,/work/multilingual-gsm-symbolic/paper/artifacts/figures/transfer_features/languages.csv,5.890433315253091,utter-project/EuroLLM-1.7B-Instruct,0.5091520538073505,0.3297022143038941,1.5442785389911071,100,10598,20815,6477,19645
utter-project/EuroLLM-1.7B-Instruct,EuroLLM-1.7B-Instruct,EuroLLM,1.7,isl,synthetic,0.006,0.0017272787111155322,2000,0.006,0.001727278711115533,2000,0.0,0.0024427409792579053,1.0,0.40712349654298424,Icelandic,0.13127809128711687,URIEL syntax_knn,isl,CC-MAIN-2026-21,777022,/work/multilingual-gsm-symbolic/paper/artifacts/figures/transfer_features/languages.csv,5.890433315253091,utter-project/EuroLLM-1.7B-Instruct,0.5091520538073505,0.3297022143038941,1.5442785389911071,100,10598,20815,6477,19645
utter-project/EuroLLM-1.7B-Instruct,EuroLLM-1.7B-Instruct,EuroLLM,1.7,ita,original,0.0,0.0,100,0.01,0.01,100,0.01,0.01,0.0,0.0,Italian,0.14220584589844,URIEL syntax_knn,ita,CC-MAIN-2026-21,53457335,/work/multilingual-gsm-symbolic/paper/artifacts/figures/transfer_features/languages.csv,7.728007304146603,utter-project/EuroLLM-1.7B-Instruct,0.327673869620483,0.3297022143038941,0.9938479494664796,100,7218,22028,6477,19645
utter-project/EuroLLM-1.7B-Instruct,EuroLLM-1.7B-Instruct,EuroLLM,1.7,ita,synthetic,0.003,0.001223212215464689,2000,0.006,0.001727278711115533,2000,0.003,0.0021165395980077884,0.5,0.24956189727257086,Italian,0.14220584589844,URIEL syntax_knn,ita,CC-MAIN-2026-21,53457335,/work/multilingual-gsm-symbolic/paper/artifacts/figures/transfer_features/languages.csv,7.728007304146603,utter-project/EuroLLM-1.7B-Instruct,0.327673869620483,0.3297022143038941,0.9938479494664796,100,7218,22028,6477,19645
utter-project/EuroLLM-1.7B-Instruct,EuroLLM-1.7B-Instruct,EuroLLM,1.7,jpn,original,0.005,0.005,200,0.01,0.01,100,0.005,0.011180339887498949,0.5,0.7071067811865476,Japanese,0.4998069870609444,URIEL syntax_knn,jpn,CC-MAIN-2026-21,118455052,/work/multilingual-gsm-symbolic/paper/artifacts/figures/transfer_features/languages.csv,8.073553587717582,utter-project/EuroLLM-1.7B-Instruct,0.7547782185358817,0.3297022143038941,2.2892725186255047,100,8372,11092,6477,19645
utter-project/EuroLLM-1.7B-Instruct,EuroLLM-1.7B-Instruct,EuroLLM,1.7,jpn,synthetic,0.00475,0.0010872694761320364,4000,0.006,0.001727278711115533,2000,0.0012500000000000002,0.0020409915873421357,0.7916666666666666,0.291167044841814,Japanese,0.4998069870609444,URIEL syntax_knn,jpn,CC-MAIN-2026-21,118455052,/work/multilingual-gsm-symbolic/paper/artifacts/figures/transfer_features/languages.csv,8.073553587717582,utter-project/EuroLLM-1.7B-Instruct,0.7547782185358817,0.3297022143038941,2.2892725186255047,100,8372,11092,6477,19645
utter-project/EuroLLM-1.7B-Instruct,EuroLLM-1.7B-Instruct,EuroLLM,1.7,mar,original,0.01,0.01,100,0.01,0.01,100,0.0,0.01414213562373095,1.0,1.4142135623730951,Marathi,0.43515421744059357,URIEL syntax_knn,mar,CC-MAIN-2026-21,649289,/work/multilingual-gsm-symbolic/paper/artifacts/figures/transfer_features/languages.csv,5.812438045288022,utter-project/EuroLLM-1.7B-Instruct,0.5778631608184427,0.3297022143038941,1.752682074151352,100,12483,21602,6477,19645
utter-project/EuroLLM-1.7B-Instruct,EuroLLM-1.7B-Instruct,EuroLLM,1.7,mar,synthetic,0.0055,0.0016541593398342188,2000,0.006,0.001727278711115533,2000,0.0005000000000000004,0.0023915967192304215,0.9166666666666666,0.38163409379932794,Marathi,0.43515421744059357,URIEL syntax_knn,mar,CC-MAIN-2026-21,649289,/work/multilingual-gsm-symbolic/paper/artifacts/figures/transfer_features/languages.csv,5.812438045288022,utter-project/EuroLLM-1.7B-Instruct,0.5778631608184427,0.3297022143038941,1.752682074151352,100,12483,21602,6477,19645
utter-project/EuroLLM-1.7B-Instruct,EuroLLM-1.7B-Instruct,EuroLLM,1.7,nld,original,0.0,0.0,100,0.01,0.01,100,0.01,0.01,0.0,0.0,Dutch,0.07570690126642576,URIEL syntax_knn,nld,CC-MAIN-2026-21,39513234,/work/multilingual-gsm-symbolic/paper/artifacts/figures/transfer_features/languages.csv,7.596742576400662,utter-project/EuroLLM-1.7B-Instruct,0.3260647675605456,0.3297022143038941,0.9889674785744818,100,7028,21554,6477,19645
utter-project/EuroLLM-1.7B-Instruct,EuroLLM-1.7B-Instruct,EuroLLM,1.7,nld,synthetic,0.0045,0.0014969954902232917,2000,0.006,0.001727278711115533,2000,0.0015000000000000005,0.0022857137273993456,0.7499999999999999,0.32994989538827457,Dutch,0.07570690126642576,URIEL syntax_knn,nld,CC-MAIN-2026-21,39513234,/work/multilingual-gsm-symbolic/paper/artifacts/figures/transfer_features/languages.csv,7.596742576400662,utter-project/EuroLLM-1.7B-Instruct,0.3260647675605456,0.3297022143038941,0.9889674785744818,100,7028,21554,6477,19645
utter-project/EuroLLM-1.7B-Instruct,EuroLLM-1.7B-Instruct,EuroLLM,1.7,nob,original,0.0,0.0,100,0.01,0.01,100,0.01,0.01,0.0,0.0,Norwegian Bokmal,0.10138170956458059,URIEL syntax_knn,nor,CC-MAIN-2026-21,7148610,/work/multilingual-gsm-symbolic/paper/artifacts/figures/transfer_features/languages.csv,6.854221604316353,utter-project/EuroLLM-1.7B-Instruct,0.36417431422696955,0.3297022143038941,1.104555257524906,100,7262,19941,6477,19645
utter-project/EuroLLM-1.7B-Instruct,EuroLLM-1.7B-Instruct,EuroLLM,1.7,nob,synthetic,0.0055,0.0016541593398342195,2000,0.006,0.001727278711115533,2000,0.0005000000000000004,0.002391596719230422,0.9166666666666666,0.381634093799328,Norwegian Bokmal,0.10138170956458059,URIEL syntax_knn,nor,CC-MAIN-2026-21,7148610,/work/multilingual-gsm-symbolic/paper/artifacts/figures/transfer_features/languages.csv,6.854221604316353,utter-project/EuroLLM-1.7B-Instruct,0.36417431422696955,0.3297022143038941,1.104555257524906,100,7262,19941,6477,19645
utter-project/EuroLLM-1.7B-Instruct,EuroLLM-1.7B-Instruct,EuroLLM,1.7,rus,original,0.0,0.0,100,0.01,0.01,100,0.01,0.01,0.0,0.0,Russian,0.18824593690905445,URIEL syntax_knn,rus,CC-MAIN-2026-21,138631119,/work/multilingual-gsm-symbolic/paper/artifacts/figures/transfer_features/languages.csv,8.141860728782362,utter-project/EuroLLM-1.7B-Instruct,0.36019024298361274,0.3297022143038941,1.092471410130164,100,7649,21236,6477,19645
utter-project/EuroLLM-1.7B-Instruct,EuroLLM-1.7B-Instruct,EuroLLM,1.7,rus,synthetic,0.002,0.0009992493430694928,2000,0.006,0.001727278711115533,2000,0.004,0.0019954926698682084,0.3333333333333333,0.19220925608562256,Russian,0.18824593690905445,URIEL syntax_knn,rus,CC-MAIN-2026-21,138631119,/work/multilingual-gsm-symbolic/paper/artifacts/figures/transfer_features/languages.csv,8.141860728782362,utter-project/EuroLLM-1.7B-Instruct,0.36019024298361274,0.3297022143038941,1.092471410130164,100,7649,21236,6477,19645
utter-project/EuroLLM-1.7B-Instruct,EuroLLM-1.7B-Instruct,EuroLLM,1.7,ukr,original,0.0,0.0,100,0.01,0.01,100,0.01,0.01,0.0,0.0,Ukrainian,0.15273132616089036,URIEL syntax_knn,ukr,CC-MAIN-2026-21,17456210,/work/multilingual-gsm-symbolic/paper/artifacts/figures/transfer_features/languages.csv,7.2419499578829365,utter-project/EuroLLM-1.7B-Instruct,0.4144641437058521,0.3297022143038941,1.2570863213063863,100,8860,21377,6477,19645
utter-project/EuroLLM-1.7B-Instruct,EuroLLM-1.7B-Instruct,EuroLLM,1.7,ukr,synthetic,0.004,0.0014117352790977225,2000,0.006,0.001727278711115533,2000,0.002,0.002230804393962425,0.6666666666666666,0.3036350527702352,Ukrainian,0.15273132616089036,URIEL syntax_knn,ukr,CC-MAIN-2026-21,17456210,/work/multilingual-gsm-symbolic/paper/artifacts/figures/transfer_features/languages.csv,7.2419499578829365,utter-project/EuroLLM-1.7B-Instruct,0.4144641437058521,0.3297022143038941,1.2570863213063863,100,8860,21377,6477,19645
utter-project/EuroLLM-1.7B-Instruct,EuroLLM-1.7B-Instruct,EuroLLM,1.7,urd,original,0.0,0.0,100,0.01,0.01,100,0.01,0.01,0.0,0.0,urd,0.3838046008442838,URIEL syntax_knn,urd,CC-MAIN-2026-21,682592,/work/multilingual-gsm-symbolic/paper/artifacts/figures/transfer_features/languages.csv,5.834161194027274,utter-project/EuroLLM-1.7B-Instruct,1.1603665521191295,0.3297022143038941,3.5194381529072563,100,22286,19206,6477,19645
utter-project/EuroLLM-1.7B-Instruct,EuroLLM-1.7B-Instruct,EuroLLM,1.7,urd,synthetic,0.0065,0.0017973564602277864,2000,0.006,0.001727278711115533,2000,-0.0004999999999999996,0.002492785989810496,1.0833333333333333,0.4324333380863885,urd,0.3838046008442838,URIEL syntax_knn,urd,CC-MAIN-2026-21,682592,/work/multilingual-gsm-symbolic/paper/artifacts/figures/transfer_features/languages.csv,5.834161194027274,utter-project/EuroLLM-1.7B-Instruct,1.1603665521191295,0.3297022143038941,3.5194381529072563,100,22286,19206,6477,19645
utter-project/EuroLLM-1.7B-Instruct,EuroLLM-1.7B-Instruct,EuroLLM,1.7,zho,original,0.0,0.0,100,0.01,0.01,100,0.01,0.01,0.0,0.0,Chinese,0.2892275292349138,URIEL syntax_knn,zho,CC-MAIN-2026-21,102274716,/work/multilingual-gsm-symbolic/paper/artifacts/figures/transfer_features/languages.csv,8.009768282208015,utter-project/EuroLLM-1.7B-Instruct,1.058614564831261,0.3297022143038941,3.210820306640439,100,8344,7882,6477,19645
utter-project/EuroLLM-1.7B-Instruct,EuroLLM-1.7B-Instruct,EuroLLM,1.7,zho,synthetic,0.0025,0.0011169148353275147,2000,0.006,0.001727278711115533,2000,0.0035,0.0020569371636604814,0.4166666666666667,0.22145140339527458,Chinese,0.2892275292349138,URIEL syntax_knn,zho,CC-MAIN-2026-21,102274716,/work/multilingual-gsm-symbolic/paper/artifacts/figures/transfer_features/languages.csv,8.009768282208015,utter-project/EuroLLM-1.7B-Instruct,1.058614564831261,0.3297022143038941,3.210820306640439,100,8344,7882,6477,19645
utter-project/EuroLLM-22B-Instruct-2512,EuroLLM-22B-Instruct-2512,EuroLLM,22.0,ara,original,0.5,0.050251890762960605,100,0.61,0.04902071300001973,100,0.10999999999999999,0.07020172952486875,0.819672131147541,0.10547697219701953,Arabic,0.34901322303461213,URIEL syntax_knn,ara,CC-MAIN-2026-21,14123579,/work/multilingual-gsm-symbolic/paper/artifacts/figures/transfer_features/languages.csv,7.149944763500101,utter-project/EuroLLM-22B-Instruct-2512,0.5045431740899716,0.3297022143038941,1.5302996225100343,100,9051,17939,6477,19645
utter-project/EuroLLM-22B-Instruct-2512,EuroLLM-22B-Instruct-2512,EuroLLM,22.0,ara,synthetic,0.452,0.011131484850525944,2000,0.6305,0.010795515113846436,2000,0.17849999999999994,0.015506550278858784,0.7168913560666139,0.021502748837431394,Arabic,0.34901322303461213,URIEL syntax_knn,ara,CC-MAIN-2026-21,14123579,/work/multilingual-gsm-symbolic/paper/artifacts/figures/transfer_features/languages.csv,7.149944763500101,utter-project/EuroLLM-22B-Instruct-2512,0.5045431740899716,0.3297022143038941,1.5302996225100343,100,9051,17939,6477,19645
utter-project/EuroLLM-22B-Instruct-2512,EuroLLM-22B-Instruct-2512,EuroLLM,22.0,dan,original,0.695,0.032637417254205735,200,0.61,0.04902071300001973,100,-0.08499999999999996,0.058891691332949754,1.139344262295082,0.10604653708169945,Danish,0.11992176734660287,URIEL syntax_knn,dan,CC-MAIN-2026-21,11404389,/work/multilingual-gsm-symbolic/paper/artifacts/figures/transfer_features/languages.csv,7.057072022533615,utter-project/EuroLLM-22B-Instruct-2512,0.36378539493293593,0.3297022143038941,1.103375649754134,100,7323,20130,6477,19645
utter-project/EuroLLM-22B-Instruct-2512,EuroLLM-22B-Instruct-2512,EuroLLM,22.0,dan,synthetic,0.633,0.007621828722050052,4000,0.6305,0.010795515113846436,2000,-0.0025000000000000577,0.013214969528589688,1.0039651070578905,0.021015005404279394,Danish,0.11992176734660287,URIEL syntax_knn,dan,CC-MAIN-2026-21,11404389,/work/multilingual-gsm-symbolic/paper/artifacts/figures/transfer_features/languages.csv,7.057072022533615,utter-project/EuroLLM-22B-Instruct-2512,0.36378539493293593,0.3297022143038941,1.103375649754134,100,7323,20130,6477,19645
utter-project/EuroLLM-22B-Instruct-2512,EuroLLM-22B-Instruct-2512,EuroLLM,22.0,deu,original,0.75,0.03069545659012718,200,0.61,0.04902071300001973,100,-0.14,0.05783806150197883,1.2295081967213115,0.11088135965242595,German,0.09745802098497969,URIEL syntax_knn,deu,CC-MAIN-2026-21,129221452,/work/multilingual-gsm-symbolic/paper/artifacts/figures/transfer_features/languages.csv,8.111334616692115,utter-project/EuroLLM-22B-Instruct-2512,0.3222217277137389,0.3297022143038941,0.9773113850449902,100,7240,22469,6477,19645
utter-project/EuroLLM-22B-Instruct-2512,EuroLLM-22B-Instruct-2512,EuroLLM,22.0,deu,synthetic,0.68425,0.007350271491431418,4000,0.6305,0.010795515113846436,2000,-0.053750000000000075,0.013060231145390814,1.0852498017446472,0.021936020321344066,German,0.09745802098497969,URIEL syntax_knn,deu,CC-MAIN-2026-21,129221452,/work/multilingual-gsm-symbolic/paper/artifacts/figures/transfer_features/languages.csv,8.111334616692115,utter-project/EuroLLM-22B-Instruct-2512,0.3222217277137389,0.3297022143038941,0.9773113850449902,100,7240,22469,6477,19645
utter-project/EuroLLM-22B-Instruct-2512,EuroLLM-22B-Instruct-2512,EuroLLM,22.0,est,original,0.62,0.04878317312145634,100,0.61,0.04902071300001973,100,-0.010000000000000009,0.06915799507524985,1.0163934426229508,0.11431134685655397,Estonian,0.22659791675913576,URIEL syntax_knn,est,CC-MAIN-2026-21,3089989,/work/multilingual-gsm-symbolic/paper/artifacts/figures/transfer_features/languages.csv,6.489956933389947,utter-project/EuroLLM-22B-Instruct-2512,0.378465029101312,0.3297022143038941,1.1478995671908714,100,7673,20274,6477,19645
utter-project/EuroLLM-22B-Instruct-2512,EuroLLM-22B-Instruct-2512,EuroLLM,22.0,est,synthetic,0.524,0.011170245619215207,2000,0.6305,0.010795515113846436,2000,0.10649999999999993,0.015534398403764575,0.8310864393338622,0.02272369791534792,Estonian,0.22659791675913576,URIEL syntax_knn,est,CC-MAIN-2026-21,3089989,/work/multilingual-gsm-symbolic/paper/artifacts/figures/transfer_features/languages.csv,6.489956933389947,utter-project/EuroLLM-22B-Instruct-2512,0.378465029101312,0.3297022143038941,1.1478995671908714,100,7673,20274,6477,19645
utter-project/EuroLLM-22B-Instruct-2512,EuroLLM-22B-Instruct-2512,EuroLLM,22.0,fra,original,0.61,0.049020713000019735,100,0.61,0.04902071300001973,100,0.0,0.069325757161827,1.0,0.11364878223250328,French,0.18824593690905445,URIEL syntax_knn,fra,CC-MAIN-2026-21,102728618,/work/multilingual-gsm-symbolic/paper/artifacts/figures/transfer_features/languages.csv,8.011691445624011,utter-project/EuroLLM-22B-Instruct-2512,0.35249520581545735,0.3297022143038941,1.0691320546927063,100,7904,22423,6477,19645
utter-project/EuroLLM-22B-Instruct-2512,EuroLLM-22B-Instruct-2512,EuroLLM,22.0,fra,synthetic,0.625,0.01082802489198888,2000,0.6305,0.010795515113846436,2000,0.005499999999999949,0.015290169051871782,0.9912767644726408,0.024145639616931388,French,0.18824593690905445,URIEL syntax_knn,fra,CC-MAIN-2026-21,102728618,/work/multilingual-gsm-symbolic/paper/artifacts/figures/transfer_features/languages.csv,8.011691445624011,utter-project/EuroLLM-22B-Instruct-2512,0.35249520581545735,0.3297022143038941,1.0691320546927063,100,7904,22423,6477,19645
utter-project/EuroLLM-22B-Instruct-2512,EuroLLM-22B-Instruct-2512,EuroLLM,22.0,hin,original,0.36,0.04824181513244218,100,0.61,0.04902071300001973,100,0.25,0.06877719847669743,0.5901639344262295,0.09221559178928318,Hindi,0.3838046008442838,URIEL syntax_knn,hin,CC-MAIN-2026-21,4774018,/work/multilingual-gsm-symbolic/paper/artifacts/figures/transfer_features/languages.csv,6.678884052141607,utter-project/EuroLLM-22B-Instruct-2512,0.46639879457559014,0.3297022143038941,1.414606194138871,100,9286,19910,6477,19645
utter-project/EuroLLM-22B-Instruct-2512,EuroLLM-22B-Instruct-2512,EuroLLM,22.0,hin,synthetic,0.3195,0.010429010361897447,2000,0.6305,0.010795515113846436,2000,0.31099999999999994,0.015010243292560288,0.506740681998414,0.018678367788972344,Hindi,0.3838046008442838,URIEL syntax_knn,hin,CC-MAIN-2026-21,4774018,/work/multilingual-gsm-symbolic/paper/artifacts/figures/transfer_features/languages.csv,6.678884052141607,utter-project/EuroLLM-22B-Instruct-2512,0.46639879457559014,0.3297022143038941,1.414606194138871,100,9286,19910,6477,19645
utter-project/EuroLLM-22B-Instruct-2512,EuroLLM-22B-Instruct-2512,EuroLLM,22.0,isl,original,0.07,0.02564323999762428,100,0.61,0.04902071300001973,100,0.54,0.05532274451440439,0.11475409836065575,0.04303770680846271,Icelandic,0.13127809128711687,URIEL syntax_knn,isl,CC-MAIN-2026-21,777022,/work/multilingual-gsm-symbolic/paper/artifacts/figures/transfer_features/languages.csv,5.890433315253091,utter-project/EuroLLM-22B-Instruct-2512,0.5091520538073505,0.3297022143038941,1.5442785389911071,100,10598,20815,6477,19645
utter-project/EuroLLM-22B-Instruct-2512,EuroLLM-22B-Instruct-2512,EuroLLM,22.0,isl,synthetic,0.074,0.005854838987520054,2000,0.6305,0.010795515113846436,2000,0.5565,0.012280972524318735,0.11736716891356067,0.009500982655070229,Icelandic,0.13127809128711687,URIEL syntax_knn,isl,CC-MAIN-2026-21,777022,/work/multilingual-gsm-symbolic/paper/artifacts/figures/transfer_features/languages.csv,5.890433315253091,utter-project/EuroLLM-22B-Instruct-2512,0.5091520538073505,0.3297022143038941,1.5442785389911071,100,10598,20815,6477,19645
utter-project/EuroLLM-22B-Instruct-2512,EuroLLM-22B-Instruct-2512,EuroLLM,22.0,ita,original,0.75,0.04351941398892446,100,0.61,0.04902071300001973,100,-0.14,0.06555127532679816,1.2295081967213115,0.12187041425727928,Italian,0.14220584589844,URIEL syntax_knn,ita,CC-MAIN-2026-21,53457335,/work/multilingual-gsm-symbolic/paper/artifacts/figures/transfer_features/languages.csv,7.728007304146603,utter-project/EuroLLM-22B-Instruct-2512,0.327673869620483,0.3297022143038941,0.9938479494664796,100,7218,22028,6477,19645
utter-project/EuroLLM-22B-Instruct-2512,EuroLLM-22B-Instruct-2512,EuroLLM,22.0,ita,synthetic,0.7125,0.01012290035295113,2000,0.6305,0.010795515113846436,2000,-0.08200000000000007,0.014799197888029775,1.1300555114988107,0.02514273988009008,Italian,0.14220584589844,URIEL syntax_knn,ita,CC-MAIN-2026-21,53457335,/work/multilingual-gsm-symbolic/paper/artifacts/figures/transfer_features/languages.csv,7.728007304146603,utter-project/EuroLLM-22B-Instruct-2512,0.327673869620483,0.3297022143038941,0.9938479494664796,100,7218,22028,6477,19645
utter-project/EuroLLM-22B-Instruct-2512,EuroLLM-22B-Instruct-2512,EuroLLM,22.0,jpn,original,0.465,0.03535711566489415,200,0.61,0.04902071300001973,100,0.14499999999999996,0.06044134289682027,0.7622950819672132,0.08433484819291918,Japanese,0.4998069870609444,URIEL syntax_knn,jpn,CC-MAIN-2026-21,118455052,/work/multilingual-gsm-symbolic/paper/artifacts/figures/transfer_features/languages.csv,8.073553587717582,utter-project/EuroLLM-22B-Instruct-2512,0.7547782185358817,0.3297022143038941,2.2892725186255047,100,8372,11092,6477,19645
utter-project/EuroLLM-22B-Instruct-2512,EuroLLM-22B-Instruct-2512,EuroLLM,22.0,jpn,synthetic,0.4245,0.007816022649181175,4000,0.6305,0.010795515113846436,2000,0.20599999999999996,0.013327916439781573,0.6732751784298177,0.016928297732483975,Japanese,0.4998069870609444,URIEL syntax_knn,jpn,CC-MAIN-2026-21,118455052,/work/multilingual-gsm-symbolic/paper/artifacts/figures/transfer_features/languages.csv,8.073553587717582,utter-project/EuroLLM-22B-Instruct-2512,0.7547782185358817,0.3297022143038941,2.2892725186255047,100,8372,11092,6477,19645
utter-project/EuroLLM-22B-Instruct-2512,EuroLLM-22B-Instruct-2512,EuroLLM,22.0,mar,original,0.03,0.017144660799776532,100,0.61,0.04902071300001973,100,0.58,0.05193235693640042,0.04918032786885246,0.028382518556254153,Marathi,0.43515421744059357,URIEL syntax_knn,mar,CC-MAIN-2026-21,649289,/work/multilingual-gsm-symbolic/paper/artifacts/figures/transfer_features/languages.csv,5.812438045288022,utter-project/EuroLLM-22B-Instruct-2512,0.5778631608184427,0.3297022143038941,1.752682074151352,100,12483,21602,6477,19645
utter-project/EuroLLM-22B-Instruct-2512,EuroLLM-22B-Instruct-2512,EuroLLM,22.0,mar,synthetic,0.0205,0.00316936861988699,2000,0.6305,0.010795515113846436,2000,0.61,0.011251135232589252,0.03251387787470262,0.0050574877694336265,Marathi,0.43515421744059357,URIEL syntax_knn,mar,CC-MAIN-2026-21,649289,/work/multilingual-gsm-symbolic/paper/artifacts/figures/transfer_features/languages.csv,5.812438045288022,utter-project/EuroLLM-22B-Instruct-2512,0.5778631608184427,0.3297022143038941,1.752682074151352,100,12483,21602,6477,19645
utter-project/EuroLLM-22B-Instruct-2512,EuroLLM-22B-Instruct-2512,EuroLLM,22.0,nld,original,0.81,0.03942772444036625,100,0.61,0.04902071300001973,100,-0.20000000000000007,0.06290926607087192,1.3278688524590165,0.12475888325189737,Dutch,0.07570690126642576,URIEL syntax_knn,nld,CC-MAIN-2026-21,39513234,/work/multilingual-gsm-symbolic/paper/artifacts/figures/transfer_features/languages.csv,7.596742576400662,utter-project/EuroLLM-22B-Instruct-2512,0.3260647675605456,0.3297022143038941,0.9889674785744818,100,7028,21554,6477,19645
utter-project/EuroLLM-22B-Instruct-2512,EuroLLM-22B-Instruct-2512,EuroLLM,22.0,nld,synthetic,0.6915,0.01033040336176707,2000,0.6305,0.010795515113846436,2000,-0.061000000000000054,0.01494190015326348,1.0967486122125298,0.02492167583324296,Dutch,0.07570690126642576,URIEL syntax_knn,nld,CC-MAIN-2026-21,39513234,/work/multilingual-gsm-symbolic/paper/artifacts/figures/transfer_features/languages.csv,7.596742576400662,utter-project/EuroLLM-22B-Instruct-2512,0.3260647675605456,0.3297022143038941,0.9889674785744818,100,7028,21554,6477,19645
utter-project/EuroLLM-22B-Instruct-2512,EuroLLM-22B-Instruct-2512,EuroLLM,22.0,nob,original,0.74,0.04408440022768081,100,0.61,0.04902071300001973,100,-0.13,0.06592772289761453,1.2131147540983607,0.12135408707637049,Norwegian Bokmal,0.10138170956458059,URIEL syntax_knn,nor,CC-MAIN-2026-21,7148610,/work/multilingual-gsm-symbolic/paper/artifacts/figures/transfer_features/languages.csv,6.854221604316353,utter-project/EuroLLM-22B-Instruct-2512,0.36417431422696955,0.3297022143038941,1.104555257524906,100,7262,19941,6477,19645
utter-project/EuroLLM-22B-Instruct-2512,EuroLLM-22B-Instruct-2512,EuroLLM,22.0,nob,synthetic,0.671,0.010508792383460603,2000,0.6305,0.010795515113846436,2000,-0.04050000000000009,0.015065784544190403,1.0642347343378273,0.024694995857483693,Norwegian Bokmal,0.10138170956458059,URIEL syntax_knn,nor,CC-MAIN-2026-21,7148610,/work/multilingual-gsm-symbolic/paper/artifacts/figures/transfer_features/languages.csv,6.854221604316353,utter-project/EuroLLM-22B-Instruct-2512,0.36417431422696955,0.3297022143038941,1.104555257524906,100,7262,19941,6477,19645
utter-project/EuroLLM-22B-Instruct-2512,EuroLLM-22B-Instruct-2512,EuroLLM,22.0,rus,original,0.71,0.045604802157206865,100,0.61,0.04902071300001973,100,-0.09999999999999998,0.06695392656766504,1.1639344262295082,0.11974270655550441,Russian,0.18824593690905445,URIEL syntax_knn,rus,CC-MAIN-2026-21,138631119,/work/multilingual-gsm-symbolic/paper/artifacts/figures/transfer_features/languages.csv,8.141860728782362,utter-project/EuroLLM-22B-Instruct-2512,0.36019024298361274,0.3297022143038941,1.092471410130164,100,7649,21236,6477,19645
utter-project/EuroLLM-22B-Instruct-2512,EuroLLM-22B-Instruct-2512,EuroLLM,22.0,rus,synthetic,0.6,0.010957190790298747,2000,0.6305,0.010795515113846436,2000,0.03049999999999997,0.015381910693678289,0.9516256938937352,0.023822368928255275,Russian,0.18824593690905445,URIEL syntax_knn,rus,CC-MAIN-2026-21,138631119,/work/multilingual-gsm-symbolic/paper/artifacts/figures/transfer_features/languages.csv,8.141860728782362,utter-project/EuroLLM-22B-Instruct-2512,0.36019024298361274,0.3297022143038941,1.092471410130164,100,7649,21236,6477,19645
utter-project/EuroLLM-22B-Instruct-2512,EuroLLM-22B-Instruct-2512,EuroLLM,22.0,ukr,original,0.73,0.04461960433384737,100,0.61,0.04902071300001973,100,-0.12,0.06628679652796168,1.1967213114754098,0.1208274511859988,Ukrainian,0.15273132616089036,URIEL syntax_knn,ukr,CC-MAIN-2026-21,17456210,/work/multilingual-gsm-symbolic/paper/artifacts/figures/transfer_features/languages.csv,7.2419499578829365,utter-project/EuroLLM-22B-Instruct-2512,0.4144641437058521,0.3297022143038941,1.2570863213063863,100,8860,21377,6477,19645
utter-project/EuroLLM-22B-Instruct-2512,EuroLLM-22B-Instruct-2512,EuroLLM,22.0,ukr,synthetic,0.689,0.010353409899558413,2000,0.6305,0.010795515113846436,2000,-0.058499999999999996,0.01495781545285143,1.092783505154639,0.02489461326328219,Ukrainian,0.15273132616089036,URIEL syntax_knn,ukr,CC-MAIN-2026-21,17456210,/work/multilingual-gsm-symbolic/paper/artifacts/figures/transfer_features/languages.csv,7.2419499578829365,utter-project/EuroLLM-22B-Instruct-2512,0.4144641437058521,0.3297022143038941,1.2570863213063863,100,8860,21377,6477,19645
utter-project/EuroLLM-22B-Instruct-2512,EuroLLM-22B-Instruct-2512,EuroLLM,22.0,urd,original,0.05,0.02190429135575903,100,0.61,0.04902071300001973,100,0.5599999999999999,0.0536919759631575,0.0819672131147541,0.03650783369811648,urd,0.3838046008442838,URIEL syntax_knn,urd,CC-MAIN-2026-21,682592,/work/multilingual-gsm-symbolic/paper/artifacts/figures/transfer_features/languages.csv,5.834161194027274,utter-project/EuroLLM-22B-Instruct-2512,1.1603665521191295,0.3297022143038941,3.5194381529072563,100,22286,19206,6477,19645
utter-project/EuroLLM-22B-Instruct-2512,EuroLLM-22B-Instruct-2512,EuroLLM,22.0,urd,synthetic,0.0405,0.00440903558586214,2000,0.6305,0.010795515113846436,2000,0.59,0.011661163808586412,0.06423473433782713,0.007078881295565324,urd,0.3838046008442838,URIEL syntax_knn,urd,CC-MAIN-2026-21,682592,/work/multilingual-gsm-symbolic/paper/artifacts/figures/transfer_features/languages.csv,5.834161194027274,utter-project/EuroLLM-22B-Instruct-2512,1.1603665521191295,0.3297022143038941,3.5194381529072563,100,22286,19206,6477,19645
utter-project/EuroLLM-22B-Instruct-2512,EuroLLM-22B-Instruct-2512,EuroLLM,22.0,zho,original,0.72,0.045126085985421296,100,0.61,0.04902071300001973,100,-0.10999999999999999,0.06662877711165004,1.180327868852459,0.12029037119045605,Chinese,0.2892275292349138,URIEL syntax_knn,zho,CC-MAIN-2026-21,102274716,/work/multilingual-gsm-symbolic/paper/artifacts/figures/transfer_features/languages.csv,8.009768282208015,utter-project/EuroLLM-22B-Instruct-2512,1.058614564831261,0.3297022143038941,3.210820306640439,100,8344,7882,6477,19645
utter-project/EuroLLM-22B-Instruct-2512,EuroLLM-22B-Instruct-2512,EuroLLM,22.0,zho,synthetic,0.588,0.01100856913032519,2000,0.6305,0.010795515113846436,2000,0.04249999999999998,0.015418551840897235,0.9325931800158604,0.02366074342805939,Chinese,0.2892275292349138,URIEL syntax_knn,zho,CC-MAIN-2026-21,102274716,/work/multilingual-gsm-symbolic/paper/artifacts/figures/transfer_features/languages.csv,8.009768282208015,utter-project/EuroLLM-22B-Instruct-2512,1.058614564831261,0.3297022143038941,3.210820306640439,100,8344,7882,6477,19645
utter-project/EuroLLM-9B-Instruct-2512,EuroLLM-9B-Instruct-2512,EuroLLM,9.0,ara,original,0.57,0.049756985195624284,100,0.54,0.050090826596203314,100,-0.029999999999999916,0.07060345943966545,1.0555555555555554,0.13445235757985338,Arabic,0.34901322303461213,URIEL syntax_knn,ara,CC-MAIN-2026-21,14123579,/work/multilingual-gsm-symbolic/paper/artifacts/figures/transfer_features/languages.csv,7.149944763500101,utter-project/EuroLLM-9B-Instruct-2512,0.5045431740899716,0.3297022143038941,1.5302996225100343,100,9051,17939,6477,19645
utter-project/EuroLLM-9B-Instruct-2512,EuroLLM-9B-Instruct-2512,EuroLLM,9.0,ara,synthetic,0.4855,0.011178432523249337,2000,0.5125,0.011179640744835758,2000,0.02699999999999997,0.01580954524521279,0.9473170731707318,0.030046216506185053,Arabic,0.34901322303461213,URIEL syntax_knn,ara,CC-MAIN-2026-21,14123579,/work/multilingual-gsm-symbolic/paper/artifacts/figures/transfer_features/languages.csv,7.149944763500101,utter-project/EuroLLM-9B-Instruct-2512,0.5045431740899716,0.3297022143038941,1.5302996225100343,100,9051,17939,6477,19645
utter-project/EuroLLM-9B-Instruct-2512,EuroLLM-9B-Instruct-2512,EuroLLM,9.0,dan,original,0.605,0.034653706828922715,200,0.54,0.050090826596203314,100,-0.06499999999999995,0.0609095255774976,1.1203703703703702,0.1221431421173487,Danish,0.11992176734660287,URIEL syntax_knn,dan,CC-MAIN-2026-21,11404389,/work/multilingual-gsm-symbolic/paper/artifacts/figures/transfer_features/languages.csv,7.057072022533615,utter-project/EuroLLM-9B-Instruct-2512,0.36378539493293593,0.3297022143038941,1.103375649754134,100,7323,20130,6477,19645
utter-project/EuroLLM-9B-Instruct-2512,EuroLLM-9B-Instruct-2512,EuroLLM,9.0,dan,synthetic,0.53675,0.007885296687567484,4000,0.5125,0.011179640744835758,2000,-0.024249999999999994,0.013680726261224385,1.0473170731707317,0.027543997402434326,Danish,0.11992176734660287,URIEL syntax_knn,dan,CC-MAIN-2026-21,11404389,/work/multilingual-gsm-symbolic/paper/artifacts/figures/transfer_features/languages.csv,7.057072022533615,utter-project/EuroLLM-9B-Instruct-2512,0.36378539493293593,0.3297022143038941,1.103375649754134,100,7323,20130,6477,19645
utter-project/EuroLLM-9B-Instruct-2512,EuroLLM-9B-Instruct-2512,EuroLLM,9.0,deu,original,0.625,0.03431856376795913,200,0.54,0.050090826596203314,100,-0.08499999999999996,0.060719475690970734,1.1574074074074074,0.12476207389584512,German,0.09745802098497969,URIEL syntax_knn,deu,CC-MAIN-2026-21,129221452,/work/multilingual-gsm-symbolic/paper/artifacts/figures/transfer_features/languages.csv,8.111334616692115,utter-project/EuroLLM-9B-Instruct-2512,0.3222217277137389,0.3297022143038941,0.9773113850449902,100,7240,22469,6477,19645
utter-project/EuroLLM-9B-Instruct-2512,EuroLLM-9B-Instruct-2512,EuroLLM,9.0,deu,synthetic,0.5545,0.007859572553274144,4000,0.5125,0.011179640744835758,2000,-0.04200000000000004,0.013665915553074812,1.0819512195121952,0.02814642673749555,German,0.09745802098497969,URIEL syntax_knn,deu,CC-MAIN-2026-21,129221452,/work/multilingual-gsm-symbolic/paper/artifacts/figures/transfer_features/languages.csv,8.111334616692115,utter-project/EuroLLM-9B-Instruct-2512,0.3222217277137389,0.3297022143038941,0.9773113850449902,100,7240,22469,6477,19645
utter-project/EuroLLM-9B-Instruct-2512,EuroLLM-9B-Instruct-2512,EuroLLM,9.0,est,original,0.53,0.0501613558046592,100,0.54,0.050090826596203314,100,0.010000000000000009,0.07088901554720961,0.9814814814814815,0.13006782667571107,Estonian,0.22659791675913576,URIEL syntax_knn,est,CC-MAIN-2026-21,3089989,/work/multilingual-gsm-symbolic/paper/artifacts/figures/transfer_features/languages.csv,6.489956933389947,utter-project/EuroLLM-9B-Instruct-2512,0.378465029101312,0.3297022143038941,1.1478995671908714,100,7673,20274,6477,19645
utter-project/EuroLLM-9B-Instruct-2512,EuroLLM-9B-Instruct-2512,EuroLLM,9.0,est,synthetic,0.4595,0.011146389370464268,2000,0.5125,0.011179640744835758,2000,0.052999999999999936,0.0157869048005488,0.8965853658536587,0.02924959364312826,Estonian,0.22659791675913576,URIEL syntax_knn,est,CC-MAIN-2026-21,3089989,/work/multilingual-gsm-symbolic/paper/artifacts/figures/transfer_features/languages.csv,6.489956933389947,utter-project/EuroLLM-9B-Instruct-2512,0.378465029101312,0.3297022143038941,1.1478995671908714,100,7673,20274,6477,19645
utter-project/EuroLLM-9B-Instruct-2512,EuroLLM-9B-Instruct-2512,EuroLLM,9.0,fra,original,0.63,0.048523658709390974,100,0.54,0.050090826596203314,100,-0.08999999999999997,0.06973977605094787,1.1666666666666665,0.14066392847491177,French,0.18824593690905445,URIEL syntax_knn,fra,CC-MAIN-2026-21,102728618,/work/multilingual-gsm-symbolic/paper/artifacts/figures/transfer_features/languages.csv,8.011691445624011,utter-project/EuroLLM-9B-Instruct-2512,0.35249520581545735,0.3297022143038941,1.0691320546927063,100,7904,22423,6477,19645
utter-project/EuroLLM-9B-Instruct-2512,EuroLLM-9B-Instruct-2512,EuroLLM,9.0,fra,synthetic,0.5615,0.011098218786369058,2000,0.5125,0.011179640744835758,2000,-0.049000000000000044,0.01575293075632934,1.095609756097561,0.0322510548824782,French,0.18824593690905445,URIEL syntax_knn,fra,CC-MAIN-2026-21,102728618,/work/multilingual-gsm-symbolic/paper/artifacts/figures/transfer_features/languages.csv,8.011691445624011,utter-project/EuroLLM-9B-Instruct-2512,0.35249520581545735,0.3297022143038941,1.0691320546927063,100,7904,22423,6477,19645
utter-project/EuroLLM-9B-Instruct-2512,EuroLLM-9B-Instruct-2512,EuroLLM,9.0,hin,original,0.5,0.05025189076296061,100,0.54,0.050090826596203314,100,0.040000000000000036,0.07095310729167141,0.9259259259259258,0.12663733639849048,Hindi,0.3838046008442838,URIEL syntax_knn,hin,CC-MAIN-2026-21,4774018,/work/multilingual-gsm-symbolic/paper/artifacts/figures/transfer_features/languages.csv,6.678884052141607,utter-project/EuroLLM-9B-Instruct-2512,0.46639879457559014,0.3297022143038941,1.414606194138871,100,9286,19910,6477,19645
utter-project/EuroLLM-9B-Instruct-2512,EuroLLM-9B-Instruct-2512,EuroLLM,9.0,hin,synthetic,0.417,0.011027978425535536,2000,0.5125,0.011179640744835758,2000,0.09549999999999997,0.015703524296719798,0.8136585365853659,0.02789363568242759,Hindi,0.3838046008442838,URIEL syntax_knn,hin,CC-MAIN-2026-21,4774018,/work/multilingual-gsm-symbolic/paper/artifacts/figures/transfer_features/languages.csv,6.678884052141607,utter-project/EuroLLM-9B-Instruct-2512,0.46639879457559014,0.3297022143038941,1.414606194138871,100,9286,19910,6477,19645
utter-project/EuroLLM-9B-Instruct-2512,EuroLLM-9B-Instruct-2512,EuroLLM,9.0,isl,original,0.1,0.03015113445777636,100,0.54,0.050090826596203314,100,0.44000000000000006,0.05846521887568556,0.18518518518518517,0.05841812035351894,Icelandic,0.13127809128711687,URIEL syntax_knn,isl,CC-MAIN-2026-21,777022,/work/multilingual-gsm-symbolic/paper/artifacts/figures/transfer_features/languages.csv,5.890433315253091,utter-project/EuroLLM-9B-Instruct-2512,0.5091520538073505,0.3297022143038941,1.5442785389911071,100,10598,20815,6477,19645
utter-project/EuroLLM-9B-Instruct-2512,EuroLLM-9B-Instruct-2512,EuroLLM,9.0,isl,synthetic,0.037,0.004221896754552753,2000,0.5125,0.011179640744835758,2000,0.4755,0.011950262733082268,0.07219512195121952,0.00838703232463756,Icelandic,0.13127809128711687,URIEL syntax_knn,isl,CC-MAIN-2026-21,777022,/work/multilingual-gsm-symbolic/paper/artifacts/figures/transfer_features/languages.csv,5.890433315253091,utter-project/EuroLLM-9B-Instruct-2512,0.5091520538073505,0.3297022143038941,1.5442785389911071,100,10598,20815,6477,19645
utter-project/EuroLLM-9B-Instruct-2512,EuroLLM-9B-Instruct-2512,EuroLLM,9.0,ita,original,0.66,0.04760952285695232,100,0.54,0.050090826596203314,100,-0.12,0.06910685621381987,1.222222222222222,0.14362080960177073,Italian,0.14220584589844,URIEL syntax_knn,ita,CC-MAIN-2026-21,53457335,/work/multilingual-gsm-symbolic/paper/artifacts/figures/transfer_features/languages.csv,7.728007304146603,utter-project/EuroLLM-9B-Instruct-2512,0.327673869620483,0.3297022143038941,0.9938479494664796,100,7218,22028,6477,19645
utter-project/EuroLLM-9B-Instruct-2512,EuroLLM-9B-Instruct-2512,EuroLLM,9.0,ita,synthetic,0.592,0.010992197878818576,2000,0.5125,0.011179640744835758,2000,-0.07950000000000002,0.015678417694100874,1.1551219512195123,0.03309005370990824,Italian,0.14220584589844,URIEL syntax_knn,ita,CC-MAIN-2026-21,53457335,/work/multilingual-gsm-symbolic/paper/artifacts/figures/transfer_features/languages.csv,7.728007304146603,utter-project/EuroLLM-9B-Instruct-2512,0.327673869620483,0.3297022143038941,0.9938479494664796,100,7218,22028,6477,19645
utter-project/EuroLLM-9B-Instruct-2512,EuroLLM-9B-Instruct-2512,EuroLLM,9.0,jpn,original,0.39,0.0345756762325001,200,0.54,0.050090826596203314,100,0.15000000000000002,0.06086516488128149,0.7222222222222222,0.09267092234375048,Japanese,0.4998069870609444,URIEL syntax_knn,jpn,CC-MAIN-2026-21,118455052,/work/multilingual-gsm-symbolic/paper/artifacts/figures/transfer_features/languages.csv,8.073553587717582,utter-project/EuroLLM-9B-Instruct-2512,0.7547782185358817,0.3297022143038941,2.2892725186255047,100,8372,11092,6477,19645
utter-project/EuroLLM-9B-Instruct-2512,EuroLLM-9B-Instruct-2512,EuroLLM,9.0,jpn,synthetic,0.35075,0.007546213998517934,4000,0.5125,0.011179640744835758,2000,0.16174999999999995,0.01348813229824722,0.6843902439024391,0.020968736180655256,Japanese,0.4998069870609444,URIEL syntax_knn,jpn,CC-MAIN-2026-21,118455052,/work/multilingual-gsm-symbolic/paper/artifacts/figures/transfer_features/languages.csv,8.073553587717582,utter-project/EuroLLM-9B-Instruct-2512,0.7547782185358817,0.3297022143038941,2.2892725186255047,100,8372,11092,6477,19645
utter-project/EuroLLM-9B-Instruct-2512,EuroLLM-9B-Instruct-2512,EuroLLM,9.0,mar,original,0.01,0.01,100,0.54,0.050090826596203314,100,0.53,0.051079261046836896,0.018518518518518517,0.01859801975682391,Marathi,0.43515421744059357,URIEL syntax_knn,mar,CC-MAIN-2026-21,649289,/work/multilingual-gsm-symbolic/paper/artifacts/figures/transfer_features/languages.csv,5.812438045288022,utter-project/EuroLLM-9B-Instruct-2512,0.5778631608184427,0.3297022143038941,1.752682074151352,100,12483,21602,6477,19645
utter-project/EuroLLM-9B-Instruct-2512,EuroLLM-9B-Instruct-2512,EuroLLM,9.0,mar,synthetic,0.012,0.0024353573624298695,2000,0.5125,0.011179640744835758,2000,0.5005,0.011441823834788456,0.023414634146341467,0.0047792880719146605,Marathi,0.43515421744059357,URIEL syntax_knn,mar,CC-MAIN-2026-21,649289,/work/multilingual-gsm-symbolic/paper/artifacts/figures/transfer_features/languages.csv,5.812438045288022,utter-project/EuroLLM-9B-Instruct-2512,0.5778631608184427,0.3297022143038941,1.752682074151352,100,12483,21602,6477,19645
utter-project/EuroLLM-9B-Instruct-2512,EuroLLM-9B-Instruct-2512,EuroLLM,9.0,nld,original,0.61,0.04902071300001973,100,0.54,0.050090826596203314,100,-0.06999999999999995,0.07008652660905099,1.1296296296296295,0.13863914121953197,Dutch,0.07570690126642576,URIEL syntax_knn,nld,CC-MAIN-2026-21,39513234,/work/multilingual-gsm-symbolic/paper/artifacts/figures/transfer_features/languages.csv,7.596742576400662,utter-project/EuroLLM-9B-Instruct-2512,0.3260647675605456,0.3297022143038941,0.9889674785744818,100,7028,21554,6477,19645
utter-project/EuroLLM-9B-Instruct-2512,EuroLLM-9B-Instruct-2512,EuroLLM,9.0,nld,synthetic,0.535,0.01115570369194303,2000,0.5125,0.011179640744835758,2000,-0.022500000000000075,0.015793482581306226,1.0439024390243905,0.03150172609017663,Dutch,0.07570690126642576,URIEL syntax_knn,nld,CC-MAIN-2026-21,39513234,/work/multilingual-gsm-symbolic/paper/artifacts/figures/transfer_features/languages.csv,7.596742576400662,utter-project/EuroLLM-9B-Instruct-2512,0.3260647675605456,0.3297022143038941,0.9889674785744818,100,7028,21554,6477,19645
utter-project/EuroLLM-9B-Instruct-2512,EuroLLM-9B-Instruct-2512,EuroLLM,9.0,nob,original,0.51,0.05024183937956914,100,0.54,0.050090826596203314,100,0.030000000000000027,0.07094598884597587,0.9444444444444444,0.12779508152145497,Norwegian Bokmal,0.10138170956458059,URIEL syntax_knn,nor,CC-MAIN-2026-21,7148610,/work/multilingual-gsm-symbolic/paper/artifacts/figures/transfer_features/languages.csv,6.854221604316353,utter-project/EuroLLM-9B-Instruct-2512,0.36417431422696955,0.3297022143038941,1.104555257524906,100,7262,19941,6477,19645
utter-project/EuroLLM-9B-Instruct-2512,EuroLLM-9B-Instruct-2512,EuroLLM,9.0,nob,synthetic,0.555,0.011115272135099472,2000,0.5125,0.011179640744835758,2000,-0.04250000000000009,0.0157649497880872,1.082926829268293,0.03206906623092651,Norwegian Bokmal,0.10138170956458059,URIEL syntax_knn,nor,CC-MAIN-2026-21,7148610,/work/multilingual-gsm-symbolic/paper/artifacts/figures/transfer_features/languages.csv,6.854221604316353,utter-project/EuroLLM-9B-Instruct-2512,0.36417431422696955,0.3297022143038941,1.104555257524906,100,7262,19941,6477,19645
utter-project/EuroLLM-9B-Instruct-2512,EuroLLM-9B-Instruct-2512,EuroLLM,9.0,rus,original,0.56,0.04988876515698589,100,0.54,0.050090826596203314,100,-0.020000000000000018,0.07069639168995684,1.037037037037037,0.1333755104266087,Russian,0.18824593690905445,URIEL syntax_knn,rus,CC-MAIN-2026-21,138631119,/work/multilingual-gsm-symbolic/paper/artifacts/figures/transfer_features/languages.csv,8.141860728782362,utter-project/EuroLLM-9B-Instruct-2512,0.36019024298361274,0.3297022143038941,1.092471410130164,100,7649,21236,6477,19645
utter-project/EuroLLM-9B-Instruct-2512,EuroLLM-9B-Instruct-2512,EuroLLM,9.0,rus,synthetic,0.506,0.01118233080628232,2000,0.5125,0.011179640744835758,2000,0.00649999999999995,0.015812301838907656,0.9873170731707318,0.03065828838002584,Russian,0.18824593690905445,URIEL syntax_knn,rus,CC-MAIN-2026-21,138631119,/work/multilingual-gsm-symbolic/paper/artifacts/figures/transfer_features/languages.csv,8.141860728782362,utter-project/EuroLLM-9B-Instruct-2512,0.36019024298361274,0.3297022143038941,1.092471410130164,100,7649,21236,6477,19645
utter-project/EuroLLM-9B-Instruct-2512,EuroLLM-9B-Instruct-2512,EuroLLM,9.0,ukr,original,0.62,0.04878317312145633,100,0.54,0.050090826596203314,100,-0.07999999999999996,0.0699205898780101,1.1481481481481481,0.1396570417505729,Ukrainian,0.15273132616089036,URIEL syntax_knn,ukr,CC-MAIN-2026-21,17456210,/work/multilingual-gsm-symbolic/paper/artifacts/figures/transfer_features/languages.csv,7.2419499578829365,utter-project/EuroLLM-9B-Instruct-2512,0.4144641437058521,0.3297022143038941,1.2570863213063863,100,8860,21377,6477,19645
utter-project/EuroLLM-9B-Instruct-2512,EuroLLM-9B-Instruct-2512,EuroLLM,9.0,ukr,synthetic,0.5345,0.011156482803925135,2000,0.5125,0.011179640744835758,2000,-0.02200000000000002,0.015794032915562417,1.0429268292682927,0.03148739649150748,Ukrainian,0.15273132616089036,URIEL syntax_knn,ukr,CC-MAIN-2026-21,17456210,/work/multilingual-gsm-symbolic/paper/artifacts/figures/transfer_features/languages.csv,7.2419499578829365,utter-project/EuroLLM-9B-Instruct-2512,0.4144641437058521,0.3297022143038941,1.2570863213063863,100,8860,21377,6477,19645
utter-project/EuroLLM-9B-Instruct-2512,EuroLLM-9B-Instruct-2512,EuroLLM,9.0,urd,original,0.07,0.025643239997624277,100,0.54,0.050090826596203314,100,0.47000000000000003,0.056273143387113776,0.12962962962962962,0.048986228922082445,urd,0.3838046008442838,URIEL syntax_knn,urd,CC-MAIN-2026-21,682592,/work/multilingual-gsm-symbolic/paper/artifacts/figures/transfer_features/languages.csv,5.834161194027274,utter-project/EuroLLM-9B-Instruct-2512,1.1603665521191295,0.3297022143038941,3.5194381529072563,100,22286,19206,6477,19645
utter-project/EuroLLM-9B-Instruct-2512,EuroLLM-9B-Instruct-2512,EuroLLM,9.0,urd,synthetic,0.0625,0.005414012445994443,2000,0.5125,0.011179640744835758,2000,0.44999999999999996,0.012421589992789753,0.12195121951219513,0.010893732238321381,urd,0.3838046008442838,URIEL syntax_knn,urd,CC-MAIN-2026-21,682592,/work/multilingual-gsm-symbolic/paper/artifacts/figures/transfer_features/languages.csv,5.834161194027274,utter-project/EuroLLM-9B-Instruct-2512,1.1603665521191295,0.3297022143038941,3.5194381529072563,100,22286,19206,6477,19645
utter-project/EuroLLM-9B-Instruct-2512,EuroLLM-9B-Instruct-2512,EuroLLM,9.0,zho,original,0.5,0.05025189076296059,100,0.54,0.050090826596203314,100,0.040000000000000036,0.0709531072916714,0.9259259259259258,0.12663733639849045,Chinese,0.2892275292349138,URIEL syntax_knn,zho,CC-MAIN-2026-21,102274716,/work/multilingual-gsm-symbolic/paper/artifacts/figures/transfer_features/languages.csv,8.009768282208015,utter-project/EuroLLM-9B-Instruct-2512,1.058614564831261,0.3297022143038941,3.210820306640439,100,8344,7882,6477,19645
utter-project/EuroLLM-9B-Instruct-2512,EuroLLM-9B-Instruct-2512,EuroLLM,9.0,zho,synthetic,0.503,0.01118293472280453,2000,0.5125,0.011179640744835758,2000,0.009499999999999953,0.015812728929507996,0.9814634146341464,0.03056956216237909,Chinese,0.2892275292349138,URIEL syntax_knn,zho,CC-MAIN-2026-21,102274716,/work/multilingual-gsm-symbolic/paper/artifacts/figures/transfer_features/languages.csv,8.009768282208015,utter-project/EuroLLM-9B-Instruct-2512,1.058614564831261,0.3297022143038941,3.210820306640439,100,8344,7882,6477,19645
allenai/OLMo-2-0325-32B-Instruct,OLMo-2-0325-32B-Instruct,OLMo 2,32.0,ara,original,0.55,0.05,100,0.94,0.0238683256575942,100,0.3899999999999999,0.055404846084949735,0.5851063829787235,0.05522737334946462,Arabic,0.34901322303461213,URIEL syntax_knn,ara,CC-MAIN-2026-21,14123579,/work/multilingual-gsm-symbolic/paper/artifacts/figures/transfer_features/languages.csv,7.149944763500101,allenai/OLMo-2-0325-32B-Instruct,0.8919114777858298,0.2992618987019598,2.980370978245046,100,16000,17939,5879,19645
allenai/OLMo-2-0325-32B-Instruct,OLMo-2-0325-32B-Instruct,OLMo 2,32.0,ara,synthetic,0.509,0.011181324206260305,2000,0.9015,0.006664914518789523,2000,0.39249999999999996,0.013017031018948752,0.5646145313366612,0.01308661571031745,Arabic,0.34901322303461213,URIEL syntax_knn,ara,CC-MAIN-2026-21,14123579,/work/multilingual-gsm-symbolic/paper/artifacts/figures/transfer_features/languages.csv,7.149944763500101,allenai/OLMo-2-0325-32B-Instruct,0.8919114777858298,0.2992618987019598,2.980370978245046,100,16000,17939,5879,19645
allenai/OLMo-2-0325-32B-Instruct,OLMo-2-0325-32B-Instruct,OLMo 2,32.0,dan,original,0.795,0.02861764926136022,200,0.94,0.0238683256575942,100,0.1449999999999999,0.03726482012492749,0.8457446808510639,0.037256300545664776,Danish,0.11992176734660287,URIEL syntax_knn,dan,CC-MAIN-2026-21,11404389,/work/multilingual-gsm-symbolic/paper/artifacts/figures/transfer_features/languages.csv,7.057072022533615,allenai/OLMo-2-0325-32B-Instruct,0.41236959761549924,0.2992618987019598,1.3779555613465695,100,8301,20130,5879,19645
allenai/OLMo-2-0325-32B-Instruct,OLMo-2-0325-32B-Instruct,OLMo 2,32.0,dan,synthetic,0.7295,0.007024583524553124,4000,0.9015,0.006664914518789523,2000,0.17199999999999993,0.009683277298321812,0.8092068774265114,0.009823856818832254,Danish,0.11992176734660287,URIEL syntax_knn,dan,CC-MAIN-2026-21,11404389,/work/multilingual-gsm-symbolic/paper/artifacts/figures/transfer_features/languages.csv,7.057072022533615,allenai/OLMo-2-0325-32B-Instruct,0.41236959761549924,0.2992618987019598,1.3779555613465695,100,8301,20130,5879,19645
allenai/OLMo-2-0325-32B-Instruct,OLMo-2-0325-32B-Instruct,OLMo 2,32.0,deu,original,0.765,0.030056479497755476,200,0.94,0.0238683256575942,100,0.17499999999999993,0.03838084065645208,0.8138297872340426,0.038071331203243707,German,0.09745802098497969,URIEL syntax_knn,deu,CC-MAIN-2026-21,129221452,/work/multilingual-gsm-symbolic/paper/artifacts/figures/transfer_features/languages.csv,8.111334616692115,allenai/OLMo-2-0325-32B-Instruct,0.35965107481418845,0.2992618987019598,1.2017937344318306,100,8081,22469,5879,19645
allenai/OLMo-2-0325-32B-Instruct,OLMo-2-0325-32B-Instruct,OLMo 2,32.0,deu,synthetic,0.72325,0.007074770135355428,4000,0.9015,0.006664914518789523,2000,0.17825000000000002,0.009719745779128609,0.8022739877981142,0.009837081891499632,German,0.09745802098497969,URIEL syntax_knn,deu,CC-MAIN-2026-21,129221452,/work/multilingual-gsm-symbolic/paper/artifacts/figures/transfer_features/languages.csv,8.111334616692115,allenai/OLMo-2-0325-32B-Instruct,0.35965107481418845,0.2992618987019598,1.2017937344318306,100,8081,22469,5879,19645
allenai/OLMo-2-0325-32B-Instruct,OLMo-2-0325-32B-Instruct,OLMo 2,32.0,est,original,0.26,0.04408440022768081,100,0.94,0.0238683256575942,100,0.6799999999999999,0.0501311411512975,0.2765957446808511,0.04742126885668615,Estonian,0.22659791675913576,URIEL syntax_knn,est,CC-MAIN-2026-21,3089989,/work/multilingual-gsm-symbolic/paper/artifacts/figures/transfer_features/languages.csv,6.489956933389947,allenai/OLMo-2-0325-32B-Instruct,0.4779027325638749,0.2992618987019598,1.5969381155327984,100,9689,20274,5879,19645
allenai/OLMo-2-0325-32B-Instruct,OLMo-2-0325-32B-Instruct,OLMo 2,32.0,est,synthetic,0.2485,0.009665432493822837,2000,0.9015,0.006664914518789523,2000,0.653,0.011740599253676012,0.27565169162506936,0.010913465607081209,Estonian,0.22659791675913576,URIEL syntax_knn,est,CC-MAIN-2026-21,3089989,/work/multilingual-gsm-symbolic/paper/artifacts/figures/transfer_features/languages.csv,6.489956933389947,allenai/OLMo-2-0325-32B-Instruct,0.4779027325638749,0.2992618987019598,1.5969381155327984,100,9689,20274,5879,19645
allenai/OLMo-2-0325-32B-Instruct,OLMo-2-0325-32B-Instruct,OLMo 2,32.0,fra,original,0.85,0.03588702812826367,100,0.94,0.0238683256575942,100,0.08999999999999997,0.0430996027542686,0.9042553191489362,0.04455030683245858,French,0.18824593690905445,URIEL syntax_knn,fra,CC-MAIN-2026-21,102728618,/work/multilingual-gsm-symbolic/paper/artifacts/figures/transfer_features/languages.csv,8.011691445624011,allenai/OLMo-2-0325-32B-Instruct,0.3641796369798867,0.2992618987019598,1.2169261725582368,100,8166,22423,5879,19645
allenai/OLMo-2-0325-32B-Instruct,OLMo-2-0325-32B-Instruct,OLMo 2,32.0,fra,synthetic,0.7565,0.00959947654692627,2000,0.9015,0.006664914518789523,2000,0.14500000000000002,0.011686361089653138,0.8391569606211868,0.012323829004022352,French,0.18824593690905445,URIEL syntax_knn,fra,CC-MAIN-2026-21,102728618,/work/multilingual-gsm-symbolic/paper/artifacts/figures/transfer_features/languages.csv,8.011691445624011,allenai/OLMo-2-0325-32B-Instruct,0.3641796369798867,0.2992618987019598,1.2169261725582368,100,8166,22423,5879,19645
allenai/OLMo-2-0325-32B-Instruct,OLMo-2-0325-32B-Instruct,OLMo 2,32.0,hin,original,0.58,0.04960449637488581,100,0.94,0.0238683256575942,100,0.36,0.05504818825631802,0.6170212765957447,0.05504739293274924,Hindi,0.3838046008442838,URIEL syntax_knn,hin,CC-MAIN-2026-21,4774018,/work/multilingual-gsm-symbolic/paper/artifacts/figures/transfer_features/languages.csv,6.678884052141607,allenai/OLMo-2-0325-32B-Instruct,1.2682571572074335,0.2992618987019598,4.237950646936559,100,25251,19910,5879,19645
allenai/OLMo-2-0325-32B-Instruct,OLMo-2-0325-32B-Instruct,OLMo 2,32.0,hin,synthetic,0.5015,0.01118308569683929,2000,0.9015,0.006664914518789523,2000,0.4,0.013018544129265104,0.5562950637825845,0.013068981355786456,Hindi,0.3838046008442838,URIEL syntax_knn,hin,CC-MAIN-2026-21,4774018,/work/multilingual-gsm-symbolic/paper/artifacts/figures/transfer_features/languages.csv,6.678884052141607,allenai/OLMo-2-0325-32B-Instruct,1.2682571572074335,0.2992618987019598,4.237950646936559,100,25251,19910,5879,19645
allenai/OLMo-2-0325-32B-Instruct,OLMo-2-0325-32B-Instruct,OLMo 2,32.0,isl,original,0.64,0.04824181513244218,100,0.94,0.0238683256575942,100,0.29999999999999993,0.053823505060240154,0.6808510638297873,0.054154687783791594,Icelandic,0.13127809128711687,URIEL syntax_knn,isl,CC-MAIN-2026-21,777022,/work/multilingual-gsm-symbolic/paper/artifacts/figures/transfer_features/languages.csv,5.890433315253091,allenai/OLMo-2-0325-32B-Instruct,0.5279846264712947,0.2992618987019598,1.764289502811462,100,10990,20815,5879,19645
allenai/OLMo-2-0325-32B-Instruct,OLMo-2-0325-32B-Instruct,OLMo 2,32.0,isl,synthetic,0.5585,0.011106329288974716,2000,0.9015,0.006664914518789523,2000,0.34299999999999997,0.012952669061545153,0.6195230171935663,0.013143694007699366,Icelandic,0.13127809128711687,URIEL syntax_knn,isl,CC-MAIN-2026-21,777022,/work/multilingual-gsm-symbolic/paper/artifacts/figures/transfer_features/languages.csv,5.890433315253091,allenai/OLMo-2-0325-32B-Instruct,0.5279846264712947,0.2992618987019598,1.764289502811462,100,10990,20815,5879,19645
allenai/OLMo-2-0325-32B-Instruct,OLMo-2-0325-32B-Instruct,OLMo 2,32.0,ita,original,0.82,0.03861229196653691,100,0.94,0.0238683256575942,100,0.12,0.04539389893593698,0.8723404255319149,0.04666850250565721,Italian,0.14220584589844,URIEL syntax_knn,ita,CC-MAIN-2026-21,53457335,/work/multilingual-gsm-symbolic/paper/artifacts/figures/transfer_features/languages.csv,7.728007304146603,allenai/OLMo-2-0325-32B-Instruct,0.3816052297076448,0.2992618987019598,1.2751547435969863,100,8406,22028,5879,19645
allenai/OLMo-2-0325-32B-Instruct,OLMo-2-0325-32B-Instruct,OLMo 2,32.0,ita,synthetic,0.717,0.010075031172485928,2000,0.9015,0.006664914518789523,2000,0.1845,0.012080038852145078,0.7953410981697171,0.01262833603482754,Italian,0.14220584589844,URIEL syntax_knn,ita,CC-MAIN-2026-21,53457335,/work/multilingual-gsm-symbolic/paper/artifacts/figures/transfer_features/languages.csv,7.728007304146603,allenai/OLMo-2-0325-32B-Instruct,0.3816052297076448,0.2992618987019598,1.2751547435969863,100,8406,22028,5879,19645
allenai/OLMo-2-0325-32B-Instruct,OLMo-2-0325-32B-Instruct,OLMo 2,32.0,jpn,original,0.575,0.03504304603451138,200,0.94,0.0238683256575942,100,0.365,0.042399434490024195,0.6117021276595744,0.04038609496658823,Japanese,0.4998069870609444,URIEL syntax_knn,jpn,CC-MAIN-2026-21,118455052,/work/multilingual-gsm-symbolic/paper/artifacts/figures/transfer_features/languages.csv,8.073553587717582,allenai/OLMo-2-0325-32B-Instruct,1.014064190407501,0.2992618987019598,3.388550947534505,100,11248,11092,5879,19645
allenai/OLMo-2-0325-32B-Instruct,OLMo-2-0325-32B-Instruct,OLMo 2,32.0,jpn,synthetic,0.46825,0.007890725585303652,4000,0.9015,0.006664914518789523,2000,0.43324999999999997,0.010328825480437601,0.5194120909595119,0.009558203214397177,Japanese,0.4998069870609444,URIEL syntax_knn,jpn,CC-MAIN-2026-21,118455052,/work/multilingual-gsm-symbolic/paper/artifacts/figures/transfer_features/languages.csv,8.073553587717582,allenai/OLMo-2-0325-32B-Instruct,1.014064190407501,0.2992618987019598,3.388550947534505,100,11248,11092,5879,19645
allenai/OLMo-2-0325-32B-Instruct,OLMo-2-0325-32B-Instruct,OLMo 2,32.0,mar,original,0.46,0.050090826596203314,100,0.94,0.0238683256575942,100,0.4799999999999999,0.05548682617331684,0.4893617021276596,0.054717669324786646,Marathi,0.43515421744059357,URIEL syntax_knn,mar,CC-MAIN-2026-21,649289,/work/multilingual-gsm-symbolic/paper/artifacts/figures/transfer_features/languages.csv,5.812438045288022,allenai/OLMo-2-0325-32B-Instruct,1.2391908156652163,0.2992618987019598,4.140823877146313,100,26769,21602,5879,19645
allenai/OLMo-2-0325-32B-Instruct,OLMo-2-0325-32B-Instruct,OLMo 2,32.0,mar,synthetic,0.4065,0.010985864536294125,2000,0.9015,0.006664914518789523,2000,0.495,0.012849525483556827,0.4509151414309484,0.01263396304275514,Marathi,0.43515421744059357,URIEL syntax_knn,mar,CC-MAIN-2026-21,649289,/work/multilingual-gsm-symbolic/paper/artifacts/figures/transfer_features/languages.csv,5.812438045288022,allenai/OLMo-2-0325-32B-Instruct,1.2391908156652163,0.2992618987019598,4.140823877146313,100,26769,21602,5879,19645
allenai/OLMo-2-0325-32B-Instruct,OLMo-2-0325-32B-Instruct,OLMo 2,32.0,nld,original,0.74,0.044084400227680814,100,0.94,0.0238683256575942,100,0.19999999999999996,0.0501311411512975,0.7872340425531915,0.05098061574884097,Dutch,0.07570690126642576,URIEL syntax_knn,nld,CC-MAIN-2026-21,39513234,/work/multilingual-gsm-symbolic/paper/artifacts/figures/transfer_features/languages.csv,7.596742576400662,allenai/OLMo-2-0325-32B-Instruct,0.3823884197828709,0.2992618987019598,1.2777718160630207,100,8242,21554,5879,19645
allenai/OLMo-2-0325-32B-Instruct,OLMo-2-0325-32B-Instruct,OLMo 2,32.0,nld,synthetic,0.699,0.010259245881790306,2000,0.9015,0.006664914518789523,2000,0.2025,0.01223410035947894,0.7753743760399334,0.012742441948810348,Dutch,0.07570690126642576,URIEL syntax_knn,nld,CC-MAIN-2026-21,39513234,/work/multilingual-gsm-symbolic/paper/artifacts/figures/transfer_features/languages.csv,7.596742576400662,allenai/OLMo-2-0325-32B-Instruct,0.3823884197828709,0.2992618987019598,1.2777718160630207,100,8242,21554,5879,19645
allenai/OLMo-2-0325-32B-Instruct,OLMo-2-0325-32B-Instruct,OLMo 2,32.0,nob,original,0.76,0.04292346959909279,100,0.94,0.0238683256575942,100,0.17999999999999994,0.049113350650522844,0.8085106382978724,0.050065926913160884,Norwegian Bokmal,0.10138170956458059,URIEL syntax_knn,nor,CC-MAIN-2026-21,7148610,/work/multilingual-gsm-symbolic/paper/artifacts/figures/transfer_features/languages.csv,6.854221604316353,allenai/OLMo-2-0325-32B-Instruct,0.4104608595356301,0.2992618987019598,1.3715774086711097,100,8185,19941,5879,19645
allenai/OLMo-2-0325-32B-Instruct,OLMo-2-0325-32B-Instruct,OLMo 2,32.0,nob,synthetic,0.7355,0.009865015674956288,2000,0.9015,0.006664914518789523,2000,0.16599999999999993,0.011905444964800964,0.8158624514697727,0.012495169906825976,Norwegian Bokmal,0.10138170956458059,URIEL syntax_knn,nor,CC-MAIN-2026-21,7148610,/work/multilingual-gsm-symbolic/paper/artifacts/figures/transfer_features/languages.csv,6.854221604316353,allenai/OLMo-2-0325-32B-Instruct,0.4104608595356301,0.2992618987019598,1.3715774086711097,100,8185,19941,5879,19645
allenai/OLMo-2-0325-32B-Instruct,OLMo-2-0325-32B-Instruct,OLMo 2,32.0,rus,original,0.64,0.04824181513244218,100,0.94,0.0238683256575942,100,0.29999999999999993,0.053823505060240154,0.6808510638297873,0.054154687783791594,Russian,0.18824593690905445,URIEL syntax_knn,rus,CC-MAIN-2026-21,138631119,/work/multilingual-gsm-symbolic/paper/artifacts/figures/transfer_features/languages.csv,8.141860728782362,allenai/OLMo-2-0325-32B-Instruct,0.5740723300056508,0.2992618987019598,1.9182940845315548,100,12191,21236,5879,19645
allenai/OLMo-2-0325-32B-Instruct,OLMo-2-0325-32B-Instruct,OLMo 2,32.0,rus,synthetic,0.5205,0.011173732641806641,2000,0.9015,0.006664914518789523,2000,0.381,0.013010510623851263,0.5773710482529117,0.013109040425448307,Russian,0.18824593690905445,URIEL syntax_knn,rus,CC-MAIN-2026-21,138631119,/work/multilingual-gsm-symbolic/paper/artifacts/figures/transfer_features/languages.csv,8.141860728782362,allenai/OLMo-2-0325-32B-Instruct,0.5740723300056508,0.2992618987019598,1.9182940845315548,100,12191,21236,5879,19645
allenai/OLMo-2-0325-32B-Instruct,OLMo-2-0325-32B-Instruct,OLMo 2,32.0,ukr,original,0.59,0.04943110704237104,100,0.94,0.0238683256575942,100,0.35,0.05489199680400881,0.6276595744680851,0.054948329480653035,Ukrainian,0.15273132616089036,URIEL syntax_knn,ukr,CC-MAIN-2026-21,17456210,/work/multilingual-gsm-symbolic/paper/artifacts/figures/transfer_features/languages.csv,7.2419499578829365,allenai/OLMo-2-0325-32B-Instruct,0.7268559666931749,0.2992618987019598,2.4288289616750163,100,15538,21377,5879,19645
allenai/OLMo-2-0325-32B-Instruct,OLMo-2-0325-32B-Instruct,OLMo 2,32.0,ukr,synthetic,0.4845,0.01117776123260318,2000,0.9015,0.006664914518789523,2000,0.417,0.01301397063604563,0.5374376039933444,0.013020155248837316,Ukrainian,0.15273132616089036,URIEL syntax_knn,ukr,CC-MAIN-2026-21,17456210,/work/multilingual-gsm-symbolic/paper/artifacts/figures/transfer_features/languages.csv,7.2419499578829365,allenai/OLMo-2-0325-32B-Instruct,0.7268559666931749,0.2992618987019598,2.4288289616750163,100,15538,21377,5879,19645
allenai/OLMo-2-0325-32B-Instruct,OLMo-2-0325-32B-Instruct,OLMo 2,32.0,urd,original,0.6,0.0492365963917331,100,0.94,0.0238683256575942,100,0.33999999999999997,0.0547169022692202,0.6382978723404256,0.05482957196451608,urd,0.3838046008442838,URIEL syntax_knn,urd,CC-MAIN-2026-21,682592,/work/multilingual-gsm-symbolic/paper/artifacts/figures/transfer_features/languages.csv,5.834161194027274,allenai/OLMo-2-0325-32B-Instruct,1.2072789753202124,0.2992618987019598,4.034188717497121,100,23187,19206,5879,19645
allenai/OLMo-2-0325-32B-Instruct,OLMo-2-0325-32B-Instruct,OLMo 2,32.0,urd,synthetic,0.6145,0.010885960089194327,2000,0.9015,0.006664914518789523,2000,0.2869999999999999,0.012764216098386266,0.6816417082640045,0.013084770208262986,urd,0.3838046008442838,URIEL syntax_knn,urd,CC-MAIN-2026-21,682592,/work/multilingual-gsm-symbolic/paper/artifacts/figures/transfer_features/languages.csv,5.834161194027274,allenai/OLMo-2-0325-32B-Instruct,1.2072789753202124,0.2992618987019598,4.034188717497121,100,23187,19206,5879,19645
allenai/OLMo-2-0325-32B-Instruct,OLMo-2-0325-32B-Instruct,OLMo 2,32.0,zho,original,0.79,0.040936018074033236,100,0.94,0.0238683256575942,100,0.1499999999999999,0.047386227381535084,0.8404255319148937,0.048496441715413036,Chinese,0.2892275292349138,URIEL syntax_knn,zho,CC-MAIN-2026-21,102274716,/work/multilingual-gsm-symbolic/paper/artifacts/figures/transfer_features/languages.csv,8.009768282208015,allenai/OLMo-2-0325-32B-Instruct,1.4850291804110631,0.2992618987019598,4.962306216903442,100,11705,7882,5879,19645
allenai/OLMo-2-0325-32B-Instruct,OLMo-2-0325-32B-Instruct,OLMo 2,32.0,zho,synthetic,0.737,0.00984702909465568,2000,0.9015,0.006664914518789523,2000,0.16449999999999998,0.01189054530010154,0.817526344980588,0.012483651613829994,Chinese,0.2892275292349138,URIEL syntax_knn,zho,CC-MAIN-2026-21,102274716,/work/multilingual-gsm-symbolic/paper/artifacts/figures/transfer_features/languages.csv,8.009768282208015,allenai/OLMo-2-0325-32B-Instruct,1.4850291804110631,0.2992618987019598,4.962306216903442,100,11705,7882,5879,19645
allenai/OLMo-2-0425-1B-Instruct,OLMo-2-0425-1B-Instruct,OLMo 2,1.0,ara,original,0.04,0.019694638556693234,100,0.61,0.04902071300001973,100,0.57,0.05282905536642777,0.06557377049180328,0.032713509058631095,Arabic,0.34901322303461213,URIEL syntax_knn,ara,CC-MAIN-2026-21,14123579,/work/multilingual-gsm-symbolic/paper/artifacts/figures/transfer_features/languages.csv,7.149944763500101,allenai/OLMo-2-0425-1B-Instruct,0.8919114777858298,0.2992618987019598,2.980370978245046,100,16000,17939,5879,19645
allenai/OLMo-2-0425-1B-Instruct,OLMo-2-0425-1B-Instruct,OLMo 2,1.0,ara,synthetic,0.0215,0.0032440926417928112,2000,0.499,0.011183113654770196,2000,0.4775,0.011644147374713268,0.04308617234468937,0.00657250611066923,Arabic,0.34901322303461213,URIEL syntax_knn,ara,CC-MAIN-2026-21,14123579,/work/multilingual-gsm-symbolic/paper/artifacts/figures/transfer_features/languages.csv,7.149944763500101,allenai/OLMo-2-0425-1B-Instruct,0.8919114777858298,0.2992618987019598,2.980370978245046,100,16000,17939,5879,19645
allenai/OLMo-2-0425-1B-Instruct,OLMo-2-0425-1B-Instruct,OLMo 2,1.0,dan,original,0.03,0.012092607484694708,200,0.61,0.04902071300001973,100,0.58,0.05049021151479956,0.04918032786885246,0.020214077087778493,Danish,0.11992176734660287,URIEL syntax_knn,dan,CC-MAIN-2026-21,11404389,/work/multilingual-gsm-symbolic/paper/artifacts/figures/transfer_features/languages.csv,7.057072022533615,allenai/OLMo-2-0425-1B-Instruct,0.41236959761549924,0.2992618987019598,1.3779555613465695,100,8301,20130,5879,19645
allenai/OLMo-2-0425-1B-Instruct,OLMo-2-0425-1B-Instruct,OLMo 2,1.0,dan,synthetic,0.02125,0.002280550284997154,4000,0.499,0.011183113654770196,2000,0.47775,0.011413279135196344,0.042585170340681364,0.004668826546550267,Danish,0.11992176734660287,URIEL syntax_knn,dan,CC-MAIN-2026-21,11404389,/work/multilingual-gsm-symbolic/paper/artifacts/figures/transfer_features/languages.csv,7.057072022533615,allenai/OLMo-2-0425-1B-Instruct,0.41236959761549924,0.2992618987019598,1.3779555613465695,100,8301,20130,5879,19645
allenai/OLMo-2-0425-1B-Instruct,OLMo-2-0425-1B-Instruct,OLMo 2,1.0,deu,original,0.13,0.02383991838372593,200,0.61,0.04902071300001973,100,0.48,0.0545102927122302,0.21311475409836067,0.04266965583382847,German,0.09745802098497969,URIEL syntax_knn,deu,CC-MAIN-2026-21,129221452,/work/multilingual-gsm-symbolic/paper/artifacts/figures/transfer_features/languages.csv,8.111334616692115,allenai/OLMo-2-0425-1B-Instruct,0.35965107481418845,0.2992618987019598,1.2017937344318306,100,8081,22469,5879,19645
allenai/OLMo-2-0425-1B-Instruct,OLMo-2-0425-1B-Instruct,OLMo 2,1.0,deu,synthetic,0.1235,0.005202759332908739,4000,0.499,0.011183113654770196,2000,0.3755,0.012334128898778243,0.24749498997995992,0.011809921309640623,German,0.09745802098497969,URIEL syntax_knn,deu,CC-MAIN-2026-21,129221452,/work/multilingual-gsm-symbolic/paper/artifacts/figures/transfer_features/languages.csv,8.111334616692115,allenai/OLMo-2-0425-1B-Instruct,0.35965107481418845,0.2992618987019598,1.2017937344318306,100,8081,22469,5879,19645
allenai/OLMo-2-0425-1B-Instruct,OLMo-2-0425-1B-Instruct,OLMo 2,1.0,est,original,0.0,0.0,100,0.61,0.04902071300001973,100,0.61,0.04902071300001973,0.0,0.0,Estonian,0.22659791675913576,URIEL syntax_knn,est,CC-MAIN-2026-21,3089989,/work/multilingual-gsm-symbolic/paper/artifacts/figures/transfer_features/languages.csv,6.489956933389947,allenai/OLMo-2-0425-1B-Instruct,0.4779027325638749,0.2992618987019598,1.5969381155327984,100,9689,20274,5879,19645
allenai/OLMo-2-0425-1B-Instruct,OLMo-2-0425-1B-Instruct,OLMo 2,1.0,est,synthetic,0.006,0.0017272787111155315,2000,0.499,0.011183113654770196,2000,0.493,0.011315720160969895,0.012024048096192385,0.0034719535351978264,Estonian,0.22659791675913576,URIEL syntax_knn,est,CC-MAIN-2026-21,3089989,/work/multilingual-gsm-symbolic/paper/artifacts/figures/transfer_features/languages.csv,6.489956933389947,allenai/OLMo-2-0425-1B-Instruct,0.4779027325638749,0.2992618987019598,1.5969381155327984,100,9689,20274,5879,19645
allenai/OLMo-2-0425-1B-Instruct,OLMo-2-0425-1B-Instruct,OLMo 2,1.0,fra,original,0.24,0.04292346959909278,100,0.61,0.04902071300001973,100,0.37,0.06515715268068845,0.39344262295081966,0.0771434086989535,French,0.18824593690905445,URIEL syntax_knn,fra,CC-MAIN-2026-21,102728618,/work/multilingual-gsm-symbolic/paper/artifacts/figures/transfer_features/languages.csv,8.011691445624011,allenai/OLMo-2-0425-1B-Instruct,0.3641796369798867,0.2992618987019598,1.2169261725582368,100,8166,22423,5879,19645
allenai/OLMo-2-0425-1B-Instruct,OLMo-2-0425-1B-Instruct,OLMo 2,1.0,fra,synthetic,0.2,0.00894650881685169,2000,0.499,0.011183113654770196,2000,0.299,0.014321384396262557,0.40080160320641284,0.020053124555539314,French,0.18824593690905445,URIEL syntax_knn,fra,CC-MAIN-2026-21,102728618,/work/multilingual-gsm-symbolic/paper/artifacts/figures/transfer_features/languages.csv,8.011691445624011,allenai/OLMo-2-0425-1B-Instruct,0.3641796369798867,0.2992618987019598,1.2169261725582368,100,8166,22423,5879,19645
allenai/OLMo-2-0425-1B-Instruct,OLMo-2-0425-1B-Instruct,OLMo 2,1.0,hin,original,0.0,0.0,100,0.61,0.04902071300001973,100,0.61,0.04902071300001973,0.0,0.0,Hindi,0.3838046008442838,URIEL syntax_knn,hin,CC-MAIN-2026-21,4774018,/work/multilingual-gsm-symbolic/paper/artifacts/figures/transfer_features/languages.csv,6.678884052141607,allenai/OLMo-2-0425-1B-Instruct,1.2682571572074335,0.2992618987019598,4.237950646936559,100,25251,19910,5879,19645
allenai/OLMo-2-0425-1B-Instruct,OLMo-2-0425-1B-Instruct,OLMo 2,1.0,hin,synthetic,0.0075,0.001929698647051973,2000,0.499,0.011183113654770196,2000,0.4915,0.01134838172974199,0.01503006012024048,0.0038817737280368142,Hindi,0.3838046008442838,URIEL syntax_knn,hin,CC-MAIN-2026-21,4774018,/work/multilingual-gsm-symbolic/paper/artifacts/figures/transfer_features/languages.csv,6.678884052141607,allenai/OLMo-2-0425-1B-Instruct,1.2682571572074335,0.2992618987019598,4.237950646936559,100,25251,19910,5879,19645
allenai/OLMo-2-0425-1B-Instruct,OLMo-2-0425-1B-Instruct,OLMo 2,1.0,isl,original,0.01,0.01,100,0.61,0.04902071300001973,100,0.6,0.050030293853127655,0.01639344262295082,0.016446292048104383,Icelandic,0.13127809128711687,URIEL syntax_knn,isl,CC-MAIN-2026-21,777022,/work/multilingual-gsm-symbolic/paper/artifacts/figures/transfer_features/languages.csv,5.890433315253091,allenai/OLMo-2-0425-1B-Instruct,0.5279846264712947,0.2992618987019598,1.764289502811462,100,10990,20815,5879,19645
allenai/OLMo-2-0425-1B-Instruct,OLMo-2-0425-1B-Instruct,OLMo 2,1.0,isl,synthetic,0.006,0.0017272787111155341,2000,0.499,0.011183113654770196,2000,0.493,0.011315720160969895,0.012024048096192385,0.0034719535351978316,Icelandic,0.13127809128711687,URIEL syntax_knn,isl,CC-MAIN-2026-21,777022,/work/multilingual-gsm-symbolic/paper/artifacts/figures/transfer_features/languages.csv,5.890433315253091,allenai/OLMo-2-0425-1B-Instruct,0.5279846264712947,0.2992618987019598,1.764289502811462,100,10990,20815,5879,19645
allenai/OLMo-2-0425-1B-Instruct,OLMo-2-0425-1B-Instruct,OLMo 2,1.0,ita,original,0.14,0.0348735088019777,100,0.61,0.04902071300001973,100,0.47,0.060159720072419876,0.2295081967213115,0.06007114978884076,Italian,0.14220584589844,URIEL syntax_knn,ita,CC-MAIN-2026-21,53457335,/work/multilingual-gsm-symbolic/paper/artifacts/figures/transfer_features/languages.csv,7.728007304146603,allenai/OLMo-2-0425-1B-Instruct,0.3816052297076448,0.2992618987019598,1.2751547435969863,100,8406,22028,5879,19645
allenai/OLMo-2-0425-1B-Instruct,OLMo-2-0425-1B-Instruct,OLMo 2,1.0,ita,synthetic,0.1195,0.007255080502416786,2000,0.499,0.011183113654770196,2000,0.3795,0.013330349737049505,0.23947895791583165,0.015498190307953743,Italian,0.14220584589844,URIEL syntax_knn,ita,CC-MAIN-2026-21,53457335,/work/multilingual-gsm-symbolic/paper/artifacts/figures/transfer_features/languages.csv,7.728007304146603,allenai/OLMo-2-0425-1B-Instruct,0.3816052297076448,0.2992618987019598,1.2751547435969863,100,8406,22028,5879,19645
allenai/OLMo-2-0425-1B-Instruct,OLMo-2-0425-1B-Instruct,OLMo 2,1.0,jpn,original,0.005,0.004999999999999998,200,0.61,0.04902071300001973,100,0.605,0.049275047468574834,0.00819672131147541,0.008223146024052188,Japanese,0.4998069870609444,URIEL syntax_knn,jpn,CC-MAIN-2026-21,118455052,/work/multilingual-gsm-symbolic/paper/artifacts/figures/transfer_features/languages.csv,8.073553587717582,allenai/OLMo-2-0425-1B-Instruct,1.014064190407501,0.2992618987019598,3.388550947534505,100,11248,11092,5879,19645
allenai/OLMo-2-0425-1B-Instruct,OLMo-2-0425-1B-Instruct,OLMo 2,1.0,jpn,synthetic,0.019,0.002158915289863686,4000,0.499,0.011183113654770196,2000,0.48,0.011389598159913932,0.038076152304609215,0.004409832882173934,Japanese,0.4998069870609444,URIEL syntax_knn,jpn,CC-MAIN-2026-21,118455052,/work/multilingual-gsm-symbolic/paper/artifacts/figures/transfer_features/languages.csv,8.073553587717582,allenai/OLMo-2-0425-1B-Instruct,1.014064190407501,0.2992618987019598,3.388550947534505,100,11248,11092,5879,19645
allenai/OLMo-2-0425-1B-Instruct,OLMo-2-0425-1B-Instruct,OLMo 2,1.0,mar,original,0.01,0.01,100,0.61,0.04902071300001973,100,0.6,0.050030293853127655,0.01639344262295082,0.016446292048104383,Marathi,0.43515421744059357,URIEL syntax_knn,mar,CC-MAIN-2026-21,649289,/work/multilingual-gsm-symbolic/paper/artifacts/figures/transfer_features/languages.csv,5.812438045288022,allenai/OLMo-2-0425-1B-Instruct,1.2391908156652163,0.2992618987019598,4.140823877146313,100,26769,21602,5879,19645
allenai/OLMo-2-0425-1B-Instruct,OLMo-2-0425-1B-Instruct,OLMo 2,1.0,mar,synthetic,0.0045,0.00149699549022329,2000,0.499,0.011183113654770196,2000,0.4945,0.011282864286751678,0.009018036072144287,0.0030067909239674335,Marathi,0.43515421744059357,URIEL syntax_knn,mar,CC-MAIN-2026-21,649289,/work/multilingual-gsm-symbolic/paper/artifacts/figures/transfer_features/languages.csv,5.812438045288022,allenai/OLMo-2-0425-1B-Instruct,1.2391908156652163,0.2992618987019598,4.140823877146313,100,26769,21602,5879,19645
allenai/OLMo-2-0425-1B-Instruct,OLMo-2-0425-1B-Instruct,OLMo 2,1.0,nld,original,0.07,0.02564323999762428,100,0.61,0.04902071300001973,100,0.54,0.05532274451440439,0.11475409836065575,0.04303770680846271,Dutch,0.07570690126642576,URIEL syntax_knn,nld,CC-MAIN-2026-21,39513234,/work/multilingual-gsm-symbolic/paper/artifacts/figures/transfer_features/languages.csv,7.596742576400662,allenai/OLMo-2-0425-1B-Instruct,0.3823884197828709,0.2992618987019598,1.2777718160630207,100,8242,21554,5879,19645
allenai/OLMo-2-0425-1B-Instruct,OLMo-2-0425-1B-Instruct,OLMo 2,1.0,nld,synthetic,0.0605,0.005332362707658123,2000,0.499,0.011183113654770196,2000,0.4385,0.012389355231872668,0.12124248496993988,0.011026137226149785,Dutch,0.07570690126642576,URIEL syntax_knn,nld,CC-MAIN-2026-21,39513234,/work/multilingual-gsm-symbolic/paper/artifacts/figures/transfer_features/languages.csv,7.596742576400662,allenai/OLMo-2-0425-1B-Instruct,0.3823884197828709,0.2992618987019598,1.2777718160630207,100,8242,21554,5879,19645
allenai/OLMo-2-0425-1B-Instruct,OLMo-2-0425-1B-Instruct,OLMo 2,1.0,nob,original,0.04,0.01969463855669324,100,0.61,0.04902071300001973,100,0.57,0.05282905536642778,0.06557377049180328,0.0327135090586311,Norwegian Bokmal,0.10138170956458059,URIEL syntax_knn,nor,CC-MAIN-2026-21,7148610,/work/multilingual-gsm-symbolic/paper/artifacts/figures/transfer_features/languages.csv,6.854221604316353,allenai/OLMo-2-0425-1B-Instruct,0.4104608595356301,0.2992618987019598,1.3715774086711097,100,8185,19941,5879,19645
allenai/OLMo-2-0425-1B-Instruct,OLMo-2-0425-1B-Instruct,OLMo 2,1.0,nob,synthetic,0.023,0.003352778036238031,2000,0.499,0.011183113654770196,2000,0.476,0.01167489407128766,0.04609218436873747,0.006797934754619266,Norwegian Bokmal,0.10138170956458059,URIEL syntax_knn,nor,CC-MAIN-2026-21,7148610,/work/multilingual-gsm-symbolic/paper/artifacts/figures/transfer_features/languages.csv,6.854221604316353,allenai/OLMo-2-0425-1B-Instruct,0.4104608595356301,0.2992618987019598,1.3715774086711097,100,8185,19941,5879,19645
allenai/OLMo-2-0425-1B-Instruct,OLMo-2-0425-1B-Instruct,OLMo 2,1.0,rus,original,0.15,0.03588702812826367,100,0.61,0.04902071300001973,100,0.45999999999999996,0.060752852533104085,0.2459016393442623,0.06206134540940244,Russian,0.18824593690905445,URIEL syntax_knn,rus,CC-MAIN-2026-21,138631119,/work/multilingual-gsm-symbolic/paper/artifacts/figures/transfer_features/languages.csv,8.141860728782362,allenai/OLMo-2-0425-1B-Instruct,0.5740723300056508,0.2992618987019598,1.9182940845315548,100,12191,21236,5879,19645
allenai/OLMo-2-0425-1B-Instruct,OLMo-2-0425-1B-Instruct,OLMo 2,1.0,rus,synthetic,0.0965,0.006604217049841768,2000,0.499,0.011183113654770196,2000,0.40249999999999997,0.012987598463801086,0.1933867735470942,0.013926458347133849,Russian,0.18824593690905445,URIEL syntax_knn,rus,CC-MAIN-2026-21,138631119,/work/multilingual-gsm-symbolic/paper/artifacts/figures/transfer_features/languages.csv,8.141860728782362,allenai/OLMo-2-0425-1B-Instruct,0.5740723300056508,0.2992618987019598,1.9182940845315548,100,12191,21236,5879,19645
allenai/OLMo-2-0425-1B-Instruct,OLMo-2-0425-1B-Instruct,OLMo 2,1.0,ukr,original,0.0,0.0,100,0.61,0.04902071300001973,100,0.61,0.04902071300001973,0.0,0.0,Ukrainian,0.15273132616089036,URIEL syntax_knn,ukr,CC-MAIN-2026-21,17456210,/work/multilingual-gsm-symbolic/paper/artifacts/figures/transfer_features/languages.csv,7.2419499578829365,allenai/OLMo-2-0425-1B-Instruct,0.7268559666931749,0.2992618987019598,2.4288289616750163,100,15538,21377,5879,19645
allenai/OLMo-2-0425-1B-Instruct,OLMo-2-0425-1B-Instruct,OLMo 2,1.0,ukr,synthetic,0.024,0.003423135832751123,2000,0.499,0.011183113654770196,2000,0.475,0.011695293495460998,0.04809619238476954,0.0069441575414726404,Ukrainian,0.15273132616089036,URIEL syntax_knn,ukr,CC-MAIN-2026-21,17456210,/work/multilingual-gsm-symbolic/paper/artifacts/figures/transfer_features/languages.csv,7.2419499578829365,allenai/OLMo-2-0425-1B-Instruct,0.7268559666931749,0.2992618987019598,2.4288289616750163,100,15538,21377,5879,19645
allenai/OLMo-2-0425-1B-Instruct,OLMo-2-0425-1B-Instruct,OLMo 2,1.0,urd,original,0.0,0.0,100,0.61,0.04902071300001973,100,0.61,0.04902071300001973,0.0,0.0,urd,0.3838046008442838,URIEL syntax_knn,urd,CC-MAIN-2026-21,682592,/work/multilingual-gsm-symbolic/paper/artifacts/figures/transfer_features/languages.csv,5.834161194027274,allenai/OLMo-2-0425-1B-Instruct,1.2072789753202124,0.2992618987019598,4.034188717497121,100,23187,19206,5879,19645
allenai/OLMo-2-0425-1B-Instruct,OLMo-2-0425-1B-Instruct,OLMo 2,1.0,urd,synthetic,0.0095,0.0021696148539100566,2000,0.499,0.011183113654770196,2000,0.4895,0.011391631122443123,0.019038076152304607,0.004368809701510654,urd,0.3838046008442838,URIEL syntax_knn,urd,CC-MAIN-2026-21,682592,/work/multilingual-gsm-symbolic/paper/artifacts/figures/transfer_features/languages.csv,5.834161194027274,allenai/OLMo-2-0425-1B-Instruct,1.2072789753202124,0.2992618987019598,4.034188717497121,100,23187,19206,5879,19645
allenai/OLMo-2-0425-1B-Instruct,OLMo-2-0425-1B-Instruct,OLMo 2,1.0,zho,original,0.07,0.025643239997624277,100,0.61,0.04902071300001973,100,0.54,0.05532274451440439,0.11475409836065575,0.0430377068084627,Chinese,0.2892275292349138,URIEL syntax_knn,zho,CC-MAIN-2026-21,102274716,/work/multilingual-gsm-symbolic/paper/artifacts/figures/transfer_features/languages.csv,8.009768282208015,allenai/OLMo-2-0425-1B-Instruct,1.4850291804110631,0.2992618987019598,4.962306216903442,100,11705,7882,5879,19645
allenai/OLMo-2-0425-1B-Instruct,OLMo-2-0425-1B-Instruct,OLMo 2,1.0,zho,synthetic,0.0935,0.006511534000335002,2000,0.499,0.011183113654770196,2000,0.40549999999999997,0.012940715051844173,0.187374749498998,0.013708193411037687,Chinese,0.2892275292349138,URIEL syntax_knn,zho,CC-MAIN-2026-21,102274716,/work/multilingual-gsm-symbolic/paper/artifacts/figures/transfer_features/languages.csv,8.009768282208015,allenai/OLMo-2-0425-1B-Instruct,1.4850291804110631,0.2992618987019598,4.962306216903442,100,11705,7882,5879,19645
allenai/OLMo-2-1124-13B-Instruct,OLMo-2-1124-13B-Instruct,OLMo 2,13.0,ara,original,0.46,0.050090826596203314,100,0.91,0.028762349126466132,100,0.45,0.0577612641513639,0.5054945054945055,0.05731672113380734,Arabic,0.34901322303461213,URIEL syntax_knn,ara,CC-MAIN-2026-21,14123579,/work/multilingual-gsm-symbolic/paper/artifacts/figures/transfer_features/languages.csv,7.149944763500101,allenai/OLMo-2-1124-13B-Instruct,0.8919114777858298,0.2992618987019598,2.980370978245046,100,16000,17939,5879,19645
allenai/OLMo-2-1124-13B-Instruct,OLMo-2-1124-13B-Instruct,OLMo 2,13.0,ara,synthetic,0.37,0.010798532499931457,2000,0.829,0.0084211019159454,2000,0.45899999999999996,0.013693913305947837,0.4463208685162847,0.013792435235612679,Arabic,0.34901322303461213,URIEL syntax_knn,ara,CC-MAIN-2026-21,14123579,/work/multilingual-gsm-symbolic/paper/artifacts/figures/transfer_features/languages.csv,7.149944763500101,allenai/OLMo-2-1124-13B-Instruct,0.8919114777858298,0.2992618987019598,2.980370978245046,100,16000,17939,5879,19645
allenai/OLMo-2-1124-13B-Instruct,OLMo-2-1124-13B-Instruct,OLMo 2,13.0,dan,original,0.565,0.03514328173714404,200,0.91,0.028762349126466132,100,0.3450000000000001,0.04541280632738973,0.6208791208791208,0.043318959320844216,Danish,0.11992176734660287,URIEL syntax_knn,dan,CC-MAIN-2026-21,11404389,/work/multilingual-gsm-symbolic/paper/artifacts/figures/transfer_features/languages.csv,7.057072022533615,allenai/OLMo-2-1124-13B-Instruct,0.41236959761549924,0.2992618987019598,1.3779555613465695,100,8301,20130,5879,19645
allenai/OLMo-2-1124-13B-Instruct,OLMo-2-1124-13B-Instruct,OLMo 2,13.0,dan,synthetic,0.498,0.007906619293804672,4000,0.829,0.0084211019159454,2000,0.33099999999999996,0.011551172500482518,0.600723763570567,0.011322630314357311,Danish,0.11992176734660287,URIEL syntax_knn,dan,CC-MAIN-2026-21,11404389,/work/multilingual-gsm-symbolic/paper/artifacts/figures/transfer_features/languages.csv,7.057072022533615,allenai/OLMo-2-1124-13B-Instruct,0.41236959761549924,0.2992618987019598,1.3779555613465695,100,8301,20130,5879,19645
allenai/OLMo-2-1124-13B-Instruct,OLMo-2-1124-13B-Instruct,OLMo 2,13.0,deu,original,0.71,0.032166339033750345,200,0.91,0.028762349126466132,100,0.20000000000000007,0.04315027339550583,0.7802197802197801,0.0430997608561798,German,0.09745802098497969,URIEL syntax_knn,deu,CC-MAIN-2026-21,129221452,/work/multilingual-gsm-symbolic/paper/artifacts/figures/transfer_features/languages.csv,8.111334616692115,allenai/OLMo-2-1124-13B-Instruct,0.35965107481418845,0.2992618987019598,1.2017937344318306,100,8081,22469,5879,19645
allenai/OLMo-2-1124-13B-Instruct,OLMo-2-1124-13B-Instruct,OLMo 2,13.0,deu,synthetic,0.68425,0.007350271491431413,4000,0.829,0.0084211019159454,2000,0.14474999999999993,0.011177721077057196,0.8253920386007239,0.01220297641869179,German,0.09745802098497969,URIEL syntax_knn,deu,CC-MAIN-2026-21,129221452,/work/multilingual-gsm-symbolic/paper/artifacts/figures/transfer_features/languages.csv,8.111334616692115,allenai/OLMo-2-1124-13B-Instruct,0.35965107481418845,0.2992618987019598,1.2017937344318306,100,8081,22469,5879,19645
allenai/OLMo-2-1124-13B-Instruct,OLMo-2-1124-13B-Instruct,OLMo 2,13.0,est,original,0.14,0.0348735088019777,100,0.91,0.028762349126466132,100,0.77,0.04520436199565638,0.15384615384615385,0.0386298051676608,Estonian,0.22659791675913576,URIEL syntax_knn,est,CC-MAIN-2026-21,3089989,/work/multilingual-gsm-symbolic/paper/artifacts/figures/transfer_features/languages.csv,6.489956933389947,allenai/OLMo-2-1124-13B-Instruct,0.4779027325638749,0.2992618987019598,1.5969381155327984,100,9689,20274,5879,19645
allenai/OLMo-2-1124-13B-Instruct,OLMo-2-1124-13B-Instruct,OLMo 2,13.0,est,synthetic,0.1365,0.007678760100324739,2000,0.829,0.0084211019159454,2000,0.6924999999999999,0.011396416724439242,0.16465621230398073,0.009412481116852701,Estonian,0.22659791675913576,URIEL syntax_knn,est,CC-MAIN-2026-21,3089989,/work/multilingual-gsm-symbolic/paper/artifacts/figures/transfer_features/languages.csv,6.489956933389947,allenai/OLMo-2-1124-13B-Instruct,0.4779027325638749,0.2992618987019598,1.5969381155327984,100,9689,20274,5879,19645
allenai/OLMo-2-1124-13B-Instruct,OLMo-2-1124-13B-Instruct,OLMo 2,13.0,fra,original,0.76,0.04292346959909279,100,0.91,0.028762349126466132,100,0.15000000000000002,0.05166911040164104,0.8351648351648352,0.054052611816247834,French,0.18824593690905445,URIEL syntax_knn,fra,CC-MAIN-2026-21,102728618,/work/multilingual-gsm-symbolic/paper/artifacts/figures/transfer_features/languages.csv,8.011691445624011,allenai/OLMo-2-1124-13B-Instruct,0.3641796369798867,0.2992618987019598,1.2169261725582368,100,8166,22423,5879,19645
allenai/OLMo-2-1124-13B-Instruct,OLMo-2-1124-13B-Instruct,OLMo 2,13.0,fra,synthetic,0.6945,0.010302327114394392,2000,0.829,0.0084211019159454,2000,0.13449999999999995,0.013306122705383608,0.8377563329312425,0.015061925414018228,French,0.18824593690905445,URIEL syntax_knn,fra,CC-MAIN-2026-21,102728618,/work/multilingual-gsm-symbolic/paper/artifacts/figures/transfer_features/languages.csv,8.011691445624011,allenai/OLMo-2-1124-13B-Instruct,0.3641796369798867,0.2992618987019598,1.2169261725582368,100,8166,22423,5879,19645
allenai/OLMo-2-1124-13B-Instruct,OLMo-2-1124-13B-Instruct,OLMo 2,13.0,hin,original,0.24,0.04292346959909279,100,0.91,0.028762349126466132,100,0.67,0.05166911040164104,0.26373626373626374,0.04789956863313646,Hindi,0.3838046008442838,URIEL syntax_knn,hin,CC-MAIN-2026-21,4774018,/work/multilingual-gsm-symbolic/paper/artifacts/figures/transfer_features/languages.csv,6.678884052141607,allenai/OLMo-2-1124-13B-Instruct,1.2682571572074335,0.2992618987019598,4.237950646936559,100,25251,19910,5879,19645
allenai/OLMo-2-1124-13B-Instruct,OLMo-2-1124-13B-Instruct,OLMo 2,13.0,hin,synthetic,0.1405,0.007772392169726123,2000,0.829,0.0084211019159454,2000,0.6884999999999999,0.011459713675252068,0.16948130277442705,0.009532380750390434,Hindi,0.3838046008442838,URIEL syntax_knn,hin,CC-MAIN-2026-21,4774018,/work/multilingual-gsm-symbolic/paper/artifacts/figures/transfer_features/languages.csv,6.678884052141607,allenai/OLMo-2-1124-13B-Instruct,1.2682571572074335,0.2992618987019598,4.237950646936559,100,25251,19910,5879,19645
allenai/OLMo-2-1124-13B-Instruct,OLMo-2-1124-13B-Instruct,OLMo 2,13.0,isl,original,0.23,0.04229525846816506,100,0.91,0.028762349126466132,100,0.68,0.05114842730878062,0.25274725274725274,0.04715983763626171,Icelandic,0.13127809128711687,URIEL syntax_knn,isl,CC-MAIN-2026-21,777022,/work/multilingual-gsm-symbolic/paper/artifacts/figures/transfer_features/languages.csv,5.890433315253091,allenai/OLMo-2-1124-13B-Instruct,0.5279846264712947,0.2992618987019598,1.764289502811462,100,10990,20815,5879,19645
allenai/OLMo-2-1124-13B-Instruct,OLMo-2-1124-13B-Instruct,OLMo 2,13.0,isl,synthetic,0.1775,0.008545957623101572,2000,0.829,0.0084211019159454,2000,0.6515,0.011997847689256068,0.2141133896260555,0.01053570240641475,Icelandic,0.13127809128711687,URIEL syntax_knn,isl,CC-MAIN-2026-21,777022,/work/multilingual-gsm-symbolic/paper/artifacts/figures/transfer_features/languages.csv,5.890433315253091,allenai/OLMo-2-1124-13B-Instruct,0.5279846264712947,0.2992618987019598,1.764289502811462,100,10990,20815,5879,19645
allenai/OLMo-2-1124-13B-Instruct,OLMo-2-1124-13B-Instruct,OLMo 2,13.0,ita,original,0.79,0.040936018074033236,100,0.91,0.028762349126466132,100,0.12,0.050030293853127655,0.8681318681318682,0.05269266978108524,Italian,0.14220584589844,URIEL syntax_knn,ita,CC-MAIN-2026-21,53457335,/work/multilingual-gsm-symbolic/paper/artifacts/figures/transfer_features/languages.csv,7.728007304146603,allenai/OLMo-2-1124-13B-Instruct,0.3816052297076448,0.2992618987019598,1.2751547435969863,100,8406,22028,5879,19645
allenai/OLMo-2-1124-13B-Instruct,OLMo-2-1124-13B-Instruct,OLMo 2,13.0,ita,synthetic,0.686,0.010380552872509712,2000,0.829,0.0084211019159454,2000,0.1429999999999999,0.013366781041735849,0.8275030156815442,0.015081577096336975,Italian,0.14220584589844,URIEL syntax_knn,ita,CC-MAIN-2026-21,53457335,/work/multilingual-gsm-symbolic/paper/artifacts/figures/transfer_features/languages.csv,7.728007304146603,allenai/OLMo-2-1124-13B-Instruct,0.3816052297076448,0.2992618987019598,1.2751547435969863,100,8406,22028,5879,19645
allenai/OLMo-2-1124-13B-Instruct,OLMo-2-1124-13B-Instruct,OLMo 2,13.0,jpn,original,0.425,0.035043046034511395,200,0.91,0.028762349126466132,100,0.48500000000000004,0.0453352820951807,0.467032967032967,0.04124115404407811,Japanese,0.4998069870609444,URIEL syntax_knn,jpn,CC-MAIN-2026-21,118455052,/work/multilingual-gsm-symbolic/paper/artifacts/figures/transfer_features/languages.csv,8.073553587717582,allenai/OLMo-2-1124-13B-Instruct,1.014064190407501,0.2992618987019598,3.388550947534505,100,11248,11092,5879,19645
allenai/OLMo-2-1124-13B-Instruct,OLMo-2-1124-13B-Instruct,OLMo 2,13.0,jpn,synthetic,0.34225,0.007502853295706525,4000,0.829,0.0084211019159454,2000,0.48674999999999996,0.011278641986322358,0.41284680337756335,0.009974913933209166,Japanese,0.4998069870609444,URIEL syntax_knn,jpn,CC-MAIN-2026-21,118455052,/work/multilingual-gsm-symbolic/paper/artifacts/figures/transfer_features/languages.csv,8.073553587717582,allenai/OLMo-2-1124-13B-Instruct,1.014064190407501,0.2992618987019598,3.388550947534505,100,11248,11092,5879,19645
allenai/OLMo-2-1124-13B-Instruct,OLMo-2-1124-13B-Instruct,OLMo 2,13.0,mar,original,0.02,0.01407052941362897,100,0.91,0.028762349126466132,100,0.89,0.03201956472615649,0.021978021978021976,0.015477716661486361,Marathi,0.43515421744059357,URIEL syntax_knn,mar,CC-MAIN-2026-21,649289,/work/multilingual-gsm-symbolic/paper/artifacts/figures/transfer_features/languages.csv,5.812438045288022,allenai/OLMo-2-1124-13B-Instruct,1.2391908156652163,0.2992618987019598,4.140823877146313,100,26769,21602,5879,19645
allenai/OLMo-2-1124-13B-Instruct,OLMo-2-1124-13B-Instruct,OLMo 2,13.0,mar,synthetic,0.029,0.0037532044004604673,2000,0.829,0.0084211019159454,2000,0.7999999999999999,0.009219625846550126,0.03498190591073583,0.004541311911042736,Marathi,0.43515421744059357,URIEL syntax_knn,mar,CC-MAIN-2026-21,649289,/work/multilingual-gsm-symbolic/paper/artifacts/figures/transfer_features/languages.csv,5.812438045288022,allenai/OLMo-2-1124-13B-Instruct,1.2391908156652163,0.2992618987019598,4.140823877146313,100,26769,21602,5879,19645
allenai/OLMo-2-1124-13B-Instruct,OLMo-2-1124-13B-Instruct,OLMo 2,13.0,nld,original,0.64,0.04824181513244218,100,0.91,0.028762349126466132,100,0.27,0.05616534033143087,0.7032967032967032,0.057484855027192396,Dutch,0.07570690126642576,URIEL syntax_knn,nld,CC-MAIN-2026-21,39513234,/work/multilingual-gsm-symbolic/paper/artifacts/figures/transfer_features/languages.csv,7.596742576400662,allenai/OLMo-2-1124-13B-Instruct,0.3823884197828709,0.2992618987019598,1.2777718160630207,100,8242,21554,5879,19645
allenai/OLMo-2-1124-13B-Instruct,OLMo-2-1124-13B-Instruct,OLMo 2,13.0,nld,synthetic,0.564,0.011091145421162628,2000,0.829,0.0084211019159454,2000,0.265,0.013925820056000867,0.6803377563329313,0.015058474924812992,Dutch,0.07570690126642576,URIEL syntax_knn,nld,CC-MAIN-2026-21,39513234,/work/multilingual-gsm-symbolic/paper/artifacts/figures/transfer_features/languages.csv,7.596742576400662,allenai/OLMo-2-1124-13B-Instruct,0.3823884197828709,0.2992618987019598,1.2777718160630207,100,8242,21554,5879,19645
allenai/OLMo-2-1124-13B-Instruct,OLMo-2-1124-13B-Instruct,OLMo 2,13.0,nob,original,0.64,0.048241815132442176,100,0.91,0.028762349126466132,100,0.27,0.05616534033143086,0.7032967032967032,0.05748485502719239,Norwegian Bokmal,0.10138170956458059,URIEL syntax_knn,nor,CC-MAIN-2026-21,7148610,/work/multilingual-gsm-symbolic/paper/artifacts/figures/transfer_features/languages.csv,6.854221604316353,allenai/OLMo-2-1124-13B-Instruct,0.4104608595356301,0.2992618987019598,1.3715774086711097,100,8185,19941,5879,19645
allenai/OLMo-2-1124-13B-Instruct,OLMo-2-1124-13B-Instruct,OLMo 2,13.0,nob,synthetic,0.523,0.011171297997523597,2000,0.829,0.0084211019159454,2000,0.30599999999999994,0.013989741113695206,0.6308805790108565,0.014921879110722548,Norwegian Bokmal,0.10138170956458059,URIEL syntax_knn,nor,CC-MAIN-2026-21,7148610,/work/multilingual-gsm-symbolic/paper/artifacts/figures/transfer_features/languages.csv,6.854221604316353,allenai/OLMo-2-1124-13B-Instruct,0.4104608595356301,0.2992618987019598,1.3715774086711097,100,8185,19941,5879,19645
allenai/OLMo-2-1124-13B-Instruct,OLMo-2-1124-13B-Instruct,OLMo 2,13.0,rus,original,0.74,0.04408440022768081,100,0.91,0.028762349126466132,100,0.17000000000000004,0.052637506311631735,0.8131868131868132,0.054840420044676874,Russian,0.18824593690905445,URIEL syntax_knn,rus,CC-MAIN-2026-21,138631119,/work/multilingual-gsm-symbolic/paper/artifacts/figures/transfer_features/languages.csv,8.141860728782362,allenai/OLMo-2-1124-13B-Instruct,0.5740723300056508,0.2992618987019598,1.9182940845315548,100,12191,21236,5879,19645
allenai/OLMo-2-1124-13B-Instruct,OLMo-2-1124-13B-Instruct,OLMo 2,13.0,rus,synthetic,0.5945,0.010981583336946148,2000,0.829,0.0084211019159454,2000,0.23449999999999993,0.01383871851238519,0.7171290711700845,0.015117676193976044,Russian,0.18824593690905445,URIEL syntax_knn,rus,CC-MAIN-2026-21,138631119,/work/multilingual-gsm-symbolic/paper/artifacts/figures/transfer_features/languages.csv,8.141860728782362,allenai/OLMo-2-1124-13B-Instruct,0.5740723300056508,0.2992618987019598,1.9182940845315548,100,12191,21236,5879,19645
allenai/OLMo-2-1124-13B-Instruct,OLMo-2-1124-13B-Instruct,OLMo 2,13.0,ukr,original,0.44,0.04988876515698589,100,0.91,0.028762349126466132,100,0.47000000000000003,0.05758612346878036,0.4835164835164835,0.05691305739702338,Ukrainian,0.15273132616089036,URIEL syntax_knn,ukr,CC-MAIN-2026-21,17456210,/work/multilingual-gsm-symbolic/paper/artifacts/figures/transfer_features/languages.csv,7.2419499578829365,allenai/OLMo-2-1124-13B-Instruct,0.7268559666931749,0.2992618987019598,2.4288289616750163,100,15538,21377,5879,19645
allenai/OLMo-2-1124-13B-Instruct,OLMo-2-1124-13B-Instruct,OLMo 2,13.0,ukr,synthetic,0.34,0.010595099247483824,2000,0.829,0.0084211019159454,2000,0.48899999999999993,0.013534071284826735,0.41013268998793734,0.013442480885663525,Ukrainian,0.15273132616089036,URIEL syntax_knn,ukr,CC-MAIN-2026-21,17456210,/work/multilingual-gsm-symbolic/paper/artifacts/figures/transfer_features/languages.csv,7.2419499578829365,allenai/OLMo-2-1124-13B-Instruct,0.7268559666931749,0.2992618987019598,2.4288289616750163,100,15538,21377,5879,19645
allenai/OLMo-2-1124-13B-Instruct,OLMo-2-1124-13B-Instruct,OLMo 2,13.0,urd,original,0.31,0.04648231987117316,100,0.91,0.028762349126466132,100,0.6000000000000001,0.0546614927337224,0.34065934065934067,0.052201966943280206,urd,0.3838046008442838,URIEL syntax_knn,urd,CC-MAIN-2026-21,682592,/work/multilingual-gsm-symbolic/paper/artifacts/figures/transfer_features/languages.csv,5.834161194027274,allenai/OLMo-2-1124-13B-Instruct,1.2072789753202124,0.2992618987019598,4.034188717497121,100,23187,19206,5879,19645
allenai/OLMo-2-1124-13B-Instruct,OLMo-2-1124-13B-Instruct,OLMo 2,13.0,urd,synthetic,0.2565,0.009767373023894098,2000,0.829,0.0084211019159454,2000,0.5725,0.012896376749561615,0.30940892641737033,0.01219412988764271,urd,0.3838046008442838,URIEL syntax_knn,urd,CC-MAIN-2026-21,682592,/work/multilingual-gsm-symbolic/paper/artifacts/figures/transfer_features/languages.csv,5.834161194027274,allenai/OLMo-2-1124-13B-Instruct,1.2072789753202124,0.2992618987019598,4.034188717497121,100,23187,19206,5879,19645
allenai/OLMo-2-1124-13B-Instruct,OLMo-2-1124-13B-Instruct,OLMo 2,13.0,zho,original,0.63,0.048523658709390974,100,0.91,0.028762349126466132,100,0.28,0.05640760748177662,0.6923076923076923,0.05763784924263683,Chinese,0.2892275292349138,URIEL syntax_knn,zho,CC-MAIN-2026-21,102274716,/work/multilingual-gsm-symbolic/paper/artifacts/figures/transfer_features/languages.csv,8.009768282208015,allenai/OLMo-2-1124-13B-Instruct,1.4850291804110631,0.2992618987019598,4.962306216903442,100,11705,7882,5879,19645
allenai/OLMo-2-1124-13B-Instruct,OLMo-2-1124-13B-Instruct,OLMo 2,13.0,zho,synthetic,0.499,0.011183113654770213,2000,0.829,0.0084211019159454,2000,0.32999999999999996,0.013999178136385267,0.6019300361881785,0.014810941275650202,Chinese,0.2892275292349138,URIEL syntax_knn,zho,CC-MAIN-2026-21,102274716,/work/multilingual-gsm-symbolic/paper/artifacts/figures/transfer_features/languages.csv,8.009768282208015,allenai/OLMo-2-1124-13B-Instruct,1.4850291804110631,0.2992618987019598,4.962306216903442,100,11705,7882,5879,19645
allenai/OLMo-2-1124-7B-Instruct,OLMo-2-1124-7B-Instruct,OLMo 2,7.0,ara,original,0.21,0.040936018074033236,100,0.83,0.03775251680686369,100,0.62,0.05568671386435099,0.25301204819277107,0.05064535260101997,Arabic,0.34901322303461213,URIEL syntax_knn,ara,CC-MAIN-2026-21,14123579,/work/multilingual-gsm-symbolic/paper/artifacts/figures/transfer_features/languages.csv,7.149944763500101,allenai/OLMo-2-1124-7B-Instruct,0.8919114777858298,0.2992618987019598,2.980370978245046,100,16000,17939,5879,19645
allenai/OLMo-2-1124-7B-Instruct,OLMo-2-1124-7B-Instruct,OLMo 2,7.0,ara,synthetic,0.167,0.008342079785495572,2000,0.705,0.010199976458790477,2000,0.5379999999999999,0.013176866657421018,0.2368794326241135,0.012319060881327839,Arabic,0.34901322303461213,URIEL syntax_knn,ara,CC-MAIN-2026-21,14123579,/work/multilingual-gsm-symbolic/paper/artifacts/figures/transfer_features/languages.csv,7.149944763500101,allenai/OLMo-2-1124-7B-Instruct,0.8919114777858298,0.2992618987019598,2.980370978245046,100,16000,17939,5879,19645
allenai/OLMo-2-1124-7B-Instruct,OLMo-2-1124-7B-Instruct,OLMo 2,7.0,dan,original,0.28,0.03182868716477583,200,0.83,0.03775251680686369,100,0.5499999999999999,0.04937932615868397,0.3373493975903615,0.04130379227127111,Danish,0.11992176734660287,URIEL syntax_knn,dan,CC-MAIN-2026-21,11404389,/work/multilingual-gsm-symbolic/paper/artifacts/figures/transfer_features/languages.csv,7.057072022533615,allenai/OLMo-2-1124-7B-Instruct,0.41236959761549924,0.2992618987019598,1.3779555613465695,100,8301,20130,5879,19645
allenai/OLMo-2-1124-7B-Instruct,OLMo-2-1124-7B-Instruct,OLMo 2,7.0,dan,synthetic,0.215,0.006496483747017982,4000,0.705,0.010199976458790477,2000,0.49,0.012093131142725142,0.3049645390070922,0.010216737509044881,Danish,0.11992176734660287,URIEL syntax_knn,dan,CC-MAIN-2026-21,11404389,/work/multilingual-gsm-symbolic/paper/artifacts/figures/transfer_features/languages.csv,7.057072022533615,allenai/OLMo-2-1124-7B-Instruct,0.41236959761549924,0.2992618987019598,1.3779555613465695,100,8301,20130,5879,19645
allenai/OLMo-2-1124-7B-Instruct,OLMo-2-1124-7B-Instruct,OLMo 2,7.0,deu,original,0.54,0.03533045720097818,200,0.83,0.03775251680686369,100,0.2899999999999999,0.051705838464168395,0.6506024096385543,0.05184261997646293,German,0.09745802098497969,URIEL syntax_knn,deu,CC-MAIN-2026-21,129221452,/work/multilingual-gsm-symbolic/paper/artifacts/figures/transfer_features/languages.csv,8.111334616692115,allenai/OLMo-2-1124-7B-Instruct,0.35965107481418845,0.2992618987019598,1.2017937344318306,100,8081,22469,5879,19645
allenai/OLMo-2-1124-7B-Instruct,OLMo-2-1124-7B-Instruct,OLMo 2,7.0,deu,synthetic,0.45675,0.007877047120770298,4000,0.705,0.010199976458790477,2000,0.24824999999999997,0.012887489713001347,0.647872340425532,0.014584241725545647,German,0.09745802098497969,URIEL syntax_knn,deu,CC-MAIN-2026-21,129221452,/work/multilingual-gsm-symbolic/paper/artifacts/figures/transfer_features/languages.csv,8.111334616692115,allenai/OLMo-2-1124-7B-Instruct,0.35965107481418845,0.2992618987019598,1.2017937344318306,100,8081,22469,5879,19645
allenai/OLMo-2-1124-7B-Instruct,OLMo-2-1124-7B-Instruct,OLMo 2,7.0,est,original,0.05,0.021904291355759036,100,0.83,0.03775251680686369,100,0.7799999999999999,0.04364688425363837,0.06024096385542169,0.026532576617355138,Estonian,0.22659791675913576,URIEL syntax_knn,est,CC-MAIN-2026-21,3089989,/work/multilingual-gsm-symbolic/paper/artifacts/figures/transfer_features/languages.csv,6.489956933389947,allenai/OLMo-2-1124-7B-Instruct,0.4779027325638749,0.2992618987019598,1.5969381155327984,100,9689,20274,5879,19645
allenai/OLMo-2-1124-7B-Instruct,OLMo-2-1124-7B-Instruct,OLMo 2,7.0,est,synthetic,0.0305,0.003846072169833503,2000,0.705,0.010199976458790477,2000,0.6745,0.010900999536530937,0.04326241134751773,0.0054912114593185304,Estonian,0.22659791675913576,URIEL syntax_knn,est,CC-MAIN-2026-21,3089989,/work/multilingual-gsm-symbolic/paper/artifacts/figures/transfer_features/languages.csv,6.489956933389947,allenai/OLMo-2-1124-7B-Instruct,0.4779027325638749,0.2992618987019598,1.5969381155327984,100,9689,20274,5879,19645
allenai/OLMo-2-1124-7B-Instruct,OLMo-2-1124-7B-Instruct,OLMo 2,7.0,fra,original,0.59,0.049431107042371046,100,0.83,0.03775251680686369,100,0.24,0.062198769028710445,0.7108433734939759,0.0677662597892152,French,0.18824593690905445,URIEL syntax_knn,fra,CC-MAIN-2026-21,102728618,/work/multilingual-gsm-symbolic/paper/artifacts/figures/transfer_features/languages.csv,8.011691445624011,allenai/OLMo-2-1124-7B-Instruct,0.3641796369798867,0.2992618987019598,1.2169261725582368,100,8166,22423,5879,19645
allenai/OLMo-2-1124-7B-Instruct,OLMo-2-1124-7B-Instruct,OLMo 2,7.0,fra,synthetic,0.557,0.011110230358066605,2000,0.705,0.010199976458790477,2000,0.1479999999999999,0.015082331993733088,0.7900709219858157,0.019468308166708876,French,0.18824593690905445,URIEL syntax_knn,fra,CC-MAIN-2026-21,102728618,/work/multilingual-gsm-symbolic/paper/artifacts/figures/transfer_features/languages.csv,8.011691445624011,allenai/OLMo-2-1124-7B-Instruct,0.3641796369798867,0.2992618987019598,1.2169261725582368,100,8166,22423,5879,19645
allenai/OLMo-2-1124-7B-Instruct,OLMo-2-1124-7B-Instruct,OLMo 2,7.0,hin,original,0.07,0.025643239997624277,100,0.83,0.03775251680686369,100,0.76,0.04563801357233115,0.08433734939759037,0.031132709102581292,Hindi,0.3838046008442838,URIEL syntax_knn,hin,CC-MAIN-2026-21,4774018,/work/multilingual-gsm-symbolic/paper/artifacts/figures/transfer_features/languages.csv,6.678884052141607,allenai/OLMo-2-1124-7B-Instruct,1.2682571572074335,0.2992618987019598,4.237950646936559,100,25251,19910,5879,19645
allenai/OLMo-2-1124-7B-Instruct,OLMo-2-1124-7B-Instruct,OLMo 2,7.0,hin,synthetic,0.031,0.0038764692062176055,2000,0.705,0.010199976458790477,2000,0.6739999999999999,0.010911761235778267,0.04397163120567376,0.005535218938896705,Hindi,0.3838046008442838,URIEL syntax_knn,hin,CC-MAIN-2026-21,4774018,/work/multilingual-gsm-symbolic/paper/artifacts/figures/transfer_features/languages.csv,6.678884052141607,allenai/OLMo-2-1124-7B-Instruct,1.2682571572074335,0.2992618987019598,4.237950646936559,100,25251,19910,5879,19645
allenai/OLMo-2-1124-7B-Instruct,OLMo-2-1124-7B-Instruct,OLMo 2,7.0,isl,original,0.05,0.021904291355759033,100,0.83,0.03775251680686369,100,0.7799999999999999,0.04364688425363837,0.06024096385542169,0.026532576617355134,Icelandic,0.13127809128711687,URIEL syntax_knn,isl,CC-MAIN-2026-21,777022,/work/multilingual-gsm-symbolic/paper/artifacts/figures/transfer_features/languages.csv,5.890433315253091,allenai/OLMo-2-1124-7B-Instruct,0.5279846264712947,0.2992618987019598,1.764289502811462,100,10990,20815,5879,19645
allenai/OLMo-2-1124-7B-Instruct,OLMo-2-1124-7B-Instruct,OLMo 2,7.0,isl,synthetic,0.0105,0.0022797968630710085,2000,0.705,0.010199976458790477,2000,0.6945,0.010451650276236206,0.014893617021276598,0.0032409257859741633,Icelandic,0.13127809128711687,URIEL syntax_knn,isl,CC-MAIN-2026-21,777022,/work/multilingual-gsm-symbolic/paper/artifacts/figures/transfer_features/languages.csv,5.890433315253091,allenai/OLMo-2-1124-7B-Instruct,0.5279846264712947,0.2992618987019598,1.764289502811462,100,10990,20815,5879,19645
allenai/OLMo-2-1124-7B-Instruct,OLMo-2-1124-7B-Instruct,OLMo 2,7.0,ita,original,0.54,0.050090826596203314,100,0.83,0.03775251680686369,100,0.2899999999999999,0.06272434482992575,0.6506024096385543,0.06721527671651008,Italian,0.14220584589844,URIEL syntax_knn,ita,CC-MAIN-2026-21,53457335,/work/multilingual-gsm-symbolic/paper/artifacts/figures/transfer_features/languages.csv,7.728007304146603,allenai/OLMo-2-1124-7B-Instruct,0.3816052297076448,0.2992618987019598,1.2751547435969863,100,8406,22028,5879,19645
allenai/OLMo-2-1124-7B-Instruct,OLMo-2-1124-7B-Instruct,OLMo 2,7.0,ita,synthetic,0.4545,0.011136735987003652,2000,0.705,0.010199976458790477,2000,0.25049999999999994,0.015101867705820435,0.6446808510638299,0.018344934088883647,Italian,0.14220584589844,URIEL syntax_knn,ita,CC-MAIN-2026-21,53457335,/work/multilingual-gsm-symbolic/paper/artifacts/figures/transfer_features/languages.csv,7.728007304146603,allenai/OLMo-2-1124-7B-Instruct,0.3816052297076448,0.2992618987019598,1.2751547435969863,100,8406,22028,5879,19645
allenai/OLMo-2-1124-7B-Instruct,OLMo-2-1124-7B-Instruct,OLMo 2,7.0,jpn,original,0.215,0.029122423970017453,200,0.83,0.03775251680686369,100,0.615,0.04767985007465913,0.25903614457831325,0.03701266058350663,Japanese,0.4998069870609444,URIEL syntax_knn,jpn,CC-MAIN-2026-21,118455052,/work/multilingual-gsm-symbolic/paper/artifacts/figures/transfer_features/languages.csv,8.073553587717582,allenai/OLMo-2-1124-7B-Instruct,1.014064190407501,0.2992618987019598,3.388550947534505,100,11248,11092,5879,19645
allenai/OLMo-2-1124-7B-Instruct,OLMo-2-1124-7B-Instruct,OLMo 2,7.0,jpn,synthetic,0.1545,0.005715383093107161,4000,0.705,0.010199976458790477,2000,0.5505,0.011692096632377578,0.21914893617021278,0.008704902542366612,Japanese,0.4998069870609444,URIEL syntax_knn,jpn,CC-MAIN-2026-21,118455052,/work/multilingual-gsm-symbolic/paper/artifacts/figures/transfer_features/languages.csv,8.073553587717582,allenai/OLMo-2-1124-7B-Instruct,1.014064190407501,0.2992618987019598,3.388550947534505,100,11248,11092,5879,19645
allenai/OLMo-2-1124-7B-Instruct,OLMo-2-1124-7B-Instruct,OLMo 2,7.0,mar,original,0.02,0.01407052941362897,100,0.83,0.03775251680686369,100,0.8099999999999999,0.04028935744377568,0.024096385542168676,0.016987838614276378,Marathi,0.43515421744059357,URIEL syntax_knn,mar,CC-MAIN-2026-21,649289,/work/multilingual-gsm-symbolic/paper/artifacts/figures/transfer_features/languages.csv,5.812438045288022,allenai/OLMo-2-1124-7B-Instruct,1.2391908156652163,0.2992618987019598,4.140823877146313,100,26769,21602,5879,19645
allenai/OLMo-2-1124-7B-Instruct,OLMo-2-1124-7B-Instruct,OLMo 2,7.0,mar,synthetic,0.0145,0.0026736583971428223,2000,0.705,0.010199976458790477,2000,0.6905,0.010544570592702779,0.020567375886524825,0.0038040796509675725,Marathi,0.43515421744059357,URIEL syntax_knn,mar,CC-MAIN-2026-21,649289,/work/multilingual-gsm-symbolic/paper/artifacts/figures/transfer_features/languages.csv,5.812438045288022,allenai/OLMo-2-1124-7B-Instruct,1.2391908156652163,0.2992618987019598,4.140823877146313,100,26769,21602,5879,19645
allenai/OLMo-2-1124-7B-Instruct,OLMo-2-1124-7B-Instruct,OLMo 2,7.0,nld,original,0.42,0.04960449637488582,100,0.83,0.03775251680686369,100,0.41,0.06233665523477006,0.5060240963855421,0.06404333310981454,Dutch,0.07570690126642576,URIEL syntax_knn,nld,CC-MAIN-2026-21,39513234,/work/multilingual-gsm-symbolic/paper/artifacts/figures/transfer_features/languages.csv,7.596742576400662,allenai/OLMo-2-1124-7B-Instruct,0.3823884197828709,0.2992618987019598,1.2777718160630207,100,8242,21554,5879,19645
allenai/OLMo-2-1124-7B-Instruct,OLMo-2-1124-7B-Instruct,OLMo 2,7.0,nld,synthetic,0.294,0.010189892882581215,2000,0.705,0.010199976458790477,2000,0.411,0.014417816641862223,0.41702127659574467,0.015662496592736525,Dutch,0.07570690126642576,URIEL syntax_knn,nld,CC-MAIN-2026-21,39513234,/work/multilingual-gsm-symbolic/paper/artifacts/figures/transfer_features/languages.csv,7.596742576400662,allenai/OLMo-2-1124-7B-Instruct,0.3823884197828709,0.2992618987019598,1.2777718160630207,100,8242,21554,5879,19645
allenai/OLMo-2-1124-7B-Instruct,OLMo-2-1124-7B-Instruct,OLMo 2,7.0,nob,original,0.26,0.04408440022768082,100,0.83,0.03775251680686369,100,0.57,0.05804038997703987,0.3132530120481928,0.05499166247672878,Norwegian Bokmal,0.10138170956458059,URIEL syntax_knn,nor,CC-MAIN-2026-21,7148610,/work/multilingual-gsm-symbolic/paper/artifacts/figures/transfer_features/languages.csv,6.854221604316353,allenai/OLMo-2-1124-7B-Instruct,0.4104608595356301,0.2992618987019598,1.3715774086711097,100,8185,19941,5879,19645
allenai/OLMo-2-1124-7B-Instruct,OLMo-2-1124-7B-Instruct,OLMo 2,7.0,nob,synthetic,0.235,0.00948327297050531,2000,0.705,0.010199976458790477,2000,0.47,0.013927382596633028,0.3333333333333333,0.014289850056712785,Norwegian Bokmal,0.10138170956458059,URIEL syntax_knn,nor,CC-MAIN-2026-21,7148610,/work/multilingual-gsm-symbolic/paper/artifacts/figures/transfer_features/languages.csv,6.854221604316353,allenai/OLMo-2-1124-7B-Instruct,0.4104608595356301,0.2992618987019598,1.3715774086711097,100,8185,19941,5879,19645
allenai/OLMo-2-1124-7B-Instruct,OLMo-2-1124-7B-Instruct,OLMo 2,7.0,rus,original,0.51,0.05024183937956914,100,0.83,0.03775251680686369,100,0.31999999999999995,0.0628450073553576,0.6144578313253013,0.06667298891621783,Russian,0.18824593690905445,URIEL syntax_knn,rus,CC-MAIN-2026-21,138631119,/work/multilingual-gsm-symbolic/paper/artifacts/figures/transfer_features/languages.csv,8.141860728782362,allenai/OLMo-2-1124-7B-Instruct,0.5740723300056508,0.2992618987019598,1.9182940845315548,100,12191,21236,5879,19645
allenai/OLMo-2-1124-7B-Instruct,OLMo-2-1124-7B-Instruct,OLMo 2,7.0,rus,synthetic,0.404,0.01097507294340482,2000,0.705,0.010199976458790477,2000,0.30099999999999993,0.014983048617452206,0.573049645390071,0.01763761983926724,Russian,0.18824593690905445,URIEL syntax_knn,rus,CC-MAIN-2026-21,138631119,/work/multilingual-gsm-symbolic/paper/artifacts/figures/transfer_features/languages.csv,8.141860728782362,allenai/OLMo-2-1124-7B-Instruct,0.5740723300056508,0.2992618987019598,1.9182940845315548,100,12191,21236,5879,19645
allenai/OLMo-2-1124-7B-Instruct,OLMo-2-1124-7B-Instruct,OLMo 2,7.0,ukr,original,0.12,0.032659863237109045,100,0.83,0.03775251680686369,100,0.71,0.049919126513984516,0.14457831325301204,0.03989495863716076,Ukrainian,0.15273132616089036,URIEL syntax_knn,ukr,CC-MAIN-2026-21,17456210,/work/multilingual-gsm-symbolic/paper/artifacts/figures/transfer_features/languages.csv,7.2419499578829365,allenai/OLMo-2-1124-7B-Instruct,0.7268559666931749,0.2992618987019598,2.4288289616750163,100,15538,21377,5879,19645
allenai/OLMo-2-1124-7B-Instruct,OLMo-2-1124-7B-Instruct,OLMo 2,7.0,ukr,synthetic,0.133,0.0075950208802271,2000,0.705,0.010199976458790477,2000,0.572,0.012717069706931922,0.18865248226950357,0.011113462379000126,Ukrainian,0.15273132616089036,URIEL syntax_knn,ukr,CC-MAIN-2026-21,17456210,/work/multilingual-gsm-symbolic/paper/artifacts/figures/transfer_features/languages.csv,7.2419499578829365,allenai/OLMo-2-1124-7B-Instruct,0.7268559666931749,0.2992618987019598,2.4288289616750163,100,15538,21377,5879,19645
allenai/OLMo-2-1124-7B-Instruct,OLMo-2-1124-7B-Instruct,OLMo 2,7.0,urd,original,0.07,0.025643239997624277,100,0.83,0.03775251680686369,100,0.76,0.04563801357233115,0.08433734939759037,0.031132709102581292,urd,0.3838046008442838,URIEL syntax_knn,urd,CC-MAIN-2026-21,682592,/work/multilingual-gsm-symbolic/paper/artifacts/figures/transfer_features/languages.csv,5.834161194027274,allenai/OLMo-2-1124-7B-Instruct,1.2072789753202124,0.2992618987019598,4.034188717497121,100,23187,19206,5879,19645
allenai/OLMo-2-1124-7B-Instruct,OLMo-2-1124-7B-Instruct,OLMo 2,7.0,urd,synthetic,0.085,0.006237543865716567,2000,0.705,0.010199976458790477,2000,0.62,0.011956022467217862,0.12056737588652484,0.009017899713301563,urd,0.3838046008442838,URIEL syntax_knn,urd,CC-MAIN-2026-21,682592,/work/multilingual-gsm-symbolic/paper/artifacts/figures/transfer_features/languages.csv,5.834161194027274,allenai/OLMo-2-1124-7B-Instruct,1.2072789753202124,0.2992618987019598,4.034188717497121,100,23187,19206,5879,19645
allenai/OLMo-2-1124-7B-Instruct,OLMo-2-1124-7B-Instruct,OLMo 2,7.0,zho,original,0.39,0.049020713000019735,100,0.83,0.03775251680686369,100,0.43999999999999995,0.061873118785808985,0.46987951807228917,0.06280919676871607,Chinese,0.2892275292349138,URIEL syntax_knn,zho,CC-MAIN-2026-21,102274716,/work/multilingual-gsm-symbolic/paper/artifacts/figures/transfer_features/languages.csv,8.009768282208015,allenai/OLMo-2-1124-7B-Instruct,1.4850291804110631,0.2992618987019598,4.962306216903442,100,11705,7882,5879,19645
allenai/OLMo-2-1124-7B-Instruct,OLMo-2-1124-7B-Instruct,OLMo 2,7.0,zho,synthetic,0.3315,0.010528974529949548,2000,0.705,0.010199976458790477,2000,0.37349999999999994,0.014659427833725511,0.4702127659574469,0.016411197163721386,Chinese,0.2892275292349138,URIEL syntax_knn,zho,CC-MAIN-2026-21,102274716,/work/multilingual-gsm-symbolic/paper/artifacts/figures/transfer_features/languages.csv,8.009768282208015,allenai/OLMo-2-1124-7B-Instruct,1.4850291804110631,0.2992618987019598,4.962306216903442,100,11705,7882,5879,19645
allenai/Olmo-3-32B-Think,Olmo-3-32B-Think (reasoning on),OLMo 3,32.0,ara,original,0.89,0.03144660377352201,100,0.96,0.019694638556693237,100,0.06999999999999995,0.037104820128491076,0.9270833333333334,0.03787807545275599,Arabic,0.34901322303461213,URIEL syntax_knn,ara,CC-MAIN-2026-21,14123579,/work/multilingual-gsm-symbolic/paper/artifacts/figures/transfer_features/languages.csv,7.149944763500101,allenai/Olmo-3-32B-Think,0.8919114777858298,0.2992618987019598,2.980370978245046,100,16000,17939,5879,19645
allenai/Olmo-3-32B-Think,Olmo-3-32B-Think (reasoning on),OLMo 3,32.0,ara,synthetic,0.8585,0.0077954640419807516,2000,0.9675,0.003966073608738871,2000,0.10899999999999999,0.0087463706472885,0.8873385012919897,0.008840344510511368,Arabic,0.34901322303461213,URIEL syntax_knn,ara,CC-MAIN-2026-21,14123579,/work/multilingual-gsm-symbolic/paper/artifacts/figures/transfer_features/languages.csv,7.149944763500101,allenai/Olmo-3-32B-Think,0.8919114777858298,0.2992618987019598,2.980370978245046,100,16000,17939,5879,19645
allenai/Olmo-3-32B-Think,Olmo-3-32B-Think (reasoning on),OLMo 3,32.0,dan,original,0.93,0.018086892447072265,200,0.96,0.019694638556693237,100,0.029999999999999916,0.026739754416799485,0.9687500000000001,0.0273851537705127,Danish,0.11992176734660287,URIEL syntax_knn,dan,CC-MAIN-2026-21,11404389,/work/multilingual-gsm-symbolic/paper/artifacts/figures/transfer_features/languages.csv,7.057072022533615,allenai/Olmo-3-32B-Think,0.41236959761549924,0.2992618987019598,1.3779555613465695,100,8301,20130,5879,19645
allenai/Olmo-3-32B-Think,Olmo-3-32B-Think (reasoning on),OLMo 3,32.0,dan,synthetic,0.923,0.004215707894086366,4000,0.9675,0.003966073608738871,2000,0.044499999999999984,0.005788085427686523,0.9540051679586563,0.00585493325293946,Danish,0.11992176734660287,URIEL syntax_knn,dan,CC-MAIN-2026-21,11404389,/work/multilingual-gsm-symbolic/paper/artifacts/figures/transfer_features/languages.csv,7.057072022533615,allenai/Olmo-3-32B-Think,0.41236959761549924,0.2992618987019598,1.3779555613465695,100,8301,20130,5879,19645
allenai/Olmo-3-32B-Think,Olmo-3-32B-Think (reasoning on),OLMo 3,32.0,deu,original,0.925,0.018671317319682107,200,0.96,0.019694638556693237,100,0.03499999999999992,0.02713847597657335,0.9635416666666667,0.02773122531878067,German,0.09745802098497969,URIEL syntax_knn,deu,CC-MAIN-2026-21,129221452,/work/multilingual-gsm-symbolic/paper/artifacts/figures/transfer_features/languages.csv,8.111334616692115,allenai/Olmo-3-32B-Think,0.35965107481418845,0.2992618987019598,1.2017937344318306,100,8081,22469,5879,19645
allenai/Olmo-3-32B-Think,Olmo-3-32B-Think (reasoning on),OLMo 3,32.0,deu,synthetic,0.90975,0.004531155174655157,4000,0.9675,0.003966073608738871,2000,0.05775000000000008,0.00602171961209912,0.9403100775193798,0.006065636968454496,German,0.09745802098497969,URIEL syntax_knn,deu,CC-MAIN-2026-21,129221452,/work/multilingual-gsm-symbolic/paper/artifacts/figures/transfer_features/languages.csv,8.111334616692115,allenai/Olmo-3-32B-Think,0.35965107481418845,0.2992618987019598,1.2017937344318306,100,8081,22469,5879,19645
allenai/Olmo-3-32B-Think,Olmo-3-32B-Think (reasoning on),OLMo 3,32.0,est,original,0.77,0.04229525846816507,100,0.96,0.019694638556693237,100,0.18999999999999995,0.04665584290062368,0.8020833333333334,0.047030135944791794,Estonian,0.22659791675913576,URIEL syntax_knn,est,CC-MAIN-2026-21,3089989,/work/multilingual-gsm-symbolic/paper/artifacts/figures/transfer_features/languages.csv,6.489956933389947,allenai/Olmo-3-32B-Think,0.4779027325638749,0.2992618987019598,1.5969381155327984,100,9689,20274,5879,19645
allenai/Olmo-3-32B-Think,Olmo-3-32B-Think (reasoning on),OLMo 3,32.0,est,synthetic,0.7025,0.0102249278518133,2000,0.9675,0.003966073608738871,2000,0.265,0.010967173265920544,0.7260981912144703,0.010979554609120099,Estonian,0.22659791675913576,URIEL syntax_knn,est,CC-MAIN-2026-21,3089989,/work/multilingual-gsm-symbolic/paper/artifacts/figures/transfer_features/languages.csv,6.489956933389947,allenai/Olmo-3-32B-Think,0.4779027325638749,0.2992618987019598,1.5969381155327984,100,9689,20274,5879,19645
allenai/Olmo-3-32B-Think,Olmo-3-32B-Think (reasoning on),OLMo 3,32.0,fra,original,0.94,0.023868325657594204,100,0.96,0.019694638556693237,100,0.020000000000000018,0.03094472099689635,0.9791666666666666,0.03196376684685379,French,0.18824593690905445,URIEL syntax_knn,fra,CC-MAIN-2026-21,102728618,/work/multilingual-gsm-symbolic/paper/artifacts/figures/transfer_features/languages.csv,8.011691445624011,allenai/Olmo-3-32B-Think,0.3641796369798867,0.2992618987019598,1.2169261725582368,100,8166,22423,5879,19645
allenai/Olmo-3-32B-Think,Olmo-3-32B-Think (reasoning on),OLMo 3,32.0,fra,synthetic,0.916,0.006204131335071125,2000,0.9675,0.003966073608738871,2000,0.05149999999999999,0.0073634900348100146,0.9467700258397933,0.007495568989747838,French,0.18824593690905445,URIEL syntax_knn,fra,CC-MAIN-2026-21,102728618,/work/multilingual-gsm-symbolic/paper/artifacts/figures/transfer_features/languages.csv,8.011691445624011,allenai/Olmo-3-32B-Think,0.3641796369798867,0.2992618987019598,1.2169261725582368,100,8166,22423,5879,19645
allenai/Olmo-3-32B-Think,Olmo-3-32B-Think (reasoning on),OLMo 3,32.0,hin,original,0.84,0.03684529491774706,100,0.96,0.019694638556693237,100,0.12,0.04177863742936748,0.875,0.04237094189620662,Hindi,0.3838046008442838,URIEL syntax_knn,hin,CC-MAIN-2026-21,4774018,/work/multilingual-gsm-symbolic/paper/artifacts/figures/transfer_features/languages.csv,6.678884052141607,allenai/Olmo-3-32B-Think,1.2682571572074335,0.2992618987019598,4.237950646936559,100,25251,19910,5879,19645
allenai/Olmo-3-32B-Think,Olmo-3-32B-Think (reasoning on),OLMo 3,32.0,hin,synthetic,0.8455,0.008083783073189639,2000,0.9675,0.003966073608738871,2000,0.122,0.009004292789793226,0.8739018087855297,0.00909093254748996,Hindi,0.3838046008442838,URIEL syntax_knn,hin,CC-MAIN-2026-21,4774018,/work/multilingual-gsm-symbolic/paper/artifacts/figures/transfer_features/languages.csv,6.678884052141607,allenai/Olmo-3-32B-Think,1.2682571572074335,0.2992618987019598,4.237950646936559,100,25251,19910,5879,19645
allenai/Olmo-3-32B-Think,Olmo-3-32B-Think (reasoning on),OLMo 3,32.0,isl,original,0.87,0.033799766898963114,100,0.96,0.019694638556693237,100,0.08999999999999997,0.03911908779998621,0.90625,0.03981544948744401,Icelandic,0.13127809128711687,URIEL syntax_knn,isl,CC-MAIN-2026-21,777022,/work/multilingual-gsm-symbolic/paper/artifacts/figures/transfer_features/languages.csv,5.890433315253091,allenai/Olmo-3-32B-Think,0.5279846264712947,0.2992618987019598,1.764289502811462,100,10990,20815,5879,19645
allenai/Olmo-3-32B-Think,Olmo-3-32B-Think (reasoning on),OLMo 3,32.0,isl,synthetic,0.789,0.009125850128633786,2000,0.9675,0.003966073608738871,2000,0.1785,0.009950421118737651,0.8155038759689922,0.010007289914475772,Icelandic,0.13127809128711687,URIEL syntax_knn,isl,CC-MAIN-2026-21,777022,/work/multilingual-gsm-symbolic/paper/artifacts/figures/transfer_features/languages.csv,5.890433315253091,allenai/Olmo-3-32B-Think,0.5279846264712947,0.2992618987019598,1.764289502811462,100,10990,20815,5879,19645
allenai/Olmo-3-32B-Think,Olmo-3-32B-Think (reasoning on),OLMo 3,32.0,ita,original,0.94,0.0238683256575942,100,0.96,0.019694638556693237,100,0.020000000000000018,0.030944720996896345,0.9791666666666666,0.03196376684685379,Italian,0.14220584589844,URIEL syntax_knn,ita,CC-MAIN-2026-21,53457335,/work/multilingual-gsm-symbolic/paper/artifacts/figures/transfer_features/languages.csv,7.728007304146603,allenai/Olmo-3-32B-Think,0.3816052297076448,0.2992618987019598,1.2751547435969863,100,8406,22028,5879,19645
allenai/Olmo-3-32B-Think,Olmo-3-32B-Think (reasoning on),OLMo 3,32.0,ita,synthetic,0.9325,0.0056113829676296976,2000,0.9675,0.003966073608738871,2000,0.03500000000000003,0.006871488825526797,0.9638242894056848,0.007017766267921851,Italian,0.14220584589844,URIEL syntax_knn,ita,CC-MAIN-2026-21,53457335,/work/multilingual-gsm-symbolic/paper/artifacts/figures/transfer_features/languages.csv,7.728007304146603,allenai/Olmo-3-32B-Think,0.3816052297076448,0.2992618987019598,1.2751547435969863,100,8406,22028,5879,19645
allenai/Olmo-3-32B-Think,Olmo-3-32B-Think (reasoning on),OLMo 3,32.0,jpn,original,0.915,0.019769399225283583,200,0.96,0.019694638556693237,100,0.04499999999999993,0.0279053388011583,0.9531250000000001,0.02839753315503871,Japanese,0.4998069870609444,URIEL syntax_knn,jpn,CC-MAIN-2026-21,118455052,/work/multilingual-gsm-symbolic/paper/artifacts/figures/transfer_features/languages.csv,8.073553587717582,allenai/Olmo-3-32B-Think,1.014064190407501,0.2992618987019598,3.388550947534505,100,11248,11092,5879,19645
allenai/Olmo-3-32B-Think,Olmo-3-32B-Think (reasoning on),OLMo 3,32.0,jpn,synthetic,0.90275,0.004685466654928149,4000,0.9675,0.003966073608738871,2000,0.06474999999999997,0.0061386755610944735,0.9330749354005168,0.006171188629000137,Japanese,0.4998069870609444,URIEL syntax_knn,jpn,CC-MAIN-2026-21,118455052,/work/multilingual-gsm-symbolic/paper/artifacts/figures/transfer_features/languages.csv,8.073553587717582,allenai/Olmo-3-32B-Think,1.014064190407501,0.2992618987019598,3.388550947534505,100,11248,11092,5879,19645
allenai/Olmo-3-32B-Think,Olmo-3-32B-Think (reasoning on),OLMo 3,32.0,mar,original,0.71,0.04560480215720686,100,0.96,0.019694638556693237,100,0.25,0.0496757160761349,0.7395833333333334,0.049869200436674616,Marathi,0.43515421744059357,URIEL syntax_knn,mar,CC-MAIN-2026-21,649289,/work/multilingual-gsm-symbolic/paper/artifacts/figures/transfer_features/languages.csv,5.812438045288022,allenai/Olmo-3-32B-Think,1.2391908156652163,0.2992618987019598,4.140823877146313,100,26769,21602,5879,19645
allenai/Olmo-3-32B-Think,Olmo-3-32B-Think (reasoning on),OLMo 3,32.0,mar,synthetic,0.6965,0.01028332379992905,2000,0.9675,0.003966073608738871,2000,0.271,0.011021637276018579,0.7198966408268733,0.011030835764720758,Marathi,0.43515421744059357,URIEL syntax_knn,mar,CC-MAIN-2026-21,649289,/work/multilingual-gsm-symbolic/paper/artifacts/figures/transfer_features/languages.csv,5.812438045288022,allenai/Olmo-3-32B-Think,1.2391908156652163,0.2992618987019598,4.140823877146313,100,26769,21602,5879,19645
allenai/Olmo-3-32B-Think,Olmo-3-32B-Think (reasoning on),OLMo 3,32.0,nld,original,0.93,0.025643239997624277,100,0.96,0.019694638556693237,100,0.029999999999999916,0.03233348953414316,0.9687500000000001,0.033294099780242864,Dutch,0.07570690126642576,URIEL syntax_knn,nld,CC-MAIN-2026-21,39513234,/work/multilingual-gsm-symbolic/paper/artifacts/figures/transfer_features/languages.csv,7.596742576400662,allenai/Olmo-3-32B-Think,0.3823884197828709,0.2992618987019598,1.2777718160630207,100,8242,21554,5879,19645
allenai/Olmo-3-32B-Think,Olmo-3-32B-Think (reasoning on),OLMo 3,32.0,nld,synthetic,0.9145,0.00625415319736478,2000,0.9675,0.003966073608738871,2000,0.05300000000000005,0.007405685119287957,0.945219638242894,0.007536578790373465,Dutch,0.07570690126642576,URIEL syntax_knn,nld,CC-MAIN-2026-21,39513234,/work/multilingual-gsm-symbolic/paper/artifacts/figures/transfer_features/languages.csv,7.596742576400662,allenai/Olmo-3-32B-Think,0.3823884197828709,0.2992618987019598,1.2777718160630207,100,8242,21554,5879,19645
allenai/Olmo-3-32B-Think,Olmo-3-32B-Think (reasoning on),OLMo 3,32.0,nob,original,0.95,0.021904291355759036,100,0.96,0.019694638556693237,100,0.010000000000000009,0.029456353604558182,0.9895833333333334,0.03054123406529913,Norwegian Bokmal,0.10138170956458059,URIEL syntax_knn,nor,CC-MAIN-2026-21,7148610,/work/multilingual-gsm-symbolic/paper/artifacts/figures/transfer_features/languages.csv,6.854221604316353,allenai/Olmo-3-32B-Think,0.4104608595356301,0.2992618987019598,1.3715774086711097,100,8185,19941,5879,19645
allenai/Olmo-3-32B-Think,Olmo-3-32B-Think (reasoning on),OLMo 3,32.0,nob,synthetic,0.9195,0.006085095660266758,2000,0.9675,0.003966073608738871,2000,0.04800000000000004,0.0072634791294896904,0.9503875968992248,0.007398384756856497,Norwegian Bokmal,0.10138170956458059,URIEL syntax_knn,nor,CC-MAIN-2026-21,7148610,/work/multilingual-gsm-symbolic/paper/artifacts/figures/transfer_features/languages.csv,6.854221604316353,allenai/Olmo-3-32B-Think,0.4104608595356301,0.2992618987019598,1.3715774086711097,100,8185,19941,5879,19645
allenai/Olmo-3-32B-Think,Olmo-3-32B-Think (reasoning on),OLMo 3,32.0,rus,original,0.93,0.025643239997624277,100,0.96,0.019694638556693237,100,0.029999999999999916,0.03233348953414316,0.9687500000000001,0.033294099780242864,Russian,0.18824593690905445,URIEL syntax_knn,rus,CC-MAIN-2026-21,138631119,/work/multilingual-gsm-symbolic/paper/artifacts/figures/transfer_features/languages.csv,8.141860728782362,allenai/Olmo-3-32B-Think,0.5740723300056508,0.2992618987019598,1.9182940845315548,100,12191,21236,5879,19645
allenai/Olmo-3-32B-Think,Olmo-3-32B-Think (reasoning on),OLMo 3,32.0,rus,synthetic,0.888,0.007053571892184772,2000,0.9675,0.003966073608738871,2000,0.07950000000000002,0.008092132988783245,0.9178294573643411,0.008204126209538195,Russian,0.18824593690905445,URIEL syntax_knn,rus,CC-MAIN-2026-21,138631119,/work/multilingual-gsm-symbolic/paper/artifacts/figures/transfer_features/languages.csv,8.141860728782362,allenai/Olmo-3-32B-Think,0.5740723300056508,0.2992618987019598,1.9182940845315548,100,12191,21236,5879,19645
allenai/Olmo-3-32B-Think,Olmo-3-32B-Think (reasoning on),OLMo 3,32.0,ukr,original,0.91,0.028762349126466132,100,0.96,0.019694638556693237,100,0.04999999999999993,0.03485902343944126,0.9479166666666667,0.03571868261056853,Ukrainian,0.15273132616089036,URIEL syntax_knn,ukr,CC-MAIN-2026-21,17456210,/work/multilingual-gsm-symbolic/paper/artifacts/figures/transfer_features/languages.csv,7.2419499578829365,allenai/Olmo-3-32B-Think,0.7268559666931749,0.2992618987019598,2.4288289616750163,100,15538,21377,5879,19645
allenai/Olmo-3-32B-Think,Olmo-3-32B-Think (reasoning on),OLMo 3,32.0,ukr,synthetic,0.889,0.007025964851253208,2000,0.9675,0.003966073608738871,2000,0.07850000000000001,0.008068080438430226,0.9188630490956072,0.008180729865688678,Ukrainian,0.15273132616089036,URIEL syntax_knn,ukr,CC-MAIN-2026-21,17456210,/work/multilingual-gsm-symbolic/paper/artifacts/figures/transfer_features/languages.csv,7.2419499578829365,allenai/Olmo-3-32B-Think,0.7268559666931749,0.2992618987019598,2.4288289616750163,100,15538,21377,5879,19645
allenai/Olmo-3-32B-Think,Olmo-3-32B-Think (reasoning on),OLMo 3,32.0,urd,original,0.78,0.04163331998932265,100,0.96,0.019694638556693237,100,0.17999999999999994,0.04605661864718382,0.8125000000000001,0.04646106516858311,urd,0.3838046008442838,URIEL syntax_knn,urd,CC-MAIN-2026-21,682592,/work/multilingual-gsm-symbolic/paper/artifacts/figures/transfer_features/languages.csv,5.834161194027274,allenai/Olmo-3-32B-Think,1.2072789753202124,0.2992618987019598,4.034188717497121,100,23187,19206,5879,19645
allenai/Olmo-3-32B-Think,Olmo-3-32B-Think (reasoning on),OLMo 3,32.0,urd,synthetic,0.7685,0.009433894963751377,2000,0.9675,0.003966073608738871,2000,0.19900000000000007,0.010233675491094515,0.7943152454780361,0.010280099643873877,urd,0.3838046008442838,URIEL syntax_knn,urd,CC-MAIN-2026-21,682592,/work/multilingual-gsm-symbolic/paper/artifacts/figures/transfer_features/languages.csv,5.834161194027274,allenai/Olmo-3-32B-Think,1.2072789753202124,0.2992618987019598,4.034188717497121,100,23187,19206,5879,19645
allenai/Olmo-3-32B-Think,Olmo-3-32B-Think (reasoning on),OLMo 3,32.0,zho,original,0.95,0.02190429135575903,100,0.96,0.019694638556693237,100,0.010000000000000009,0.02945635360455818,0.9895833333333334,0.030541234065299128,Chinese,0.2892275292349138,URIEL syntax_knn,zho,CC-MAIN-2026-21,102274716,/work/multilingual-gsm-symbolic/paper/artifacts/figures/transfer_features/languages.csv,8.009768282208015,allenai/Olmo-3-32B-Think,1.4850291804110631,0.2992618987019598,4.962306216903442,100,11705,7882,5879,19645
allenai/Olmo-3-32B-Think,Olmo-3-32B-Think (reasoning on),OLMo 3,32.0,zho,synthetic,0.918,0.006136515983374201,2000,0.9675,0.003966073608738871,2000,0.04949999999999999,0.007306611272275405,0.9488372093023256,0.007440294707796264,Chinese,0.2892275292349138,URIEL syntax_knn,zho,CC-MAIN-2026-21,102274716,/work/multilingual-gsm-symbolic/paper/artifacts/figures/transfer_features/languages.csv,8.009768282208015,allenai/Olmo-3-32B-Think,1.4850291804110631,0.2992618987019598,4.962306216903442,100,11705,7882,5879,19645
allenai/Olmo-3-7B-Instruct,Olmo-3-7B-Instruct,OLMo 3,7.0,ara,original,0.56,0.04988876515698588,100,0.94,0.023868325657594204,100,0.3799999999999999,0.0553044831689607,0.5957446808510639,0.05518684078542516,Arabic,0.34901322303461213,URIEL syntax_knn,ara,CC-MAIN-2026-21,14123579,/work/multilingual-gsm-symbolic/paper/artifacts/figures/transfer_features/languages.csv,7.149944763500101,allenai/Olmo-3-7B-Instruct,0.8919114777858298,0.2992618987019598,2.980370978245046,100,16000,17939,5879,19645
allenai/Olmo-3-7B-Instruct,Olmo-3-7B-Instruct,OLMo 3,7.0,ara,synthetic,0.459,0.011145474902641101,2000,0.918,0.006136515983374204,2000,0.459,0.012723145806741732,0.5,0.012592697091416192,Arabic,0.34901322303461213,URIEL syntax_knn,ara,CC-MAIN-2026-21,14123579,/work/multilingual-gsm-symbolic/paper/artifacts/figures/transfer_features/languages.csv,7.149944763500101,allenai/Olmo-3-7B-Instruct,0.8919114777858298,0.2992618987019598,2.980370978245046,100,16000,17939,5879,19645
allenai/Olmo-3-7B-Instruct,Olmo-3-7B-Instruct,OLMo 3,7.0,dan,original,0.56,0.03518793763172074,200,0.94,0.023868325657594204,100,0.3799999999999999,0.04251926533315032,0.5957446808510639,0.040374871516555694,Danish,0.11992176734660287,URIEL syntax_knn,dan,CC-MAIN-2026-21,11404389,/work/multilingual-gsm-symbolic/paper/artifacts/figures/transfer_features/languages.csv,7.057072022533615,allenai/Olmo-3-7B-Instruct,0.41236959761549924,0.2992618987019598,1.3779555613465695,100,8301,20130,5879,19645
allenai/Olmo-3-7B-Instruct,Olmo-3-7B-Instruct,OLMo 3,7.0,dan,synthetic,0.51975,0.007900511938933092,4000,0.918,0.006136515983374204,2000,0.39825,0.010003745164258804,0.5661764705882353,0.009401647934231153,Danish,0.11992176734660287,URIEL syntax_knn,dan,CC-MAIN-2026-21,11404389,/work/multilingual-gsm-symbolic/paper/artifacts/figures/transfer_features/languages.csv,7.057072022533615,allenai/Olmo-3-7B-Instruct,0.41236959761549924,0.2992618987019598,1.3779555613465695,100,8301,20130,5879,19645
allenai/Olmo-3-7B-Instruct,Olmo-3-7B-Instruct,OLMo 3,7.0,deu,original,0.72,0.03182868716477584,200,0.94,0.023868325657594204,100,0.21999999999999997,0.03978394520821353,0.7659574468085106,0.03904851400120181,German,0.09745802098497969,URIEL syntax_knn,deu,CC-MAIN-2026-21,129221452,/work/multilingual-gsm-symbolic/paper/artifacts/figures/transfer_features/languages.csv,8.111334616692115,allenai/Olmo-3-7B-Instruct,0.35965107481418845,0.2992618987019598,1.2017937344318306,100,8081,22469,5879,19645
allenai/Olmo-3-7B-Instruct,Olmo-3-7B-Instruct,OLMo 3,7.0,deu,synthetic,0.6875,0.007329690893356148,4000,0.918,0.006136515983374204,2000,0.23050000000000004,0.009559351285853822,0.7489106753812635,0.009424065058864933,German,0.09745802098497969,URIEL syntax_knn,deu,CC-MAIN-2026-21,129221452,/work/multilingual-gsm-symbolic/paper/artifacts/figures/transfer_features/languages.csv,8.111334616692115,allenai/Olmo-3-7B-Instruct,0.35965107481418845,0.2992618987019598,1.2017937344318306,100,8081,22469,5879,19645
allenai/Olmo-3-7B-Instruct,Olmo-3-7B-Instruct,OLMo 3,7.0,est,original,0.17,0.037752516806863694,100,0.94,0.023868325657594204,100,0.7699999999999999,0.04466485749388993,0.18085106382978725,0.04042393145155284,Estonian,0.22659791675913576,URIEL syntax_knn,est,CC-MAIN-2026-21,3089989,/work/multilingual-gsm-symbolic/paper/artifacts/figures/transfer_features/languages.csv,6.489956933389947,allenai/Olmo-3-7B-Instruct,0.4779027325638749,0.2992618987019598,1.5969381155327984,100,9689,20274,5879,19645
allenai/Olmo-3-7B-Instruct,Olmo-3-7B-Instruct,OLMo 3,7.0,est,synthetic,0.1535,0.00806234306438543,2000,0.918,0.006136515983374204,2000,0.7645000000000001,0.010132038496869765,0.16721132897603486,0.008853351163070105,Estonian,0.22659791675913576,URIEL syntax_knn,est,CC-MAIN-2026-21,3089989,/work/multilingual-gsm-symbolic/paper/artifacts/figures/transfer_features/languages.csv,6.489956933389947,allenai/Olmo-3-7B-Instruct,0.4779027325638749,0.2992618987019598,1.5969381155327984,100,9689,20274,5879,19645
allenai/Olmo-3-7B-Instruct,Olmo-3-7B-Instruct,OLMo 3,7.0,fra,original,0.79,0.04093601807403324,100,0.94,0.023868325657594204,100,0.1499999999999999,0.04738622738153509,0.8404255319148937,0.04849644171541304,French,0.18824593690905445,URIEL syntax_knn,fra,CC-MAIN-2026-21,102728618,/work/multilingual-gsm-symbolic/paper/artifacts/figures/transfer_features/languages.csv,8.011691445624011,allenai/Olmo-3-7B-Instruct,0.3641796369798867,0.2992618987019598,1.2169261725582368,100,8166,22423,5879,19645
allenai/Olmo-3-7B-Instruct,Olmo-3-7B-Instruct,OLMo 3,7.0,fra,synthetic,0.761,0.009538605374804433,2000,0.918,0.006136515983374204,2000,0.15700000000000003,0.011342037775922591,0.8289760348583878,0.011775937341844057,French,0.18824593690905445,URIEL syntax_knn,fra,CC-MAIN-2026-21,102728618,/work/multilingual-gsm-symbolic/paper/artifacts/figures/transfer_features/languages.csv,8.011691445624011,allenai/Olmo-3-7B-Instruct,0.3641796369798867,0.2992618987019598,1.2169261725582368,100,8166,22423,5879,19645
allenai/Olmo-3-7B-Instruct,Olmo-3-7B-Instruct,OLMo 3,7.0,hin,original,0.31,0.046482319871173176,100,0.94,0.023868325657594204,100,0.6299999999999999,0.0522523016746921,0.3297872340425532,0.050153296987613775,Hindi,0.3838046008442838,URIEL syntax_knn,hin,CC-MAIN-2026-21,4774018,/work/multilingual-gsm-symbolic/paper/artifacts/figures/transfer_features/languages.csv,6.678884052141607,allenai/Olmo-3-7B-Instruct,1.2682571572074335,0.2992618987019598,4.237950646936559,100,25251,19910,5879,19645
allenai/Olmo-3-7B-Instruct,Olmo-3-7B-Instruct,OLMo 3,7.0,hin,synthetic,0.2085,0.00908598660445238,2000,0.918,0.006136515983374204,2000,0.7095,0.010964122445070338,0.22712418300653592,0.010013358142775208,Hindi,0.3838046008442838,URIEL syntax_knn,hin,CC-MAIN-2026-21,4774018,/work/multilingual-gsm-symbolic/paper/artifacts/figures/transfer_features/languages.csv,6.678884052141607,allenai/Olmo-3-7B-Instruct,1.2682571572074335,0.2992618987019598,4.237950646936559,100,25251,19910,5879,19645
allenai/Olmo-3-7B-Instruct,Olmo-3-7B-Instruct,OLMo 3,7.0,isl,original,0.2,0.04020151261036848,100,0.94,0.023868325657594204,100,0.74,0.04675316658643119,0.21276595744680854,0.04310744665342257,Icelandic,0.13127809128711687,URIEL syntax_knn,isl,CC-MAIN-2026-21,777022,/work/multilingual-gsm-symbolic/paper/artifacts/figures/transfer_features/languages.csv,5.890433315253091,allenai/Olmo-3-7B-Instruct,0.5279846264712947,0.2992618987019598,1.764289502811462,100,10990,20815,5879,19645
allenai/Olmo-3-7B-Instruct,Olmo-3-7B-Instruct,OLMo 3,7.0,isl,synthetic,0.175,0.008498447611528993,2000,0.918,0.006136515983374204,2000,0.7430000000000001,0.010482387143208838,0.19063180827886708,0.009344861209822168,Icelandic,0.13127809128711687,URIEL syntax_knn,isl,CC-MAIN-2026-21,777022,/work/multilingual-gsm-symbolic/paper/artifacts/figures/transfer_features/languages.csv,5.890433315253091,allenai/Olmo-3-7B-Instruct,0.5279846264712947,0.2992618987019598,1.764289502811462,100,10990,20815,5879,19645
allenai/Olmo-3-7B-Instruct,Olmo-3-7B-Instruct,OLMo 3,7.0,ita,original,0.74,0.0440844002276808,100,0.94,0.023868325657594204,100,0.19999999999999996,0.05013114115129749,0.7872340425531915,0.05098061574884096,Italian,0.14220584589844,URIEL syntax_knn,ita,CC-MAIN-2026-21,53457335,/work/multilingual-gsm-symbolic/paper/artifacts/figures/transfer_features/languages.csv,7.728007304146603,allenai/Olmo-3-7B-Instruct,0.3816052297076448,0.2992618987019598,1.2751547435969863,100,8406,22028,5879,19645
allenai/Olmo-3-7B-Instruct,Olmo-3-7B-Instruct,OLMo 3,7.0,ita,synthetic,0.711,0.010138584489351751,2000,0.918,0.006136515983374204,2000,0.20700000000000007,0.011851064250181542,0.7745098039215685,0.012197513911375258,Italian,0.14220584589844,URIEL syntax_knn,ita,CC-MAIN-2026-21,53457335,/work/multilingual-gsm-symbolic/paper/artifacts/figures/transfer_features/languages.csv,7.728007304146603,allenai/Olmo-3-7B-Instruct,0.3816052297076448,0.2992618987019598,1.2751547435969863,100,8406,22028,5879,19645
allenai/Olmo-3-7B-Instruct,Olmo-3-7B-Instruct,OLMo 3,7.0,jpn,original,0.64,0.03402629784040012,200,0.94,0.023868325657594204,100,0.29999999999999993,0.04156303543318977,0.6808510638297873,0.040114658975792306,Japanese,0.4998069870609444,URIEL syntax_knn,jpn,CC-MAIN-2026-21,118455052,/work/multilingual-gsm-symbolic/paper/artifacts/figures/transfer_features/languages.csv,8.073553587717582,allenai/Olmo-3-7B-Instruct,1.014064190407501,0.2992618987019598,3.388550947534505,100,11248,11092,5879,19645
allenai/Olmo-3-7B-Instruct,Olmo-3-7B-Instruct,OLMo 3,7.0,jpn,synthetic,0.55975,0.007850024846936756,4000,0.918,0.006136515983374204,2000,0.35825000000000007,0.009963920840298337,0.6097494553376905,0.009472959290619535,Japanese,0.4998069870609444,URIEL syntax_knn,jpn,CC-MAIN-2026-21,118455052,/work/multilingual-gsm-symbolic/paper/artifacts/figures/transfer_features/languages.csv,8.073553587717582,allenai/Olmo-3-7B-Instruct,1.014064190407501,0.2992618987019598,3.388550947534505,100,11248,11092,5879,19645
allenai/Olmo-3-7B-Instruct,Olmo-3-7B-Instruct,OLMo 3,7.0,mar,original,0.2,0.04020151261036848,100,0.94,0.023868325657594204,100,0.74,0.04675316658643119,0.21276595744680854,0.04310744665342257,Marathi,0.43515421744059357,URIEL syntax_knn,mar,CC-MAIN-2026-21,649289,/work/multilingual-gsm-symbolic/paper/artifacts/figures/transfer_features/languages.csv,5.812438045288022,allenai/Olmo-3-7B-Instruct,1.2391908156652163,0.2992618987019598,4.140823877146313,100,26769,21602,5879,19645
allenai/Olmo-3-7B-Instruct,Olmo-3-7B-Instruct,OLMo 3,7.0,mar,synthetic,0.106,0.0068851799432858496,2000,0.918,0.006136515983374204,2000,0.812,0.009222935067842167,0.11546840958605664,0.00753980892837552,Marathi,0.43515421744059357,URIEL syntax_knn,mar,CC-MAIN-2026-21,649289,/work/multilingual-gsm-symbolic/paper/artifacts/figures/transfer_features/languages.csv,5.812438045288022,allenai/Olmo-3-7B-Instruct,1.2391908156652163,0.2992618987019598,4.140823877146313,100,26769,21602,5879,19645
allenai/Olmo-3-7B-Instruct,Olmo-3-7B-Instruct,OLMo 3,7.0,nld,original,0.73,0.044619604333847374,100,0.94,0.023868325657594204,100,0.20999999999999996,0.050602431370498996,0.7765957446808511,0.05140063873117798,Dutch,0.07570690126642576,URIEL syntax_knn,nld,CC-MAIN-2026-21,39513234,/work/multilingual-gsm-symbolic/paper/artifacts/figures/transfer_features/languages.csv,7.596742576400662,allenai/Olmo-3-7B-Instruct,0.3823884197828709,0.2992618987019598,1.2777718160630207,100,8242,21554,5879,19645
allenai/Olmo-3-7B-Instruct,Olmo-3-7B-Instruct,OLMo 3,7.0,nld,synthetic,0.63,0.01079853249993147,2000,0.918,0.006136515983374204,2000,0.28800000000000003,0.012420351547612625,0.6862745098039216,0.012626002712497402,Dutch,0.07570690126642576,URIEL syntax_knn,nld,CC-MAIN-2026-21,39513234,/work/multilingual-gsm-symbolic/paper/artifacts/figures/transfer_features/languages.csv,7.596742576400662,allenai/Olmo-3-7B-Instruct,0.3823884197828709,0.2992618987019598,1.2777718160630207,100,8242,21554,5879,19645
allenai/Olmo-3-7B-Instruct,Olmo-3-7B-Instruct,OLMo 3,7.0,nob,original,0.62,0.04878317312145633,100,0.94,0.023868325657594204,100,0.31999999999999995,0.05430925289022994,0.6595744680851064,0.05453243874277522,Norwegian Bokmal,0.10138170956458059,URIEL syntax_knn,nor,CC-MAIN-2026-21,7148610,/work/multilingual-gsm-symbolic/paper/artifacts/figures/transfer_features/languages.csv,6.854221604316353,allenai/Olmo-3-7B-Instruct,0.4104608595356301,0.2992618987019598,1.3715774086711097,100,8185,19941,5879,19645
allenai/Olmo-3-7B-Instruct,Olmo-3-7B-Instruct,OLMo 3,7.0,nob,synthetic,0.5425,0.011142663706548738,2000,0.918,0.006136515983374204,2000,0.37550000000000006,0.012720683271406673,0.590958605664488,0.012764631640632858,Norwegian Bokmal,0.10138170956458059,URIEL syntax_knn,nor,CC-MAIN-2026-21,7148610,/work/multilingual-gsm-symbolic/paper/artifacts/figures/transfer_features/languages.csv,6.854221604316353,allenai/Olmo-3-7B-Instruct,0.4104608595356301,0.2992618987019598,1.3715774086711097,100,8185,19941,5879,19645
allenai/Olmo-3-7B-Instruct,Olmo-3-7B-Instruct,OLMo 3,7.0,rus,original,0.78,0.04163331998932266,100,0.94,0.023868325657594204,100,0.15999999999999992,0.04798989792685856,0.8297872340425533,0.049047011259809634,Russian,0.18824593690905445,URIEL syntax_knn,rus,CC-MAIN-2026-21,138631119,/work/multilingual-gsm-symbolic/paper/artifacts/figures/transfer_features/languages.csv,8.141860728782362,allenai/Olmo-3-7B-Instruct,0.5740723300056508,0.2992618987019598,1.9182940845315548,100,12191,21236,5879,19645
allenai/Olmo-3-7B-Instruct,Olmo-3-7B-Instruct,OLMo 3,7.0,rus,synthetic,0.705,0.010199976458790479,2000,0.918,0.006136515983374204,2000,0.21300000000000008,0.011903627521645956,0.7679738562091503,0.012239710204613721,Russian,0.18824593690905445,URIEL syntax_knn,rus,CC-MAIN-2026-21,138631119,/work/multilingual-gsm-symbolic/paper/artifacts/figures/transfer_features/languages.csv,8.141860728782362,allenai/Olmo-3-7B-Instruct,0.5740723300056508,0.2992618987019598,1.9182940845315548,100,12191,21236,5879,19645
allenai/Olmo-3-7B-Instruct,Olmo-3-7B-Instruct,OLMo 3,7.0,ukr,original,0.51,0.05024183937956913,100,0.94,0.023868325657594204,100,0.42999999999999994,0.05562319115206708,0.5425531914893618,0.05519565474436937,Ukrainian,0.15273132616089036,URIEL syntax_knn,ukr,CC-MAIN-2026-21,17456210,/work/multilingual-gsm-symbolic/paper/artifacts/figures/transfer_features/languages.csv,7.2419499578829365,allenai/Olmo-3-7B-Instruct,0.7268559666931749,0.2992618987019598,2.4288289616750163,100,15538,21377,5879,19645
allenai/Olmo-3-7B-Instruct,Olmo-3-7B-Instruct,OLMo 3,7.0,ukr,synthetic,0.5105,0.011180669867648558,2000,0.918,0.006136515983374204,2000,0.4075000000000001,0.012753987890207185,0.5561002178649237,0.01273404437235722,Ukrainian,0.15273132616089036,URIEL syntax_knn,ukr,CC-MAIN-2026-21,17456210,/work/multilingual-gsm-symbolic/paper/artifacts/figures/transfer_features/languages.csv,7.2419499578829365,allenai/Olmo-3-7B-Instruct,0.7268559666931749,0.2992618987019598,2.4288289616750163,100,15538,21377,5879,19645
allenai/Olmo-3-7B-Instruct,Olmo-3-7B-Instruct,OLMo 3,7.0,urd,original,0.23,0.04229525846816507,100,0.94,0.023868325657594204,100,0.71,0.04856527420478401,0.2446808510638298,0.045421868363565765,urd,0.3838046008442838,URIEL syntax_knn,urd,CC-MAIN-2026-21,682592,/work/multilingual-gsm-symbolic/paper/artifacts/figures/transfer_features/languages.csv,5.834161194027274,allenai/Olmo-3-7B-Instruct,1.2072789753202124,0.2992618987019598,4.034188717497121,100,23187,19206,5879,19645
allenai/Olmo-3-7B-Instruct,Olmo-3-7B-Instruct,OLMo 3,7.0,urd,synthetic,0.2485,0.009665432493822842,2000,0.918,0.006136515983374204,2000,0.6695,0.011448904476274292,0.2706971677559913,0.010683157269510286,urd,0.3838046008442838,URIEL syntax_knn,urd,CC-MAIN-2026-21,682592,/work/multilingual-gsm-symbolic/paper/artifacts/figures/transfer_features/languages.csv,5.834161194027274,allenai/Olmo-3-7B-Instruct,1.2072789753202124,0.2992618987019598,4.034188717497121,100,23187,19206,5879,19645
allenai/Olmo-3-7B-Instruct,Olmo-3-7B-Instruct,OLMo 3,7.0,zho,original,0.76,0.04292346959909279,100,0.94,0.023868325657594204,100,0.17999999999999994,0.049113350650522844,0.8085106382978724,0.050065926913160884,Chinese,0.2892275292349138,URIEL syntax_knn,zho,CC-MAIN-2026-21,102274716,/work/multilingual-gsm-symbolic/paper/artifacts/figures/transfer_features/languages.csv,8.009768282208015,allenai/Olmo-3-7B-Instruct,1.4850291804110631,0.2992618987019598,4.962306216903442,100,11705,7882,5879,19645
allenai/Olmo-3-7B-Instruct,Olmo-3-7B-Instruct,OLMo 3,7.0,zho,synthetic,0.694,0.010307042134326384,2000,0.918,0.006136515983374204,2000,0.2240000000000001,0.011995496903963022,0.75599128540305,0.012312590168780573,Chinese,0.2892275292349138,URIEL syntax_knn,zho,CC-MAIN-2026-21,102274716,/work/multilingual-gsm-symbolic/paper/artifacts/figures/transfer_features/languages.csv,8.009768282208015,allenai/Olmo-3-7B-Instruct,1.4850291804110631,0.2992618987019598,4.962306216903442,100,11705,7882,5879,19645
allenai/Olmo-3-7B-Think,Olmo-3-7B-Think (reasoning on),OLMo 3,7.0,ara,original,0.8,0.04020151261036849,100,0.93,0.02564323999762428,100,0.13,0.047683722314196215,0.8602150537634409,0.04930723580134729,Arabic,0.34901322303461213,URIEL syntax_knn,ara,CC-MAIN-2026-21,14123579,/work/multilingual-gsm-symbolic/paper/artifacts/figures/transfer_features/languages.csv,7.149944763500101,allenai/Olmo-3-7B-Think,0.8919114777858298,0.2992618987019598,2.980370978245046,100,16000,17939,5879,19645
allenai/Olmo-3-7B-Think,Olmo-3-7B-Think (reasoning on),OLMo 3,7.0,ara,synthetic,0.7565,0.009599476546926267,2000,0.9545,0.004661087627253371,2000,0.19800000000000006,0.010671255214074955,0.7925615505500261,0.010776081235896264,Arabic,0.34901322303461213,URIEL syntax_knn,ara,CC-MAIN-2026-21,14123579,/work/multilingual-gsm-symbolic/paper/artifacts/figures/transfer_features/languages.csv,7.149944763500101,allenai/Olmo-3-7B-Think,0.8919114777858298,0.2992618987019598,2.980370978245046,100,16000,17939,5879,19645
allenai/Olmo-3-7B-Think,Olmo-3-7B-Think (reasoning on),OLMo 3,7.0,dan,original,0.775,0.029601626330440615,200,0.93,0.02564323999762428,100,0.15500000000000003,0.039164167793823895,0.8333333333333333,0.03925697499330245,Danish,0.11992176734660287,URIEL syntax_knn,dan,CC-MAIN-2026-21,11404389,/work/multilingual-gsm-symbolic/paper/artifacts/figures/transfer_features/languages.csv,7.057072022533615,allenai/Olmo-3-7B-Think,0.41236959761549924,0.2992618987019598,1.3779555613465695,100,8301,20130,5879,19645
allenai/Olmo-3-7B-Think,Olmo-3-7B-Think (reasoning on),OLMo 3,7.0,dan,synthetic,0.7475,0.006870060911974034,4000,0.9545,0.004661087627253371,2000,0.20699999999999996,0.008302016309497829,0.783132530120482,0.008150437251009385,Danish,0.11992176734660287,URIEL syntax_knn,dan,CC-MAIN-2026-21,11404389,/work/multilingual-gsm-symbolic/paper/artifacts/figures/transfer_features/languages.csv,7.057072022533615,allenai/Olmo-3-7B-Think,0.41236959761549924,0.2992618987019598,1.3779555613465695,100,8301,20130,5879,19645
allenai/Olmo-3-7B-Think,Olmo-3-7B-Think (reasoning on),OLMo 3,7.0,deu,original,0.9,0.02126643615025008,200,0.93,0.02564323999762428,100,0.030000000000000027,0.03331421714686421,0.9677419354838709,0.035141671611655316,German,0.09745802098497969,URIEL syntax_knn,deu,CC-MAIN-2026-21,129221452,/work/multilingual-gsm-symbolic/paper/artifacts/figures/transfer_features/languages.csv,8.111334616692115,allenai/Olmo-3-7B-Think,0.35965107481418845,0.2992618987019598,1.2017937344318306,100,8081,22469,5879,19645
allenai/Olmo-3-7B-Think,Olmo-3-7B-Think (reasoning on),OLMo 3,7.0,deu,synthetic,0.882,0.005101520006487688,4000,0.9545,0.004661087627253371,2000,0.07250000000000001,0.006910227510402866,0.9240440020953379,0.006994803583193203,German,0.09745802098497969,URIEL syntax_knn,deu,CC-MAIN-2026-21,129221452,/work/multilingual-gsm-symbolic/paper/artifacts/figures/transfer_features/languages.csv,8.111334616692115,allenai/Olmo-3-7B-Think,0.35965107481418845,0.2992618987019598,1.2017937344318306,100,8081,22469,5879,19645
allenai/Olmo-3-7B-Think,Olmo-3-7B-Think (reasoning on),OLMo 3,7.0,est,original,0.29,0.045604802157206865,100,0.93,0.02564323999762428,100,0.6400000000000001,0.0523199172148976,0.31182795698924726,0.04978550894811336,Estonian,0.22659791675913576,URIEL syntax_knn,est,CC-MAIN-2026-21,3089989,/work/multilingual-gsm-symbolic/paper/artifacts/figures/transfer_features/languages.csv,6.489956933389947,allenai/Olmo-3-7B-Think,0.4779027325638749,0.2992618987019598,1.5969381155327984,100,9689,20274,5879,19645
allenai/Olmo-3-7B-Think,Olmo-3-7B-Think (reasoning on),OLMo 3,7.0,est,synthetic,0.2945,0.010194942050924607,2000,0.9545,0.004661087627253371,2000,0.66,0.011209932260751858,0.30853850183342063,0.010786668662226937,Estonian,0.22659791675913576,URIEL syntax_knn,est,CC-MAIN-2026-21,3089989,/work/multilingual-gsm-symbolic/paper/artifacts/figures/transfer_features/languages.csv,6.489956933389947,allenai/Olmo-3-7B-Think,0.4779027325638749,0.2992618987019598,1.5969381155327984,100,9689,20274,5879,19645
allenai/Olmo-3-7B-Think,Olmo-3-7B-Think (reasoning on),OLMo 3,7.0,fra,original,0.92,0.027265992434429072,100,0.93,0.02564323999762428,100,0.010000000000000009,0.03743006947642632,0.989247311827957,0.04004484588580089,French,0.18824593690905445,URIEL syntax_knn,fra,CC-MAIN-2026-21,102728618,/work/multilingual-gsm-symbolic/paper/artifacts/figures/transfer_features/languages.csv,8.011691445624011,allenai/Olmo-3-7B-Think,0.3641796369798867,0.2992618987019598,1.2169261725582368,100,8166,22423,5879,19645
allenai/Olmo-3-7B-Think,Olmo-3-7B-Think (reasoning on),OLMo 3,7.0,fra,synthetic,0.894,0.006885179943285852,2000,0.9545,0.004661087627253371,2000,0.0605,0.008314531900255133,0.9366160293347302,0.008541207180921719,French,0.18824593690905445,URIEL syntax_knn,fra,CC-MAIN-2026-21,102728618,/work/multilingual-gsm-symbolic/paper/artifacts/figures/transfer_features/languages.csv,8.011691445624011,allenai/Olmo-3-7B-Think,0.3641796369798867,0.2992618987019598,1.2169261725582368,100,8166,22423,5879,19645
allenai/Olmo-3-7B-Think,Olmo-3-7B-Think (reasoning on),OLMo 3,7.0,hin,original,0.71,0.045604802157206865,100,0.93,0.02564323999762428,100,0.22000000000000008,0.0523199172148976,0.7634408602150536,0.053364766087157886,Hindi,0.3838046008442838,URIEL syntax_knn,hin,CC-MAIN-2026-21,4774018,/work/multilingual-gsm-symbolic/paper/artifacts/figures/transfer_features/languages.csv,6.678884052141607,allenai/Olmo-3-7B-Think,1.2682571572074335,0.2992618987019598,4.237950646936559,100,25251,19910,5879,19645
allenai/Olmo-3-7B-Think,Olmo-3-7B-Think (reasoning on),OLMo 3,7.0,hin,synthetic,0.661,0.010587518489895862,2000,0.9545,0.004661087627253371,2000,0.2935,0.01156811504277258,0.6925091671031954,0.01159625825631297,Hindi,0.3838046008442838,URIEL syntax_knn,hin,CC-MAIN-2026-21,4774018,/work/multilingual-gsm-symbolic/paper/artifacts/figures/transfer_features/languages.csv,6.678884052141607,allenai/Olmo-3-7B-Think,1.2682571572074335,0.2992618987019598,4.237950646936559,100,25251,19910,5879,19645
allenai/Olmo-3-7B-Think,Olmo-3-7B-Think (reasoning on),OLMo 3,7.0,isl,original,0.53,0.05016135580465919,100,0.93,0.02564323999762428,100,0.4,0.05633593323747618,0.5698924731182796,0.056179347338124117,Icelandic,0.13127809128711687,URIEL syntax_knn,isl,CC-MAIN-2026-21,777022,/work/multilingual-gsm-symbolic/paper/artifacts/figures/transfer_features/languages.csv,5.890433315253091,allenai/Olmo-3-7B-Think,0.5279846264712947,0.2992618987019598,1.764289502811462,100,10990,20815,5879,19645
allenai/Olmo-3-7B-Think,Olmo-3-7B-Think (reasoning on),OLMo 3,7.0,isl,synthetic,0.4225,0.011047981894987704,2000,0.9545,0.004661087627253371,2000,0.532,0.011990981687122641,0.4426401257202724,0.011774728474389588,Icelandic,0.13127809128711687,URIEL syntax_knn,isl,CC-MAIN-2026-21,777022,/work/multilingual-gsm-symbolic/paper/artifacts/figures/transfer_features/languages.csv,5.890433315253091,allenai/Olmo-3-7B-Think,0.5279846264712947,0.2992618987019598,1.764289502811462,100,10990,20815,5879,19645
allenai/Olmo-3-7B-Think,Olmo-3-7B-Think (reasoning on),OLMo 3,7.0,ita,original,0.93,0.025643239997624277,100,0.93,0.02564323999762428,100,0.0,0.036265017787828466,1.0,0.03899464278261126,Italian,0.14220584589844,URIEL syntax_knn,ita,CC-MAIN-2026-21,53457335,/work/multilingual-gsm-symbolic/paper/artifacts/figures/transfer_features/languages.csv,7.728007304146603,allenai/Olmo-3-7B-Think,0.3816052297076448,0.2992618987019598,1.2751547435969863,100,8406,22028,5879,19645
allenai/Olmo-3-7B-Think,Olmo-3-7B-Think (reasoning on),OLMo 3,7.0,ita,synthetic,0.895,0.006856457212201603,2000,0.9545,0.004661087627253371,2000,0.0595,0.008290762532583226,0.9376636982713462,0.008518557485482185,Italian,0.14220584589844,URIEL syntax_knn,ita,CC-MAIN-2026-21,53457335,/work/multilingual-gsm-symbolic/paper/artifacts/figures/transfer_features/languages.csv,7.728007304146603,allenai/Olmo-3-7B-Think,0.3816052297076448,0.2992618987019598,1.2751547435969863,100,8406,22028,5879,19645
allenai/Olmo-3-7B-Think,Olmo-3-7B-Think (reasoning on),OLMo 3,7.0,jpn,original,0.875,0.023444042219248153,200,0.93,0.02564323999762428,100,0.05500000000000005,0.034744767565111835,0.9408602150537634,0.036173183722273294,Japanese,0.4998069870609444,URIEL syntax_knn,jpn,CC-MAIN-2026-21,118455052,/work/multilingual-gsm-symbolic/paper/artifacts/figures/transfer_features/languages.csv,8.073553587717582,allenai/Olmo-3-7B-Think,1.014064190407501,0.2992618987019598,3.388550947534505,100,11248,11092,5879,19645
allenai/Olmo-3-7B-Think,Olmo-3-7B-Think (reasoning on),OLMo 3,7.0,jpn,synthetic,0.802,0.006301501982210902,4000,0.9545,0.004661087627253371,2000,0.15249999999999997,0.007838026862721408,0.8402304871660555,0.007773041390913393,Japanese,0.4998069870609444,URIEL syntax_knn,jpn,CC-MAIN-2026-21,118455052,/work/multilingual-gsm-symbolic/paper/artifacts/figures/transfer_features/languages.csv,8.073553587717582,allenai/Olmo-3-7B-Think,1.014064190407501,0.2992618987019598,3.388550947534505,100,11248,11092,5879,19645
allenai/Olmo-3-7B-Think,Olmo-3-7B-Think (reasoning on),OLMo 3,7.0,mar,original,0.6,0.04923659639173309,100,0.93,0.02564323999762428,100,0.33000000000000007,0.05551412596644373,0.6451612903225806,0.05585136293481815,Marathi,0.43515421744059357,URIEL syntax_knn,mar,CC-MAIN-2026-21,649289,/work/multilingual-gsm-symbolic/paper/artifacts/figures/transfer_features/languages.csv,5.812438045288022,allenai/Olmo-3-7B-Think,1.2391908156652163,0.2992618987019598,4.140823877146313,100,26769,21602,5879,19645
allenai/Olmo-3-7B-Think,Olmo-3-7B-Think (reasoning on),OLMo 3,7.0,mar,synthetic,0.4485,0.01112365690191116,2000,0.9545,0.004661087627253371,2000,0.506,0.012060741301444544,0.46987951807228917,0.011877650488491251,Marathi,0.43515421744059357,URIEL syntax_knn,mar,CC-MAIN-2026-21,649289,/work/multilingual-gsm-symbolic/paper/artifacts/figures/transfer_features/languages.csv,5.812438045288022,allenai/Olmo-3-7B-Think,1.2391908156652163,0.2992618987019598,4.140823877146313,100,26769,21602,5879,19645
allenai/Olmo-3-7B-Think,Olmo-3-7B-Think (reasoning on),OLMo 3,7.0,nld,original,0.86,0.034873508801977704,100,0.93,0.02564323999762428,100,0.07000000000000006,0.043286688181672826,0.9247311827956989,0.045346176858039426,Dutch,0.07570690126642576,URIEL syntax_knn,nld,CC-MAIN-2026-21,39513234,/work/multilingual-gsm-symbolic/paper/artifacts/figures/transfer_features/languages.csv,7.596742576400662,allenai/Olmo-3-7B-Think,0.3823884197828709,0.2992618987019598,1.2777718160630207,100,8242,21554,5879,19645
allenai/Olmo-3-7B-Think,Olmo-3-7B-Think (reasoning on),OLMo 3,7.0,nld,synthetic,0.85,0.007986356550109234,2000,0.9545,0.004661087627253371,2000,0.10450000000000004,0.009247033514290253,0.8905185961236249,0.009429655342510819,Dutch,0.07570690126642576,URIEL syntax_knn,nld,CC-MAIN-2026-21,39513234,/work/multilingual-gsm-symbolic/paper/artifacts/figures/transfer_features/languages.csv,7.596742576400662,allenai/Olmo-3-7B-Think,0.3823884197828709,0.2992618987019598,1.2777718160630207,100,8242,21554,5879,19645
allenai/Olmo-3-7B-Think,Olmo-3-7B-Think (reasoning on),OLMo 3,7.0,nob,original,0.82,0.038612291966536906,100,0.93,0.02564323999762428,100,0.1100000000000001,0.04635175129900539,0.8817204301075268,0.0481130689199165,Norwegian Bokmal,0.10138170956458059,URIEL syntax_knn,nor,CC-MAIN-2026-21,7148610,/work/multilingual-gsm-symbolic/paper/artifacts/figures/transfer_features/languages.csv,6.854221604316353,allenai/Olmo-3-7B-Think,0.4104608595356301,0.2992618987019598,1.3715774086711097,100,8185,19941,5879,19645
allenai/Olmo-3-7B-Think,Olmo-3-7B-Think (reasoning on),OLMo 3,7.0,nob,synthetic,0.763,0.009511084605090125,2000,0.9545,0.004661087627253371,2000,0.1915,0.01059181137644156,0.7993713986380304,0.010701791280085603,Norwegian Bokmal,0.10138170956458059,URIEL syntax_knn,nor,CC-MAIN-2026-21,7148610,/work/multilingual-gsm-symbolic/paper/artifacts/figures/transfer_features/languages.csv,6.854221604316353,allenai/Olmo-3-7B-Think,0.4104608595356301,0.2992618987019598,1.3715774086711097,100,8185,19941,5879,19645
allenai/Olmo-3-7B-Think,Olmo-3-7B-Think (reasoning on),OLMo 3,7.0,rus,original,0.87,0.033799766898963114,100,0.93,0.02564323999762428,100,0.06000000000000005,0.042426406871192854,0.9354838709677419,0.04456711748044175,Russian,0.18824593690905445,URIEL syntax_knn,rus,CC-MAIN-2026-21,138631119,/work/multilingual-gsm-symbolic/paper/artifacts/figures/transfer_features/languages.csv,8.141860728782362,allenai/Olmo-3-7B-Think,0.5740723300056508,0.2992618987019598,1.9182940845315548,100,12191,21236,5879,19645
allenai/Olmo-3-7B-Think,Olmo-3-7B-Think (reasoning on),OLMo 3,7.0,rus,synthetic,0.7965,0.009004688623634044,2000,0.9545,0.004661087627253371,2000,0.15800000000000003,0.010139534263344586,0.8344683080146673,0.010276391228719078,Russian,0.18824593690905445,URIEL syntax_knn,rus,CC-MAIN-2026-21,138631119,/work/multilingual-gsm-symbolic/paper/artifacts/figures/transfer_features/languages.csv,8.141860728782362,allenai/Olmo-3-7B-Think,0.5740723300056508,0.2992618987019598,1.9182940845315548,100,12191,21236,5879,19645
allenai/Olmo-3-7B-Think,Olmo-3-7B-Think (reasoning on),OLMo 3,7.0,ukr,original,0.76,0.04292346959909279,100,0.93,0.02564323999762428,100,0.17000000000000004,0.05,0.8172043010752688,0.05136103837565717,Ukrainian,0.15273132616089036,URIEL syntax_knn,ukr,CC-MAIN-2026-21,17456210,/work/multilingual-gsm-symbolic/paper/artifacts/figures/transfer_features/languages.csv,7.2419499578829365,allenai/Olmo-3-7B-Think,0.7268559666931749,0.2992618987019598,2.4288289616750163,100,15538,21377,5879,19645
allenai/Olmo-3-7B-Think,Olmo-3-7B-Think (reasoning on),OLMo 3,7.0,ukr,synthetic,0.7755,0.009332385638777238,2000,0.9545,0.004661087627253371,2000,0.17900000000000005,0.010431642228325802,0.8124672603457307,0.010551573523913053,Ukrainian,0.15273132616089036,URIEL syntax_knn,ukr,CC-MAIN-2026-21,17456210,/work/multilingual-gsm-symbolic/paper/artifacts/figures/transfer_features/languages.csv,7.2419499578829365,allenai/Olmo-3-7B-Think,0.7268559666931749,0.2992618987019598,2.4288289616750163,100,15538,21377,5879,19645
allenai/Olmo-3-7B-Think,Olmo-3-7B-Think (reasoning on),OLMo 3,7.0,urd,original,0.53,0.05016135580465919,100,0.93,0.02564323999762428,100,0.4,0.05633593323747618,0.5698924731182796,0.056179347338124117,urd,0.3838046008442838,URIEL syntax_knn,urd,CC-MAIN-2026-21,682592,/work/multilingual-gsm-symbolic/paper/artifacts/figures/transfer_features/languages.csv,5.834161194027274,allenai/Olmo-3-7B-Think,1.2072789753202124,0.2992618987019598,4.034188717497121,100,23187,19206,5879,19645
allenai/Olmo-3-7B-Think,Olmo-3-7B-Think (reasoning on),OLMo 3,7.0,urd,synthetic,0.526,0.011168006186472616,2000,0.9545,0.004661087627253371,2000,0.4285,0.012101656913415828,0.5510738606600315,0.012005851140710814,urd,0.3838046008442838,URIEL syntax_knn,urd,CC-MAIN-2026-21,682592,/work/multilingual-gsm-symbolic/paper/artifacts/figures/transfer_features/languages.csv,5.834161194027274,allenai/Olmo-3-7B-Think,1.2072789753202124,0.2992618987019598,4.034188717497121,100,23187,19206,5879,19645
allenai/Olmo-3-7B-Think,Olmo-3-7B-Think (reasoning on),OLMo 3,7.0,zho,original,0.88,0.032659863237109045,100,0.93,0.02564323999762428,100,0.050000000000000044,0.04152399817265222,0.9462365591397849,0.04374951670436568,Chinese,0.2892275292349138,URIEL syntax_knn,zho,CC-MAIN-2026-21,102274716,/work/multilingual-gsm-symbolic/paper/artifacts/figures/transfer_features/languages.csv,8.009768282208015,allenai/Olmo-3-7B-Think,1.4850291804110631,0.2992618987019598,4.962306216903442,100,11705,7882,5879,19645
allenai/Olmo-3-7B-Think,Olmo-3-7B-Think (reasoning on),OLMo 3,7.0,zho,synthetic,0.8685,0.007558600480288025,2000,0.9545,0.004661087627253371,2000,0.08599999999999997,0.008880212784024087,0.9099004714510215,0.009080309892064,Chinese,0.2892275292349138,URIEL syntax_knn,zho,CC-MAIN-2026-21,102274716,/work/multilingual-gsm-symbolic/paper/artifacts/figures/transfer_features/languages.csv,8.009768282208015,allenai/Olmo-3-7B-Think,1.4850291804110631,0.2992618987019598,4.962306216903442,100,11705,7882,5879,19645
allenai/Olmo-3.1-32B-Instruct,Olmo-3.1-32B-Instruct,OLMo 3,32.0,ara,original,0.67,0.04725815626252607,100,0.96,0.019694638556693237,100,0.2899999999999999,0.0511977745728476,0.6979166666666667,0.05126719212999249,Arabic,0.34901322303461213,URIEL syntax_knn,ara,CC-MAIN-2026-21,14123579,/work/multilingual-gsm-symbolic/paper/artifacts/figures/transfer_features/languages.csv,7.149944763500101,allenai/Olmo-3.1-32B-Instruct,0.8919114777858298,0.2992618987019598,2.980370978245046,100,16000,17939,5879,19645
allenai/Olmo-3.1-32B-Instruct,Olmo-3.1-32B-Instruct,OLMo 3,32.0,ara,synthetic,0.698,0.010268920360129455,2000,0.964,0.00416661497383309,2000,0.266,0.011082030757169526,0.7240663900414938,0.011102611676180804,Arabic,0.34901322303461213,URIEL syntax_knn,ara,CC-MAIN-2026-21,14123579,/work/multilingual-gsm-symbolic/paper/artifacts/figures/transfer_features/languages.csv,7.149944763500101,allenai/Olmo-3.1-32B-Instruct,0.8919114777858298,0.2992618987019598,2.980370978245046,100,16000,17939,5879,19645
allenai/Olmo-3.1-32B-Instruct,Olmo-3.1-32B-Instruct,OLMo 3,32.0,dan,original,0.865,0.024224141785131024,200,0.96,0.019694638556693237,100,0.09499999999999997,0.031219990920961505,0.9010416666666667,0.031279821829748075,Danish,0.11992176734660287,URIEL syntax_knn,dan,CC-MAIN-2026-21,11404389,/work/multilingual-gsm-symbolic/paper/artifacts/figures/transfer_features/languages.csv,7.057072022533615,allenai/Olmo-3.1-32B-Instruct,0.41236959761549924,0.2992618987019598,1.3779555613465695,100,8301,20130,5879,19645
allenai/Olmo-3.1-32B-Instruct,Olmo-3.1-32B-Instruct,OLMo 3,32.0,dan,synthetic,0.84925,0.00565810152818291,4000,0.964,0.00416661497383309,2000,0.11475000000000002,0.007026719949122485,0.8809647302904564,0.006996325983084992,Danish,0.11992176734660287,URIEL syntax_knn,dan,CC-MAIN-2026-21,11404389,/work/multilingual-gsm-symbolic/paper/artifacts/figures/transfer_features/languages.csv,7.057072022533615,allenai/Olmo-3.1-32B-Instruct,0.41236959761549924,0.2992618987019598,1.3779555613465695,100,8301,20130,5879,19645
allenai/Olmo-3.1-32B-Instruct,Olmo-3.1-32B-Instruct,OLMo 3,32.0,deu,original,0.91,0.020286887118154025,200,0.96,0.019694638556693237,100,0.04999999999999993,0.028274309484468612,0.9479166666666667,0.028718368864817295,German,0.09745802098497969,URIEL syntax_knn,deu,CC-MAIN-2026-21,129221452,/work/multilingual-gsm-symbolic/paper/artifacts/figures/transfer_features/languages.csv,8.111334616692115,allenai/Olmo-3.1-32B-Instruct,0.35965107481418845,0.2992618987019598,1.2017937344318306,100,8081,22469,5879,19645
allenai/Olmo-3.1-32B-Instruct,Olmo-3.1-32B-Instruct,OLMo 3,32.0,deu,synthetic,0.876,0.005211793424309373,4000,0.964,0.00416661497383309,2000,0.08799999999999997,0.006672591028816658,0.9087136929460581,0.006682507565658675,German,0.09745802098497969,URIEL syntax_knn,deu,CC-MAIN-2026-21,129221452,/work/multilingual-gsm-symbolic/paper/artifacts/figures/transfer_features/languages.csv,8.111334616692115,allenai/Olmo-3.1-32B-Instruct,0.35965107481418845,0.2992618987019598,1.2017937344318306,100,8081,22469,5879,19645
allenai/Olmo-3.1-32B-Instruct,Olmo-3.1-32B-Instruct,OLMo 3,32.0,est,original,0.26,0.044084400227680814,100,0.96,0.019694638556693237,100,0.7,0.04828367354824125,0.27083333333333337,0.04625616421343611,Estonian,0.22659791675913576,URIEL syntax_knn,est,CC-MAIN-2026-21,3089989,/work/multilingual-gsm-symbolic/paper/artifacts/figures/transfer_features/languages.csv,6.489956933389947,allenai/Olmo-3.1-32B-Instruct,0.4779027325638749,0.2992618987019598,1.5969381155327984,100,9689,20274,5879,19645
allenai/Olmo-3.1-32B-Instruct,Olmo-3.1-32B-Instruct,OLMo 3,32.0,est,synthetic,0.193,0.00882691663201904,2000,0.964,0.00416661497383309,2000,0.7709999999999999,0.009760898399675333,0.20020746887966806,0.009197351077377453,Estonian,0.22659791675913576,URIEL syntax_knn,est,CC-MAIN-2026-21,3089989,/work/multilingual-gsm-symbolic/paper/artifacts/figures/transfer_features/languages.csv,6.489956933389947,allenai/Olmo-3.1-32B-Instruct,0.4779027325638749,0.2992618987019598,1.5969381155327984,100,9689,20274,5879,19645
allenai/Olmo-3.1-32B-Instruct,Olmo-3.1-32B-Instruct,OLMo 3,32.0,fra,original,0.86,0.034873508801977704,100,0.96,0.019694638556693237,100,0.09999999999999998,0.040050473206198256,0.8958333333333334,0.040710927787519335,French,0.18824593690905445,URIEL syntax_knn,fra,CC-MAIN-2026-21,102728618,/work/multilingual-gsm-symbolic/paper/artifacts/figures/transfer_features/languages.csv,8.011691445624011,allenai/Olmo-3.1-32B-Instruct,0.3641796369798867,0.2992618987019598,1.2169261725582368,100,8166,22423,5879,19645
allenai/Olmo-3.1-32B-Instruct,Olmo-3.1-32B-Instruct,OLMo 3,32.0,fra,synthetic,0.8405,0.00818922503679998,2000,0.964,0.00416661497383309,2000,0.12349999999999994,0.009188258107145322,0.8718879668049793,0.009293401580872563,French,0.18824593690905445,URIEL syntax_knn,fra,CC-MAIN-2026-21,102728618,/work/multilingual-gsm-symbolic/paper/artifacts/figures/transfer_features/languages.csv,8.011691445624011,allenai/Olmo-3.1-32B-Instruct,0.3641796369798867,0.2992618987019598,1.2169261725582368,100,8166,22423,5879,19645
allenai/Olmo-3.1-32B-Instruct,Olmo-3.1-32B-Instruct,OLMo 3,32.0,hin,original,0.68,0.04688261722621506,100,0.96,0.019694638556693237,100,0.2799999999999999,0.05085133809309825,0.7083333333333334,0.05095222384966467,Hindi,0.3838046008442838,URIEL syntax_knn,hin,CC-MAIN-2026-21,4774018,/work/multilingual-gsm-symbolic/paper/artifacts/figures/transfer_features/languages.csv,6.678884052141607,allenai/Olmo-3.1-32B-Instruct,1.2682571572074335,0.2992618987019598,4.237950646936559,100,25251,19910,5879,19645
allenai/Olmo-3.1-32B-Instruct,Olmo-3.1-32B-Instruct,OLMo 3,32.0,hin,synthetic,0.6665,0.010544878957869435,2000,0.964,0.00416661497383309,2000,0.2975,0.011338216463636938,0.6913900414937759,0.011339518468273432,Hindi,0.3838046008442838,URIEL syntax_knn,hin,CC-MAIN-2026-21,4774018,/work/multilingual-gsm-symbolic/paper/artifacts/figures/transfer_features/languages.csv,6.678884052141607,allenai/Olmo-3.1-32B-Instruct,1.2682571572074335,0.2992618987019598,4.237950646936559,100,25251,19910,5879,19645
allenai/Olmo-3.1-32B-Instruct,Olmo-3.1-32B-Instruct,OLMo 3,32.0,isl,original,0.65,0.047937248544110224,100,0.96,0.019694638556693237,100,0.30999999999999994,0.05182526976156116,0.6770833333333334,0.05183063346335165,Icelandic,0.13127809128711687,URIEL syntax_knn,isl,CC-MAIN-2026-21,777022,/work/multilingual-gsm-symbolic/paper/artifacts/figures/transfer_features/languages.csv,5.890433315253091,allenai/Olmo-3.1-32B-Instruct,0.5279846264712947,0.2992618987019598,1.764289502811462,100,10990,20815,5879,19645
allenai/Olmo-3.1-32B-Instruct,Olmo-3.1-32B-Instruct,OLMo 3,32.0,isl,synthetic,0.574,0.01105998017994564,2000,0.964,0.00416661497383309,2000,0.39,0.011818791897692443,0.5954356846473029,0.011758118265672723,Icelandic,0.13127809128711687,URIEL syntax_knn,isl,CC-MAIN-2026-21,777022,/work/multilingual-gsm-symbolic/paper/artifacts/figures/transfer_features/languages.csv,5.890433315253091,allenai/Olmo-3.1-32B-Instruct,0.5279846264712947,0.2992618987019598,1.764289502811462,100,10990,20815,5879,19645
allenai/Olmo-3.1-32B-Instruct,Olmo-3.1-32B-Instruct,OLMo 3,32.0,ita,original,0.9,0.03015113445777636,100,0.96,0.019694638556693237,100,0.05999999999999994,0.0360134654951408,0.9375000000000001,0.03682847818679935,Italian,0.14220584589844,URIEL syntax_knn,ita,CC-MAIN-2026-21,53457335,/work/multilingual-gsm-symbolic/paper/artifacts/figures/transfer_features/languages.csv,7.728007304146603,allenai/Olmo-3.1-32B-Instruct,0.3816052297076448,0.2992618987019598,1.2751547435969863,100,8406,22028,5879,19645
allenai/Olmo-3.1-32B-Instruct,Olmo-3.1-32B-Instruct,OLMo 3,32.0,ita,synthetic,0.8945,0.006870842687736327,2000,0.964,0.00416661497383309,2000,0.0695,0.00803549373590633,0.9279045643153527,0.008178336952680708,Italian,0.14220584589844,URIEL syntax_knn,ita,CC-MAIN-2026-21,53457335,/work/multilingual-gsm-symbolic/paper/artifacts/figures/transfer_features/languages.csv,7.728007304146603,allenai/Olmo-3.1-32B-Instruct,0.3816052297076448,0.2992618987019598,1.2751547435969863,100,8406,22028,5879,19645
allenai/Olmo-3.1-32B-Instruct,Olmo-3.1-32B-Instruct,OLMo 3,32.0,jpn,original,0.835,0.02631229148928473,200,0.96,0.019694638556693237,100,0.125,0.03286663157818083,0.8697916666666666,0.032705373219573376,Japanese,0.4998069870609444,URIEL syntax_knn,jpn,CC-MAIN-2026-21,118455052,/work/multilingual-gsm-symbolic/paper/artifacts/figures/transfer_features/languages.csv,8.073553587717582,allenai/Olmo-3.1-32B-Instruct,1.014064190407501,0.2992618987019598,3.388550947534505,100,11248,11092,5879,19645
allenai/Olmo-3.1-32B-Instruct,Olmo-3.1-32B-Instruct,OLMo 3,32.0,jpn,synthetic,0.825,0.0060085585371138315,4000,0.964,0.00416661497383309,2000,0.139,0.00731187089834699,0.8558091286307054,0.007247905254339901,Japanese,0.4998069870609444,URIEL syntax_knn,jpn,CC-MAIN-2026-21,118455052,/work/multilingual-gsm-symbolic/paper/artifacts/figures/transfer_features/languages.csv,8.073553587717582,allenai/Olmo-3.1-32B-Instruct,1.014064190407501,0.2992618987019598,3.388550947534505,100,11248,11092,5879,19645
allenai/Olmo-3.1-32B-Instruct,Olmo-3.1-32B-Instruct,OLMo 3,32.0,mar,original,0.5,0.05025189076296061,100,0.96,0.019694638556693237,100,0.45999999999999996,0.053973431548599106,0.5208333333333334,0.053425126293113176,Marathi,0.43515421744059357,URIEL syntax_knn,mar,CC-MAIN-2026-21,649289,/work/multilingual-gsm-symbolic/paper/artifacts/figures/transfer_features/languages.csv,5.812438045288022,allenai/Olmo-3.1-32B-Instruct,1.2391908156652163,0.2992618987019598,4.140823877146313,100,26769,21602,5879,19645
allenai/Olmo-3.1-32B-Instruct,Olmo-3.1-32B-Instruct,OLMo 3,32.0,mar,synthetic,0.437,0.011094009127419157,2000,0.964,0.00416661497383309,2000,0.5269999999999999,0.011850642128569644,0.4533195020746888,0.01167391056704182,Marathi,0.43515421744059357,URIEL syntax_knn,mar,CC-MAIN-2026-21,649289,/work/multilingual-gsm-symbolic/paper/artifacts/figures/transfer_features/languages.csv,5.812438045288022,allenai/Olmo-3.1-32B-Instruct,1.2391908156652163,0.2992618987019598,4.140823877146313,100,26769,21602,5879,19645
allenai/Olmo-3.1-32B-Instruct,Olmo-3.1-32B-Instruct,OLMo 3,32.0,nld,original,0.85,0.03588702812826367,100,0.96,0.019694638556693237,100,0.10999999999999999,0.040936018074033236,0.8854166666666666,0.041561864023189794,Dutch,0.07570690126642576,URIEL syntax_knn,nld,CC-MAIN-2026-21,39513234,/work/multilingual-gsm-symbolic/paper/artifacts/figures/transfer_features/languages.csv,7.596742576400662,allenai/Olmo-3.1-32B-Instruct,0.3823884197828709,0.2992618987019598,1.2777718160630207,100,8242,21554,5879,19645
allenai/Olmo-3.1-32B-Instruct,Olmo-3.1-32B-Instruct,OLMo 3,32.0,nld,synthetic,0.842,0.00815789652041621,2000,0.964,0.00416661497383309,2000,0.122,0.009160346935459869,0.8734439834024896,0.009266442245331274,Dutch,0.07570690126642576,URIEL syntax_knn,nld,CC-MAIN-2026-21,39513234,/work/multilingual-gsm-symbolic/paper/artifacts/figures/transfer_features/languages.csv,7.596742576400662,allenai/Olmo-3.1-32B-Instruct,0.3823884197828709,0.2992618987019598,1.2777718160630207,100,8242,21554,5879,19645
allenai/Olmo-3.1-32B-Instruct,Olmo-3.1-32B-Instruct,OLMo 3,32.0,nob,original,0.89,0.031446603773522014,100,0.96,0.019694638556693237,100,0.06999999999999995,0.037104820128491076,0.9270833333333334,0.037878075452755997,Norwegian Bokmal,0.10138170956458059,URIEL syntax_knn,nor,CC-MAIN-2026-21,7148610,/work/multilingual-gsm-symbolic/paper/artifacts/figures/transfer_features/languages.csv,6.854221604316353,allenai/Olmo-3.1-32B-Instruct,0.4104608595356301,0.2992618987019598,1.3715774086711097,100,8185,19941,5879,19645
allenai/Olmo-3.1-32B-Instruct,Olmo-3.1-32B-Instruct,OLMo 3,32.0,nob,synthetic,0.8505,0.007975379510667164,2000,0.964,0.00416661497383309,2000,0.11349999999999993,0.008998186410568506,0.8822614107883818,0.00910974889251441,Norwegian Bokmal,0.10138170956458059,URIEL syntax_knn,nor,CC-MAIN-2026-21,7148610,/work/multilingual-gsm-symbolic/paper/artifacts/figures/transfer_features/languages.csv,6.854221604316353,allenai/Olmo-3.1-32B-Instruct,0.4104608595356301,0.2992618987019598,1.3715774086711097,100,8185,19941,5879,19645
allenai/Olmo-3.1-32B-Instruct,Olmo-3.1-32B-Instruct,OLMo 3,32.0,rus,original,0.88,0.03265986323710904,100,0.96,0.019694638556693237,100,0.07999999999999996,0.03813850356982369,0.9166666666666667,0.03887235098089506,Russian,0.18824593690905445,URIEL syntax_knn,rus,CC-MAIN-2026-21,138631119,/work/multilingual-gsm-symbolic/paper/artifacts/figures/transfer_features/languages.csv,8.141860728782362,allenai/Olmo-3.1-32B-Instruct,0.5740723300056508,0.2992618987019598,1.9182940845315548,100,12191,21236,5879,19645
allenai/Olmo-3.1-32B-Instruct,Olmo-3.1-32B-Instruct,OLMo 3,32.0,rus,synthetic,0.8525,0.00793116174739436,2000,0.964,0.00416661497383309,2000,0.11149999999999993,0.00895901819417182,0.8843360995850623,0.009071886809361612,Russian,0.18824593690905445,URIEL syntax_knn,rus,CC-MAIN-2026-21,138631119,/work/multilingual-gsm-symbolic/paper/artifacts/figures/transfer_features/languages.csv,8.141860728782362,allenai/Olmo-3.1-32B-Instruct,0.5740723300056508,0.2992618987019598,1.9182940845315548,100,12191,21236,5879,19645
allenai/Olmo-3.1-32B-Instruct,Olmo-3.1-32B-Instruct,OLMo 3,32.0,ukr,original,0.86,0.0348735088019777,100,0.96,0.019694638556693237,100,0.09999999999999998,0.04005047320619825,0.8958333333333334,0.04071092778751933,Ukrainian,0.15273132616089036,URIEL syntax_knn,ukr,CC-MAIN-2026-21,17456210,/work/multilingual-gsm-symbolic/paper/artifacts/figures/transfer_features/languages.csv,7.2419499578829365,allenai/Olmo-3.1-32B-Instruct,0.7268559666931749,0.2992618987019598,2.4288289616750163,100,15538,21377,5879,19645
allenai/Olmo-3.1-32B-Instruct,Olmo-3.1-32B-Instruct,OLMo 3,32.0,ukr,synthetic,0.838,0.008240871069127883,2000,0.964,0.00416661497383309,2000,0.126,0.00923431840030216,0.8692946058091287,0.009337883376829276,Ukrainian,0.15273132616089036,URIEL syntax_knn,ukr,CC-MAIN-2026-21,17456210,/work/multilingual-gsm-symbolic/paper/artifacts/figures/transfer_features/languages.csv,7.2419499578829365,allenai/Olmo-3.1-32B-Instruct,0.7268559666931749,0.2992618987019598,2.4288289616750163,100,15538,21377,5879,19645
allenai/Olmo-3.1-32B-Instruct,Olmo-3.1-32B-Instruct,OLMo 3,32.0,urd,original,0.63,0.048523658709390974,100,0.96,0.019694638556693237,100,0.32999999999999996,0.0523681605789648,0.65625,0.052307755130988315,urd,0.3838046008442838,URIEL syntax_knn,urd,CC-MAIN-2026-21,682592,/work/multilingual-gsm-symbolic/paper/artifacts/figures/transfer_features/languages.csv,5.834161194027274,allenai/Olmo-3.1-32B-Instruct,1.2072789753202124,0.2992618987019598,4.034188717497121,100,23187,19206,5879,19645
allenai/Olmo-3.1-32B-Instruct,Olmo-3.1-32B-Instruct,OLMo 3,32.0,urd,synthetic,0.6015,0.010950289010556183,2000,0.964,0.00416661497383309,2000,0.36249999999999993,0.01171620714031967,0.6239626556016598,0.01167498066774239,urd,0.3838046008442838,URIEL syntax_knn,urd,CC-MAIN-2026-21,682592,/work/multilingual-gsm-symbolic/paper/artifacts/figures/transfer_features/languages.csv,5.834161194027274,allenai/Olmo-3.1-32B-Instruct,1.2072789753202124,0.2992618987019598,4.034188717497121,100,23187,19206,5879,19645
allenai/Olmo-3.1-32B-Instruct,Olmo-3.1-32B-Instruct,OLMo 3,32.0,zho,original,0.89,0.031446603773522014,100,0.96,0.019694638556693237,100,0.06999999999999995,0.037104820128491076,0.9270833333333334,0.037878075452755997,Chinese,0.2892275292349138,URIEL syntax_knn,zho,CC-MAIN-2026-21,102274716,/work/multilingual-gsm-symbolic/paper/artifacts/figures/transfer_features/languages.csv,8.009768282208015,allenai/Olmo-3.1-32B-Instruct,1.4850291804110631,0.2992618987019598,4.962306216903442,100,11705,7882,5879,19645
allenai/Olmo-3.1-32B-Instruct,Olmo-3.1-32B-Instruct,OLMo 3,32.0,zho,synthetic,0.869,0.007546388141819466,2000,0.964,0.00416661497383309,2000,0.09499999999999997,0.008620246767185008,0.9014522821576764,0.008744237635652153,Chinese,0.2892275292349138,URIEL syntax_knn,zho,CC-MAIN-2026-21,102274716,/work/multilingual-gsm-symbolic/paper/artifacts/figures/transfer_features/languages.csv,8.009768282208015,allenai/Olmo-3.1-32B-Instruct,1.4850291804110631,0.2992618987019598,4.962306216903442,100,11705,7882,5879,19645
Qwen/Qwen2.5-0.5B-Instruct,Qwen2.5-0.5B-Instruct,Qwen2.5,0.5,ara,original,0.03,0.01714466079977653,100,0.42,0.04960449637488583,100,0.39,0.05248376372313113,0.07142857142857142,0.041683228442743026,Arabic,0.34901322303461213,URIEL syntax_knn,ara,CC-MAIN-2026-21,14123579,/work/multilingual-gsm-symbolic/paper/artifacts/figures/transfer_features/languages.csv,7.149944763500101,Qwen/Qwen2.5-0.5B-Instruct,0.5197614136796923,0.3110715194706032,1.6708743203628793,100,9324,17939,6111,19645
Qwen/Qwen2.5-0.5B-Instruct,Qwen2.5-0.5B-Instruct,Qwen2.5,0.5,ara,synthetic,0.011,0.0023328568559933737,2000,0.3865,0.010891197550868587,2000,0.3755,0.01113824066909138,0.028460543337645534,0.006088899755838744,Arabic,0.34901322303461213,URIEL syntax_knn,ara,CC-MAIN-2026-21,14123579,/work/multilingual-gsm-symbolic/paper/artifacts/figures/transfer_features/languages.csv,7.149944763500101,Qwen/Qwen2.5-0.5B-Instruct,0.5197614136796923,0.3110715194706032,1.6708743203628793,100,9324,17939,6111,19645
Qwen/Qwen2.5-0.5B-Instruct,Qwen2.5-0.5B-Instruct,Qwen2.5,0.5,dan,original,0.016,0.005617036781471959,500,0.42,0.04960449637488583,100,0.40399999999999997,0.0499215100213372,0.0380952380952381,0.01411044260692219,Danish,0.11992176734660287,URIEL syntax_knn,dan,CC-MAIN-2026-21,11404389,/work/multilingual-gsm-symbolic/paper/artifacts/figures/transfer_features/languages.csv,7.057072022533615,Qwen/Qwen2.5-0.5B-Instruct,0.42498758072528564,0.3110715194706032,1.3662053711910058,100,8555,20130,6111,19645
Qwen/Qwen2.5-0.5B-Instruct,Qwen2.5-0.5B-Instruct,Qwen2.5,0.5,dan,synthetic,0.018166666666666668,0.0017243168771807324,6000,0.3865,0.010891197550868587,2000,0.36833333333333335,0.011026851444767732,0.047003018542475204,0.004653822219125879,Danish,0.11992176734660287,URIEL syntax_knn,dan,CC-MAIN-2026-21,11404389,/work/multilingual-gsm-symbolic/paper/artifacts/figures/transfer_features/languages.csv,7.057072022533615,Qwen/Qwen2.5-0.5B-Instruct,0.42498758072528564,0.3110715194706032,1.3662053711910058,100,8555,20130,6111,19645
Qwen/Qwen2.5-0.5B-Instruct,Qwen2.5-0.5B-Instruct,Qwen2.5,0.5,deu,original,0.078,0.01200500897463062,500,0.42,0.04960449637488583,100,0.34199999999999997,0.05103651928851558,0.18571428571428572,0.03602924937263886,German,0.09745802098497969,URIEL syntax_knn,deu,CC-MAIN-2026-21,129221452,/work/multilingual-gsm-symbolic/paper/artifacts/figures/transfer_features/languages.csv,8.111334616692115,Qwen/Qwen2.5-0.5B-Instruct,0.3681071698784993,0.3110715194706032,1.1833522095014104,100,8271,22469,6111,19645
Qwen/Qwen2.5-0.5B-Instruct,Qwen2.5-0.5B-Instruct,Qwen2.5,0.5,deu,synthetic,0.0645,0.003171482521402874,6000,0.3865,0.010891197550868587,2000,0.322,0.011343565818366368,0.16688227684346701,0.009457637965913611,German,0.09745802098497969,URIEL syntax_knn,deu,CC-MAIN-2026-21,129221452,/work/multilingual-gsm-symbolic/paper/artifacts/figures/transfer_features/languages.csv,8.111334616692115,Qwen/Qwen2.5-0.5B-Instruct,0.3681071698784993,0.3110715194706032,1.1833522095014104,100,8271,22469,6111,19645
Qwen/Qwen2.5-0.5B-Instruct,Qwen2.5-0.5B-Instruct,Qwen2.5,0.5,est,original,0.0075,0.004319260936502214,400,0.42,0.04960449637488583,100,0.4125,0.049792188901911665,0.017857142857142856,0.010497987894951639,Estonian,0.22659791675913576,URIEL syntax_knn,est,CC-MAIN-2026-21,3089989,/work/multilingual-gsm-symbolic/paper/artifacts/figures/transfer_features/languages.csv,6.489956933389947,Qwen/Qwen2.5-0.5B-Instruct,0.4884087994475683,0.3110715194706032,1.5700852340283882,100,9902,20274,6111,19645
Qwen/Qwen2.5-0.5B-Instruct,Qwen2.5-0.5B-Instruct,Qwen2.5,0.5,est,synthetic,0.008,0.001150168312838593,6000,0.3865,0.010891197550868587,2000,0.3785,0.010951761102211091,0.020698576972833116,0.0030324771433278843,Estonian,0.22659791675913576,URIEL syntax_knn,est,CC-MAIN-2026-21,3089989,/work/multilingual-gsm-symbolic/paper/artifacts/figures/transfer_features/languages.csv,6.489956933389947,Qwen/Qwen2.5-0.5B-Instruct,0.4884087994475683,0.3110715194706032,1.5700852340283882,100,9902,20274,6111,19645
Qwen/Qwen2.5-0.5B-Instruct,Qwen2.5-0.5B-Instruct,Qwen2.5,0.5,fra,original,0.09,0.028762349126466132,100,0.42,0.04960449637488583,100,0.32999999999999996,0.057340027798029436,0.21428571428571427,0.07300870247027462,French,0.18824593690905445,URIEL syntax_knn,fra,CC-MAIN-2026-21,102728618,/work/multilingual-gsm-symbolic/paper/artifacts/figures/transfer_features/languages.csv,8.011691445624011,Qwen/Qwen2.5-0.5B-Instruct,0.372296302903269,0.3110715194706032,1.1968189937055669,100,8348,22423,6111,19645
Qwen/Qwen2.5-0.5B-Instruct,Qwen2.5-0.5B-Instruct,Qwen2.5,0.5,fra,synthetic,0.0515,0.004943287675881637,2000,0.3865,0.010891197550868587,2000,0.335,0.011960529968967478,0.1332470892626132,0.013329639905840652,French,0.18824593690905445,URIEL syntax_knn,fra,CC-MAIN-2026-21,102728618,/work/multilingual-gsm-symbolic/paper/artifacts/figures/transfer_features/languages.csv,8.011691445624011,Qwen/Qwen2.5-0.5B-Instruct,0.372296302903269,0.3110715194706032,1.1968189937055669,100,8348,22423,6111,19645
Qwen/Qwen2.5-0.5B-Instruct,Qwen2.5-0.5B-Instruct,Qwen2.5,0.5,hin,original,0.01,0.01,100,0.42,0.04960449637488583,100,0.41,0.050602431370498996,0.02380952380952381,0.02397500841117199,Hindi,0.3838046008442838,URIEL syntax_knn,hin,CC-MAIN-2026-21,4774018,/work/multilingual-gsm-symbolic/paper/artifacts/figures/transfer_features/languages.csv,6.678884052141607,Qwen/Qwen2.5-0.5B-Instruct,1.1958312405826217,0.3110715194706032,3.844232485885388,100,23809,19910,6111,19645
Qwen/Qwen2.5-0.5B-Instruct,Qwen2.5-0.5B-Instruct,Qwen2.5,0.5,hin,synthetic,0.006,0.0017272787111155333,2000,0.3865,0.010891197550868587,2000,0.3805,0.011027314987698449,0.015523932729624839,0.004490385191930179,Hindi,0.3838046008442838,URIEL syntax_knn,hin,CC-MAIN-2026-21,4774018,/work/multilingual-gsm-symbolic/paper/artifacts/figures/transfer_features/languages.csv,6.678884052141607,Qwen/Qwen2.5-0.5B-Instruct,1.1958312405826217,0.3110715194706032,3.844232485885388,100,23809,19910,6111,19645
Qwen/Qwen2.5-0.5B-Instruct,Qwen2.5-0.5B-Instruct,Qwen2.5,0.5,isl,original,0.0,0.0,100,0.42,0.04960449637488583,100,0.42,0.04960449637488583,0.0,0.0,Icelandic,0.13127809128711687,URIEL syntax_knn,isl,CC-MAIN-2026-21,777022,/work/multilingual-gsm-symbolic/paper/artifacts/figures/transfer_features/languages.csv,5.890433315253091,Qwen/Qwen2.5-0.5B-Instruct,0.5361037713187605,0.3110715194706032,1.7234100126913845,100,11159,20815,6111,19645
Qwen/Qwen2.5-0.5B-Instruct,Qwen2.5-0.5B-Instruct,Qwen2.5,0.5,isl,synthetic,0.004,0.0014117352790977225,2000,0.3865,0.010891197550868587,2000,0.3825,0.010982312169588653,0.010349288486416558,0.003664237741057868,Icelandic,0.13127809128711687,URIEL syntax_knn,isl,CC-MAIN-2026-21,777022,/work/multilingual-gsm-symbolic/paper/artifacts/figures/transfer_features/languages.csv,5.890433315253091,Qwen/Qwen2.5-0.5B-Instruct,0.5361037713187605,0.3110715194706032,1.7234100126913845,100,11159,20815,6111,19645
Qwen/Qwen2.5-0.5B-Instruct,Qwen2.5-0.5B-Instruct,Qwen2.5,0.5,ita,original,0.02,0.01407052941362897,100,0.42,0.04960449637488583,100,0.39999999999999997,0.05156147649734111,0.04761904761904762,0.03397005847486481,Italian,0.14220584589844,URIEL syntax_knn,ita,CC-MAIN-2026-21,53457335,/work/multilingual-gsm-symbolic/paper/artifacts/figures/transfer_features/languages.csv,7.728007304146603,Qwen/Qwen2.5-0.5B-Instruct,0.3917287089159252,0.3110715194706032,1.2592882485114305,100,8629,22028,6111,19645
Qwen/Qwen2.5-0.5B-Instruct,Qwen2.5-0.5B-Instruct,Qwen2.5,0.5,ita,synthetic,0.036,0.004166614973833088,2000,0.3865,0.010891197550868587,2000,0.35050000000000003,0.011660997574488042,0.09314359637774902,0.011095292713530438,Italian,0.14220584589844,URIEL syntax_knn,ita,CC-MAIN-2026-21,53457335,/work/multilingual-gsm-symbolic/paper/artifacts/figures/transfer_features/languages.csv,7.728007304146603,Qwen/Qwen2.5-0.5B-Instruct,0.3917287089159252,0.3110715194706032,1.2592882485114305,100,8629,22028,6111,19645
Qwen/Qwen2.5-0.5B-Instruct,Qwen2.5-0.5B-Instruct,Qwen2.5,0.5,jpn,original,0.0225,0.007424431321732848,400,0.42,0.04960449637488583,100,0.39749999999999996,0.050157035808121565,0.05357142857142857,0.018775416448850224,Japanese,0.4998069870609444,URIEL syntax_knn,jpn,CC-MAIN-2026-21,118455052,/work/multilingual-gsm-symbolic/paper/artifacts/figures/transfer_features/languages.csv,8.073553587717582,Qwen/Qwen2.5-0.5B-Instruct,0.7281824738550307,0.3110715194706032,2.340884421352001,100,8077,11092,6111,19645
Qwen/Qwen2.5-0.5B-Instruct,Qwen2.5-0.5B-Instruct,Qwen2.5,0.5,jpn,synthetic,0.016666666666666666,0.001652857163908058,6000,0.3865,0.010891197550868587,2000,0.36983333333333335,0.011015903090365679,0.04312203536006899,0.004445760672571322,Japanese,0.4998069870609444,URIEL syntax_knn,jpn,CC-MAIN-2026-21,118455052,/work/multilingual-gsm-symbolic/paper/artifacts/figures/transfer_features/languages.csv,8.073553587717582,Qwen/Qwen2.5-0.5B-Instruct,0.7281824738550307,0.3110715194706032,2.340884421352001,100,8077,11092,6111,19645
Qwen/Qwen2.5-0.5B-Instruct,Qwen2.5-0.5B-Instruct,Qwen2.5,0.5,mar,original,0.05,0.021904291355759036,100,0.42,0.04960449637488583,100,0.37,0.05422549253260906,0.11904761904761905,0.05401512105994795,Marathi,0.43515421744059357,URIEL syntax_knn,mar,CC-MAIN-2026-21,649289,/work/multilingual-gsm-symbolic/paper/artifacts/figures/transfer_features/languages.csv,5.812438045288022,Qwen/Qwen2.5-0.5B-Instruct,1.1631330432367373,0.3110715194706032,3.7391177604951245,100,25126,21602,6111,19645
Qwen/Qwen2.5-0.5B-Instruct,Qwen2.5-0.5B-Instruct,Qwen2.5,0.5,mar,synthetic,0.009,0.002112280962711334,2000,0.3865,0.010891197550868587,2000,0.3775,0.011094138765919536,0.023285899094437255,0.005504402137566433,Marathi,0.43515421744059357,URIEL syntax_knn,mar,CC-MAIN-2026-21,649289,/work/multilingual-gsm-symbolic/paper/artifacts/figures/transfer_features/languages.csv,5.812438045288022,Qwen/Qwen2.5-0.5B-Instruct,1.1631330432367373,0.3110715194706032,3.7391177604951245,100,25126,21602,6111,19645
Qwen/Qwen2.5-0.5B-Instruct,Qwen2.5-0.5B-Instruct,Qwen2.5,0.5,nld,original,0.07,0.025643239997624277,100,0.42,0.04960449637488583,100,0.35,0.0558406824652226,0.16666666666666669,0.06415002990995843,Dutch,0.07570690126642576,URIEL syntax_knn,nld,CC-MAIN-2026-21,39513234,/work/multilingual-gsm-symbolic/paper/artifacts/figures/transfer_features/languages.csv,7.596742576400662,Qwen/Qwen2.5-0.5B-Instruct,0.39352324394543936,0.3110715194706032,1.2650571309618976,100,8482,21554,6111,19645
Qwen/Qwen2.5-0.5B-Instruct,Qwen2.5-0.5B-Instruct,Qwen2.5,0.5,nld,synthetic,0.0675,0.0056113829676297,2000,0.3865,0.010891197550868587,2000,0.319,0.012251767337876222,0.17464424320827943,0.015329866317591192,Dutch,0.07570690126642576,URIEL syntax_knn,nld,CC-MAIN-2026-21,39513234,/work/multilingual-gsm-symbolic/paper/artifacts/figures/transfer_features/languages.csv,7.596742576400662,Qwen/Qwen2.5-0.5B-Instruct,0.39352324394543936,0.3110715194706032,1.2650571309618976,100,8482,21554,6111,19645
Qwen/Qwen2.5-0.5B-Instruct,Qwen2.5-0.5B-Instruct,Qwen2.5,0.5,nob,original,0.01,0.01,100,0.42,0.04960449637488583,100,0.41,0.050602431370498996,0.02380952380952381,0.02397500841117199,Norwegian Bokmal,0.10138170956458059,URIEL syntax_knn,nor,CC-MAIN-2026-21,7148610,/work/multilingual-gsm-symbolic/paper/artifacts/figures/transfer_features/languages.csv,6.854221604316353,Qwen/Qwen2.5-0.5B-Instruct,0.42304799157514666,0.3110715194706032,1.359970184011415,100,8436,19941,6111,19645
Qwen/Qwen2.5-0.5B-Instruct,Qwen2.5-0.5B-Instruct,Qwen2.5,0.5,nob,synthetic,0.017,0.002891311093590581,2000,0.3865,0.010891197550868587,2000,0.3695,0.011268445497581549,0.04398447606727038,0.007582735629055029,Norwegian Bokmal,0.10138170956458059,URIEL syntax_knn,nor,CC-MAIN-2026-21,7148610,/work/multilingual-gsm-symbolic/paper/artifacts/figures/transfer_features/languages.csv,6.854221604316353,Qwen/Qwen2.5-0.5B-Instruct,0.42304799157514666,0.3110715194706032,1.359970184011415,100,8436,19941,6111,19645
Qwen/Qwen2.5-0.5B-Instruct,Qwen2.5-0.5B-Instruct,Qwen2.5,0.5,rus,original,0.04,0.019694638556693237,100,0.42,0.04960449637488583,100,0.38,0.053371198679483006,0.09523809523809525,0.04822220453471893,Russian,0.18824593690905445,URIEL syntax_knn,rus,CC-MAIN-2026-21,138631119,/work/multilingual-gsm-symbolic/paper/artifacts/figures/transfer_features/languages.csv,8.141860728782362,Qwen/Qwen2.5-0.5B-Instruct,0.4443868901864758,0.3110715194706032,1.4285682306845553,100,9437,21236,6111,19645
Qwen/Qwen2.5-0.5B-Instruct,Qwen2.5-0.5B-Instruct,Qwen2.5,0.5,rus,synthetic,0.039,0.004329997048176665,2000,0.3865,0.010891197550868587,2000,0.34750000000000003,0.011720369385359173,0.10090556274256145,0.011558305744368828,Russian,0.18824593690905445,URIEL syntax_knn,rus,CC-MAIN-2026-21,138631119,/work/multilingual-gsm-symbolic/paper/artifacts/figures/transfer_features/languages.csv,8.141860728782362,Qwen/Qwen2.5-0.5B-Instruct,0.4443868901864758,0.3110715194706032,1.4285682306845553,100,9437,21236,6111,19645
Qwen/Qwen2.5-0.5B-Instruct,Qwen2.5-0.5B-Instruct,Qwen2.5,0.5,ukr,original,0.03,0.01714466079977653,100,0.42,0.04960449637488583,100,0.39,0.05248376372313113,0.07142857142857142,0.041683228442743026,Ukrainian,0.15273132616089036,URIEL syntax_knn,ukr,CC-MAIN-2026-21,17456210,/work/multilingual-gsm-symbolic/paper/artifacts/figures/transfer_features/languages.csv,7.2419499578829365,Qwen/Qwen2.5-0.5B-Instruct,0.6400336810590822,0.3110715194706032,2.057512954411008,100,13682,21377,6111,19645
Qwen/Qwen2.5-0.5B-Instruct,Qwen2.5-0.5B-Instruct,Qwen2.5,0.5,ukr,synthetic,0.0145,0.0026736583971428167,2000,0.3865,0.010891197550868587,2000,0.372,0.011214572364413108,0.037516170763260026,0.00699792911299987,Ukrainian,0.15273132616089036,URIEL syntax_knn,ukr,CC-MAIN-2026-21,17456210,/work/multilingual-gsm-symbolic/paper/artifacts/figures/transfer_features/languages.csv,7.2419499578829365,Qwen/Qwen2.5-0.5B-Instruct,0.6400336810590822,0.3110715194706032,2.057512954411008,100,13682,21377,6111,19645
Qwen/Qwen2.5-0.5B-Instruct,Qwen2.5-0.5B-Instruct,Qwen2.5,0.5,urd,original,0.005,0.004999999999999998,200,0.42,0.04960449637488583,100,0.415,0.049855852821971275,0.011904761904761906,0.01198750420558599,urd,0.3838046008442838,URIEL syntax_knn,urd,CC-MAIN-2026-21,682592,/work/multilingual-gsm-symbolic/paper/artifacts/figures/transfer_features/languages.csv,5.834161194027274,Qwen/Qwen2.5-0.5B-Instruct,0.9048734770384255,0.3110715194706032,2.9088920727245737,100,17379,19206,6111,19645
Qwen/Qwen2.5-0.5B-Instruct,Qwen2.5-0.5B-Instruct,Qwen2.5,0.5,urd,synthetic,0.0085,0.0014517108410739097,4000,0.3865,0.010891197550868587,2000,0.378,0.010987522398527223,0.02199223803363519,0.0038068249625943427,urd,0.3838046008442838,URIEL syntax_knn,urd,CC-MAIN-2026-21,682592,/work/multilingual-gsm-symbolic/paper/artifacts/figures/transfer_features/languages.csv,5.834161194027274,Qwen/Qwen2.5-0.5B-Instruct,0.9048734770384255,0.3110715194706032,2.9088920727245737,100,17379,19206,6111,19645
Qwen/Qwen2.5-0.5B-Instruct,Qwen2.5-0.5B-Instruct,Qwen2.5,0.5,zho,original,0.16,0.03684529491774706,100,0.42,0.04960449637488583,100,0.26,0.06179143806533247,0.380952380952381,0.0985918576331545,Chinese,0.2892275292349138,URIEL syntax_knn,zho,CC-MAIN-2026-21,102274716,/work/multilingual-gsm-symbolic/paper/artifacts/figures/transfer_features/languages.csv,8.009768282208015,Qwen/Qwen2.5-0.5B-Instruct,0.9554681552905354,0.3110715194706032,3.071538522448465,100,7531,7882,6111,19645
Qwen/Qwen2.5-0.5B-Instruct,Qwen2.5-0.5B-Instruct,Qwen2.5,0.5,zho,synthetic,0.0835,0.006187327089160075,2000,0.3865,0.010891197550868587,2000,0.303,0.012526020940438348,0.21604139715394569,0.01712709299153903,Chinese,0.2892275292349138,URIEL syntax_knn,zho,CC-MAIN-2026-21,102274716,/work/multilingual-gsm-symbolic/paper/artifacts/figures/transfer_features/languages.csv,8.009768282208015,Qwen/Qwen2.5-0.5B-Instruct,0.9554681552905354,0.3110715194706032,3.071538522448465,100,7531,7882,6111,19645
Qwen/Qwen2.5-1.5B-Instruct,Qwen2.5-1.5B-Instruct,Qwen2.5,1.5,ara,original,0.16,0.036845294917747066,100,0.59,0.04943110704237104,100,0.42999999999999994,0.061652332486371524,0.2711864406779661,0.06645431836884787,Arabic,0.34901322303461213,URIEL syntax_knn,ara,CC-MAIN-2026-21,14123579,/work/multilingual-gsm-symbolic/paper/artifacts/figures/transfer_features/languages.csv,7.149944763500101,Qwen/Qwen2.5-1.5B-Instruct,0.5197614136796923,0.3110715194706032,1.6708743203628793,100,9324,17939,6111,19645
Qwen/Qwen2.5-1.5B-Instruct,Qwen2.5-1.5B-Instruct,Qwen2.5,1.5,ara,synthetic,0.1165,0.00717562678864397,2000,0.56,0.011102325468810915,2000,0.44350000000000006,0.013219351369311298,0.20803571428571427,0.013461045754359621,Arabic,0.34901322303461213,URIEL syntax_knn,ara,CC-MAIN-2026-21,14123579,/work/multilingual-gsm-symbolic/paper/artifacts/figures/transfer_features/languages.csv,7.149944763500101,Qwen/Qwen2.5-1.5B-Instruct,0.5197614136796923,0.3110715194706032,1.6708743203628793,100,9324,17939,6111,19645
Qwen/Qwen2.5-1.5B-Instruct,Qwen2.5-1.5B-Instruct,Qwen2.5,1.5,dan,original,0.17,0.0217234056840784,300,0.59,0.04943110704237104,100,0.41999999999999993,0.0539938950062819,0.288135593220339,0.044027538781654836,Danish,0.11992176734660287,URIEL syntax_knn,dan,CC-MAIN-2026-21,11404389,/work/multilingual-gsm-symbolic/paper/artifacts/figures/transfer_features/languages.csv,7.057072022533615,Qwen/Qwen2.5-1.5B-Instruct,0.42498758072528564,0.3110715194706032,1.3662053711910058,100,8555,20130,6111,19645
Qwen/Qwen2.5-1.5B-Instruct,Qwen2.5-1.5B-Instruct,Qwen2.5,1.5,dan,synthetic,0.15016666666666667,0.004612264662003575,6000,0.56,0.011102325468810915,2000,0.4098333333333334,0.012022255035049558,0.2681547619047619,0.009802962588770437,Danish,0.11992176734660287,URIEL syntax_knn,dan,CC-MAIN-2026-21,11404389,/work/multilingual-gsm-symbolic/paper/artifacts/figures/transfer_features/languages.csv,7.057072022533615,Qwen/Qwen2.5-1.5B-Instruct,0.42498758072528564,0.3110715194706032,1.3662053711910058,100,8555,20130,6111,19645
Qwen/Qwen2.5-1.5B-Instruct,Qwen2.5-1.5B-Instruct,Qwen2.5,1.5,deu,original,0.35,0.02758386421836852,300,0.59,0.04943110704237104,100,0.24,0.05660657124973862,0.5932203389830508,0.06823459058446281,German,0.09745802098497969,URIEL syntax_knn,deu,CC-MAIN-2026-21,129221452,/work/multilingual-gsm-symbolic/paper/artifacts/figures/transfer_features/languages.csv,8.111334616692115,Qwen/Qwen2.5-1.5B-Instruct,0.3681071698784993,0.3110715194706032,1.1833522095014104,100,8271,22469,6111,19645
Qwen/Qwen2.5-1.5B-Instruct,Qwen2.5-1.5B-Instruct,Qwen2.5,1.5,deu,synthetic,0.3433333333333333,0.006130431438667001,6000,0.56,0.011102325468810915,2000,0.21666666666666673,0.012682421710367632,0.613095238095238,0.01635800866732356,German,0.09745802098497969,URIEL syntax_knn,deu,CC-MAIN-2026-21,129221452,/work/multilingual-gsm-symbolic/paper/artifacts/figures/transfer_features/languages.csv,8.111334616692115,Qwen/Qwen2.5-1.5B-Instruct,0.3681071698784993,0.3110715194706032,1.1833522095014104,100,8271,22469,6111,19645
Qwen/Qwen2.5-1.5B-Instruct,Qwen2.5-1.5B-Instruct,Qwen2.5,1.5,est,original,0.023333333333333334,0.008730235947285763,300,0.59,0.04943110704237104,100,0.5666666666666667,0.05019612896558483,0.03954802259887006,0.015163445782266088,Estonian,0.22659791675913576,URIEL syntax_knn,est,CC-MAIN-2026-21,3089989,/work/multilingual-gsm-symbolic/paper/artifacts/figures/transfer_features/languages.csv,6.489956933389947,Qwen/Qwen2.5-1.5B-Instruct,0.4884087994475683,0.3110715194706032,1.5700852340283882,100,9902,20274,6111,19645
Qwen/Qwen2.5-1.5B-Instruct,Qwen2.5-1.5B-Instruct,Qwen2.5,1.5,est,synthetic,0.0235,0.0019558278410323547,6000,0.56,0.011102325468810915,2000,0.5365000000000001,0.01127328227976062,0.04196428571428571,0.0035902745763110853,Estonian,0.22659791675913576,URIEL syntax_knn,est,CC-MAIN-2026-21,3089989,/work/multilingual-gsm-symbolic/paper/artifacts/figures/transfer_features/languages.csv,6.489956933389947,Qwen/Qwen2.5-1.5B-Instruct,0.4884087994475683,0.3110715194706032,1.5700852340283882,100,9902,20274,6111,19645
Qwen/Qwen2.5-1.5B-Instruct,Qwen2.5-1.5B-Instruct,Qwen2.5,1.5,fra,original,0.25,0.04351941398892446,100,0.59,0.04943110704237104,100,0.33999999999999997,0.06585874078187146,0.42372881355932207,0.08186016971680989,French,0.18824593690905445,URIEL syntax_knn,fra,CC-MAIN-2026-21,102728618,/work/multilingual-gsm-symbolic/paper/artifacts/figures/transfer_features/languages.csv,8.011691445624011,Qwen/Qwen2.5-1.5B-Instruct,0.372296302903269,0.3110715194706032,1.1968189937055669,100,8348,22423,6111,19645
Qwen/Qwen2.5-1.5B-Instruct,Qwen2.5-1.5B-Instruct,Qwen2.5,1.5,fra,synthetic,0.2175,0.009227103810099948,2000,0.56,0.011102325468810915,2000,0.3425,0.014436103197808211,0.3883928571428571,0.018187422407105993,French,0.18824593690905445,URIEL syntax_knn,fra,CC-MAIN-2026-21,102728618,/work/multilingual-gsm-symbolic/paper/artifacts/figures/transfer_features/languages.csv,8.011691445624011,Qwen/Qwen2.5-1.5B-Instruct,0.372296302903269,0.3110715194706032,1.1968189937055669,100,8348,22423,6111,19645
Qwen/Qwen2.5-1.5B-Instruct,Qwen2.5-1.5B-Instruct,Qwen2.5,1.5,hin,original,0.07,0.025643239997624277,100,0.59,0.04943110704237104,100,0.52,0.05568671386435099,0.11864406779661019,0.044585310451274084,Hindi,0.3838046008442838,URIEL syntax_knn,hin,CC-MAIN-2026-21,4774018,/work/multilingual-gsm-symbolic/paper/artifacts/figures/transfer_features/languages.csv,6.678884052141607,Qwen/Qwen2.5-1.5B-Instruct,1.1958312405826217,0.3110715194706032,3.844232485885388,100,23809,19910,6111,19645
Qwen/Qwen2.5-1.5B-Instruct,Qwen2.5-1.5B-Instruct,Qwen2.5,1.5,hin,synthetic,0.0385,0.004303270159661548,2000,0.56,0.011102325468810915,2000,0.5215000000000001,0.011907130841745254,0.06874999999999999,0.0078043555238908715,Hindi,0.3838046008442838,URIEL syntax_knn,hin,CC-MAIN-2026-21,4774018,/work/multilingual-gsm-symbolic/paper/artifacts/figures/transfer_features/languages.csv,6.678884052141607,Qwen/Qwen2.5-1.5B-Instruct,1.1958312405826217,0.3110715194706032,3.844232485885388,100,23809,19910,6111,19645
Qwen/Qwen2.5-1.5B-Instruct,Qwen2.5-1.5B-Instruct,Qwen2.5,1.5,isl,original,0.03,0.01714466079977653,100,0.59,0.04943110704237104,100,0.5599999999999999,0.0523199172148976,0.05084745762711865,0.029369355629720612,Icelandic,0.13127809128711687,URIEL syntax_knn,isl,CC-MAIN-2026-21,777022,/work/multilingual-gsm-symbolic/paper/artifacts/figures/transfer_features/languages.csv,5.890433315253091,Qwen/Qwen2.5-1.5B-Instruct,0.5361037713187605,0.3110715194706032,1.7234100126913845,100,11159,20815,6111,19645
Qwen/Qwen2.5-1.5B-Instruct,Qwen2.5-1.5B-Instruct,Qwen2.5,1.5,isl,synthetic,0.018,0.0029736208922129465,2000,0.56,0.011102325468810915,2000,0.542,0.011493652684243284,0.03214285714285714,0.005348138444366123,Icelandic,0.13127809128711687,URIEL syntax_knn,isl,CC-MAIN-2026-21,777022,/work/multilingual-gsm-symbolic/paper/artifacts/figures/transfer_features/languages.csv,5.890433315253091,Qwen/Qwen2.5-1.5B-Instruct,0.5361037713187605,0.3110715194706032,1.7234100126913845,100,11159,20815,6111,19645
Qwen/Qwen2.5-1.5B-Instruct,Qwen2.5-1.5B-Instruct,Qwen2.5,1.5,ita,original,0.4,0.04923659639173309,100,0.59,0.04943110704237104,100,0.18999999999999995,0.06976873775321414,0.6779661016949153,0.1009483583625452,Italian,0.14220584589844,URIEL syntax_knn,ita,CC-MAIN-2026-21,53457335,/work/multilingual-gsm-symbolic/paper/artifacts/figures/transfer_features/languages.csv,7.728007304146603,Qwen/Qwen2.5-1.5B-Instruct,0.3917287089159252,0.3110715194706032,1.2592882485114305,100,8629,22028,6111,19645
Qwen/Qwen2.5-1.5B-Instruct,Qwen2.5-1.5B-Instruct,Qwen2.5,1.5,ita,synthetic,0.3365,0.010568335718547648,2000,0.56,0.011102325468810915,2000,0.22350000000000003,0.015328122868614328,0.6008928571428571,0.022317576185415095,Italian,0.14220584589844,URIEL syntax_knn,ita,CC-MAIN-2026-21,53457335,/work/multilingual-gsm-symbolic/paper/artifacts/figures/transfer_features/languages.csv,7.728007304146603,Qwen/Qwen2.5-1.5B-Instruct,0.3917287089159252,0.3110715194706032,1.2592882485114305,100,8629,22028,6111,19645
Qwen/Qwen2.5-1.5B-Instruct,Qwen2.5-1.5B-Instruct,Qwen2.5,1.5,jpn,original,0.23,0.024337372337779044,300,0.59,0.04943110704237104,100,0.36,0.05509756832875691,0.3898305084745763,0.05261425088556903,Japanese,0.4998069870609444,URIEL syntax_knn,jpn,CC-MAIN-2026-21,118455052,/work/multilingual-gsm-symbolic/paper/artifacts/figures/transfer_features/languages.csv,8.073553587717582,Qwen/Qwen2.5-1.5B-Instruct,0.7281824738550307,0.3110715194706032,2.340884421352001,100,8077,11092,6111,19645
Qwen/Qwen2.5-1.5B-Instruct,Qwen2.5-1.5B-Instruct,Qwen2.5,1.5,jpn,synthetic,0.19466666666666665,0.005112039522924281,6000,0.56,0.011102325468810915,2000,0.3653333333333334,0.012222707510995566,0.34761904761904755,0.011438020726624452,Japanese,0.4998069870609444,URIEL syntax_knn,jpn,CC-MAIN-2026-21,118455052,/work/multilingual-gsm-symbolic/paper/artifacts/figures/transfer_features/languages.csv,8.073553587717582,Qwen/Qwen2.5-1.5B-Instruct,0.7281824738550307,0.3110715194706032,2.340884421352001,100,8077,11092,6111,19645
Qwen/Qwen2.5-1.5B-Instruct,Qwen2.5-1.5B-Instruct,Qwen2.5,1.5,mar,original,0.02,0.01407052941362897,100,0.59,0.04943110704237104,100,0.57,0.05139468981727725,0.03389830508474576,0.024016867599155625,Marathi,0.43515421744059357,URIEL syntax_knn,mar,CC-MAIN-2026-21,649289,/work/multilingual-gsm-symbolic/paper/artifacts/figures/transfer_features/languages.csv,5.812438045288022,Qwen/Qwen2.5-1.5B-Instruct,1.1631330432367373,0.3110715194706032,3.7391177604951245,100,25126,21602,6111,19645
Qwen/Qwen2.5-1.5B-Instruct,Qwen2.5-1.5B-Instruct,Qwen2.5,1.5,mar,synthetic,0.0145,0.0026736583971428197,2000,0.56,0.011102325468810915,2000,0.5455000000000001,0.011419723290869172,0.02589285714285714,0.004801907823536719,Marathi,0.43515421744059357,URIEL syntax_knn,mar,CC-MAIN-2026-21,649289,/work/multilingual-gsm-symbolic/paper/artifacts/figures/transfer_features/languages.csv,5.812438045288022,Qwen/Qwen2.5-1.5B-Instruct,1.1631330432367373,0.3110715194706032,3.7391177604951245,100,25126,21602,6111,19645
Qwen/Qwen2.5-1.5B-Instruct,Qwen2.5-1.5B-Instruct,Qwen2.5,1.5,nld,original,0.27,0.04461960433384736,100,0.59,0.04943110704237104,100,0.31999999999999995,0.06659086599784864,0.45762711864406785,0.08479014794423416,Dutch,0.07570690126642576,URIEL syntax_knn,nld,CC-MAIN-2026-21,39513234,/work/multilingual-gsm-symbolic/paper/artifacts/figures/transfer_features/languages.csv,7.596742576400662,Qwen/Qwen2.5-1.5B-Instruct,0.39352324394543936,0.3110715194706032,1.2650571309618976,100,8482,21554,6111,19645
Qwen/Qwen2.5-1.5B-Instruct,Qwen2.5-1.5B-Instruct,Qwen2.5,1.5,nld,synthetic,0.2555,0.009754868206534812,2000,0.56,0.011102325468810915,2000,0.30450000000000005,0.014779008239468277,0.45625,0.019627924157210777,Dutch,0.07570690126642576,URIEL syntax_knn,nld,CC-MAIN-2026-21,39513234,/work/multilingual-gsm-symbolic/paper/artifacts/figures/transfer_features/languages.csv,7.596742576400662,Qwen/Qwen2.5-1.5B-Instruct,0.39352324394543936,0.3110715194706032,1.2650571309618976,100,8482,21554,6111,19645
Qwen/Qwen2.5-1.5B-Instruct,Qwen2.5-1.5B-Instruct,Qwen2.5,1.5,nob,original,0.23,0.04229525846816507,100,0.59,0.04943110704237104,100,0.36,0.06505630816702739,0.3898305084745763,0.07877641356122975,Norwegian Bokmal,0.10138170956458059,URIEL syntax_knn,nor,CC-MAIN-2026-21,7148610,/work/multilingual-gsm-symbolic/paper/artifacts/figures/transfer_features/languages.csv,6.854221604316353,Qwen/Qwen2.5-1.5B-Instruct,0.42304799157514666,0.3110715194706032,1.359970184011415,100,8436,19941,6111,19645
Qwen/Qwen2.5-1.5B-Instruct,Qwen2.5-1.5B-Instruct,Qwen2.5,1.5,nob,synthetic,0.192,0.008809472367951487,2000,0.56,0.011102325468810915,2000,0.36800000000000005,0.014172806151821461,0.3428571428571428,0.01713693479184748,Norwegian Bokmal,0.10138170956458059,URIEL syntax_knn,nor,CC-MAIN-2026-21,7148610,/work/multilingual-gsm-symbolic/paper/artifacts/figures/transfer_features/languages.csv,6.854221604316353,Qwen/Qwen2.5-1.5B-Instruct,0.42304799157514666,0.3110715194706032,1.359970184011415,100,8436,19941,6111,19645
Qwen/Qwen2.5-1.5B-Instruct,Qwen2.5-1.5B-Instruct,Qwen2.5,1.5,rus,original,0.31,0.04648231987117317,100,0.59,0.04943110704237104,100,0.27999999999999997,0.06785307954721291,0.5254237288135594,0.09024791433945208,Russian,0.18824593690905445,URIEL syntax_knn,rus,CC-MAIN-2026-21,138631119,/work/multilingual-gsm-symbolic/paper/artifacts/figures/transfer_features/languages.csv,8.141860728782362,Qwen/Qwen2.5-1.5B-Instruct,0.4443868901864758,0.3110715194706032,1.4285682306845553,100,9437,21236,6111,19645
Qwen/Qwen2.5-1.5B-Instruct,Qwen2.5-1.5B-Instruct,Qwen2.5,1.5,rus,synthetic,0.282,0.010064225967363864,2000,0.56,0.011102325468810915,2000,0.2780000000000001,0.014985001672925118,0.5035714285714284,0.020558670736333693,Russian,0.18824593690905445,URIEL syntax_knn,rus,CC-MAIN-2026-21,138631119,/work/multilingual-gsm-symbolic/paper/artifacts/figures/transfer_features/languages.csv,8.141860728782362,Qwen/Qwen2.5-1.5B-Instruct,0.4443868901864758,0.3110715194706032,1.4285682306845553,100,9437,21236,6111,19645
Qwen/Qwen2.5-1.5B-Instruct,Qwen2.5-1.5B-Instruct,Qwen2.5,1.5,ukr,original,0.2,0.04020151261036848,100,0.59,0.04943110704237104,100,0.38999999999999996,0.06371495868001453,0.33898305084745767,0.07382003817248473,Ukrainian,0.15273132616089036,URIEL syntax_knn,ukr,CC-MAIN-2026-21,17456210,/work/multilingual-gsm-symbolic/paper/artifacts/figures/transfer_features/languages.csv,7.2419499578829365,Qwen/Qwen2.5-1.5B-Instruct,0.6400336810590822,0.3110715194706032,2.057512954411008,100,13682,21377,6111,19645
Qwen/Qwen2.5-1.5B-Instruct,Qwen2.5-1.5B-Instruct,Qwen2.5,1.5,ukr,synthetic,0.194,0.008844269927771172,2000,0.56,0.011102325468810915,2000,0.36600000000000005,0.014194461644271156,0.3464285714285714,0.017222108335576625,Ukrainian,0.15273132616089036,URIEL syntax_knn,ukr,CC-MAIN-2026-21,17456210,/work/multilingual-gsm-symbolic/paper/artifacts/figures/transfer_features/languages.csv,7.2419499578829365,Qwen/Qwen2.5-1.5B-Instruct,0.6400336810590822,0.3110715194706032,2.057512954411008,100,13682,21377,6111,19645
Qwen/Qwen2.5-1.5B-Instruct,Qwen2.5-1.5B-Instruct,Qwen2.5,1.5,urd,original,0.035,0.013027801736688055,200,0.59,0.04943110704237104,100,0.5549999999999999,0.05111905673547582,0.05932203389830509,0.02263345413389199,urd,0.3838046008442838,URIEL syntax_knn,urd,CC-MAIN-2026-21,682592,/work/multilingual-gsm-symbolic/paper/artifacts/figures/transfer_features/languages.csv,5.834161194027274,Qwen/Qwen2.5-1.5B-Instruct,0.9048734770384255,0.3110715194706032,2.9088920727245737,100,17379,19206,6111,19645
Qwen/Qwen2.5-1.5B-Instruct,Qwen2.5-1.5B-Instruct,Qwen2.5,1.5,urd,synthetic,0.0265,0.002539891781664262,4000,0.56,0.011102325468810915,2000,0.5335000000000001,0.011389147513223856,0.04732142857142856,0.004631535716525674,urd,0.3838046008442838,URIEL syntax_knn,urd,CC-MAIN-2026-21,682592,/work/multilingual-gsm-symbolic/paper/artifacts/figures/transfer_features/languages.csv,5.834161194027274,Qwen/Qwen2.5-1.5B-Instruct,0.9048734770384255,0.3110715194706032,2.9088920727245737,100,17379,19206,6111,19645
Qwen/Qwen2.5-1.5B-Instruct,Qwen2.5-1.5B-Instruct,Qwen2.5,1.5,zho,original,0.16,0.03684529491774706,100,0.59,0.04943110704237104,100,0.42999999999999994,0.06165233248637152,0.2711864406779661,0.06645431836884787,Chinese,0.2892275292349138,URIEL syntax_knn,zho,CC-MAIN-2026-21,102274716,/work/multilingual-gsm-symbolic/paper/artifacts/figures/transfer_features/languages.csv,8.009768282208015,Qwen/Qwen2.5-1.5B-Instruct,0.9554681552905354,0.3110715194706032,3.071538522448465,100,7531,7882,6111,19645
Qwen/Qwen2.5-1.5B-Instruct,Qwen2.5-1.5B-Instruct,Qwen2.5,1.5,zho,synthetic,0.191,0.00879193659409218,2000,0.56,0.011102325468810915,2000,0.36900000000000005,0.014161913002484683,0.3410714285714285,0.017094158881108625,Chinese,0.2892275292349138,URIEL syntax_knn,zho,CC-MAIN-2026-21,102274716,/work/multilingual-gsm-symbolic/paper/artifacts/figures/transfer_features/languages.csv,8.009768282208015,Qwen/Qwen2.5-1.5B-Instruct,0.9554681552905354,0.3110715194706032,3.071538522448465,100,7531,7882,6111,19645
Qwen/Qwen2.5-14B-Instruct,Qwen2.5-14B-Instruct,Qwen2.5,14.0,ara,original,0.89,0.031446603773522014,100,0.97,0.01714466079977653,100,0.07999999999999996,0.035816592283860325,0.9175257731958764,0.03624914099258453,Arabic,0.34901322303461213,URIEL syntax_knn,ara,CC-MAIN-2026-21,14123579,/work/multilingual-gsm-symbolic/paper/artifacts/figures/transfer_features/languages.csv,7.149944763500101,Qwen/Qwen2.5-14B-Instruct,0.5197614136796923,0.3110715194706032,1.6708743203628793,100,9324,17939,6111,19645
Qwen/Qwen2.5-14B-Instruct,Qwen2.5-14B-Instruct,Qwen2.5,14.0,ara,synthetic,0.919,0.006102304405675755,2000,0.9495,0.004897639067368795,2000,0.03049999999999997,0.007824639767666421,0.9678778304370722,0.008138116491770871,Arabic,0.34901322303461213,URIEL syntax_knn,ara,CC-MAIN-2026-21,14123579,/work/multilingual-gsm-symbolic/paper/artifacts/figures/transfer_features/languages.csv,7.149944763500101,Qwen/Qwen2.5-14B-Instruct,0.5197614136796923,0.3110715194706032,1.6708743203628793,100,9324,17939,6111,19645
Qwen/Qwen2.5-14B-Instruct,Qwen2.5-14B-Instruct,Qwen2.5,14.0,dan,original,0.89,0.01809488184995635,300,0.97,0.01714466079977653,100,0.07999999999999996,0.02492717679768958,0.9175257731958764,0.024718172756515704,Danish,0.11992176734660287,URIEL syntax_knn,dan,CC-MAIN-2026-21,11404389,/work/multilingual-gsm-symbolic/paper/artifacts/figures/transfer_features/languages.csv,7.057072022533615,Qwen/Qwen2.5-14B-Instruct,0.42498758072528564,0.3110715194706032,1.3662053711910058,100,8555,20130,6111,19645
Qwen/Qwen2.5-14B-Instruct,Qwen2.5-14B-Instruct,Qwen2.5,14.0,dan,synthetic,0.8821666666666667,0.004162650729002307,6000,0.9495,0.004897639067368795,2000,0.06733333333333336,0.006427637942967892,0.9290854835878533,0.006495102649399568,Danish,0.11992176734660287,URIEL syntax_knn,dan,CC-MAIN-2026-21,11404389,/work/multilingual-gsm-symbolic/paper/artifacts/figures/transfer_features/languages.csv,7.057072022533615,Qwen/Qwen2.5-14B-Instruct,0.42498758072528564,0.3110715194706032,1.3662053711910058,100,8555,20130,6111,19645
Qwen/Qwen2.5-14B-Instruct,Qwen2.5-14B-Instruct,Qwen2.5,14.0,deu,original,0.9333333333333333,0.01442570891382101,300,0.97,0.01714466079977653,100,0.036666666666666625,0.022406259652286657,0.9621993127147767,0.02259210213743223,German,0.09745802098497969,URIEL syntax_knn,deu,CC-MAIN-2026-21,129221452,/work/multilingual-gsm-symbolic/paper/artifacts/figures/transfer_features/languages.csv,8.111334616692115,Qwen/Qwen2.5-14B-Instruct,0.3681071698784993,0.3110715194706032,1.1833522095014104,100,8271,22469,6111,19645
Qwen/Qwen2.5-14B-Instruct,Qwen2.5-14B-Instruct,Qwen2.5,14.0,deu,synthetic,0.8876666666666667,0.004076991893918407,6000,0.9495,0.004897639067368795,2000,0.061833333333333296,0.006372498045295383,0.9348780059680534,0.006456837902262366,German,0.09745802098497969,URIEL syntax_knn,deu,CC-MAIN-2026-21,129221452,/work/multilingual-gsm-symbolic/paper/artifacts/figures/transfer_features/languages.csv,8.111334616692115,Qwen/Qwen2.5-14B-Instruct,0.3681071698784993,0.3110715194706032,1.1833522095014104,100,8271,22469,6111,19645
Qwen/Qwen2.5-14B-Instruct,Qwen2.5-14B-Instruct,Qwen2.5,14.0,est,original,0.79,0.023555243542102453,300,0.97,0.01714466079977653,100,0.17999999999999994,0.029133981744127478,0.8144329896907218,0.028229729956541997,Estonian,0.22659791675913576,URIEL syntax_knn,est,CC-MAIN-2026-21,3089989,/work/multilingual-gsm-symbolic/paper/artifacts/figures/transfer_features/languages.csv,6.489956933389947,Qwen/Qwen2.5-14B-Instruct,0.4884087994475683,0.3110715194706032,1.5700852340283882,100,9902,20274,6111,19645
Qwen/Qwen2.5-14B-Instruct,Qwen2.5-14B-Instruct,Qwen2.5,14.0,est,synthetic,0.75,0.005590635849483804,6000,0.9495,0.004897639067368795,2000,0.1995,0.007432501438664548,0.7898894154818326,0.007160209793661974,Estonian,0.22659791675913576,URIEL syntax_knn,est,CC-MAIN-2026-21,3089989,/work/multilingual-gsm-symbolic/paper/artifacts/figures/transfer_features/languages.csv,6.489956933389947,Qwen/Qwen2.5-14B-Instruct,0.4884087994475683,0.3110715194706032,1.5700852340283882,100,9902,20274,6111,19645
Qwen/Qwen2.5-14B-Instruct,Qwen2.5-14B-Instruct,Qwen2.5,14.0,fra,original,0.93,0.025643239997624277,100,0.97,0.01714466079977653,100,0.039999999999999925,0.030846639225613405,0.9587628865979382,0.031401401375829856,French,0.18824593690905445,URIEL syntax_knn,fra,CC-MAIN-2026-21,102728618,/work/multilingual-gsm-symbolic/paper/artifacts/figures/transfer_features/languages.csv,8.011691445624011,Qwen/Qwen2.5-14B-Instruct,0.372296302903269,0.3110715194706032,1.1968189937055669,100,8348,22423,6111,19645
Qwen/Qwen2.5-14B-Instruct,Qwen2.5-14B-Instruct,Qwen2.5,14.0,fra,synthetic,0.897,0.006798426972811599,2000,0.9495,0.004897639067368795,2000,0.05249999999999999,0.008378870910741456,0.9447077409162717,0.008660892244977531,French,0.18824593690905445,URIEL syntax_knn,fra,CC-MAIN-2026-21,102728618,/work/multilingual-gsm-symbolic/paper/artifacts/figures/transfer_features/languages.csv,8.011691445624011,Qwen/Qwen2.5-14B-Instruct,0.372296302903269,0.3110715194706032,1.1968189937055669,100,8348,22423,6111,19645
Qwen/Qwen2.5-14B-Instruct,Qwen2.5-14B-Instruct,Qwen2.5,14.0,hin,original,0.89,0.031446603773522014,100,0.97,0.01714466079977653,100,0.07999999999999996,0.035816592283860325,0.9175257731958764,0.03624914099258453,Hindi,0.3838046008442838,URIEL syntax_knn,hin,CC-MAIN-2026-21,4774018,/work/multilingual-gsm-symbolic/paper/artifacts/figures/transfer_features/languages.csv,6.678884052141607,Qwen/Qwen2.5-14B-Instruct,1.1958312405826217,0.3110715194706032,3.844232485885388,100,23809,19910,6111,19645
Qwen/Qwen2.5-14B-Instruct,Qwen2.5-14B-Instruct,Qwen2.5,14.0,hin,synthetic,0.8055,0.00885291262980808,2000,0.9495,0.004897639067368795,2000,0.14400000000000002,0.010117357879665645,0.8483412322274881,0.010299544127723855,Hindi,0.3838046008442838,URIEL syntax_knn,hin,CC-MAIN-2026-21,4774018,/work/multilingual-gsm-symbolic/paper/artifacts/figures/transfer_features/languages.csv,6.678884052141607,Qwen/Qwen2.5-14B-Instruct,1.1958312405826217,0.3110715194706032,3.844232485885388,100,23809,19910,6111,19645
Qwen/Qwen2.5-14B-Instruct,Qwen2.5-14B-Instruct,Qwen2.5,14.0,isl,original,0.75,0.04351941398892447,100,0.97,0.01714466079977653,100,0.21999999999999997,0.04677476657214645,0.7731958762886598,0.04690059689849547,Icelandic,0.13127809128711687,URIEL syntax_knn,isl,CC-MAIN-2026-21,777022,/work/multilingual-gsm-symbolic/paper/artifacts/figures/transfer_features/languages.csv,5.890433315253091,Qwen/Qwen2.5-14B-Instruct,0.5361037713187605,0.3110715194706032,1.7234100126913845,100,11159,20815,6111,19645
Qwen/Qwen2.5-14B-Instruct,Qwen2.5-14B-Instruct,Qwen2.5,14.0,isl,synthetic,0.712,0.010128143445114826,2000,0.9495,0.004897639067368795,2000,0.23750000000000004,0.011250162580115875,0.7498683517640863,0.011346442658209681,Icelandic,0.13127809128711687,URIEL syntax_knn,isl,CC-MAIN-2026-21,777022,/work/multilingual-gsm-symbolic/paper/artifacts/figures/transfer_features/languages.csv,5.890433315253091,Qwen/Qwen2.5-14B-Instruct,0.5361037713187605,0.3110715194706032,1.7234100126913845,100,11159,20815,6111,19645
Qwen/Qwen2.5-14B-Instruct,Qwen2.5-14B-Instruct,Qwen2.5,14.0,ita,original,0.97,0.017144660799776532,100,0.97,0.01714466079977653,100,0.0,0.024246211825330325,1.0,0.024996094665288997,Italian,0.14220584589844,URIEL syntax_knn,ita,CC-MAIN-2026-21,53457335,/work/multilingual-gsm-symbolic/paper/artifacts/figures/transfer_features/languages.csv,7.728007304146603,Qwen/Qwen2.5-14B-Instruct,0.3917287089159252,0.3110715194706032,1.2592882485114305,100,8629,22028,6111,19645
Qwen/Qwen2.5-14B-Instruct,Qwen2.5-14B-Instruct,Qwen2.5,14.0,ita,synthetic,0.9205,0.00605046932803934,2000,0.9495,0.004897639067368795,2000,0.029000000000000026,0.0077842820814614565,0.9694576092680358,0.008100101255577028,Italian,0.14220584589844,URIEL syntax_knn,ita,CC-MAIN-2026-21,53457335,/work/multilingual-gsm-symbolic/paper/artifacts/figures/transfer_features/languages.csv,7.728007304146603,Qwen/Qwen2.5-14B-Instruct,0.3917287089159252,0.3110715194706032,1.2592882485114305,100,8629,22028,6111,19645
Qwen/Qwen2.5-14B-Instruct,Qwen2.5-14B-Instruct,Qwen2.5,14.0,jpn,original,0.91,0.01655031853102112,300,0.97,0.01714466079977653,100,0.05999999999999994,0.023829654580326067,0.9381443298969073,0.02379218511818086,Japanese,0.4998069870609444,URIEL syntax_knn,jpn,CC-MAIN-2026-21,118455052,/work/multilingual-gsm-symbolic/paper/artifacts/figures/transfer_features/languages.csv,8.073553587717582,Qwen/Qwen2.5-14B-Instruct,0.7281824738550307,0.3110715194706032,2.340884421352001,100,8077,11092,6111,19645
Qwen/Qwen2.5-14B-Instruct,Qwen2.5-14B-Instruct,Qwen2.5,14.0,jpn,synthetic,0.8495,0.004616475239899684,6000,0.9495,0.004897639067368795,2000,0.09999999999999998,0.006730431789627165,0.8946814112690891,0.006703447365615167,Japanese,0.4998069870609444,URIEL syntax_knn,jpn,CC-MAIN-2026-21,118455052,/work/multilingual-gsm-symbolic/paper/artifacts/figures/transfer_features/languages.csv,8.073553587717582,Qwen/Qwen2.5-14B-Instruct,0.7281824738550307,0.3110715194706032,2.340884421352001,100,8077,11092,6111,19645
Qwen/Qwen2.5-14B-Instruct,Qwen2.5-14B-Instruct,Qwen2.5,14.0,mar,original,0.65,0.047937248544110224,100,0.97,0.01714466079977653,100,0.31999999999999995,0.05091089462894157,0.6701030927835052,0.050819302955461415,Marathi,0.43515421744059357,URIEL syntax_knn,mar,CC-MAIN-2026-21,649289,/work/multilingual-gsm-symbolic/paper/artifacts/figures/transfer_features/languages.csv,5.812438045288022,Qwen/Qwen2.5-14B-Instruct,1.1631330432367373,0.3110715194706032,3.7391177604951245,100,25126,21602,6111,19645
Qwen/Qwen2.5-14B-Instruct,Qwen2.5-14B-Instruct,Qwen2.5,14.0,mar,synthetic,0.6235,0.010836631916589564,2000,0.9495,0.004897639067368795,2000,0.32599999999999996,0.011891991411444288,0.6566614007372301,0.01190499961211161,Marathi,0.43515421744059357,URIEL syntax_knn,mar,CC-MAIN-2026-21,649289,/work/multilingual-gsm-symbolic/paper/artifacts/figures/transfer_features/languages.csv,5.812438045288022,Qwen/Qwen2.5-14B-Instruct,1.1631330432367373,0.3110715194706032,3.7391177604951245,100,25126,21602,6111,19645
Qwen/Qwen2.5-14B-Instruct,Qwen2.5-14B-Instruct,Qwen2.5,14.0,nld,original,0.89,0.031446603773522014,100,0.97,0.01714466079977653,100,0.07999999999999996,0.035816592283860325,0.9175257731958764,0.03624914099258453,Dutch,0.07570690126642576,URIEL syntax_knn,nld,CC-MAIN-2026-21,39513234,/work/multilingual-gsm-symbolic/paper/artifacts/figures/transfer_features/languages.csv,7.596742576400662,Qwen/Qwen2.5-14B-Instruct,0.39352324394543936,0.3110715194706032,1.2650571309618976,100,8482,21554,6111,19645
Qwen/Qwen2.5-14B-Instruct,Qwen2.5-14B-Instruct,Qwen2.5,14.0,nld,synthetic,0.88,0.007268178121551733,2000,0.9495,0.004897639067368795,2000,0.0695,0.008764318663810689,0.9268035808320169,0.00902490532601568,Dutch,0.07570690126642576,URIEL syntax_knn,nld,CC-MAIN-2026-21,39513234,/work/multilingual-gsm-symbolic/paper/artifacts/figures/transfer_features/languages.csv,7.596742576400662,Qwen/Qwen2.5-14B-Instruct,0.39352324394543936,0.3110715194706032,1.2650571309618976,100,8482,21554,6111,19645
Qwen/Qwen2.5-14B-Instruct,Qwen2.5-14B-Instruct,Qwen2.5,14.0,nob,original,0.93,0.025643239997624277,100,0.97,0.01714466079977653,100,0.039999999999999925,0.030846639225613405,0.9587628865979382,0.031401401375829856,Norwegian Bokmal,0.10138170956458059,URIEL syntax_knn,nor,CC-MAIN-2026-21,7148610,/work/multilingual-gsm-symbolic/paper/artifacts/figures/transfer_features/languages.csv,6.854221604316353,Qwen/Qwen2.5-14B-Instruct,0.42304799157514666,0.3110715194706032,1.359970184011415,100,8436,19941,6111,19645
Qwen/Qwen2.5-14B-Instruct,Qwen2.5-14B-Instruct,Qwen2.5,14.0,nob,synthetic,0.8945,0.00687084268773633,2000,0.9495,0.004897639067368795,2000,0.05500000000000005,0.008437733562624318,0.9420747761979988,0.008716469661521268,Norwegian Bokmal,0.10138170956458059,URIEL syntax_knn,nor,CC-MAIN-2026-21,7148610,/work/multilingual-gsm-symbolic/paper/artifacts/figures/transfer_features/languages.csv,6.854221604316353,Qwen/Qwen2.5-14B-Instruct,0.42304799157514666,0.3110715194706032,1.359970184011415,100,8436,19941,6111,19645
Qwen/Qwen2.5-14B-Instruct,Qwen2.5-14B-Instruct,Qwen2.5,14.0,rus,original,0.89,0.031446603773522014,100,0.97,0.01714466079977653,100,0.07999999999999996,0.035816592283860325,0.9175257731958764,0.03624914099258453,Russian,0.18824593690905445,URIEL syntax_knn,rus,CC-MAIN-2026-21,138631119,/work/multilingual-gsm-symbolic/paper/artifacts/figures/transfer_features/languages.csv,8.141860728782362,Qwen/Qwen2.5-14B-Instruct,0.4443868901864758,0.3110715194706032,1.4285682306845553,100,9437,21236,6111,19645
Qwen/Qwen2.5-14B-Instruct,Qwen2.5-14B-Instruct,Qwen2.5,14.0,rus,synthetic,0.856,0.007852568459791216,2000,0.9495,0.004897639067368795,2000,0.09350000000000003,0.009254712305086791,0.9015271195365981,0.009487924000875708,Russian,0.18824593690905445,URIEL syntax_knn,rus,CC-MAIN-2026-21,138631119,/work/multilingual-gsm-symbolic/paper/artifacts/figures/transfer_features/languages.csv,8.141860728782362,Qwen/Qwen2.5-14B-Instruct,0.4443868901864758,0.3110715194706032,1.4285682306845553,100,9437,21236,6111,19645
Qwen/Qwen2.5-14B-Instruct,Qwen2.5-14B-Instruct,Qwen2.5,14.0,ukr,original,0.92,0.027265992434429075,100,0.97,0.01714466079977653,100,0.04999999999999993,0.03220828678110243,0.9484536082474228,0.03272853643942287,Ukrainian,0.15273132616089036,URIEL syntax_knn,ukr,CC-MAIN-2026-21,17456210,/work/multilingual-gsm-symbolic/paper/artifacts/figures/transfer_features/languages.csv,7.2419499578829365,Qwen/Qwen2.5-14B-Instruct,0.6400336810590822,0.3110715194706032,2.057512954411008,100,13682,21377,6111,19645
Qwen/Qwen2.5-14B-Instruct,Qwen2.5-14B-Instruct,Qwen2.5,14.0,ukr,synthetic,0.875,0.007396949197386333,2000,0.9495,0.004897639067368795,2000,0.07450000000000001,0.008871399318198421,0.9215376513954713,0.009126040466969392,Ukrainian,0.15273132616089036,URIEL syntax_knn,ukr,CC-MAIN-2026-21,17456210,/work/multilingual-gsm-symbolic/paper/artifacts/figures/transfer_features/languages.csv,7.2419499578829365,Qwen/Qwen2.5-14B-Instruct,0.6400336810590822,0.3110715194706032,2.057512954411008,100,13682,21377,6111,19645
Qwen/Qwen2.5-14B-Instruct,Qwen2.5-14B-Instruct,Qwen2.5,14.0,urd,original,0.755,0.03048807329211419,200,0.97,0.01714466079977653,100,0.21499999999999997,0.03497802177088808,0.7783505154639175,0.03430991921195569,urd,0.3838046008442838,URIEL syntax_knn,urd,CC-MAIN-2026-21,682592,/work/multilingual-gsm-symbolic/paper/artifacts/figures/transfer_features/languages.csv,5.834161194027274,Qwen/Qwen2.5-14B-Instruct,0.9048734770384255,0.3110715194706032,2.9088920727245737,100,17379,19206,6111,19645
Qwen/Qwen2.5-14B-Instruct,Qwen2.5-14B-Instruct,Qwen2.5,14.0,urd,synthetic,0.733,0.0069957119006037564,4000,0.9495,0.004897639067368795,2000,0.21650000000000003,0.008539722093280676,0.7719852553975777,0.008374995412041964,urd,0.3838046008442838,URIEL syntax_knn,urd,CC-MAIN-2026-21,682592,/work/multilingual-gsm-symbolic/paper/artifacts/figures/transfer_features/languages.csv,5.834161194027274,Qwen/Qwen2.5-14B-Instruct,0.9048734770384255,0.3110715194706032,2.9088920727245737,100,17379,19206,6111,19645
Qwen/Qwen2.5-14B-Instruct,Qwen2.5-14B-Instruct,Qwen2.5,14.0,zho,original,0.9,0.030151134457776365,100,0.97,0.01714466079977653,100,0.06999999999999995,0.034684727230155685,0.9278350515463918,0.03514446193404847,Chinese,0.2892275292349138,URIEL syntax_knn,zho,CC-MAIN-2026-21,102274716,/work/multilingual-gsm-symbolic/paper/artifacts/figures/transfer_features/languages.csv,8.009768282208015,Qwen/Qwen2.5-14B-Instruct,0.9554681552905354,0.3110715194706032,3.071538522448465,100,7531,7882,6111,19645
Qwen/Qwen2.5-14B-Instruct,Qwen2.5-14B-Instruct,Qwen2.5,14.0,zho,synthetic,0.9,0.0067098816126387704,2000,0.9495,0.004897639067368795,2000,0.04949999999999999,0.008307188434713933,0.9478672985781991,0.008593220541929498,Chinese,0.2892275292349138,URIEL syntax_knn,zho,CC-MAIN-2026-21,102274716,/work/multilingual-gsm-symbolic/paper/artifacts/figures/transfer_features/languages.csv,8.009768282208015,Qwen/Qwen2.5-14B-Instruct,0.9554681552905354,0.3110715194706032,3.071538522448465,100,7531,7882,6111,19645
Qwen/Qwen2.5-32B-Instruct,Qwen2.5-32B-Instruct,Qwen2.5,32.0,ara,original,0.95,0.02190429135575904,100,0.99,0.01,100,0.040000000000000036,0.024078994576144166,0.9595959595959596,0.024155577189575998,Arabic,0.34901322303461213,URIEL syntax_knn,ara,CC-MAIN-2026-21,14123579,/work/multilingual-gsm-symbolic/paper/artifacts/figures/transfer_features/languages.csv,7.149944763500101,Qwen/Qwen2.5-32B-Instruct,0.5197614136796923,0.3110715194706032,1.6708743203628793,100,9324,17939,6111,19645
Qwen/Qwen2.5-32B-Instruct,Qwen2.5-32B-Instruct,Qwen2.5,32.0,ara,synthetic,0.929,0.005744214306500014,2000,0.9735,0.003592398594787603,2000,0.044499999999999984,0.006775051709236719,0.9542886492039034,0.006871523738896233,Arabic,0.34901322303461213,URIEL syntax_knn,ara,CC-MAIN-2026-21,14123579,/work/multilingual-gsm-symbolic/paper/artifacts/figures/transfer_features/languages.csv,7.149944763500101,Qwen/Qwen2.5-32B-Instruct,0.5197614136796923,0.3110715194706032,1.6708743203628793,100,9324,17939,6111,19645
Qwen/Qwen2.5-32B-Instruct,Qwen2.5-32B-Instruct,Qwen2.5,32.0,dan,original,0.93,0.014755532945588954,300,0.99,0.01,100,0.05999999999999994,0.017824863323693707,0.9393939393939394,0.017668738431732185,Danish,0.11992176734660287,URIEL syntax_knn,dan,CC-MAIN-2026-21,11404389,/work/multilingual-gsm-symbolic/paper/artifacts/figures/transfer_features/languages.csv,7.057072022533615,Qwen/Qwen2.5-32B-Instruct,0.42498758072528564,0.3110715194706032,1.3662053711910058,100,8555,20130,6111,19645
Qwen/Qwen2.5-32B-Instruct,Qwen2.5-32B-Instruct,Qwen2.5,32.0,dan,synthetic,0.9188333333333333,0.0035258821764680643,6000,0.9735,0.003592398594787603,2000,0.05466666666666675,0.005033604353360236,0.9438452319808252,0.005024832261337822,Danish,0.11992176734660287,URIEL syntax_knn,dan,CC-MAIN-2026-21,11404389,/work/multilingual-gsm-symbolic/paper/artifacts/figures/transfer_features/languages.csv,7.057072022533615,Qwen/Qwen2.5-32B-Instruct,0.42498758072528564,0.3110715194706032,1.3662053711910058,100,8555,20130,6111,19645
Qwen/Qwen2.5-32B-Instruct,Qwen2.5-32B-Instruct,Qwen2.5,32.0,deu,original,0.9233333333333333,0.015386751988387177,300,0.99,0.01,100,0.06666666666666665,0.018350807523161938,0.9326599326599326,0.01817445394495768,German,0.09745802098497969,URIEL syntax_knn,deu,CC-MAIN-2026-21,129221452,/work/multilingual-gsm-symbolic/paper/artifacts/figures/transfer_features/languages.csv,8.111334616692115,Qwen/Qwen2.5-32B-Instruct,0.3681071698784993,0.3110715194706032,1.1833522095014104,100,8271,22469,6111,19645
Qwen/Qwen2.5-32B-Instruct,Qwen2.5-32B-Instruct,Qwen2.5,32.0,deu,synthetic,0.9071666666666667,0.0037467617969725686,6000,0.9735,0.003592398594787603,2000,0.06633333333333336,0.005190717833506755,0.9318609827084403,0.005161187598084086,German,0.09745802098497969,URIEL syntax_knn,deu,CC-MAIN-2026-21,129221452,/work/multilingual-gsm-symbolic/paper/artifacts/figures/transfer_features/languages.csv,8.111334616692115,Qwen/Qwen2.5-32B-Instruct,0.3681071698784993,0.3110715194706032,1.1833522095014104,100,8271,22469,6111,19645
Qwen/Qwen2.5-32B-Instruct,Qwen2.5-32B-Instruct,Qwen2.5,32.0,est,original,0.9,0.01734944795898721,300,0.99,0.01,100,0.08999999999999997,0.02002506790204731,0.9090909090909092,0.019784781536104034,Estonian,0.22659791675913576,URIEL syntax_knn,est,CC-MAIN-2026-21,3089989,/work/multilingual-gsm-symbolic/paper/artifacts/figures/transfer_features/languages.csv,6.489956933389947,Qwen/Qwen2.5-32B-Instruct,0.4884087994475683,0.3110715194706032,1.5700852340283882,100,9902,20274,6111,19645
Qwen/Qwen2.5-32B-Instruct,Qwen2.5-32B-Instruct,Qwen2.5,32.0,est,synthetic,0.8701666666666666,0.004339651895937168,6000,0.9735,0.003592398594787603,2000,0.10333333333333339,0.00563364058506957,0.8938537921588768,0.005545436027340744,Estonian,0.22659791675913576,URIEL syntax_knn,est,CC-MAIN-2026-21,3089989,/work/multilingual-gsm-symbolic/paper/artifacts/figures/transfer_features/languages.csv,6.489956933389947,Qwen/Qwen2.5-32B-Instruct,0.4884087994475683,0.3110715194706032,1.5700852340283882,100,9902,20274,6111,19645
Qwen/Qwen2.5-32B-Instruct,Qwen2.5-32B-Instruct,Qwen2.5,32.0,fra,original,0.94,0.0238683256575942,100,0.99,0.01,100,0.050000000000000044,0.025878504008094626,0.9494949494949495,0.0259470361395814,French,0.18824593690905445,URIEL syntax_knn,fra,CC-MAIN-2026-21,102728618,/work/multilingual-gsm-symbolic/paper/artifacts/figures/transfer_features/languages.csv,8.011691445624011,Qwen/Qwen2.5-32B-Instruct,0.372296302903269,0.3110715194706032,1.1968189937055669,100,8348,22423,6111,19645
Qwen/Qwen2.5-32B-Instruct,Qwen2.5-32B-Instruct,Qwen2.5,32.0,fra,synthetic,0.9055,0.006542650696703101,2000,0.9735,0.003592398594787603,2000,0.06800000000000006,0.007464020753112997,0.9301489470980996,0.007546524370168814,French,0.18824593690905445,URIEL syntax_knn,fra,CC-MAIN-2026-21,102728618,/work/multilingual-gsm-symbolic/paper/artifacts/figures/transfer_features/languages.csv,8.011691445624011,Qwen/Qwen2.5-32B-Instruct,0.372296302903269,0.3110715194706032,1.1968189937055669,100,8348,22423,6111,19645
Qwen/Qwen2.5-32B-Instruct,Qwen2.5-32B-Instruct,Qwen2.5,32.0,hin,original,0.93,0.02564323999762428,100,0.99,0.01,100,0.05999999999999994,0.027524094128159017,0.9393939393939394,0.027585595146720685,Hindi,0.3838046008442838,URIEL syntax_knn,hin,CC-MAIN-2026-21,4774018,/work/multilingual-gsm-symbolic/paper/artifacts/figures/transfer_features/languages.csv,6.678884052141607,Qwen/Qwen2.5-32B-Instruct,1.1958312405826217,0.3110715194706032,3.844232485885388,100,23809,19910,6111,19645
Qwen/Qwen2.5-32B-Instruct,Qwen2.5-32B-Instruct,Qwen2.5,32.0,hin,synthetic,0.902,0.006649820302461382,2000,0.9735,0.003592398594787603,2000,0.07150000000000001,0.00755813718576605,0.9265536723163842,0.007638781375600386,Hindi,0.3838046008442838,URIEL syntax_knn,hin,CC-MAIN-2026-21,4774018,/work/multilingual-gsm-symbolic/paper/artifacts/figures/transfer_features/languages.csv,6.678884052141607,Qwen/Qwen2.5-32B-Instruct,1.1958312405826217,0.3110715194706032,3.844232485885388,100,23809,19910,6111,19645
Qwen/Qwen2.5-32B-Instruct,Qwen2.5-32B-Instruct,Qwen2.5,32.0,isl,original,0.87,0.0337997668989631,100,0.99,0.01,100,0.12,0.03524803884507962,0.8787878787878788,0.035276265573030735,Icelandic,0.13127809128711687,URIEL syntax_knn,isl,CC-MAIN-2026-21,777022,/work/multilingual-gsm-symbolic/paper/artifacts/figures/transfer_features/languages.csv,5.890433315253091,Qwen/Qwen2.5-32B-Instruct,0.5361037713187605,0.3110715194706032,1.7234100126913845,100,11159,20815,6111,19645
Qwen/Qwen2.5-32B-Instruct,Qwen2.5-32B-Instruct,Qwen2.5,32.0,isl,synthetic,0.83,0.00840150537977113,2000,0.9735,0.003592398594787603,2000,0.14350000000000007,0.00913732019304102,0.8525937339496661,0.00918581659253617,Icelandic,0.13127809128711687,URIEL syntax_knn,isl,CC-MAIN-2026-21,777022,/work/multilingual-gsm-symbolic/paper/artifacts/figures/transfer_features/languages.csv,5.890433315253091,Qwen/Qwen2.5-32B-Instruct,0.5361037713187605,0.3110715194706032,1.7234100126913845,100,11159,20815,6111,19645
Qwen/Qwen2.5-32B-Instruct,Qwen2.5-32B-Instruct,Qwen2.5,32.0,ita,original,0.94,0.023868325657594208,100,0.99,0.01,100,0.050000000000000044,0.025878504008094633,0.9494949494949495,0.025947036139581405,Italian,0.14220584589844,URIEL syntax_knn,ita,CC-MAIN-2026-21,53457335,/work/multilingual-gsm-symbolic/paper/artifacts/figures/transfer_features/languages.csv,7.728007304146603,Qwen/Qwen2.5-32B-Instruct,0.3917287089159252,0.3110715194706032,1.2592882485114305,100,8629,22028,6111,19645
Qwen/Qwen2.5-32B-Instruct,Qwen2.5-32B-Instruct,Qwen2.5,32.0,ita,synthetic,0.9265,0.005836600719081007,2000,0.9735,0.003592398594787603,2000,0.04700000000000004,0.0068535564211443445,0.9517205957883924,0.006948390898804094,Italian,0.14220584589844,URIEL syntax_knn,ita,CC-MAIN-2026-21,53457335,/work/multilingual-gsm-symbolic/paper/artifacts/figures/transfer_features/languages.csv,7.728007304146603,Qwen/Qwen2.5-32B-Instruct,0.3917287089159252,0.3110715194706032,1.2592882485114305,100,8629,22028,6111,19645
Qwen/Qwen2.5-32B-Instruct,Qwen2.5-32B-Instruct,Qwen2.5,32.0,jpn,original,0.93,0.014755532945588958,300,0.99,0.01,100,0.05999999999999994,0.01782486332369371,0.9393939393939394,0.017668738431732188,Japanese,0.4998069870609444,URIEL syntax_knn,jpn,CC-MAIN-2026-21,118455052,/work/multilingual-gsm-symbolic/paper/artifacts/figures/transfer_features/languages.csv,8.073553587717582,Qwen/Qwen2.5-32B-Instruct,0.7281824738550307,0.3110715194706032,2.340884421352001,100,8077,11092,6111,19645
Qwen/Qwen2.5-32B-Instruct,Qwen2.5-32B-Instruct,Qwen2.5,32.0,jpn,synthetic,0.8938333333333334,0.003977250391837625,6000,0.9735,0.003592398594787603,2000,0.07966666666666666,0.005359463437994935,0.9181646978257147,0.005307669077222262,Japanese,0.4998069870609444,URIEL syntax_knn,jpn,CC-MAIN-2026-21,118455052,/work/multilingual-gsm-symbolic/paper/artifacts/figures/transfer_features/languages.csv,8.073553587717582,Qwen/Qwen2.5-32B-Instruct,0.7281824738550307,0.3110715194706032,2.340884421352001,100,8077,11092,6111,19645
Qwen/Qwen2.5-32B-Instruct,Qwen2.5-32B-Instruct,Qwen2.5,32.0,mar,original,0.83,0.03775251680686369,100,0.99,0.01,100,0.16000000000000003,0.03905448150023919,0.8383838383838383,0.03906285725540666,Marathi,0.43515421744059357,URIEL syntax_knn,mar,CC-MAIN-2026-21,649289,/work/multilingual-gsm-symbolic/paper/artifacts/figures/transfer_features/languages.csv,5.812438045288022,Qwen/Qwen2.5-32B-Instruct,1.1631330432367373,0.3110715194706032,3.7391177604951245,100,25126,21602,6111,19645
Qwen/Qwen2.5-32B-Instruct,Qwen2.5-32B-Instruct,Qwen2.5,32.0,mar,synthetic,0.72,0.01004243124012339,2000,0.9735,0.003592398594787603,2000,0.25350000000000006,0.010665634199448156,0.7395993836671803,0.01067073545337437,Marathi,0.43515421744059357,URIEL syntax_knn,mar,CC-MAIN-2026-21,649289,/work/multilingual-gsm-symbolic/paper/artifacts/figures/transfer_features/languages.csv,5.812438045288022,Qwen/Qwen2.5-32B-Instruct,1.1631330432367373,0.3110715194706032,3.7391177604951245,100,25126,21602,6111,19645
Qwen/Qwen2.5-32B-Instruct,Qwen2.5-32B-Instruct,Qwen2.5,32.0,nld,original,0.91,0.028762349126466132,100,0.99,0.01,100,0.07999999999999996,0.030451153135353137,0.9191919191919192,0.030500436230444693,Dutch,0.07570690126642576,URIEL syntax_knn,nld,CC-MAIN-2026-21,39513234,/work/multilingual-gsm-symbolic/paper/artifacts/figures/transfer_features/languages.csv,7.596742576400662,Qwen/Qwen2.5-32B-Instruct,0.39352324394543936,0.3110715194706032,1.2650571309618976,100,8482,21554,6111,19645
Qwen/Qwen2.5-32B-Instruct,Qwen2.5-32B-Instruct,Qwen2.5,32.0,nld,synthetic,0.904,0.006588907864997553,2000,0.9735,0.003592398594787603,2000,0.0695,0.007504600889938023,0.928608115048793,0.007586301999699338,Dutch,0.07570690126642576,URIEL syntax_knn,nld,CC-MAIN-2026-21,39513234,/work/multilingual-gsm-symbolic/paper/artifacts/figures/transfer_features/languages.csv,7.596742576400662,Qwen/Qwen2.5-32B-Instruct,0.39352324394543936,0.3110715194706032,1.2650571309618976,100,8482,21554,6111,19645
Qwen/Qwen2.5-32B-Instruct,Qwen2.5-32B-Instruct,Qwen2.5,32.0,nob,original,0.91,0.028762349126466132,100,0.99,0.01,100,0.07999999999999996,0.030451153135353137,0.9191919191919192,0.030500436230444693,Norwegian Bokmal,0.10138170956458059,URIEL syntax_knn,nor,CC-MAIN-2026-21,7148610,/work/multilingual-gsm-symbolic/paper/artifacts/figures/transfer_features/languages.csv,6.854221604316353,Qwen/Qwen2.5-32B-Instruct,0.42304799157514666,0.3110715194706032,1.359970184011415,100,8436,19941,6111,19645
Qwen/Qwen2.5-32B-Instruct,Qwen2.5-32B-Instruct,Qwen2.5,32.0,nob,synthetic,0.9345,0.005533550857500656,2000,0.9735,0.003592398594787603,2000,0.039000000000000035,0.0065973868126992675,0.9599383667180277,0.006697625726991695,Norwegian Bokmal,0.10138170956458059,URIEL syntax_knn,nor,CC-MAIN-2026-21,7148610,/work/multilingual-gsm-symbolic/paper/artifacts/figures/transfer_features/languages.csv,6.854221604316353,Qwen/Qwen2.5-32B-Instruct,0.42304799157514666,0.3110715194706032,1.359970184011415,100,8436,19941,6111,19645
Qwen/Qwen2.5-32B-Instruct,Qwen2.5-32B-Instruct,Qwen2.5,32.0,rus,original,0.91,0.028762349126466132,100,0.99,0.01,100,0.07999999999999996,0.030451153135353137,0.9191919191919192,0.030500436230444693,Russian,0.18824593690905445,URIEL syntax_knn,rus,CC-MAIN-2026-21,138631119,/work/multilingual-gsm-symbolic/paper/artifacts/figures/transfer_features/languages.csv,8.141860728782362,Qwen/Qwen2.5-32B-Instruct,0.4443868901864758,0.3110715194706032,1.4285682306845553,100,9437,21236,6111,19645
Qwen/Qwen2.5-32B-Instruct,Qwen2.5-32B-Instruct,Qwen2.5,32.0,rus,synthetic,0.8705,0.007509532045058992,2000,0.9735,0.003592398594787603,2000,0.10299999999999998,0.008324566006681659,0.8941961992809451,0.008390078615578674,Russian,0.18824593690905445,URIEL syntax_knn,rus,CC-MAIN-2026-21,138631119,/work/multilingual-gsm-symbolic/paper/artifacts/figures/transfer_features/languages.csv,8.141860728782362,Qwen/Qwen2.5-32B-Instruct,0.4443868901864758,0.3110715194706032,1.4285682306845553,100,9437,21236,6111,19645
Qwen/Qwen2.5-32B-Instruct,Qwen2.5-32B-Instruct,Qwen2.5,32.0,ukr,original,0.92,0.027265992434429075,100,0.99,0.01,100,0.06999999999999995,0.029041941109959293,0.9292929292929294,0.029097096674267575,Ukrainian,0.15273132616089036,URIEL syntax_knn,ukr,CC-MAIN-2026-21,17456210,/work/multilingual-gsm-symbolic/paper/artifacts/figures/transfer_features/languages.csv,7.2419499578829365,Qwen/Qwen2.5-32B-Instruct,0.6400336810590822,0.3110715194706032,2.057512954411008,100,13682,21377,6111,19645
Qwen/Qwen2.5-32B-Instruct,Qwen2.5-32B-Instruct,Qwen2.5,32.0,ukr,synthetic,0.8945,0.006870842687736335,2000,0.9735,0.003592398594787603,2000,0.07900000000000007,0.0077533094162074954,0.918849512069851,0.007830112115596612,Ukrainian,0.15273132616089036,URIEL syntax_knn,ukr,CC-MAIN-2026-21,17456210,/work/multilingual-gsm-symbolic/paper/artifacts/figures/transfer_features/languages.csv,7.2419499578829365,Qwen/Qwen2.5-32B-Instruct,0.6400336810590822,0.3110715194706032,2.057512954411008,100,13682,21377,6111,19645
Qwen/Qwen2.5-32B-Instruct,Qwen2.5-32B-Instruct,Qwen2.5,32.0,urd,original,0.9,0.02126643615025008,200,0.99,0.01,100,0.08999999999999997,0.023500240563293463,0.9090909090909092,0.02336165002303197,urd,0.3838046008442838,URIEL syntax_knn,urd,CC-MAIN-2026-21,682592,/work/multilingual-gsm-symbolic/paper/artifacts/figures/transfer_features/languages.csv,5.834161194027274,Qwen/Qwen2.5-32B-Instruct,0.9048734770384255,0.3110715194706032,2.9088920727245737,100,17379,19206,6111,19645
Qwen/Qwen2.5-32B-Instruct,Qwen2.5-32B-Instruct,Qwen2.5,32.0,urd,synthetic,0.89125,0.004923100507266858,4000,0.9735,0.003592398594787603,2000,0.08225000000000005,0.006094443885087723,0.9155110426296866,0.006081779810147632,urd,0.3838046008442838,URIEL syntax_knn,urd,CC-MAIN-2026-21,682592,/work/multilingual-gsm-symbolic/paper/artifacts/figures/transfer_features/languages.csv,5.834161194027274,Qwen/Qwen2.5-32B-Instruct,0.9048734770384255,0.3110715194706032,2.9088920727245737,100,17379,19206,6111,19645
Qwen/Qwen2.5-32B-Instruct,Qwen2.5-32B-Instruct,Qwen2.5,32.0,zho,original,0.94,0.0238683256575942,100,0.99,0.01,100,0.050000000000000044,0.025878504008094626,0.9494949494949495,0.0259470361395814,Chinese,0.2892275292349138,URIEL syntax_knn,zho,CC-MAIN-2026-21,102274716,/work/multilingual-gsm-symbolic/paper/artifacts/figures/transfer_features/languages.csv,8.009768282208015,Qwen/Qwen2.5-32B-Instruct,0.9554681552905354,0.3110715194706032,3.071538522448465,100,7531,7882,6111,19645
Qwen/Qwen2.5-32B-Instruct,Qwen2.5-32B-Instruct,Qwen2.5,32.0,zho,synthetic,0.94,0.00531169530879989,2000,0.9735,0.003592398594787603,2000,0.033500000000000085,0.006412443739898129,0.9655880842321519,0.0065167074746157695,Chinese,0.2892275292349138,URIEL syntax_knn,zho,CC-MAIN-2026-21,102274716,/work/multilingual-gsm-symbolic/paper/artifacts/figures/transfer_features/languages.csv,8.009768282208015,Qwen/Qwen2.5-32B-Instruct,0.9554681552905354,0.3110715194706032,3.071538522448465,100,7531,7882,6111,19645
Qwen/Qwen2.5-3B-Instruct,Qwen2.5-3B-Instruct,Qwen2.5,3.0,ara,original,0.7,0.04605661864718382,100,0.81,0.03942772444036625,100,0.1100000000000001,0.06062802632246554,0.8641975308641974,0.07072904869319764,Arabic,0.34901322303461213,URIEL syntax_knn,ara,CC-MAIN-2026-21,14123579,/work/multilingual-gsm-symbolic/paper/artifacts/figures/transfer_features/languages.csv,7.149944763500101,Qwen/Qwen2.5-3B-Instruct,0.5197614136796923,0.3110715194706032,1.6708743203628793,100,9324,17939,6111,19645
Qwen/Qwen2.5-3B-Instruct,Qwen2.5-3B-Instruct,Qwen2.5,3.0,ara,synthetic,0.621,0.010850731274185739,2000,0.8145,0.008693829210029758,2000,0.1935,0.01390399350969926,0.7624309392265193,0.015610969238670554,Arabic,0.34901322303461213,URIEL syntax_knn,ara,CC-MAIN-2026-21,14123579,/work/multilingual-gsm-symbolic/paper/artifacts/figures/transfer_features/languages.csv,7.149944763500101,Qwen/Qwen2.5-3B-Instruct,0.5197614136796923,0.3110715194706032,1.6708743203628793,100,9324,17939,6111,19645
Qwen/Qwen2.5-3B-Instruct,Qwen2.5-3B-Instruct,Qwen2.5,3.0,dan,original,0.6,0.02833152987899314,300,0.81,0.03942772444036625,100,0.21000000000000008,0.048551220786193776,0.7407407407407407,0.05023416848692054,Danish,0.11992176734660287,URIEL syntax_knn,dan,CC-MAIN-2026-21,11404389,/work/multilingual-gsm-symbolic/paper/artifacts/figures/transfer_features/languages.csv,7.057072022533615,Qwen/Qwen2.5-3B-Instruct,0.42498758072528564,0.3110715194706032,1.3662053711910058,100,8555,20130,6111,19645
Qwen/Qwen2.5-3B-Instruct,Qwen2.5-3B-Instruct,Qwen2.5,3.0,dan,synthetic,0.5376666666666666,0.006437166293384462,6000,0.8145,0.008693829210029758,2000,0.2768333333333334,0.010817567943944319,0.6601186822181296,0.010588047092526453,Danish,0.11992176734660287,URIEL syntax_knn,dan,CC-MAIN-2026-21,11404389,/work/multilingual-gsm-symbolic/paper/artifacts/figures/transfer_features/languages.csv,7.057072022533615,Qwen/Qwen2.5-3B-Instruct,0.42498758072528564,0.3110715194706032,1.3662053711910058,100,8555,20130,6111,19645
Qwen/Qwen2.5-3B-Instruct,Qwen2.5-3B-Instruct,Qwen2.5,3.0,deu,original,0.7566666666666667,0.024815184572325927,300,0.81,0.03942772444036625,100,0.053333333333333344,0.046586895581311884,0.934156378600823,0.05482877956244899,German,0.09745802098497969,URIEL syntax_knn,deu,CC-MAIN-2026-21,129221452,/work/multilingual-gsm-symbolic/paper/artifacts/figures/transfer_features/languages.csv,8.111334616692115,Qwen/Qwen2.5-3B-Instruct,0.3681071698784993,0.3110715194706032,1.1833522095014104,100,8271,22469,6111,19645
Qwen/Qwen2.5-3B-Instruct,Qwen2.5-3B-Instruct,Qwen2.5,3.0,deu,synthetic,0.6708333333333333,0.0060670253696939284,6000,0.8145,0.008693829210029758,2000,0.14366666666666672,0.010601484007896083,0.8236136689175363,0.011522489983517636,German,0.09745802098497969,URIEL syntax_knn,deu,CC-MAIN-2026-21,129221452,/work/multilingual-gsm-symbolic/paper/artifacts/figures/transfer_features/languages.csv,8.111334616692115,Qwen/Qwen2.5-3B-Instruct,0.3681071698784993,0.3110715194706032,1.1833522095014104,100,8271,22469,6111,19645
Qwen/Qwen2.5-3B-Instruct,Qwen2.5-3B-Instruct,Qwen2.5,3.0,est,original,0.17333333333333334,0.021891255175071535,300,0.81,0.03942772444036625,100,0.6366666666666667,0.045097366970650844,0.2139917695473251,0.028964066495861106,Estonian,0.22659791675913576,URIEL syntax_knn,est,CC-MAIN-2026-21,3089989,/work/multilingual-gsm-symbolic/paper/artifacts/figures/transfer_features/languages.csv,6.489956933389947,Qwen/Qwen2.5-3B-Instruct,0.4884087994475683,0.3110715194706032,1.5700852340283882,100,9902,20274,6111,19645
Qwen/Qwen2.5-3B-Instruct,Qwen2.5-3B-Instruct,Qwen2.5,3.0,est,synthetic,0.15383333333333332,0.004658153018783939,6000,0.8145,0.008693829210029758,2000,0.6606666666666667,0.00986311593156912,0.1888684264374872,0.006063942179688543,Estonian,0.22659791675913576,URIEL syntax_knn,est,CC-MAIN-2026-21,3089989,/work/multilingual-gsm-symbolic/paper/artifacts/figures/transfer_features/languages.csv,6.489956933389947,Qwen/Qwen2.5-3B-Instruct,0.4884087994475683,0.3110715194706032,1.5700852340283882,100,9902,20274,6111,19645
Qwen/Qwen2.5-3B-Instruct,Qwen2.5-3B-Instruct,Qwen2.5,3.0,fra,original,0.7,0.046056618647183835,100,0.81,0.03942772444036625,100,0.1100000000000001,0.06062802632246555,0.8641975308641974,0.07072904869319767,French,0.18824593690905445,URIEL syntax_knn,fra,CC-MAIN-2026-21,102728618,/work/multilingual-gsm-symbolic/paper/artifacts/figures/transfer_features/languages.csv,8.011691445624011,Qwen/Qwen2.5-3B-Instruct,0.372296302903269,0.3110715194706032,1.1968189937055669,100,8348,22423,6111,19645
Qwen/Qwen2.5-3B-Instruct,Qwen2.5-3B-Instruct,Qwen2.5,3.0,fra,synthetic,0.698,0.010268920360129462,2000,0.8145,0.008693829210029758,2000,0.11650000000000005,0.013454864982445868,0.8569674647022713,0.015576337995275332,French,0.18824593690905445,URIEL syntax_knn,fra,CC-MAIN-2026-21,102728618,/work/multilingual-gsm-symbolic/paper/artifacts/figures/transfer_features/languages.csv,8.011691445624011,Qwen/Qwen2.5-3B-Instruct,0.372296302903269,0.3110715194706032,1.1968189937055669,100,8348,22423,6111,19645
Qwen/Qwen2.5-3B-Instruct,Qwen2.5-3B-Instruct,Qwen2.5,3.0,hin,original,0.48,0.05021167315686783,100,0.81,0.03942772444036625,100,0.33000000000000007,0.06384166018954687,0.5925925925925926,0.06837227860104426,Hindi,0.3838046008442838,URIEL syntax_knn,hin,CC-MAIN-2026-21,4774018,/work/multilingual-gsm-symbolic/paper/artifacts/figures/transfer_features/languages.csv,6.678884052141607,Qwen/Qwen2.5-3B-Instruct,1.1958312405826217,0.3110715194706032,3.844232485885388,100,23809,19910,6111,19645
Qwen/Qwen2.5-3B-Instruct,Qwen2.5-3B-Instruct,Qwen2.5,3.0,hin,synthetic,0.381,0.01086179033330244,2000,0.8145,0.008693829210029758,2000,0.4335,0.013912625761436589,0.4677716390423573,0.014239577493088056,Hindi,0.3838046008442838,URIEL syntax_knn,hin,CC-MAIN-2026-21,4774018,/work/multilingual-gsm-symbolic/paper/artifacts/figures/transfer_features/languages.csv,6.678884052141607,Qwen/Qwen2.5-3B-Instruct,1.1958312405826217,0.3110715194706032,3.844232485885388,100,23809,19910,6111,19645
Qwen/Qwen2.5-3B-Instruct,Qwen2.5-3B-Instruct,Qwen2.5,3.0,isl,original,0.15,0.035887028128263665,100,0.81,0.03942772444036625,100,0.66,0.05331439057538069,0.18518518518518517,0.045212662402502296,Icelandic,0.13127809128711687,URIEL syntax_knn,isl,CC-MAIN-2026-21,777022,/work/multilingual-gsm-symbolic/paper/artifacts/figures/transfer_features/languages.csv,5.890433315253091,Qwen/Qwen2.5-3B-Instruct,0.5361037713187605,0.3110715194706032,1.7234100126913845,100,11159,20815,6111,19645
Qwen/Qwen2.5-3B-Instruct,Qwen2.5-3B-Instruct,Qwen2.5,3.0,isl,synthetic,0.124,0.0073715106718224505,2000,0.8145,0.008693829210029758,2000,0.6905,0.011398326013847776,0.15224063842848373,0.009195076938533263,Icelandic,0.13127809128711687,URIEL syntax_knn,isl,CC-MAIN-2026-21,777022,/work/multilingual-gsm-symbolic/paper/artifacts/figures/transfer_features/languages.csv,5.890433315253091,Qwen/Qwen2.5-3B-Instruct,0.5361037713187605,0.3110715194706032,1.7234100126913845,100,11159,20815,6111,19645
Qwen/Qwen2.5-3B-Instruct,Qwen2.5-3B-Instruct,Qwen2.5,3.0,ita,original,0.75,0.04351941398892445,100,0.81,0.03942772444036625,100,0.06000000000000005,0.05872380137972036,0.9259259259259258,0.07012858136427229,Italian,0.14220584589844,URIEL syntax_knn,ita,CC-MAIN-2026-21,53457335,/work/multilingual-gsm-symbolic/paper/artifacts/figures/transfer_features/languages.csv,7.728007304146603,Qwen/Qwen2.5-3B-Instruct,0.3917287089159252,0.3110715194706032,1.2592882485114305,100,8629,22028,6111,19645
Qwen/Qwen2.5-3B-Instruct,Qwen2.5-3B-Instruct,Qwen2.5,3.0,ita,synthetic,0.6915,0.01033040336176708,2000,0.8145,0.008693829210029758,2000,0.123,0.013501848019807335,0.848987108655617,0.015587826299561323,Italian,0.14220584589844,URIEL syntax_knn,ita,CC-MAIN-2026-21,53457335,/work/multilingual-gsm-symbolic/paper/artifacts/figures/transfer_features/languages.csv,7.728007304146603,Qwen/Qwen2.5-3B-Instruct,0.3917287089159252,0.3110715194706032,1.2592882485114305,100,8629,22028,6111,19645
Qwen/Qwen2.5-3B-Instruct,Qwen2.5-3B-Instruct,Qwen2.5,3.0,jpn,original,0.6333333333333333,0.02786867328338387,300,0.81,0.03942772444036625,100,0.17666666666666675,0.048282589047413844,0.7818930041152262,0.05130583594274998,Japanese,0.4998069870609444,URIEL syntax_knn,jpn,CC-MAIN-2026-21,118455052,/work/multilingual-gsm-symbolic/paper/artifacts/figures/transfer_features/languages.csv,8.073553587717582,Qwen/Qwen2.5-3B-Instruct,0.7281824738550307,0.3110715194706032,2.340884421352001,100,8077,11092,6111,19645
Qwen/Qwen2.5-3B-Instruct,Qwen2.5-3B-Instruct,Qwen2.5,3.0,jpn,synthetic,0.5496666666666666,0.0064235826534773215,6000,0.8145,0.008693829210029758,2000,0.26483333333333337,0.01080949029507041,0.6748516472273378,0.01068102076655779,Japanese,0.4998069870609444,URIEL syntax_knn,jpn,CC-MAIN-2026-21,118455052,/work/multilingual-gsm-symbolic/paper/artifacts/figures/transfer_features/languages.csv,8.073553587717582,Qwen/Qwen2.5-3B-Instruct,0.7281824738550307,0.3110715194706032,2.340884421352001,100,8077,11092,6111,19645
Qwen/Qwen2.5-3B-Instruct,Qwen2.5-3B-Instruct,Qwen2.5,3.0,mar,original,0.19,0.039427724440366255,100,0.81,0.03942772444036625,100,0.6200000000000001,0.055759222637075105,0.2345679012345679,0.04999740597523711,Marathi,0.43515421744059357,URIEL syntax_knn,mar,CC-MAIN-2026-21,649289,/work/multilingual-gsm-symbolic/paper/artifacts/figures/transfer_features/languages.csv,5.812438045288022,Qwen/Qwen2.5-3B-Instruct,1.1631330432367373,0.3110715194706032,3.7391177604951245,100,25126,21602,6111,19645
Qwen/Qwen2.5-3B-Instruct,Qwen2.5-3B-Instruct,Qwen2.5,3.0,mar,synthetic,0.1415,0.007795464041980762,2000,0.8145,0.008693829210029758,2000,0.673,0.011676982742257595,0.17372621240024552,0.009748837934761783,Marathi,0.43515421744059357,URIEL syntax_knn,mar,CC-MAIN-2026-21,649289,/work/multilingual-gsm-symbolic/paper/artifacts/figures/transfer_features/languages.csv,5.812438045288022,Qwen/Qwen2.5-3B-Instruct,1.1631330432367373,0.3110715194706032,3.7391177604951245,100,25126,21602,6111,19645
Qwen/Qwen2.5-3B-Instruct,Qwen2.5-3B-Instruct,Qwen2.5,3.0,nld,original,0.62,0.048783173121456316,100,0.81,0.03942772444036625,100,0.19000000000000006,0.06272434482992574,0.7654320987654321,0.07081928353579366,Dutch,0.07570690126642576,URIEL syntax_knn,nld,CC-MAIN-2026-21,39513234,/work/multilingual-gsm-symbolic/paper/artifacts/figures/transfer_features/languages.csv,7.596742576400662,Qwen/Qwen2.5-3B-Instruct,0.39352324394543936,0.3110715194706032,1.2650571309618976,100,8482,21554,6111,19645
Qwen/Qwen2.5-3B-Instruct,Qwen2.5-3B-Instruct,Qwen2.5,3.0,nld,synthetic,0.6075,0.010921607746017938,2000,0.8145,0.008693829210029758,2000,0.20699999999999996,0.013959376135452676,0.7458563535911603,0.015594238254127372,Dutch,0.07570690126642576,URIEL syntax_knn,nld,CC-MAIN-2026-21,39513234,/work/multilingual-gsm-symbolic/paper/artifacts/figures/transfer_features/languages.csv,7.596742576400662,Qwen/Qwen2.5-3B-Instruct,0.39352324394543936,0.3110715194706032,1.2650571309618976,100,8482,21554,6111,19645
Qwen/Qwen2.5-3B-Instruct,Qwen2.5-3B-Instruct,Qwen2.5,3.0,nob,original,0.63,0.048523658709390974,100,0.81,0.03942772444036625,100,0.18000000000000005,0.06252272314199782,0.7777777777777777,0.07086623534461348,Norwegian Bokmal,0.10138170956458059,URIEL syntax_knn,nor,CC-MAIN-2026-21,7148610,/work/multilingual-gsm-symbolic/paper/artifacts/figures/transfer_features/languages.csv,6.854221604316353,Qwen/Qwen2.5-3B-Instruct,0.42304799157514666,0.3110715194706032,1.359970184011415,100,8436,19941,6111,19645
Qwen/Qwen2.5-3B-Instruct,Qwen2.5-3B-Instruct,Qwen2.5,3.0,nob,synthetic,0.5835,0.011026090074508086,2000,0.8145,0.008693829210029758,2000,0.23099999999999998,0.014041272330680449,0.7163904235727441,0.0155476045877818,Norwegian Bokmal,0.10138170956458059,URIEL syntax_knn,nor,CC-MAIN-2026-21,7148610,/work/multilingual-gsm-symbolic/paper/artifacts/figures/transfer_features/languages.csv,6.854221604316353,Qwen/Qwen2.5-3B-Instruct,0.42304799157514666,0.3110715194706032,1.359970184011415,100,8436,19941,6111,19645
Qwen/Qwen2.5-3B-Instruct,Qwen2.5-3B-Instruct,Qwen2.5,3.0,rus,original,0.7,0.04605661864718384,100,0.81,0.03942772444036625,100,0.1100000000000001,0.060628026322465556,0.8641975308641974,0.07072904869319767,Russian,0.18824593690905445,URIEL syntax_knn,rus,CC-MAIN-2026-21,138631119,/work/multilingual-gsm-symbolic/paper/artifacts/figures/transfer_features/languages.csv,8.141860728782362,Qwen/Qwen2.5-3B-Instruct,0.4443868901864758,0.3110715194706032,1.4285682306845553,100,9437,21236,6111,19645
Qwen/Qwen2.5-3B-Instruct,Qwen2.5-3B-Instruct,Qwen2.5,3.0,rus,synthetic,0.6565,0.010621218392447743,2000,0.8145,0.008693829210029758,2000,0.15800000000000003,0.013725631004556288,0.8060159607120932,0.015622494092106918,Russian,0.18824593690905445,URIEL syntax_knn,rus,CC-MAIN-2026-21,138631119,/work/multilingual-gsm-symbolic/paper/artifacts/figures/transfer_features/languages.csv,8.141860728782362,Qwen/Qwen2.5-3B-Instruct,0.4443868901864758,0.3110715194706032,1.4285682306845553,100,9437,21236,6111,19645
Qwen/Qwen2.5-3B-Instruct,Qwen2.5-3B-Instruct,Qwen2.5,3.0,ukr,original,0.61,0.04902071300001973,100,0.81,0.03942772444036625,100,0.20000000000000007,0.06290926607087192,0.7530864197530863,0.07075564770314129,Ukrainian,0.15273132616089036,URIEL syntax_knn,ukr,CC-MAIN-2026-21,17456210,/work/multilingual-gsm-symbolic/paper/artifacts/figures/transfer_features/languages.csv,7.2419499578829365,Qwen/Qwen2.5-3B-Instruct,0.6400336810590822,0.3110715194706032,2.057512954411008,100,13682,21377,6111,19645
Qwen/Qwen2.5-3B-Instruct,Qwen2.5-3B-Instruct,Qwen2.5,3.0,ukr,synthetic,0.5665,0.01108378546120751,2000,0.8145,0.008693829210029758,2000,0.248,0.014086623672237491,0.6955187231430325,0.015501401411448698,Ukrainian,0.15273132616089036,URIEL syntax_knn,ukr,CC-MAIN-2026-21,17456210,/work/multilingual-gsm-symbolic/paper/artifacts/figures/transfer_features/languages.csv,7.2419499578829365,Qwen/Qwen2.5-3B-Instruct,0.6400336810590822,0.3110715194706032,2.057512954411008,100,13682,21377,6111,19645
Qwen/Qwen2.5-3B-Instruct,Qwen2.5-3B-Instruct,Qwen2.5,3.0,urd,original,0.3,0.03248501780682208,200,0.81,0.03942772444036625,100,0.51,0.05108641538075461,0.37037037037037035,0.04397072519085308,urd,0.3838046008442838,URIEL syntax_knn,urd,CC-MAIN-2026-21,682592,/work/multilingual-gsm-symbolic/paper/artifacts/figures/transfer_features/languages.csv,5.834161194027274,Qwen/Qwen2.5-3B-Instruct,0.9048734770384255,0.3110715194706032,2.9088920727245737,100,17379,19206,6111,19645
Qwen/Qwen2.5-3B-Instruct,Qwen2.5-3B-Instruct,Qwen2.5,3.0,urd,synthetic,0.2385,0.006739123937713408,4000,0.8145,0.008693829210029758,2000,0.5760000000000001,0.010999929898914289,0.292817679558011,0.008844587656609027,urd,0.3838046008442838,URIEL syntax_knn,urd,CC-MAIN-2026-21,682592,/work/multilingual-gsm-symbolic/paper/artifacts/figures/transfer_features/languages.csv,5.834161194027274,Qwen/Qwen2.5-3B-Instruct,0.9048734770384255,0.3110715194706032,2.9088920727245737,100,17379,19206,6111,19645
Qwen/Qwen2.5-3B-Instruct,Qwen2.5-3B-Instruct,Qwen2.5,3.0,zho,original,0.74,0.044084400227680814,100,0.81,0.03942772444036625,100,0.07000000000000006,0.05914372154320185,0.9135802469135802,0.07028262729590727,Chinese,0.2892275292349138,URIEL syntax_knn,zho,CC-MAIN-2026-21,102274716,/work/multilingual-gsm-symbolic/paper/artifacts/figures/transfer_features/languages.csv,8.009768282208015,Qwen/Qwen2.5-3B-Instruct,0.9554681552905354,0.3110715194706032,3.071538522448465,100,7531,7882,6111,19645
Qwen/Qwen2.5-3B-Instruct,Qwen2.5-3B-Instruct,Qwen2.5,3.0,zho,synthetic,0.715,0.0100964582520118,2000,0.8145,0.008693829210029758,2000,0.09950000000000003,0.013323705774587783,0.8778391651319828,0.015538767585066018,Chinese,0.2892275292349138,URIEL syntax_knn,zho,CC-MAIN-2026-21,102274716,/work/multilingual-gsm-symbolic/paper/artifacts/figures/transfer_features/languages.csv,8.009768282208015,Qwen/Qwen2.5-3B-Instruct,0.9554681552905354,0.3110715194706032,3.071538522448465,100,7531,7882,6111,19645
Qwen/Qwen2.5-72B-Instruct,Qwen2.5-72B-Instruct,Qwen2.5,72.0,ara,original,0.94,0.0238683256575942,100,0.98,0.01407052941362897,100,0.040000000000000036,0.02770698048645445,0.9591836734693877,0.027979379351676992,Arabic,0.34901322303461213,URIEL syntax_knn,ara,CC-MAIN-2026-21,14123579,/work/multilingual-gsm-symbolic/paper/artifacts/figures/transfer_features/languages.csv,7.149944763500101,Qwen/Qwen2.5-72B-Instruct,0.5197614136796923,0.3110715194706032,1.6708743203628793,100,9324,17939,6111,19645
Qwen/Qwen2.5-72B-Instruct,Qwen2.5-72B-Instruct,Qwen2.5,72.0,ara,synthetic,0.9465,0.005033044880624967,2000,0.975,0.0034919331033682753,2000,0.02849999999999997,0.0061257764870083515,0.9707692307692308,0.006223765172674504,Arabic,0.34901322303461213,URIEL syntax_knn,ara,CC-MAIN-2026-21,14123579,/work/multilingual-gsm-symbolic/paper/artifacts/figures/transfer_features/languages.csv,7.149944763500101,Qwen/Qwen2.5-72B-Instruct,0.5197614136796923,0.3110715194706032,1.6708743203628793,100,9324,17939,6111,19645
Qwen/Qwen2.5-72B-Instruct,Qwen2.5-72B-Instruct,Qwen2.5,72.0,dan,original,0.945,0.01616109230598641,200,0.98,0.01407052941362897,100,0.03500000000000003,0.021428035432638503,0.9642857142857143,0.021532106864012426,Danish,0.11992176734660287,URIEL syntax_knn,dan,CC-MAIN-2026-21,11404389,/work/multilingual-gsm-symbolic/paper/artifacts/figures/transfer_features/languages.csv,7.057072022533615,Qwen/Qwen2.5-72B-Instruct,0.42498758072528564,0.3110715194706032,1.3662053711910058,100,8555,20130,6111,19645
Qwen/Qwen2.5-72B-Instruct,Qwen2.5-72B-Instruct,Qwen2.5,72.0,dan,synthetic,0.92575,0.00414590539060855,4000,0.975,0.0034919331033682753,2000,0.049250000000000016,0.005420528415779796,0.9494871794871794,0.005444731562285239,Danish,0.11992176734660287,URIEL syntax_knn,dan,CC-MAIN-2026-21,11404389,/work/multilingual-gsm-symbolic/paper/artifacts/figures/transfer_features/languages.csv,7.057072022533615,Qwen/Qwen2.5-72B-Instruct,0.42498758072528564,0.3110715194706032,1.3662053711910058,100,8555,20130,6111,19645
Qwen/Qwen2.5-72B-Instruct,Qwen2.5-72B-Instruct,Qwen2.5,72.0,deu,original,0.955,0.01469539975194097,200,0.98,0.01407052941362897,100,0.025000000000000022,0.020345382076755025,0.9744897959183674,0.020508995831064823,German,0.09745802098497969,URIEL syntax_knn,deu,CC-MAIN-2026-21,129221452,/work/multilingual-gsm-symbolic/paper/artifacts/figures/transfer_features/languages.csv,8.111334616692115,Qwen/Qwen2.5-72B-Instruct,0.3681071698784993,0.3110715194706032,1.1833522095014104,100,8271,22469,6111,19645
Qwen/Qwen2.5-72B-Instruct,Qwen2.5-72B-Instruct,Qwen2.5,72.0,deu,synthetic,0.92375,0.004196830675870838,4000,0.975,0.0034919331033682753,2000,0.05125000000000002,0.00545957732066592,0.9474358974358974,0.005481068660435336,German,0.09745802098497969,URIEL syntax_knn,deu,CC-MAIN-2026-21,129221452,/work/multilingual-gsm-symbolic/paper/artifacts/figures/transfer_features/languages.csv,8.111334616692115,Qwen/Qwen2.5-72B-Instruct,0.3681071698784993,0.3110715194706032,1.1833522095014104,100,8271,22469,6111,19645
Qwen/Qwen2.5-72B-Instruct,Qwen2.5-72B-Instruct,Qwen2.5,72.0,est,original,0.905,0.02078545587374491,200,0.98,0.01407052941362897,100,0.07499999999999996,0.025100099080664896,0.9234693877551021,0.025012939139851996,Estonian,0.22659791675913576,URIEL syntax_knn,est,CC-MAIN-2026-21,3089989,/work/multilingual-gsm-symbolic/paper/artifacts/figures/transfer_features/languages.csv,6.489956933389947,Qwen/Qwen2.5-72B-Instruct,0.4884087994475683,0.3110715194706032,1.5700852340283882,100,9902,20274,6111,19645
Qwen/Qwen2.5-72B-Instruct,Qwen2.5-72B-Instruct,Qwen2.5,72.0,est,synthetic,0.88625,0.0050208601488349125,4000,0.975,0.0034919331033682753,2000,0.08875,0.006115769242912762,0.908974358974359,0.006092325441496104,Estonian,0.22659791675913576,URIEL syntax_knn,est,CC-MAIN-2026-21,3089989,/work/multilingual-gsm-symbolic/paper/artifacts/figures/transfer_features/languages.csv,6.489956933389947,Qwen/Qwen2.5-72B-Instruct,0.4884087994475683,0.3110715194706032,1.5700852340283882,100,9902,20274,6111,19645
Qwen/Qwen2.5-72B-Instruct,Qwen2.5-72B-Instruct,Qwen2.5,72.0,fra,original,0.95,0.02190429135575903,100,0.98,0.01407052941362897,100,0.030000000000000027,0.026034165586355514,0.9693877551020408,0.026330526797113223,French,0.18824593690905445,URIEL syntax_knn,fra,CC-MAIN-2026-21,102728618,/work/multilingual-gsm-symbolic/paper/artifacts/figures/transfer_features/languages.csv,8.011691445624011,Qwen/Qwen2.5-72B-Instruct,0.372296302903269,0.3110715194706032,1.1968189937055669,100,8348,22423,6111,19645
Qwen/Qwen2.5-72B-Instruct,Qwen2.5-72B-Instruct,Qwen2.5,72.0,fra,synthetic,0.922,0.00599799866572151,2000,0.975,0.0034919331033682753,2000,0.052999999999999936,0.006940431167614603,0.9456410256410257,0.007022455036314102,French,0.18824593690905445,URIEL syntax_knn,fra,CC-MAIN-2026-21,102728618,/work/multilingual-gsm-symbolic/paper/artifacts/figures/transfer_features/languages.csv,8.011691445624011,Qwen/Qwen2.5-72B-Instruct,0.372296302903269,0.3110715194706032,1.1968189937055669,100,8348,22423,6111,19645
Qwen/Qwen2.5-72B-Instruct,Qwen2.5-72B-Instruct,Qwen2.5,72.0,hin,original,0.93,0.025643239997624277,100,0.98,0.01407052941362897,100,0.04999999999999993,0.029249881291307074,0.9489795918367347,0.029501425801737674,Hindi,0.3838046008442838,URIEL syntax_knn,hin,CC-MAIN-2026-21,4774018,/work/multilingual-gsm-symbolic/paper/artifacts/figures/transfer_features/languages.csv,6.678884052141607,Qwen/Qwen2.5-72B-Instruct,1.1958312405826217,0.3110715194706032,3.844232485885388,100,23809,19910,6111,19645
Qwen/Qwen2.5-72B-Instruct,Qwen2.5-72B-Instruct,Qwen2.5,72.0,hin,synthetic,0.9245,0.005909089072508004,2000,0.975,0.0034919331033682753,2000,0.05049999999999999,0.006863740267902967,0.9482051282051283,0.006947195274038743,Hindi,0.3838046008442838,URIEL syntax_knn,hin,CC-MAIN-2026-21,4774018,/work/multilingual-gsm-symbolic/paper/artifacts/figures/transfer_features/languages.csv,6.678884052141607,Qwen/Qwen2.5-72B-Instruct,1.1958312405826217,0.3110715194706032,3.844232485885388,100,23809,19910,6111,19645
Qwen/Qwen2.5-72B-Instruct,Qwen2.5-72B-Instruct,Qwen2.5,72.0,isl,original,0.92,0.02726599243442907,100,0.98,0.01407052941362897,100,0.05999999999999994,0.030682472869932458,0.9387755102040817,0.03091540081746718,Icelandic,0.13127809128711687,URIEL syntax_knn,isl,CC-MAIN-2026-21,777022,/work/multilingual-gsm-symbolic/paper/artifacts/figures/transfer_features/languages.csv,5.890433315253091,Qwen/Qwen2.5-72B-Instruct,0.5361037713187605,0.3110715194706032,1.7234100126913845,100,11159,20815,6111,19645
Qwen/Qwen2.5-72B-Instruct,Qwen2.5-72B-Instruct,Qwen2.5,72.0,isl,synthetic,0.8735,0.0074348176343894505,2000,0.975,0.0034919331033682753,2000,0.10149999999999992,0.008214019117035676,0.895897435897436,0.008273019565124612,Icelandic,0.13127809128711687,URIEL syntax_knn,isl,CC-MAIN-2026-21,777022,/work/multilingual-gsm-symbolic/paper/artifacts/figures/transfer_features/languages.csv,5.890433315253091,Qwen/Qwen2.5-72B-Instruct,0.5361037713187605,0.3110715194706032,1.7234100126913845,100,11159,20815,6111,19645
Qwen/Qwen2.5-72B-Instruct,Qwen2.5-72B-Instruct,Qwen2.5,72.0,ita,original,0.94,0.023868325657594204,100,0.98,0.01407052941362897,100,0.040000000000000036,0.027706980486454452,0.9591836734693877,0.027979379351676995,Italian,0.14220584589844,URIEL syntax_knn,ita,CC-MAIN-2026-21,53457335,/work/multilingual-gsm-symbolic/paper/artifacts/figures/transfer_features/languages.csv,7.728007304146603,Qwen/Qwen2.5-72B-Instruct,0.3917287089159252,0.3110715194706032,1.2592882485114305,100,8629,22028,6111,19645
Qwen/Qwen2.5-72B-Instruct,Qwen2.5-72B-Instruct,Qwen2.5,72.0,ita,synthetic,0.938,0.00539375066842513,2000,0.975,0.0034919331033682753,2000,0.03700000000000003,0.006425429407559913,0.962051282051282,0.00651732050491934,Italian,0.14220584589844,URIEL syntax_knn,ita,CC-MAIN-2026-21,53457335,/work/multilingual-gsm-symbolic/paper/artifacts/figures/transfer_features/languages.csv,7.728007304146603,Qwen/Qwen2.5-72B-Instruct,0.3917287089159252,0.3110715194706032,1.2592882485114305,100,8629,22028,6111,19645
Qwen/Qwen2.5-72B-Instruct,Qwen2.5-72B-Instruct,Qwen2.5,72.0,jpn,original,0.96,0.013891177924157581,200,0.98,0.01407052941362897,100,0.020000000000000018,0.01977231959332038,0.9795918367346939,0.019968380650068604,Japanese,0.4998069870609444,URIEL syntax_knn,jpn,CC-MAIN-2026-21,118455052,/work/multilingual-gsm-symbolic/paper/artifacts/figures/transfer_features/languages.csv,8.073553587717582,Qwen/Qwen2.5-72B-Instruct,0.7281824738550307,0.3110715194706032,2.340884421352001,100,8077,11092,6111,19645
Qwen/Qwen2.5-72B-Instruct,Qwen2.5-72B-Instruct,Qwen2.5,72.0,jpn,synthetic,0.91675,0.004368595945224645,4000,0.975,0.0034919331033682753,2000,0.058250000000000024,0.005592694103116351,0.9402564102564103,0.0056049918020657325,Japanese,0.4998069870609444,URIEL syntax_knn,jpn,CC-MAIN-2026-21,118455052,/work/multilingual-gsm-symbolic/paper/artifacts/figures/transfer_features/languages.csv,8.073553587717582,Qwen/Qwen2.5-72B-Instruct,0.7281824738550307,0.3110715194706032,2.340884421352001,100,8077,11092,6111,19645
Qwen/Qwen2.5-72B-Instruct,Qwen2.5-72B-Instruct,Qwen2.5,72.0,mar,original,0.89,0.031446603773522014,100,0.98,0.01407052941362897,100,0.08999999999999997,0.034450960608794164,0.9081632653061225,0.03463642916706774,Marathi,0.43515421744059357,URIEL syntax_knn,mar,CC-MAIN-2026-21,649289,/work/multilingual-gsm-symbolic/paper/artifacts/figures/transfer_features/languages.csv,5.812438045288022,Qwen/Qwen2.5-72B-Instruct,1.1631330432367373,0.3110715194706032,3.7391177604951245,100,25126,21602,6111,19645
Qwen/Qwen2.5-72B-Instruct,Qwen2.5-72B-Instruct,Qwen2.5,72.0,mar,synthetic,0.802,0.008912784012834012,2000,0.975,0.0034919331033682753,2000,0.17299999999999993,0.00957242475331244,0.8225641025641026,0.009604297150942884,Marathi,0.43515421744059357,URIEL syntax_knn,mar,CC-MAIN-2026-21,649289,/work/multilingual-gsm-symbolic/paper/artifacts/figures/transfer_features/languages.csv,5.812438045288022,Qwen/Qwen2.5-72B-Instruct,1.1631330432367373,0.3110715194706032,3.7391177604951245,100,25126,21602,6111,19645
Qwen/Qwen2.5-72B-Instruct,Qwen2.5-72B-Instruct,Qwen2.5,72.0,nld,original,0.95,0.02190429135575903,100,0.98,0.01407052941362897,100,0.030000000000000027,0.026034165586355514,0.9693877551020408,0.026330526797113223,Dutch,0.07570690126642576,URIEL syntax_knn,nld,CC-MAIN-2026-21,39513234,/work/multilingual-gsm-symbolic/paper/artifacts/figures/transfer_features/languages.csv,7.596742576400662,Qwen/Qwen2.5-72B-Instruct,0.39352324394543936,0.3110715194706032,1.2650571309618976,100,8482,21554,6111,19645
Qwen/Qwen2.5-72B-Instruct,Qwen2.5-72B-Instruct,Qwen2.5,72.0,nld,synthetic,0.925,0.005891082449449606,2000,0.975,0.0034919331033682753,2000,0.04999999999999993,0.006848244243936716,0.9487179487179488,0.006931989797580269,Dutch,0.07570690126642576,URIEL syntax_knn,nld,CC-MAIN-2026-21,39513234,/work/multilingual-gsm-symbolic/paper/artifacts/figures/transfer_features/languages.csv,7.596742576400662,Qwen/Qwen2.5-72B-Instruct,0.39352324394543936,0.3110715194706032,1.2650571309618976,100,8482,21554,6111,19645
Qwen/Qwen2.5-72B-Instruct,Qwen2.5-72B-Instruct,Qwen2.5,72.0,nob,original,0.95,0.02190429135575903,100,0.98,0.01407052941362897,100,0.030000000000000027,0.026034165586355514,0.9693877551020408,0.026330526797113223,Norwegian Bokmal,0.10138170956458059,URIEL syntax_knn,nor,CC-MAIN-2026-21,7148610,/work/multilingual-gsm-symbolic/paper/artifacts/figures/transfer_features/languages.csv,6.854221604316353,Qwen/Qwen2.5-72B-Instruct,0.42304799157514666,0.3110715194706032,1.359970184011415,100,8436,19941,6111,19645
Qwen/Qwen2.5-72B-Instruct,Qwen2.5-72B-Instruct,Qwen2.5,72.0,nob,synthetic,0.941,0.005270046175637051,2000,0.975,0.0034919331033682753,2000,0.03400000000000003,0.0063219445973328415,0.9651282051282051,0.006415906122067086,Norwegian Bokmal,0.10138170956458059,URIEL syntax_knn,nor,CC-MAIN-2026-21,7148610,/work/multilingual-gsm-symbolic/paper/artifacts/figures/transfer_features/languages.csv,6.854221604316353,Qwen/Qwen2.5-72B-Instruct,0.42304799157514666,0.3110715194706032,1.359970184011415,100,8436,19941,6111,19645
Qwen/Qwen2.5-72B-Instruct,Qwen2.5-72B-Instruct,Qwen2.5,72.0,rus,original,0.93,0.025643239997624277,100,0.98,0.01407052941362897,100,0.04999999999999993,0.029249881291307074,0.9489795918367347,0.029501425801737674,Russian,0.18824593690905445,URIEL syntax_knn,rus,CC-MAIN-2026-21,138631119,/work/multilingual-gsm-symbolic/paper/artifacts/figures/transfer_features/languages.csv,8.141860728782362,Qwen/Qwen2.5-72B-Instruct,0.4443868901864758,0.3110715194706032,1.4285682306845553,100,9437,21236,6111,19645
Qwen/Qwen2.5-72B-Instruct,Qwen2.5-72B-Instruct,Qwen2.5,72.0,rus,synthetic,0.8765,0.007358732939524142,2000,0.975,0.0034919331033682753,2000,0.09850000000000003,0.00814521622018942,0.898974358974359,0.008205465727239944,Russian,0.18824593690905445,URIEL syntax_knn,rus,CC-MAIN-2026-21,138631119,/work/multilingual-gsm-symbolic/paper/artifacts/figures/transfer_features/languages.csv,8.141860728782362,Qwen/Qwen2.5-72B-Instruct,0.4443868901864758,0.3110715194706032,1.4285682306845553,100,9437,21236,6111,19645
Qwen/Qwen2.5-72B-Instruct,Qwen2.5-72B-Instruct,Qwen2.5,72.0,ukr,original,0.91,0.028762349126466122,100,0.98,0.01407052941362897,100,0.06999999999999995,0.03201956472615648,0.9285714285714286,0.03223552883097624,Ukrainian,0.15273132616089036,URIEL syntax_knn,ukr,CC-MAIN-2026-21,17456210,/work/multilingual-gsm-symbolic/paper/artifacts/figures/transfer_features/languages.csv,7.2419499578829365,Qwen/Qwen2.5-72B-Instruct,0.6400336810590822,0.3110715194706032,2.057512954411008,100,13682,21377,6111,19645
Qwen/Qwen2.5-72B-Instruct,Qwen2.5-72B-Instruct,Qwen2.5,72.0,ukr,synthetic,0.915,0.006237543865716563,2000,0.975,0.0034919331033682753,2000,0.05999999999999994,0.007148464889410699,0.9384615384615386,0.007226656537950141,Ukrainian,0.15273132616089036,URIEL syntax_knn,ukr,CC-MAIN-2026-21,17456210,/work/multilingual-gsm-symbolic/paper/artifacts/figures/transfer_features/languages.csv,7.2419499578829365,Qwen/Qwen2.5-72B-Instruct,0.6400336810590822,0.3110715194706032,2.057512954411008,100,13682,21377,6111,19645
Qwen/Qwen2.5-72B-Instruct,Qwen2.5-72B-Instruct,Qwen2.5,72.0,urd,original,0.91,0.028762349126466132,100,0.98,0.01407052941362897,100,0.06999999999999995,0.03201956472615649,0.9285714285714286,0.03223552883097625,urd,0.3838046008442838,URIEL syntax_knn,urd,CC-MAIN-2026-21,682592,/work/multilingual-gsm-symbolic/paper/artifacts/figures/transfer_features/languages.csv,5.834161194027274,Qwen/Qwen2.5-72B-Instruct,0.9048734770384255,0.3110715194706032,2.9088920727245737,100,17379,19206,6111,19645
Qwen/Qwen2.5-72B-Instruct,Qwen2.5-72B-Instruct,Qwen2.5,72.0,urd,synthetic,0.929,0.00574421430650002,2000,0.975,0.0034919331033682753,2000,0.04599999999999993,0.006722320640775677,0.9528205128205129,0.006808445950714158,urd,0.3838046008442838,URIEL syntax_knn,urd,CC-MAIN-2026-21,682592,/work/multilingual-gsm-symbolic/paper/artifacts/figures/transfer_features/languages.csv,5.834161194027274,Qwen/Qwen2.5-72B-Instruct,0.9048734770384255,0.3110715194706032,2.9088920727245737,100,17379,19206,6111,19645
Qwen/Qwen2.5-72B-Instruct,Qwen2.5-72B-Instruct,Qwen2.5,72.0,zho,original,0.95,0.021904291355759033,100,0.98,0.01407052941362897,100,0.030000000000000027,0.026034165586355518,0.9693877551020408,0.026330526797113223,Chinese,0.2892275292349138,URIEL syntax_knn,zho,CC-MAIN-2026-21,102274716,/work/multilingual-gsm-symbolic/paper/artifacts/figures/transfer_features/languages.csv,8.009768282208015,Qwen/Qwen2.5-72B-Instruct,0.9554681552905354,0.3110715194706032,3.071538522448465,100,7531,7882,6111,19645
Qwen/Qwen2.5-72B-Instruct,Qwen2.5-72B-Instruct,Qwen2.5,72.0,zho,synthetic,0.946,0.005055173329243457,2000,0.975,0.0034919331033682753,2000,0.029000000000000026,0.006143970555519742,0.9702564102564102,0.006241579643848257,Chinese,0.2892275292349138,URIEL syntax_knn,zho,CC-MAIN-2026-21,102274716,/work/multilingual-gsm-symbolic/paper/artifacts/figures/transfer_features/languages.csv,8.009768282208015,Qwen/Qwen2.5-72B-Instruct,0.9554681552905354,0.3110715194706032,3.071538522448465,100,7531,7882,6111,19645
Qwen/Qwen2.5-7B-Instruct,Qwen2.5-7B-Instruct,Qwen2.5,7.0,ara,original,0.81,0.03942772444036625,100,0.98,0.01407052941362897,100,0.16999999999999993,0.04186317298682998,0.826530612244898,0.0419460483088576,Arabic,0.34901322303461213,URIEL syntax_knn,ara,CC-MAIN-2026-21,14123579,/work/multilingual-gsm-symbolic/paper/artifacts/figures/transfer_features/languages.csv,7.149944763500101,Qwen/Qwen2.5-7B-Instruct,0.5197614136796923,0.3110715194706032,1.6708743203628793,100,9324,17939,6111,19645
Qwen/Qwen2.5-7B-Instruct,Qwen2.5-7B-Instruct,Qwen2.5,7.0,ara,synthetic,0.773,0.009369065572128714,2000,0.921,0.006033050542588282,2000,0.14800000000000002,0.011143477399100888,0.8393051031487514,0.011563346225421189,Arabic,0.34901322303461213,URIEL syntax_knn,ara,CC-MAIN-2026-21,14123579,/work/multilingual-gsm-symbolic/paper/artifacts/figures/transfer_features/languages.csv,7.149944763500101,Qwen/Qwen2.5-7B-Instruct,0.5197614136796923,0.3110715194706032,1.6708743203628793,100,9324,17939,6111,19645
Qwen/Qwen2.5-7B-Instruct,Qwen2.5-7B-Instruct,Qwen2.5,7.0,dan,original,0.8466666666666667,0.02083717913221544,300,0.98,0.01407052941362897,100,0.1333333333333333,0.025142947960965768,0.8639455782312926,0.024616182035783956,Danish,0.11992176734660287,URIEL syntax_knn,dan,CC-MAIN-2026-21,11404389,/work/multilingual-gsm-symbolic/paper/artifacts/figures/transfer_features/languages.csv,7.057072022533615,Qwen/Qwen2.5-7B-Instruct,0.42498758072528564,0.3110715194706032,1.3662053711910058,100,8555,20130,6111,19645
Qwen/Qwen2.5-7B-Instruct,Qwen2.5-7B-Instruct,Qwen2.5,7.0,dan,synthetic,0.8041666666666667,0.005123619982828164,6000,0.921,0.006033050542588282,2000,0.11683333333333334,0.00791512353522425,0.8731451321027868,0.007978827012278955,Danish,0.11992176734660287,URIEL syntax_knn,dan,CC-MAIN-2026-21,11404389,/work/multilingual-gsm-symbolic/paper/artifacts/figures/transfer_features/languages.csv,7.057072022533615,Qwen/Qwen2.5-7B-Instruct,0.42498758072528564,0.3110715194706032,1.3662053711910058,100,8555,20130,6111,19645
Qwen/Qwen2.5-7B-Instruct,Qwen2.5-7B-Instruct,Qwen2.5,7.0,deu,original,0.8266666666666667,0.021891255175071535,300,0.98,0.01407052941362897,100,0.15333333333333332,0.026023198326106924,0.8435374149659864,0.02541002045570369,German,0.09745802098497969,URIEL syntax_knn,deu,CC-MAIN-2026-21,129221452,/work/multilingual-gsm-symbolic/paper/artifacts/figures/transfer_features/languages.csv,8.111334616692115,Qwen/Qwen2.5-7B-Instruct,0.3681071698784993,0.3110715194706032,1.1833522095014104,100,8271,22469,6111,19645
Qwen/Qwen2.5-7B-Instruct,Qwen2.5-7B-Instruct,Qwen2.5,7.0,deu,synthetic,0.8396666666666667,0.004737245983604546,6000,0.921,0.006033050542588282,2000,0.08133333333333337,0.007670671310817728,0.9116901918204849,0.007881756702406937,German,0.09745802098497969,URIEL syntax_knn,deu,CC-MAIN-2026-21,129221452,/work/multilingual-gsm-symbolic/paper/artifacts/figures/transfer_features/languages.csv,8.111334616692115,Qwen/Qwen2.5-7B-Instruct,0.3681071698784993,0.3110715194706032,1.1833522095014104,100,8271,22469,6111,19645
Qwen/Qwen2.5-7B-Instruct,Qwen2.5-7B-Instruct,Qwen2.5,7.0,est,original,0.6533333333333333,0.027522498482247474,300,0.98,0.01407052941362897,100,0.32666666666666666,0.03091064089735301,0.6666666666666666,0.029670531253314,Estonian,0.22659791675913576,URIEL syntax_knn,est,CC-MAIN-2026-21,3089989,/work/multilingual-gsm-symbolic/paper/artifacts/figures/transfer_features/languages.csv,6.489956933389947,Qwen/Qwen2.5-7B-Instruct,0.4884087994475683,0.3110715194706032,1.5700852340283882,100,9902,20274,6111,19645
Qwen/Qwen2.5-7B-Instruct,Qwen2.5-7B-Instruct,Qwen2.5,7.0,est,synthetic,0.5853333333333334,0.006360800290353354,6000,0.921,0.006033050542588282,2000,0.33566666666666667,0.008766839748916599,0.6355410785378213,0.008064129185434254,Estonian,0.22659791675913576,URIEL syntax_knn,est,CC-MAIN-2026-21,3089989,/work/multilingual-gsm-symbolic/paper/artifacts/figures/transfer_features/languages.csv,6.489956933389947,Qwen/Qwen2.5-7B-Instruct,0.4884087994475683,0.3110715194706032,1.5700852340283882,100,9902,20274,6111,19645
Qwen/Qwen2.5-7B-Instruct,Qwen2.5-7B-Instruct,Qwen2.5,7.0,fra,original,0.88,0.03265986323710904,100,0.98,0.01407052941362897,100,0.09999999999999998,0.035561868126498426,0.8979591836734694,0.03573328729028228,French,0.18824593690905445,URIEL syntax_knn,fra,CC-MAIN-2026-21,102728618,/work/multilingual-gsm-symbolic/paper/artifacts/figures/transfer_features/languages.csv,8.011691445624011,Qwen/Qwen2.5-7B-Instruct,0.372296302903269,0.3110715194706032,1.1968189937055669,100,8348,22423,6111,19645
Qwen/Qwen2.5-7B-Instruct,Qwen2.5-7B-Instruct,Qwen2.5,7.0,fra,synthetic,0.837,0.00826133311351178,2000,0.921,0.006033050542588282,2000,0.08400000000000007,0.010229727448071674,0.9087947882736156,0.01076566664901461,French,0.18824593690905445,URIEL syntax_knn,fra,CC-MAIN-2026-21,102728618,/work/multilingual-gsm-symbolic/paper/artifacts/figures/transfer_features/languages.csv,8.011691445624011,Qwen/Qwen2.5-7B-Instruct,0.372296302903269,0.3110715194706032,1.1968189937055669,100,8348,22423,6111,19645
Qwen/Qwen2.5-7B-Instruct,Qwen2.5-7B-Instruct,Qwen2.5,7.0,hin,original,0.66,0.04760952285695232,100,0.98,0.01407052941362897,100,0.31999999999999995,0.049645205857630034,0.6734693877551021,0.04953409110738447,Hindi,0.3838046008442838,URIEL syntax_knn,hin,CC-MAIN-2026-21,4774018,/work/multilingual-gsm-symbolic/paper/artifacts/figures/transfer_features/languages.csv,6.678884052141607,Qwen/Qwen2.5-7B-Instruct,1.1958312405826217,0.3110715194706032,3.844232485885388,100,23809,19910,6111,19645
Qwen/Qwen2.5-7B-Instruct,Qwen2.5-7B-Instruct,Qwen2.5,7.0,hin,synthetic,0.692,0.010325759567960498,2000,0.921,0.006033050542588282,2000,0.2290000000000001,0.011959055544011514,0.7513572204125949,0.01224422524074616,Hindi,0.3838046008442838,URIEL syntax_knn,hin,CC-MAIN-2026-21,4774018,/work/multilingual-gsm-symbolic/paper/artifacts/figures/transfer_features/languages.csv,6.678884052141607,Qwen/Qwen2.5-7B-Instruct,1.1958312405826217,0.3110715194706032,3.844232485885388,100,23809,19910,6111,19645
Qwen/Qwen2.5-7B-Instruct,Qwen2.5-7B-Instruct,Qwen2.5,7.0,isl,original,0.48,0.05021167315686782,100,0.98,0.01407052941362897,100,0.5,0.05214587154504102,0.4897959183673469,0.051716752947133404,Icelandic,0.13127809128711687,URIEL syntax_knn,isl,CC-MAIN-2026-21,777022,/work/multilingual-gsm-symbolic/paper/artifacts/figures/transfer_features/languages.csv,5.890433315253091,Qwen/Qwen2.5-7B-Instruct,0.5361037713187605,0.3110715194706032,1.7234100126913845,100,11159,20815,6111,19645
Qwen/Qwen2.5-7B-Instruct,Qwen2.5-7B-Instruct,Qwen2.5,7.0,isl,synthetic,0.4235,0.011051467887626317,2000,0.921,0.006033050542588282,2000,0.49750000000000005,0.012590974597729138,0.4598262757871878,0.012371699680456852,Icelandic,0.13127809128711687,URIEL syntax_knn,isl,CC-MAIN-2026-21,777022,/work/multilingual-gsm-symbolic/paper/artifacts/figures/transfer_features/languages.csv,5.890433315253091,Qwen/Qwen2.5-7B-Instruct,0.5361037713187605,0.3110715194706032,1.7234100126913845,100,11159,20815,6111,19645
Qwen/Qwen2.5-7B-Instruct,Qwen2.5-7B-Instruct,Qwen2.5,7.0,ita,original,0.87,0.03379976689896311,100,0.98,0.01407052941362897,100,0.10999999999999999,0.03661152879086095,0.8877551020408163,0.03676945530781264,Italian,0.14220584589844,URIEL syntax_knn,ita,CC-MAIN-2026-21,53457335,/work/multilingual-gsm-symbolic/paper/artifacts/figures/transfer_features/languages.csv,7.728007304146603,Qwen/Qwen2.5-7B-Instruct,0.3917287089159252,0.3110715194706032,1.2592882485114305,100,8629,22028,6111,19645
Qwen/Qwen2.5-7B-Instruct,Qwen2.5-7B-Instruct,Qwen2.5,7.0,ita,synthetic,0.86,0.007760806340679353,2000,0.921,0.006033050542588282,2000,0.061000000000000054,0.0098299447560479,0.9337676438653637,0.010412480081034228,Italian,0.14220584589844,URIEL syntax_knn,ita,CC-MAIN-2026-21,53457335,/work/multilingual-gsm-symbolic/paper/artifacts/figures/transfer_features/languages.csv,7.728007304146603,Qwen/Qwen2.5-7B-Instruct,0.3917287089159252,0.3110715194706032,1.2592882485114305,100,8629,22028,6111,19645
Qwen/Qwen2.5-7B-Instruct,Qwen2.5-7B-Instruct,Qwen2.5,7.0,jpn,original,0.85,0.020649973478972655,300,0.98,0.01407052941362897,100,0.13,0.0249880211834005,0.8673469387755102,0.02447618175809243,Japanese,0.4998069870609444,URIEL syntax_knn,jpn,CC-MAIN-2026-21,118455052,/work/multilingual-gsm-symbolic/paper/artifacts/figures/transfer_features/languages.csv,8.073553587717582,Qwen/Qwen2.5-7B-Instruct,0.7281824738550307,0.3110715194706032,2.340884421352001,100,8077,11092,6111,19645
Qwen/Qwen2.5-7B-Instruct,Qwen2.5-7B-Instruct,Qwen2.5,7.0,jpn,synthetic,0.782,0.00533079758577302,6000,0.921,0.006033050542588282,2000,0.139,0.008050782679336725,0.8490770901194354,0.008027233721660318,Japanese,0.4998069870609444,URIEL syntax_knn,jpn,CC-MAIN-2026-21,118455052,/work/multilingual-gsm-symbolic/paper/artifacts/figures/transfer_features/languages.csv,8.073553587717582,Qwen/Qwen2.5-7B-Instruct,0.7281824738550307,0.3110715194706032,2.340884421352001,100,8077,11092,6111,19645
Qwen/Qwen2.5-7B-Instruct,Qwen2.5-7B-Instruct,Qwen2.5,7.0,mar,original,0.37,0.048523658709390974,100,0.98,0.01407052941362897,100,0.61,0.050522522230439494,0.37755102040816324,0.04980978436827794,Marathi,0.43515421744059357,URIEL syntax_knn,mar,CC-MAIN-2026-21,649289,/work/multilingual-gsm-symbolic/paper/artifacts/figures/transfer_features/languages.csv,5.812438045288022,Qwen/Qwen2.5-7B-Instruct,1.1631330432367373,0.3110715194706032,3.7391177604951245,100,25126,21602,6111,19645
Qwen/Qwen2.5-7B-Instruct,Qwen2.5-7B-Instruct,Qwen2.5,7.0,mar,synthetic,0.3195,0.01042901036189744,2000,0.921,0.006033050542588282,2000,0.6015,0.01204831755798248,0.3469055374592834,0.01154933712964022,Marathi,0.43515421744059357,URIEL syntax_knn,mar,CC-MAIN-2026-21,649289,/work/multilingual-gsm-symbolic/paper/artifacts/figures/transfer_features/languages.csv,5.812438045288022,Qwen/Qwen2.5-7B-Instruct,1.1631330432367373,0.3110715194706032,3.7391177604951245,100,25126,21602,6111,19645
Qwen/Qwen2.5-7B-Instruct,Qwen2.5-7B-Instruct,Qwen2.5,7.0,nld,original,0.88,0.03265986323710904,100,0.98,0.01407052941362897,100,0.09999999999999998,0.035561868126498426,0.8979591836734694,0.03573328729028228,Dutch,0.07570690126642576,URIEL syntax_knn,nld,CC-MAIN-2026-21,39513234,/work/multilingual-gsm-symbolic/paper/artifacts/figures/transfer_features/languages.csv,7.596742576400662,Qwen/Qwen2.5-7B-Instruct,0.39352324394543936,0.3110715194706032,1.2650571309618976,100,8482,21554,6111,19645
Qwen/Qwen2.5-7B-Instruct,Qwen2.5-7B-Instruct,Qwen2.5,7.0,nld,synthetic,0.828,0.008440593688296182,2000,0.921,0.006033050542588282,2000,0.09300000000000008,0.010375033525744874,0.8990228013029316,0.010893630802476262,Dutch,0.07570690126642576,URIEL syntax_knn,nld,CC-MAIN-2026-21,39513234,/work/multilingual-gsm-symbolic/paper/artifacts/figures/transfer_features/languages.csv,7.596742576400662,Qwen/Qwen2.5-7B-Instruct,0.39352324394543936,0.3110715194706032,1.2650571309618976,100,8482,21554,6111,19645
Qwen/Qwen2.5-7B-Instruct,Qwen2.5-7B-Instruct,Qwen2.5,7.0,nob,original,0.89,0.03144660377352202,100,0.98,0.01407052941362897,100,0.08999999999999997,0.034450960608794164,0.9081632653061225,0.034636429167067745,Norwegian Bokmal,0.10138170956458059,URIEL syntax_knn,nor,CC-MAIN-2026-21,7148610,/work/multilingual-gsm-symbolic/paper/artifacts/figures/transfer_features/languages.csv,6.854221604316353,Qwen/Qwen2.5-7B-Instruct,0.42304799157514666,0.3110715194706032,1.359970184011415,100,8436,19941,6111,19645
Qwen/Qwen2.5-7B-Instruct,Qwen2.5-7B-Instruct,Qwen2.5,7.0,nob,synthetic,0.819,0.008611421386109524,2000,0.921,0.006033050542588282,2000,0.10200000000000009,0.010514479404067956,0.8892508143322475,0.011016145480707838,Norwegian Bokmal,0.10138170956458059,URIEL syntax_knn,nor,CC-MAIN-2026-21,7148610,/work/multilingual-gsm-symbolic/paper/artifacts/figures/transfer_features/languages.csv,6.854221604316353,Qwen/Qwen2.5-7B-Instruct,0.42304799157514666,0.3110715194706032,1.359970184011415,100,8436,19941,6111,19645
Qwen/Qwen2.5-7B-Instruct,Qwen2.5-7B-Instruct,Qwen2.5,7.0,rus,original,0.82,0.03861229196653692,100,0.98,0.01407052941362897,100,0.16000000000000003,0.041096093353126514,0.836734693877551,0.04119113227422423,Russian,0.18824593690905445,URIEL syntax_knn,rus,CC-MAIN-2026-21,138631119,/work/multilingual-gsm-symbolic/paper/artifacts/figures/transfer_features/languages.csv,8.141860728782362,Qwen/Qwen2.5-7B-Instruct,0.4443868901864758,0.3110715194706032,1.4285682306845553,100,9437,21236,6111,19645
Qwen/Qwen2.5-7B-Instruct,Qwen2.5-7B-Instruct,Qwen2.5,7.0,rus,synthetic,0.7895,0.009117918798805493,2000,0.921,0.006033050542588282,2000,0.13150000000000006,0.010933167064992439,0.8572204125950054,0.011381631883040484,Russian,0.18824593690905445,URIEL syntax_knn,rus,CC-MAIN-2026-21,138631119,/work/multilingual-gsm-symbolic/paper/artifacts/figures/transfer_features/languages.csv,8.141860728782362,Qwen/Qwen2.5-7B-Instruct,0.4443868901864758,0.3110715194706032,1.4285682306845553,100,9437,21236,6111,19645
Qwen/Qwen2.5-7B-Instruct,Qwen2.5-7B-Instruct,Qwen2.5,7.0,ukr,original,0.83,0.03775251680686368,100,0.98,0.01407052941362897,100,0.15000000000000002,0.040289357443775674,0.846938775510204,0.04039662381035188,Ukrainian,0.15273132616089036,URIEL syntax_knn,ukr,CC-MAIN-2026-21,17456210,/work/multilingual-gsm-symbolic/paper/artifacts/figures/transfer_features/languages.csv,7.2419499578829365,Qwen/Qwen2.5-7B-Instruct,0.6400336810590822,0.3110715194706032,2.057512954411008,100,13682,21377,6111,19645
Qwen/Qwen2.5-7B-Instruct,Qwen2.5-7B-Instruct,Qwen2.5,7.0,ukr,synthetic,0.7825,0.009227103810099958,2000,0.921,0.006033050542588282,2000,0.13850000000000007,0.011024388580405987,0.8496199782844733,0.011460639094766276,Ukrainian,0.15273132616089036,URIEL syntax_knn,ukr,CC-MAIN-2026-21,17456210,/work/multilingual-gsm-symbolic/paper/artifacts/figures/transfer_features/languages.csv,7.2419499578829365,Qwen/Qwen2.5-7B-Instruct,0.6400336810590822,0.3110715194706032,2.057512954411008,100,13682,21377,6111,19645
Qwen/Qwen2.5-7B-Instruct,Qwen2.5-7B-Instruct,Qwen2.5,7.0,urd,original,0.605,0.03465370682892271,200,0.98,0.01407052941362897,100,0.375,0.03740132611238166,0.6173469387755102,0.0364548997598053,urd,0.3838046008442838,URIEL syntax_knn,urd,CC-MAIN-2026-21,682592,/work/multilingual-gsm-symbolic/paper/artifacts/figures/transfer_features/languages.csv,5.834161194027274,Qwen/Qwen2.5-7B-Instruct,0.9048734770384255,0.3110715194706032,2.9088920727245737,100,17379,19206,6111,19645
Qwen/Qwen2.5-7B-Instruct,Qwen2.5-7B-Instruct,Qwen2.5,7.0,urd,synthetic,0.53825,0.007883512657309206,4000,0.921,0.006033050542588282,2000,0.38275000000000003,0.009927107870239912,0.5844191096634093,0.009376811734789594,urd,0.3838046008442838,URIEL syntax_knn,urd,CC-MAIN-2026-21,682592,/work/multilingual-gsm-symbolic/paper/artifacts/figures/transfer_features/languages.csv,5.834161194027274,Qwen/Qwen2.5-7B-Instruct,0.9048734770384255,0.3110715194706032,2.9088920727245737,100,17379,19206,6111,19645
Qwen/Qwen2.5-7B-Instruct,Qwen2.5-7B-Instruct,Qwen2.5,7.0,zho,original,0.89,0.03144660377352202,100,0.98,0.01407052941362897,100,0.08999999999999997,0.034450960608794164,0.9081632653061225,0.034636429167067745,Chinese,0.2892275292349138,URIEL syntax_knn,zho,CC-MAIN-2026-21,102274716,/work/multilingual-gsm-symbolic/paper/artifacts/figures/transfer_features/languages.csv,8.009768282208015,Qwen/Qwen2.5-7B-Instruct,0.9554681552905354,0.3110715194706032,3.071538522448465,100,7531,7882,6111,19645
Qwen/Qwen2.5-7B-Instruct,Qwen2.5-7B-Instruct,Qwen2.5,7.0,zho,synthetic,0.8295,0.008411316789008867,2000,0.921,0.006033050542588282,2000,0.09150000000000003,0.010351229346048091,0.9006514657980456,0.010872686974178253,Chinese,0.2892275292349138,URIEL syntax_knn,zho,CC-MAIN-2026-21,102274716,/work/multilingual-gsm-symbolic/paper/artifacts/figures/transfer_features/languages.csv,8.009768282208015,Qwen/Qwen2.5-7B-Instruct,0.9554681552905354,0.3110715194706032,3.071538522448465,100,7531,7882,6111,19645
Qwen/Qwen3-0.6B,Qwen3-0.6B,Qwen3,0.6,ara,original,0.47,0.050161355804659184,100,0.83,0.037752516806863694,100,0.36,0.06278068286833254,0.5662650602409639,0.0656950020747734,Arabic,0.34901322303461213,URIEL syntax_knn,ara,CC-MAIN-2026-21,14123579,/work/multilingual-gsm-symbolic/paper/artifacts/figures/transfer_features/languages.csv,7.149944763500101,Qwen/Qwen3-0.6B,0.5197614136796923,0.3110715194706032,1.6708743203628793,100,9324,17939,6111,19645
Qwen/Qwen3-0.6B,Qwen3-0.6B,Qwen3,0.6,ara,synthetic,0.432,0.011079231683079095,2000,0.773,0.009369065572128715,2000,0.341,0.014509609380758367,0.5588615782664942,0.0158527690121958,Arabic,0.34901322303461213,URIEL syntax_knn,ara,CC-MAIN-2026-21,14123579,/work/multilingual-gsm-symbolic/paper/artifacts/figures/transfer_features/languages.csv,7.149944763500101,Qwen/Qwen3-0.6B,0.5197614136796923,0.3110715194706032,1.6708743203628793,100,9324,17939,6111,19645
Qwen/Qwen3-0.6B,Qwen3-0.6B,Qwen3,0.6,dan,original,0.365,0.03412767927155774,200,0.83,0.037752516806863694,100,0.46499999999999997,0.05089156136055208,0.43975903614457834,0.04572483990141072,Danish,0.11992176734660287,URIEL syntax_knn,dan,CC-MAIN-2026-21,11404389,/work/multilingual-gsm-symbolic/paper/artifacts/figures/transfer_features/languages.csv,7.057072022533615,Qwen/Qwen3-0.6B,0.42498758072528564,0.3110715194706032,1.3662053711910058,100,8555,20130,6111,19645
Qwen/Qwen3-0.6B,Qwen3-0.6B,Qwen3,0.6,dan,synthetic,0.47975,0.007900195418273631,4000,0.773,0.009369065572128715,2000,0.29325,0.012255304049339586,0.620633893919793,0.01269005127614042,Danish,0.11992176734660287,URIEL syntax_knn,dan,CC-MAIN-2026-21,11404389,/work/multilingual-gsm-symbolic/paper/artifacts/figures/transfer_features/languages.csv,7.057072022533615,Qwen/Qwen3-0.6B,0.42498758072528564,0.3110715194706032,1.3662053711910058,100,8555,20130,6111,19645
Qwen/Qwen3-0.6B,Qwen3-0.6B,Qwen3,0.6,deu,original,0.635,0.03412767927155775,200,0.83,0.037752516806863694,100,0.19499999999999995,0.05089156136055209,0.7650602409638555,0.05386665027229046,German,0.09745802098497969,URIEL syntax_knn,deu,CC-MAIN-2026-21,129221452,/work/multilingual-gsm-symbolic/paper/artifacts/figures/transfer_features/languages.csv,8.111334616692115,Qwen/Qwen3-0.6B,0.3681071698784993,0.3110715194706032,1.1833522095014104,100,8271,22469,6111,19645
Qwen/Qwen3-0.6B,Qwen3-0.6B,Qwen3,0.6,deu,synthetic,0.601,0.007743690411250724,4000,0.773,0.009369065572128715,2000,0.17200000000000004,0.012155004355414438,0.7774902975420439,0.013753424585959767,German,0.09745802098497969,URIEL syntax_knn,deu,CC-MAIN-2026-21,129221452,/work/multilingual-gsm-symbolic/paper/artifacts/figures/transfer_features/languages.csv,8.111334616692115,Qwen/Qwen3-0.6B,0.3681071698784993,0.3110715194706032,1.1833522095014104,100,8271,22469,6111,19645
Qwen/Qwen3-0.6B,Qwen3-0.6B,Qwen3,0.6,est,original,0.225,0.02960162633044061,200,0.83,0.037752516806863694,100,0.605,0.047974043051003744,0.27108433734939763,0.0377359209074498,Estonian,0.22659791675913576,URIEL syntax_knn,est,CC-MAIN-2026-21,3089989,/work/multilingual-gsm-symbolic/paper/artifacts/figures/transfer_features/languages.csv,6.489956933389947,Qwen/Qwen3-0.6B,0.4884087994475683,0.3110715194706032,1.5700852340283882,100,9902,20274,6111,19645
Qwen/Qwen3-0.6B,Qwen3-0.6B,Qwen3,0.6,est,synthetic,0.19475,0.006262221109822537,4000,0.773,0.009369065572128715,2000,0.57825,0.01126919708422719,0.25194049159120313,0.008657591491986453,Estonian,0.22659791675913576,URIEL syntax_knn,est,CC-MAIN-2026-21,3089989,/work/multilingual-gsm-symbolic/paper/artifacts/figures/transfer_features/languages.csv,6.489956933389947,Qwen/Qwen3-0.6B,0.4884087994475683,0.3110715194706032,1.5700852340283882,100,9902,20274,6111,19645
Qwen/Qwen3-0.6B,Qwen3-0.6B,Qwen3,0.6,fra,original,0.7,0.04605661864718381,100,0.83,0.037752516806863694,100,0.13,0.059552201021159955,0.8433734939759036,0.06745873508239253,French,0.18824593690905445,URIEL syntax_knn,fra,CC-MAIN-2026-21,102728618,/work/multilingual-gsm-symbolic/paper/artifacts/figures/transfer_features/languages.csv,8.011691445624011,Qwen/Qwen3-0.6B,0.372296302903269,0.3110715194706032,1.1968189937055669,100,8348,22423,6111,19645
Qwen/Qwen3-0.6B,Qwen3-0.6B,Qwen3,0.6,fra,synthetic,0.616,0.01087801294275713,2000,0.773,0.009369065572128715,2000,0.15700000000000003,0.014356550953402394,0.796895213454075,0.017068227092991436,French,0.18824593690905445,URIEL syntax_knn,fra,CC-MAIN-2026-21,102728618,/work/multilingual-gsm-symbolic/paper/artifacts/figures/transfer_features/languages.csv,8.011691445624011,Qwen/Qwen3-0.6B,0.372296302903269,0.3110715194706032,1.1968189937055669,100,8348,22423,6111,19645
Qwen/Qwen3-0.6B,Qwen3-0.6B,Qwen3,0.6,hin,original,0.29,0.045604802157206865,100,0.83,0.037752516806863694,100,0.54,0.059203467001945974,0.3493975903614458,0.05719772036601338,Hindi,0.3838046008442838,URIEL syntax_knn,hin,CC-MAIN-2026-21,4774018,/work/multilingual-gsm-symbolic/paper/artifacts/figures/transfer_features/languages.csv,6.678884052141607,Qwen/Qwen3-0.6B,1.1958312405826217,0.3110715194706032,3.844232485885388,100,23809,19910,6111,19645
Qwen/Qwen3-0.6B,Qwen3-0.6B,Qwen3,0.6,hin,synthetic,0.2865,0.010112368911511356,2000,0.773,0.009369065572128715,2000,0.48650000000000004,0.013785477673891062,0.37063389391979296,0.013831784764073424,Hindi,0.3838046008442838,URIEL syntax_knn,hin,CC-MAIN-2026-21,4774018,/work/multilingual-gsm-symbolic/paper/artifacts/figures/transfer_features/languages.csv,6.678884052141607,Qwen/Qwen3-0.6B,1.1958312405826217,0.3110715194706032,3.844232485885388,100,23809,19910,6111,19645
Qwen/Qwen3-0.6B,Qwen3-0.6B,Qwen3,0.6,isl,original,0.14,0.034873508801977704,100,0.83,0.037752516806863694,100,0.69,0.05139468981727725,0.16867469879518074,0.042710999630382045,Icelandic,0.13127809128711687,URIEL syntax_knn,isl,CC-MAIN-2026-21,777022,/work/multilingual-gsm-symbolic/paper/artifacts/figures/transfer_features/languages.csv,5.890433315253091,Qwen/Qwen3-0.6B,0.5361037713187605,0.3110715194706032,1.7234100126913845,100,11159,20815,6111,19645
Qwen/Qwen3-0.6B,Qwen3-0.6B,Qwen3,0.6,isl,synthetic,0.1405,0.007772392169726123,2000,0.773,0.009369065572128715,2000,0.6325000000000001,0.012173309728043048,0.18175937904269082,0.010293348279991763,Icelandic,0.13127809128711687,URIEL syntax_knn,isl,CC-MAIN-2026-21,777022,/work/multilingual-gsm-symbolic/paper/artifacts/figures/transfer_features/languages.csv,5.890433315253091,Qwen/Qwen3-0.6B,0.5361037713187605,0.3110715194706032,1.7234100126913845,100,11159,20815,6111,19645
Qwen/Qwen3-0.6B,Qwen3-0.6B,Qwen3,0.6,ita,original,0.66,0.04760952285695233,100,0.83,0.037752516806863694,100,0.16999999999999993,0.06076116516262005,0.7951807228915664,0.06781186442080428,Italian,0.14220584589844,URIEL syntax_knn,ita,CC-MAIN-2026-21,53457335,/work/multilingual-gsm-symbolic/paper/artifacts/figures/transfer_features/languages.csv,7.728007304146603,Qwen/Qwen3-0.6B,0.3917287089159252,0.3110715194706032,1.2592882485114305,100,8629,22028,6111,19645
Qwen/Qwen3-0.6B,Qwen3-0.6B,Qwen3,0.6,ita,synthetic,0.608,0.010919139792442589,2000,0.773,0.009369065572128715,2000,0.16500000000000004,0.014387737956390182,0.7865459249676584,0.017041632774513194,Italian,0.14220584589844,URIEL syntax_knn,ita,CC-MAIN-2026-21,53457335,/work/multilingual-gsm-symbolic/paper/artifacts/figures/transfer_features/languages.csv,7.728007304146603,Qwen/Qwen3-0.6B,0.3917287089159252,0.3110715194706032,1.2592882485114305,100,8629,22028,6111,19645
Qwen/Qwen3-0.6B,Qwen3-0.6B,Qwen3,0.6,jpn,original,0.58,0.0349874349304872,200,0.83,0.037752516806863694,100,0.25,0.051472061628300855,0.6987951807228916,0.05279380554023803,Japanese,0.4998069870609444,URIEL syntax_knn,jpn,CC-MAIN-2026-21,118455052,/work/multilingual-gsm-symbolic/paper/artifacts/figures/transfer_features/languages.csv,8.073553587717582,Qwen/Qwen3-0.6B,0.7281824738550307,0.3110715194706032,2.340884421352001,100,8077,11092,6111,19645
Qwen/Qwen3-0.6B,Qwen3-0.6B,Qwen3,0.6,jpn,synthetic,0.52125,0.007899538597444357,4000,0.773,0.009369065572128715,2000,0.25175000000000003,0.012254880650065946,0.6743208279430789,0.01308560714625059,Japanese,0.4998069870609444,URIEL syntax_knn,jpn,CC-MAIN-2026-21,118455052,/work/multilingual-gsm-symbolic/paper/artifacts/figures/transfer_features/languages.csv,8.073553587717582,Qwen/Qwen3-0.6B,0.7281824738550307,0.3110715194706032,2.340884421352001,100,8077,11092,6111,19645
Qwen/Qwen3-0.6B,Qwen3-0.6B,Qwen3,0.6,mar,original,0.15,0.03588702812826367,100,0.83,0.037752516806863694,100,0.6799999999999999,0.05208772708739856,0.18072289156626506,0.04401184574416498,Marathi,0.43515421744059357,URIEL syntax_knn,mar,CC-MAIN-2026-21,649289,/work/multilingual-gsm-symbolic/paper/artifacts/figures/transfer_features/languages.csv,5.812438045288022,Qwen/Qwen3-0.6B,1.1631330432367373,0.3110715194706032,3.7391177604951245,100,25126,21602,6111,19645
Qwen/Qwen3-0.6B,Qwen3-0.6B,Qwen3,0.6,mar,synthetic,0.1245,0.007384249357198377,2000,0.773,0.009369065572128715,2000,0.6485000000000001,0.011929229994602846,0.1610608020698577,0.009750136154643265,Marathi,0.43515421744059357,URIEL syntax_knn,mar,CC-MAIN-2026-21,649289,/work/multilingual-gsm-symbolic/paper/artifacts/figures/transfer_features/languages.csv,5.812438045288022,Qwen/Qwen3-0.6B,1.1631330432367373,0.3110715194706032,3.7391177604951245,100,25126,21602,6111,19645
Qwen/Qwen3-0.6B,Qwen3-0.6B,Qwen3,0.6,nld,original,0.66,0.04760952285695233,100,0.83,0.037752516806863694,100,0.16999999999999993,0.06076116516262005,0.7951807228915664,0.06781186442080428,Dutch,0.07570690126642576,URIEL syntax_knn,nld,CC-MAIN-2026-21,39513234,/work/multilingual-gsm-symbolic/paper/artifacts/figures/transfer_features/languages.csv,7.596742576400662,Qwen/Qwen3-0.6B,0.39352324394543936,0.3110715194706032,1.2650571309618976,100,8482,21554,6111,19645
Qwen/Qwen3-0.6B,Qwen3-0.6B,Qwen3,0.6,nld,synthetic,0.5875,0.011010562712487628,2000,0.773,0.009369065572128715,2000,0.1855,0.014457243199879791,0.7600258732212161,0.016963114019414832,Dutch,0.07570690126642576,URIEL syntax_knn,nld,CC-MAIN-2026-21,39513234,/work/multilingual-gsm-symbolic/paper/artifacts/figures/transfer_features/languages.csv,7.596742576400662,Qwen/Qwen3-0.6B,0.39352324394543936,0.3110715194706032,1.2650571309618976,100,8482,21554,6111,19645
Qwen/Qwen3-0.6B,Qwen3-0.6B,Qwen3,0.6,nob,original,0.65,0.04793724854411022,100,0.83,0.037752516806863694,100,0.17999999999999994,0.0610182949879159,0.783132530120482,0.06785691773050245,Norwegian Bokmal,0.10138170956458059,URIEL syntax_knn,nor,CC-MAIN-2026-21,7148610,/work/multilingual-gsm-symbolic/paper/artifacts/figures/transfer_features/languages.csv,6.854221604316353,Qwen/Qwen3-0.6B,0.42304799157514666,0.3110715194706032,1.359970184011415,100,8436,19941,6111,19645
Qwen/Qwen3-0.6B,Qwen3-0.6B,Qwen3,0.6,nob,synthetic,0.505,0.011182576850283945,2000,0.773,0.009369065572128715,2000,0.268,0.014588674192926305,0.6532988357050453,0.016491728662751184,Norwegian Bokmal,0.10138170956458059,URIEL syntax_knn,nor,CC-MAIN-2026-21,7148610,/work/multilingual-gsm-symbolic/paper/artifacts/figures/transfer_features/languages.csv,6.854221604316353,Qwen/Qwen3-0.6B,0.42304799157514666,0.3110715194706032,1.359970184011415,100,8436,19941,6111,19645
Qwen/Qwen3-0.6B,Qwen3-0.6B,Qwen3,0.6,rus,original,0.56,0.04988876515698589,100,0.83,0.037752516806863694,100,0.2699999999999999,0.0625630994607957,0.674698795180723,0.06748805859391976,Russian,0.18824593690905445,URIEL syntax_knn,rus,CC-MAIN-2026-21,138631119,/work/multilingual-gsm-symbolic/paper/artifacts/figures/transfer_features/languages.csv,8.141860728782362,Qwen/Qwen3-0.6B,0.4443868901864758,0.3110715194706032,1.4285682306845553,100,9437,21236,6111,19645
Qwen/Qwen3-0.6B,Qwen3-0.6B,Qwen3,0.6,rus,synthetic,0.5185,0.011175478542788678,2000,0.773,0.009369065572128715,2000,0.25450000000000006,0.01458323387850506,0.6707632600258732,0.0165863955783695,Russian,0.18824593690905445,URIEL syntax_knn,rus,CC-MAIN-2026-21,138631119,/work/multilingual-gsm-symbolic/paper/artifacts/figures/transfer_features/languages.csv,8.141860728782362,Qwen/Qwen3-0.6B,0.4443868901864758,0.3110715194706032,1.4285682306845553,100,9437,21236,6111,19645
Qwen/Qwen3-0.6B,Qwen3-0.6B,Qwen3,0.6,ukr,original,0.47,0.050161355804659184,100,0.83,0.037752516806863694,100,0.36,0.06278068286833254,0.5662650602409639,0.0656950020747734,Ukrainian,0.15273132616089036,URIEL syntax_knn,ukr,CC-MAIN-2026-21,17456210,/work/multilingual-gsm-symbolic/paper/artifacts/figures/transfer_features/languages.csv,7.2419499578829365,Qwen/Qwen3-0.6B,0.6400336810590822,0.3110715194706032,2.057512954411008,100,13682,21377,6111,19645
Qwen/Qwen3-0.6B,Qwen3-0.6B,Qwen3,0.6,ukr,synthetic,0.45,0.011127079848413787,2000,0.773,0.009369065572128715,2000,0.323,0.014546178042627684,0.5821474773609314,0.01603095904541182,Ukrainian,0.15273132616089036,URIEL syntax_knn,ukr,CC-MAIN-2026-21,17456210,/work/multilingual-gsm-symbolic/paper/artifacts/figures/transfer_features/languages.csv,7.2419499578829365,Qwen/Qwen3-0.6B,0.6400336810590822,0.3110715194706032,2.057512954411008,100,13682,21377,6111,19645
Qwen/Qwen3-0.6B,Qwen3-0.6B,Qwen3,0.6,urd,original,0.18,0.038612291966536906,100,0.83,0.037752516806863694,100,0.6499999999999999,0.05400149642520674,0.21686746987951808,0.0475551319096947,urd,0.3838046008442838,URIEL syntax_knn,urd,CC-MAIN-2026-21,682592,/work/multilingual-gsm-symbolic/paper/artifacts/figures/transfer_features/languages.csv,5.834161194027274,Qwen/Qwen3-0.6B,0.9048734770384255,0.3110715194706032,2.9088920727245737,100,17379,19206,6111,19645
Qwen/Qwen3-0.6B,Qwen3-0.6B,Qwen3,0.6,urd,synthetic,0.1915,0.008800715953867064,2000,0.773,0.009369065572128715,2000,0.5815,0.01285425964400509,0.24773609314359638,0.011774440823556323,urd,0.3838046008442838,URIEL syntax_knn,urd,CC-MAIN-2026-21,682592,/work/multilingual-gsm-symbolic/paper/artifacts/figures/transfer_features/languages.csv,5.834161194027274,Qwen/Qwen3-0.6B,0.9048734770384255,0.3110715194706032,2.9088920727245737,100,17379,19206,6111,19645
Qwen/Qwen3-0.6B,Qwen3-0.6B,Qwen3,0.6,zho,original,0.63,0.048523658709390974,100,0.83,0.037752516806863694,100,0.19999999999999996,0.061480061644389884,0.7590361445783133,0.0678954367185239,Chinese,0.2892275292349138,URIEL syntax_knn,zho,CC-MAIN-2026-21,102274716,/work/multilingual-gsm-symbolic/paper/artifacts/figures/transfer_features/languages.csv,8.009768282208015,Qwen/Qwen3-0.6B,0.9554681552905354,0.3110715194706032,3.071538522448465,100,7531,7882,6111,19645
Qwen/Qwen3-0.6B,Qwen3-0.6B,Qwen3,0.6,zho,synthetic,0.624,0.010833775211931957,2000,0.773,0.009369065572128715,2000,0.14900000000000002,0.014323060952098154,0.8072445019404916,0.017092565996309452,Chinese,0.2892275292349138,URIEL syntax_knn,zho,CC-MAIN-2026-21,102274716,/work/multilingual-gsm-symbolic/paper/artifacts/figures/transfer_features/languages.csv,8.009768282208015,Qwen/Qwen3-0.6B,0.9554681552905354,0.3110715194706032,3.071538522448465,100,7531,7882,6111,19645
Qwen/Qwen3-0.6B,Qwen3-0.6B (reasoning off),Qwen3,0.6,ara,original,0.14,0.0348735088019777,100,0.83,0.037752516806863694,100,0.69,0.051394689817277246,0.16867469879518074,0.04271099963038204,Arabic,0.34901322303461213,URIEL syntax_knn,ara,CC-MAIN-2026-21,14123579,/work/multilingual-gsm-symbolic/paper/artifacts/figures/transfer_features/languages.csv,7.149944763500101,Qwen/Qwen3-0.6B,0.5197614136796923,0.3110715194706032,1.6708743203628793,100,9324,17939,6111,19645
Qwen/Qwen3-0.6B,Qwen3-0.6B (reasoning off),Qwen3,0.6,ara,synthetic,0.19,0.00877430876178423,2000,0.57,0.011072998945761098,2000,0.37999999999999995,0.014127979328267362,0.33333333333333337,0.01670005636482906,Arabic,0.34901322303461213,URIEL syntax_knn,ara,CC-MAIN-2026-21,14123579,/work/multilingual-gsm-symbolic/paper/artifacts/figures/transfer_features/languages.csv,7.149944763500101,Qwen/Qwen3-0.6B,0.5197614136796923,0.3110715194706032,1.6708743203628793,100,9324,17939,6111,19645
Qwen/Qwen3-0.6B,Qwen3-0.6B (reasoning off),Qwen3,0.6,dan,original,0.23,0.0298320255554952,200,0.83,0.037752516806863694,100,0.6,0.048116548857916275,0.27710843373493976,0.03808817696354624,Danish,0.11992176734660287,URIEL syntax_knn,dan,CC-MAIN-2026-21,11404389,/work/multilingual-gsm-symbolic/paper/artifacts/figures/transfer_features/languages.csv,7.057072022533615,Qwen/Qwen3-0.6B,0.42498758072528564,0.3110715194706032,1.3662053711910058,100,8555,20130,6111,19645
Qwen/Qwen3-0.6B,Qwen3-0.6B (reasoning off),Qwen3,0.6,dan,synthetic,0.21125,0.006454941978359374,4000,0.57,0.011072998945761098,2000,0.35874999999999996,0.012817081633383335,0.37061403508771934,0.013419335146791203,Danish,0.11992176734660287,URIEL syntax_knn,dan,CC-MAIN-2026-21,11404389,/work/multilingual-gsm-symbolic/paper/artifacts/figures/transfer_features/languages.csv,7.057072022533615,Qwen/Qwen3-0.6B,0.42498758072528564,0.3110715194706032,1.3662053711910058,100,8555,20130,6111,19645
Qwen/Qwen3-0.6B,Qwen3-0.6B (reasoning off),Qwen3,0.6,deu,original,0.405,0.03479841445010399,200,0.83,0.037752516806863694,100,0.42499999999999993,0.051343764699267345,0.48795180722891573,0.047438035165333195,German,0.09745802098497969,URIEL syntax_knn,deu,CC-MAIN-2026-21,129221452,/work/multilingual-gsm-symbolic/paper/artifacts/figures/transfer_features/languages.csv,8.111334616692115,Qwen/Qwen3-0.6B,0.3681071698784993,0.3110715194706032,1.1833522095014104,100,8271,22469,6111,19645
Qwen/Qwen3-0.6B,Qwen3-0.6B (reasoning off),Qwen3,0.6,deu,synthetic,0.29075,0.007180981896666356,4000,0.57,0.011072998945761098,2000,0.27924999999999994,0.01319764398114589,0.5100877192982457,0.016028279201525046,German,0.09745802098497969,URIEL syntax_knn,deu,CC-MAIN-2026-21,129221452,/work/multilingual-gsm-symbolic/paper/artifacts/figures/transfer_features/languages.csv,8.111334616692115,Qwen/Qwen3-0.6B,0.3681071698784993,0.3110715194706032,1.1833522095014104,100,8271,22469,6111,19645
Qwen/Qwen3-0.6B,Qwen3-0.6B (reasoning off),Qwen3,0.6,est,original,0.035,0.013027801736688051,200,0.83,0.037752516806863694,100,0.7949999999999999,0.03993715241905684,0.042168674698795185,0.015812902946645963,Estonian,0.22659791675913576,URIEL syntax_knn,est,CC-MAIN-2026-21,3089989,/work/multilingual-gsm-symbolic/paper/artifacts/figures/transfer_features/languages.csv,6.489956933389947,Qwen/Qwen3-0.6B,0.4884087994475683,0.3110715194706032,1.5700852340283882,100,9902,20274,6111,19645
Qwen/Qwen3-0.6B,Qwen3-0.6B (reasoning off),Qwen3,0.6,est,synthetic,0.03275,0.0028144874684260883,4000,0.57,0.011072998945761098,2000,0.53725,0.01142508841815913,0.0574561403508772,0.005062279148582539,Estonian,0.22659791675913576,URIEL syntax_knn,est,CC-MAIN-2026-21,3089989,/work/multilingual-gsm-symbolic/paper/artifacts/figures/transfer_features/languages.csv,6.489956933389947,Qwen/Qwen3-0.6B,0.4884087994475683,0.3110715194706032,1.5700852340283882,100,9902,20274,6111,19645
Qwen/Qwen3-0.6B,Qwen3-0.6B (reasoning off),Qwen3,0.6,fra,original,0.4,0.04923659639173309,100,0.83,0.037752516806863694,100,0.42999999999999994,0.06204429828352441,0.48192771084337355,0.06324169122048004,French,0.18824593690905445,URIEL syntax_knn,fra,CC-MAIN-2026-21,102728618,/work/multilingual-gsm-symbolic/paper/artifacts/figures/transfer_features/languages.csv,8.011691445624011,Qwen/Qwen3-0.6B,0.372296302903269,0.3110715194706032,1.1968189937055669,100,8348,22423,6111,19645
Qwen/Qwen3-0.6B,Qwen3-0.6B (reasoning off),Qwen3,0.6,fra,synthetic,0.3485,0.010657423015563681,2000,0.57,0.011072998945761098,2000,0.22149999999999997,0.015368538349026328,0.6114035087719298,0.022150782891607067,French,0.18824593690905445,URIEL syntax_knn,fra,CC-MAIN-2026-21,102728618,/work/multilingual-gsm-symbolic/paper/artifacts/figures/transfer_features/languages.csv,8.011691445624011,Qwen/Qwen3-0.6B,0.372296302903269,0.3110715194706032,1.1968189937055669,100,8348,22423,6111,19645
Qwen/Qwen3-0.6B,Qwen3-0.6B (reasoning off),Qwen3,0.6,hin,original,0.08,0.027265992434429075,100,0.83,0.037752516806863694,100,0.75,0.04656916220726833,0.0963855421686747,0.03314184284435352,Hindi,0.3838046008442838,URIEL syntax_knn,hin,CC-MAIN-2026-21,4774018,/work/multilingual-gsm-symbolic/paper/artifacts/figures/transfer_features/languages.csv,6.678884052141607,Qwen/Qwen3-0.6B,1.1958312405826217,0.3110715194706032,3.844232485885388,100,23809,19910,6111,19645
Qwen/Qwen3-0.6B,Qwen3-0.6B (reasoning off),Qwen3,0.6,hin,synthetic,0.0495,0.004851457855290596,2000,0.57,0.011072998945761098,2000,0.5205,0.012089166595530365,0.0868421052631579,0.008676910411515314,Hindi,0.3838046008442838,URIEL syntax_knn,hin,CC-MAIN-2026-21,4774018,/work/multilingual-gsm-symbolic/paper/artifacts/figures/transfer_features/languages.csv,6.678884052141607,Qwen/Qwen3-0.6B,1.1958312405826217,0.3110715194706032,3.844232485885388,100,23809,19910,6111,19645
Qwen/Qwen3-0.6B,Qwen3-0.6B (reasoning off),Qwen3,0.6,isl,original,0.06,0.023868325657594204,100,0.83,0.037752516806863694,100,0.77,0.04466485749388993,0.07228915662650602,0.028944386922935727,Icelandic,0.13127809128711687,URIEL syntax_knn,isl,CC-MAIN-2026-21,777022,/work/multilingual-gsm-symbolic/paper/artifacts/figures/transfer_features/languages.csv,5.890433315253091,Qwen/Qwen3-0.6B,0.5361037713187605,0.3110715194706032,1.7234100126913845,100,11159,20815,6111,19645
Qwen/Qwen3-0.6B,Qwen3-0.6B (reasoning off),Qwen3,0.6,isl,synthetic,0.03,0.0038154001938616668,2000,0.57,0.011072998945761098,2000,0.5399999999999999,0.011711899260672714,0.052631578947368425,0.006771321249193687,Icelandic,0.13127809128711687,URIEL syntax_knn,isl,CC-MAIN-2026-21,777022,/work/multilingual-gsm-symbolic/paper/artifacts/figures/transfer_features/languages.csv,5.890433315253091,Qwen/Qwen3-0.6B,0.5361037713187605,0.3110715194706032,1.7234100126913845,100,11159,20815,6111,19645
Qwen/Qwen3-0.6B,Qwen3-0.6B (reasoning off),Qwen3,0.6,ita,original,0.33,0.04725815626252608,100,0.83,0.037752516806863694,100,0.49999999999999994,0.06048624520158164,0.3975903614457832,0.05974050599503824,Italian,0.14220584589844,URIEL syntax_knn,ita,CC-MAIN-2026-21,53457335,/work/multilingual-gsm-symbolic/paper/artifacts/figures/transfer_features/languages.csv,7.728007304146603,Qwen/Qwen3-0.6B,0.3917287089159252,0.3110715194706032,1.2592882485114305,100,8629,22028,6111,19645
Qwen/Qwen3-0.6B,Qwen3-0.6B (reasoning off),Qwen3,0.6,ita,synthetic,0.286,0.010107080515077981,2000,0.57,0.011072998945761098,2000,0.284,0.014992144015820266,0.5017543859649123,0.020234192701567483,Italian,0.14220584589844,URIEL syntax_knn,ita,CC-MAIN-2026-21,53457335,/work/multilingual-gsm-symbolic/paper/artifacts/figures/transfer_features/languages.csv,7.728007304146603,Qwen/Qwen3-0.6B,0.3917287089159252,0.3110715194706032,1.2592882485114305,100,8629,22028,6111,19645
Qwen/Qwen3-0.6B,Qwen3-0.6B (reasoning off),Qwen3,0.6,jpn,original,0.32,0.0330676176445086,200,0.83,0.037752516806863694,100,0.51,0.05018684949203269,0.3855421686746988,0.04352918528114641,Japanese,0.4998069870609444,URIEL syntax_knn,jpn,CC-MAIN-2026-21,118455052,/work/multilingual-gsm-symbolic/paper/artifacts/figures/transfer_features/languages.csv,8.073553587717582,Qwen/Qwen3-0.6B,0.7281824738550307,0.3110715194706032,2.340884421352001,100,8077,11092,6111,19645
Qwen/Qwen3-0.6B,Qwen3-0.6B (reasoning off),Qwen3,0.6,jpn,synthetic,0.2655,0.006983167523206381,4000,0.57,0.011072998945761098,2000,0.30449999999999994,0.013091063146665773,0.4657894736842106,0.015230491071311124,Japanese,0.4998069870609444,URIEL syntax_knn,jpn,CC-MAIN-2026-21,118455052,/work/multilingual-gsm-symbolic/paper/artifacts/figures/transfer_features/languages.csv,8.073553587717582,Qwen/Qwen3-0.6B,0.7281824738550307,0.3110715194706032,2.340884421352001,100,8077,11092,6111,19645
Qwen/Qwen3-0.6B,Qwen3-0.6B (reasoning off),Qwen3,0.6,mar,original,0.05,0.021904291355759036,100,0.83,0.037752516806863694,100,0.7799999999999999,0.04364688425363838,0.06024096385542169,0.026532576617355138,Marathi,0.43515421744059357,URIEL syntax_knn,mar,CC-MAIN-2026-21,649289,/work/multilingual-gsm-symbolic/paper/artifacts/figures/transfer_features/languages.csv,5.812438045288022,Qwen/Qwen3-0.6B,1.1631330432367373,0.3110715194706032,3.7391177604951245,100,25126,21602,6111,19645
Qwen/Qwen3-0.6B,Qwen3-0.6B (reasoning off),Qwen3,0.6,mar,synthetic,0.0235,0.0033881580257425583,2000,0.57,0.011072998945761098,2000,0.5465,0.011579763402601546,0.0412280701754386,0.005997851219948003,Marathi,0.43515421744059357,URIEL syntax_knn,mar,CC-MAIN-2026-21,649289,/work/multilingual-gsm-symbolic/paper/artifacts/figures/transfer_features/languages.csv,5.812438045288022,Qwen/Qwen3-0.6B,1.1631330432367373,0.3110715194706032,3.7391177604951245,100,25126,21602,6111,19645
Qwen/Qwen3-0.6B,Qwen3-0.6B (reasoning off),Qwen3,0.6,nld,original,0.29,0.045604802157206865,100,0.83,0.037752516806863694,100,0.54,0.059203467001945974,0.3493975903614458,0.05719772036601338,Dutch,0.07570690126642576,URIEL syntax_knn,nld,CC-MAIN-2026-21,39513234,/work/multilingual-gsm-symbolic/paper/artifacts/figures/transfer_features/languages.csv,7.596742576400662,Qwen/Qwen3-0.6B,0.39352324394543936,0.3110715194706032,1.2650571309618976,100,8482,21554,6111,19645
Qwen/Qwen3-0.6B,Qwen3-0.6B (reasoning off),Qwen3,0.6,nld,synthetic,0.268,0.00990641552400601,2000,0.57,0.011072998945761098,2000,0.30199999999999994,0.014857603245042374,0.4701754385964913,0.019633619340907675,Dutch,0.07570690126642576,URIEL syntax_knn,nld,CC-MAIN-2026-21,39513234,/work/multilingual-gsm-symbolic/paper/artifacts/figures/transfer_features/languages.csv,7.596742576400662,Qwen/Qwen3-0.6B,0.39352324394543936,0.3110715194706032,1.2650571309618976,100,8482,21554,6111,19645
Qwen/Qwen3-0.6B,Qwen3-0.6B (reasoning off),Qwen3,0.6,nob,original,0.26,0.044084400227680794,100,0.83,0.037752516806863694,100,0.57,0.05804038997703985,0.3132530120481928,0.05499166247672874,Norwegian Bokmal,0.10138170956458059,URIEL syntax_knn,nor,CC-MAIN-2026-21,7148610,/work/multilingual-gsm-symbolic/paper/artifacts/figures/transfer_features/languages.csv,6.854221604316353,Qwen/Qwen3-0.6B,0.42304799157514666,0.3110715194706032,1.359970184011415,100,8436,19941,6111,19645
Qwen/Qwen3-0.6B,Qwen3-0.6B (reasoning off),Qwen3,0.6,nob,synthetic,0.245,0.009619447327338595,2000,0.57,0.011072998945761098,2000,0.32499999999999996,0.01466782439683091,0.4298245614035088,0.018828910226962127,Norwegian Bokmal,0.10138170956458059,URIEL syntax_knn,nor,CC-MAIN-2026-21,7148610,/work/multilingual-gsm-symbolic/paper/artifacts/figures/transfer_features/languages.csv,6.854221604316353,Qwen/Qwen3-0.6B,0.42304799157514666,0.3110715194706032,1.359970184011415,100,8436,19941,6111,19645
Qwen/Qwen3-0.6B,Qwen3-0.6B (reasoning off),Qwen3,0.6,rus,original,0.43,0.0497569851956243,100,0.83,0.037752516806863694,100,0.39999999999999997,0.06245806674089505,0.5180722891566265,0.06441326892424841,Russian,0.18824593690905445,URIEL syntax_knn,rus,CC-MAIN-2026-21,138631119,/work/multilingual-gsm-symbolic/paper/artifacts/figures/transfer_features/languages.csv,8.141860728782362,Qwen/Qwen3-0.6B,0.4443868901864758,0.3110715194706032,1.4285682306845553,100,9437,21236,6111,19645
Qwen/Qwen3-0.6B,Qwen3-0.6B (reasoning off),Qwen3,0.6,rus,synthetic,0.3565,0.01071266799764717,2000,0.57,0.011072998945761098,2000,0.21349999999999997,0.015406899794593339,0.6254385964912281,0.022379497883135334,Russian,0.18824593690905445,URIEL syntax_knn,rus,CC-MAIN-2026-21,138631119,/work/multilingual-gsm-symbolic/paper/artifacts/figures/transfer_features/languages.csv,8.141860728782362,Qwen/Qwen3-0.6B,0.4443868901864758,0.3110715194706032,1.4285682306845553,100,9437,21236,6111,19645
Qwen/Qwen3-0.6B,Qwen3-0.6B (reasoning off),Qwen3,0.6,ukr,original,0.32,0.04688261722621507,100,0.83,0.037752516806863694,100,0.51,0.06019329134739455,0.3855421686746988,0.05914464178753432,Ukrainian,0.15273132616089036,URIEL syntax_knn,ukr,CC-MAIN-2026-21,17456210,/work/multilingual-gsm-symbolic/paper/artifacts/figures/transfer_features/languages.csv,7.2419499578829365,Qwen/Qwen3-0.6B,0.6400336810590822,0.3110715194706032,2.057512954411008,100,13682,21377,6111,19645
Qwen/Qwen3-0.6B,Qwen3-0.6B (reasoning off),Qwen3,0.6,ukr,synthetic,0.2635,0.009853040962469604,2000,0.57,0.011072998945761098,2000,0.30649999999999994,0.014822068744305916,0.462280701754386,0.01947960040474531,Ukrainian,0.15273132616089036,URIEL syntax_knn,ukr,CC-MAIN-2026-21,17456210,/work/multilingual-gsm-symbolic/paper/artifacts/figures/transfer_features/languages.csv,7.2419499578829365,Qwen/Qwen3-0.6B,0.6400336810590822,0.3110715194706032,2.057512954411008,100,13682,21377,6111,19645
Qwen/Qwen3-0.6B,Qwen3-0.6B (reasoning off),Qwen3,0.6,urd,original,0.1,0.03015113445777636,100,0.83,0.037752516806863694,100,0.73,0.048315043561435754,0.12048192771084339,0.03673769831147851,urd,0.3838046008442838,URIEL syntax_knn,urd,CC-MAIN-2026-21,682592,/work/multilingual-gsm-symbolic/paper/artifacts/figures/transfer_features/languages.csv,5.834161194027274,Qwen/Qwen3-0.6B,0.9048734770384255,0.3110715194706032,2.9088920727245737,100,17379,19206,6111,19645
Qwen/Qwen3-0.6B,Qwen3-0.6B (reasoning off),Qwen3,0.6,urd,synthetic,0.0635,0.005454241411478535,2000,0.57,0.011072998945761098,2000,0.5065,0.012343421528389678,0.11140350877192984,0.009810523590533436,urd,0.3838046008442838,URIEL syntax_knn,urd,CC-MAIN-2026-21,682592,/work/multilingual-gsm-symbolic/paper/artifacts/figures/transfer_features/languages.csv,5.834161194027274,Qwen/Qwen3-0.6B,0.9048734770384255,0.3110715194706032,2.9088920727245737,100,17379,19206,6111,19645
Qwen/Qwen3-0.6B,Qwen3-0.6B (reasoning off),Qwen3,0.6,zho,original,0.36,0.04824181513244218,100,0.83,0.037752516806863694,100,0.47,0.06125785870013131,0.43373493975903615,0.06137959795926334,Chinese,0.2892275292349138,URIEL syntax_knn,zho,CC-MAIN-2026-21,102274716,/work/multilingual-gsm-symbolic/paper/artifacts/figures/transfer_features/languages.csv,8.009768282208015,Qwen/Qwen3-0.6B,0.9554681552905354,0.3110715194706032,3.071538522448465,100,7531,7882,6111,19645
Qwen/Qwen3-0.6B,Qwen3-0.6B (reasoning off),Qwen3,0.6,zho,synthetic,0.373,0.010816376333990012,2000,0.57,0.011072998945761098,2000,0.19699999999999995,0.015479189340896557,0.6543859649122807,0.022840645372139885,Chinese,0.2892275292349138,URIEL syntax_knn,zho,CC-MAIN-2026-21,102274716,/work/multilingual-gsm-symbolic/paper/artifacts/figures/transfer_features/languages.csv,8.009768282208015,Qwen/Qwen3-0.6B,0.9554681552905354,0.3110715194706032,3.071538522448465,100,7531,7882,6111,19645
Qwen/Qwen3-1.7B,Qwen3-1.7B,Qwen3,1.7,ara,original,0.78,0.04163331998932265,100,0.92,0.02726599243442908,100,0.14,0.04976713450428582,0.8478260869565217,0.05176151193281428,Arabic,0.34901322303461213,URIEL syntax_knn,ara,CC-MAIN-2026-21,14123579,/work/multilingual-gsm-symbolic/paper/artifacts/figures/transfer_features/languages.csv,7.149944763500101,Qwen/Qwen3-1.7B,0.5197614136796923,0.3110715194706032,1.6708743203628793,100,9324,17939,6111,19645
Qwen/Qwen3-1.7B,Qwen3-1.7B,Qwen3,1.7,ara,synthetic,0.7595,0.009559056584276018,2000,0.9035,0.006604217049841771,2000,0.14400000000000002,0.01161857330410285,0.8406198118428334,0.012234908672441144,Arabic,0.34901322303461213,URIEL syntax_knn,ara,CC-MAIN-2026-21,14123579,/work/multilingual-gsm-symbolic/paper/artifacts/figures/transfer_features/languages.csv,7.149944763500101,Qwen/Qwen3-1.7B,0.5197614136796923,0.3110715194706032,1.6708743203628793,100,9324,17939,6111,19645
Qwen/Qwen3-1.7B,Qwen3-1.7B,Qwen3,1.7,dan,original,0.725,0.03165255790786193,200,0.92,0.02726599243442908,100,0.19500000000000006,0.04177701240568665,0.7880434782608695,0.04158324689526976,Danish,0.11992176734660287,URIEL syntax_knn,dan,CC-MAIN-2026-21,11404389,/work/multilingual-gsm-symbolic/paper/artifacts/figures/transfer_features/languages.csv,7.057072022533615,Qwen/Qwen3-1.7B,0.42498758072528564,0.3110715194706032,1.3662053711910058,100,8555,20130,6111,19645
Qwen/Qwen3-1.7B,Qwen3-1.7B,Qwen3,1.7,dan,synthetic,0.79325,0.006404011415945001,4000,0.9035,0.006604217049841771,2000,0.11024999999999996,0.009199295900066191,0.8779745434421694,0.009561686776684158,Danish,0.11992176734660287,URIEL syntax_knn,dan,CC-MAIN-2026-21,11404389,/work/multilingual-gsm-symbolic/paper/artifacts/figures/transfer_features/languages.csv,7.057072022533615,Qwen/Qwen3-1.7B,0.42498758072528564,0.3110715194706032,1.3662053711910058,100,8555,20130,6111,19645
Qwen/Qwen3-1.7B,Qwen3-1.7B,Qwen3,1.7,deu,original,0.85,0.025312121949531204,200,0.92,0.02726599243442908,100,0.07000000000000006,0.03720400329295603,0.9239130434782608,0.0388168360209229,German,0.09745802098497969,URIEL syntax_knn,deu,CC-MAIN-2026-21,129221452,/work/multilingual-gsm-symbolic/paper/artifacts/figures/transfer_features/languages.csv,8.111334616692115,Qwen/Qwen3-1.7B,0.3681071698784993,0.3110715194706032,1.1833522095014104,100,8271,22469,6111,19645
Qwen/Qwen3-1.7B,Qwen3-1.7B,Qwen3,1.7,deu,synthetic,0.8255,0.006001786639053007,4000,0.9035,0.006604217049841771,2000,0.07799999999999996,0.00892396356459034,0.9136690647482015,0.009419663112293869,German,0.09745802098497969,URIEL syntax_knn,deu,CC-MAIN-2026-21,129221452,/work/multilingual-gsm-symbolic/paper/artifacts/figures/transfer_features/languages.csv,8.111334616692115,Qwen/Qwen3-1.7B,0.3681071698784993,0.3110715194706032,1.1833522095014104,100,8271,22469,6111,19645
Qwen/Qwen3-1.7B,Qwen3-1.7B,Qwen3,1.7,est,original,0.725,0.03165255790786192,200,0.92,0.02726599243442908,100,0.19500000000000006,0.041777012405686646,0.7880434782608695,0.04158324689526975,Estonian,0.22659791675913576,URIEL syntax_knn,est,CC-MAIN-2026-21,3089989,/work/multilingual-gsm-symbolic/paper/artifacts/figures/transfer_features/languages.csv,6.489956933389947,Qwen/Qwen3-1.7B,0.4884087994475683,0.3110715194706032,1.5700852340283882,100,9902,20274,6111,19645
Qwen/Qwen3-1.7B,Qwen3-1.7B,Qwen3,1.7,est,synthetic,0.643,0.007576417393803701,4000,0.9035,0.006604217049841771,2000,0.26049999999999995,0.01005076033773326,0.7116768123962369,0.009868146295506539,Estonian,0.22659791675913576,URIEL syntax_knn,est,CC-MAIN-2026-21,3089989,/work/multilingual-gsm-symbolic/paper/artifacts/figures/transfer_features/languages.csv,6.489956933389947,Qwen/Qwen3-1.7B,0.4884087994475683,0.3110715194706032,1.5700852340283882,100,9902,20274,6111,19645
Qwen/Qwen3-1.7B,Qwen3-1.7B,Qwen3,1.7,fra,original,0.88,0.03265986323710904,100,0.92,0.02726599243442908,100,0.040000000000000036,0.04254528187826483,0.9565217391304347,0.04542984037221407,French,0.18824593690905445,URIEL syntax_knn,fra,CC-MAIN-2026-21,102728618,/work/multilingual-gsm-symbolic/paper/artifacts/figures/transfer_features/languages.csv,8.011691445624011,Qwen/Qwen3-1.7B,0.372296302903269,0.3110715194706032,1.1968189937055669,100,8348,22423,6111,19645
Qwen/Qwen3-1.7B,Qwen3-1.7B,Qwen3,1.7,fra,synthetic,0.8215,0.008564785623492761,2000,0.9035,0.006604217049841771,2000,0.08199999999999996,0.010815324110622346,0.9092418372993913,0.011577302493322308,French,0.18824593690905445,URIEL syntax_knn,fra,CC-MAIN-2026-21,102728618,/work/multilingual-gsm-symbolic/paper/artifacts/figures/transfer_features/languages.csv,8.011691445624011,Qwen/Qwen3-1.7B,0.372296302903269,0.3110715194706032,1.1968189937055669,100,8348,22423,6111,19645
Qwen/Qwen3-1.7B,Qwen3-1.7B,Qwen3,1.7,hin,original,0.75,0.04351941398892447,100,0.92,0.02726599243442908,100,0.17000000000000004,0.051355367172027294,0.8152173913043478,0.05311660297458868,Hindi,0.3838046008442838,URIEL syntax_knn,hin,CC-MAIN-2026-21,4774018,/work/multilingual-gsm-symbolic/paper/artifacts/figures/transfer_features/languages.csv,6.678884052141607,Qwen/Qwen3-1.7B,1.1958312405826217,0.3110715194706032,3.844232485885388,100,23809,19910,6111,19645
Qwen/Qwen3-1.7B,Qwen3-1.7B,Qwen3,1.7,hin,synthetic,0.6925,0.010321101567603349,2000,0.9035,0.006604217049841771,2000,0.21099999999999997,0.012253196334434745,0.7664637520752628,0.012723364615427493,Hindi,0.3838046008442838,URIEL syntax_knn,hin,CC-MAIN-2026-21,4774018,/work/multilingual-gsm-symbolic/paper/artifacts/figures/transfer_features/languages.csv,6.678884052141607,Qwen/Qwen3-1.7B,1.1958312405826217,0.3110715194706032,3.844232485885388,100,23809,19910,6111,19645
Qwen/Qwen3-1.7B,Qwen3-1.7B,Qwen3,1.7,isl,original,0.44,0.04988876515698588,100,0.92,0.02726599243442908,100,0.48000000000000004,0.05685352436149611,0.47826086956521735,0.05604878628339529,Icelandic,0.13127809128711687,URIEL syntax_knn,isl,CC-MAIN-2026-21,777022,/work/multilingual-gsm-symbolic/paper/artifacts/figures/transfer_features/languages.csv,5.890433315253091,Qwen/Qwen3-1.7B,0.5361037713187605,0.3110715194706032,1.7234100126913845,100,11159,20815,6111,19645
Qwen/Qwen3-1.7B,Qwen3-1.7B,Qwen3,1.7,isl,synthetic,0.4175,0.011029855114729566,2000,0.9035,0.006604217049841771,2000,0.486,0.012855869736946883,0.4620918649695628,0.012666577053973024,Icelandic,0.13127809128711687,URIEL syntax_knn,isl,CC-MAIN-2026-21,777022,/work/multilingual-gsm-symbolic/paper/artifacts/figures/transfer_features/languages.csv,5.890433315253091,Qwen/Qwen3-1.7B,0.5361037713187605,0.3110715194706032,1.7234100126913845,100,11159,20815,6111,19645
Qwen/Qwen3-1.7B,Qwen3-1.7B,Qwen3,1.7,ita,original,0.84,0.03684529491774706,100,0.92,0.02726599243442908,100,0.08000000000000007,0.04583677673015524,0.9130434782608695,0.04833399526798058,Italian,0.14220584589844,URIEL syntax_knn,ita,CC-MAIN-2026-21,53457335,/work/multilingual-gsm-symbolic/paper/artifacts/figures/transfer_features/languages.csv,7.728007304146603,Qwen/Qwen3-1.7B,0.3917287089159252,0.3110715194706032,1.2592882485114305,100,8629,22028,6111,19645
Qwen/Qwen3-1.7B,Qwen3-1.7B,Qwen3,1.7,ita,synthetic,0.849,0.008008218639803201,2000,0.9035,0.006604217049841771,2000,0.05449999999999999,0.010380137216063774,0.9396790260099612,0.011213437639271897,Italian,0.14220584589844,URIEL syntax_knn,ita,CC-MAIN-2026-21,53457335,/work/multilingual-gsm-symbolic/paper/artifacts/figures/transfer_features/languages.csv,7.728007304146603,Qwen/Qwen3-1.7B,0.3917287089159252,0.3110715194706032,1.2592882485114305,100,8629,22028,6111,19645
Qwen/Qwen3-1.7B,Qwen3-1.7B,Qwen3,1.7,jpn,original,0.82,0.02723432655149689,200,0.92,0.02726599243442908,100,0.10000000000000009,0.0385375516366558,0.8913043478260869,0.03967480957259978,Japanese,0.4998069870609444,URIEL syntax_knn,jpn,CC-MAIN-2026-21,118455052,/work/multilingual-gsm-symbolic/paper/artifacts/figures/transfer_features/languages.csv,8.073553587717582,Qwen/Qwen3-1.7B,0.7281824738550307,0.3110715194706032,2.340884421352001,100,8077,11092,6111,19645
Qwen/Qwen3-1.7B,Qwen3-1.7B,Qwen3,1.7,jpn,synthetic,0.7915,0.00642395939538681,4000,0.9035,0.006604217049841771,2000,0.11199999999999999,0.009213193645799443,0.8760376314333149,0.009568584299195035,Japanese,0.4998069870609444,URIEL syntax_knn,jpn,CC-MAIN-2026-21,118455052,/work/multilingual-gsm-symbolic/paper/artifacts/figures/transfer_features/languages.csv,8.073553587717582,Qwen/Qwen3-1.7B,0.7281824738550307,0.3110715194706032,2.340884421352001,100,8077,11092,6111,19645
Qwen/Qwen3-1.7B,Qwen3-1.7B,Qwen3,1.7,mar,original,0.63,0.04852365870939097,100,0.92,0.02726599243442908,100,0.29000000000000004,0.055659498721959376,0.6847826086956521,0.05651298066898072,Marathi,0.43515421744059357,URIEL syntax_knn,mar,CC-MAIN-2026-21,649289,/work/multilingual-gsm-symbolic/paper/artifacts/figures/transfer_features/languages.csv,5.812438045288022,Qwen/Qwen3-1.7B,1.1631330432367373,0.3110715194706032,3.7391177604951245,100,25126,21602,6111,19645
Qwen/Qwen3-1.7B,Qwen3-1.7B,Qwen3,1.7,mar,synthetic,0.566,0.011085280407858894,2000,0.9035,0.006604217049841771,2000,0.3375,0.012903453977996781,0.6264526840066408,0.013095920530001288,Marathi,0.43515421744059357,URIEL syntax_knn,mar,CC-MAIN-2026-21,649289,/work/multilingual-gsm-symbolic/paper/artifacts/figures/transfer_features/languages.csv,5.812438045288022,Qwen/Qwen3-1.7B,1.1631330432367373,0.3110715194706032,3.7391177604951245,100,25126,21602,6111,19645
Qwen/Qwen3-1.7B,Qwen3-1.7B,Qwen3,1.7,nld,original,0.87,0.03379976689896311,100,0.92,0.02726599243442908,100,0.050000000000000044,0.04342647332973961,0.9456521739130435,0.04620839180872528,Dutch,0.07570690126642576,URIEL syntax_knn,nld,CC-MAIN-2026-21,39513234,/work/multilingual-gsm-symbolic/paper/artifacts/figures/transfer_features/languages.csv,7.596742576400662,Qwen/Qwen3-1.7B,0.39352324394543936,0.3110715194706032,1.2650571309618976,100,8482,21554,6111,19645
Qwen/Qwen3-1.7B,Qwen3-1.7B,Qwen3,1.7,nld,synthetic,0.822,0.008555384111695359,2000,0.9035,0.006604217049841771,2000,0.08150000000000002,0.010807880464738224,0.9097952407304926,0.011571108208636442,Dutch,0.07570690126642576,URIEL syntax_knn,nld,CC-MAIN-2026-21,39513234,/work/multilingual-gsm-symbolic/paper/artifacts/figures/transfer_features/languages.csv,7.596742576400662,Qwen/Qwen3-1.7B,0.39352324394543936,0.3110715194706032,1.2650571309618976,100,8482,21554,6111,19645
Qwen/Qwen3-1.7B,Qwen3-1.7B,Qwen3,1.7,nob,original,0.77,0.042295258468165065,100,0.92,0.02726599243442908,100,0.15000000000000002,0.050322194232000975,0.8369565217391304,0.052237979638539205,Norwegian Bokmal,0.10138170956458059,URIEL syntax_knn,nor,CC-MAIN-2026-21,7148610,/work/multilingual-gsm-symbolic/paper/artifacts/figures/transfer_features/languages.csv,6.854221604316353,Qwen/Qwen3-1.7B,0.42304799157514666,0.3110715194706032,1.359970184011415,100,8436,19941,6111,19645
Qwen/Qwen3-1.7B,Qwen3-1.7B,Qwen3,1.7,nob,synthetic,0.8025,0.008904297740929908,2000,0.9035,0.006604217049841771,2000,0.10099999999999998,0.011086126514727774,0.8882125069175429,0.011801689403903894,Norwegian Bokmal,0.10138170956458059,URIEL syntax_knn,nor,CC-MAIN-2026-21,7148610,/work/multilingual-gsm-symbolic/paper/artifacts/figures/transfer_features/languages.csv,6.854221604316353,Qwen/Qwen3-1.7B,0.42304799157514666,0.3110715194706032,1.359970184011415,100,8436,19941,6111,19645
Qwen/Qwen3-1.7B,Qwen3-1.7B,Qwen3,1.7,rus,original,0.85,0.03588702812826367,100,0.92,0.02726599243442908,100,0.07000000000000006,0.04507009131689364,0.9239130434782608,0.04765886931840525,Russian,0.18824593690905445,URIEL syntax_knn,rus,CC-MAIN-2026-21,138631119,/work/multilingual-gsm-symbolic/paper/artifacts/figures/transfer_features/languages.csv,8.141860728782362,Qwen/Qwen3-1.7B,0.4443868901864758,0.3110715194706032,1.4285682306845553,100,9437,21236,6111,19645
Qwen/Qwen3-1.7B,Qwen3-1.7B,Qwen3,1.7,rus,synthetic,0.7725,0.009376344325826463,2000,0.9035,0.006604217049841771,2000,0.131,0.01146871901120081,0.8550083010514665,0.012114384442434898,Russian,0.18824593690905445,URIEL syntax_knn,rus,CC-MAIN-2026-21,138631119,/work/multilingual-gsm-symbolic/paper/artifacts/figures/transfer_features/languages.csv,8.141860728782362,Qwen/Qwen3-1.7B,0.4443868901864758,0.3110715194706032,1.4285682306845553,100,9437,21236,6111,19645
Qwen/Qwen3-1.7B,Qwen3-1.7B,Qwen3,1.7,ukr,original,0.78,0.04163331998932266,100,0.92,0.02726599243442908,100,0.14,0.04976713450428584,0.8478260869565217,0.051761511932814294,Ukrainian,0.15273132616089036,URIEL syntax_knn,ukr,CC-MAIN-2026-21,17456210,/work/multilingual-gsm-symbolic/paper/artifacts/figures/transfer_features/languages.csv,7.2419499578829365,Qwen/Qwen3-1.7B,0.6400336810590822,0.3110715194706032,2.057512954411008,100,13682,21377,6111,19645
Qwen/Qwen3-1.7B,Qwen3-1.7B,Qwen3,1.7,ukr,synthetic,0.8235,0.008527029383968224,2000,0.9035,0.006604217049841771,2000,0.07999999999999996,0.010785449130957796,0.9114554510237964,0.011552434355844013,Ukrainian,0.15273132616089036,URIEL syntax_knn,ukr,CC-MAIN-2026-21,17456210,/work/multilingual-gsm-symbolic/paper/artifacts/figures/transfer_features/languages.csv,7.2419499578829365,Qwen/Qwen3-1.7B,0.6400336810590822,0.3110715194706032,2.057512954411008,100,13682,21377,6111,19645
Qwen/Qwen3-1.7B,Qwen3-1.7B,Qwen3,1.7,urd,original,0.68,0.04688261722621506,100,0.92,0.02726599243442908,100,0.24,0.054234805627144465,0.7391304347826088,0.055468108470672836,urd,0.3838046008442838,URIEL syntax_knn,urd,CC-MAIN-2026-21,682592,/work/multilingual-gsm-symbolic/paper/artifacts/figures/transfer_features/languages.csv,5.834161194027274,Qwen/Qwen3-1.7B,0.9048734770384255,0.3110715194706032,2.9088920727245737,100,17379,19206,6111,19645
Qwen/Qwen3-1.7B,Qwen3-1.7B,Qwen3,1.7,urd,synthetic,0.619,0.01086179033330244,2000,0.9035,0.006604217049841771,2000,0.2845,0.012711969638338627,0.6851134477033758,0.013023257770170866,urd,0.3838046008442838,URIEL syntax_knn,urd,CC-MAIN-2026-21,682592,/work/multilingual-gsm-symbolic/paper/artifacts/figures/transfer_features/languages.csv,5.834161194027274,Qwen/Qwen3-1.7B,0.9048734770384255,0.3110715194706032,2.9088920727245737,100,17379,19206,6111,19645
Qwen/Qwen3-1.7B,Qwen3-1.7B,Qwen3,1.7,zho,original,0.81,0.03942772444036625,100,0.92,0.02726599243442908,100,0.10999999999999999,0.047937248544110224,0.8804347826086957,0.050174907207081496,Chinese,0.2892275292349138,URIEL syntax_knn,zho,CC-MAIN-2026-21,102274716,/work/multilingual-gsm-symbolic/paper/artifacts/figures/transfer_features/languages.csv,8.009768282208015,Qwen/Qwen3-1.7B,0.9554681552905354,0.3110715194706032,3.071538522448465,100,7531,7882,6111,19645
Qwen/Qwen3-1.7B,Qwen3-1.7B,Qwen3,1.7,zho,synthetic,0.868,0.007570776600135857,2000,0.9035,0.006604217049841771,2000,0.035499999999999976,0.010046508904618829,0.9607083563918096,0.010932888531851374,Chinese,0.2892275292349138,URIEL syntax_knn,zho,CC-MAIN-2026-21,102274716,/work/multilingual-gsm-symbolic/paper/artifacts/figures/transfer_features/languages.csv,8.009768282208015,Qwen/Qwen3-1.7B,0.9554681552905354,0.3110715194706032,3.071538522448465,100,7531,7882,6111,19645
Qwen/Qwen3-1.7B,Qwen3-1.7B (reasoning off),Qwen3,1.7,ara,original,0.61,0.049020713000019735,100,0.92,0.02726599243442908,100,0.31000000000000005,0.05609335652699567,0.6630434782608695,0.056791412027639494,Arabic,0.34901322303461213,URIEL syntax_knn,ara,CC-MAIN-2026-21,14123579,/work/multilingual-gsm-symbolic/paper/artifacts/figures/transfer_features/languages.csv,7.149944763500101,Qwen/Qwen3-1.7B,0.5197614136796923,0.3110715194706032,1.6708743203628793,100,9324,17939,6111,19645
Qwen/Qwen3-1.7B,Qwen3-1.7B (reasoning off),Qwen3,1.7,ara,synthetic,0.5825,0.011029855114729557,2000,0.831,0.008381803344964427,2000,0.24849999999999994,0.013853242622779066,0.7009626955475331,0.015038614450727497,Arabic,0.34901322303461213,URIEL syntax_knn,ara,CC-MAIN-2026-21,14123579,/work/multilingual-gsm-symbolic/paper/artifacts/figures/transfer_features/languages.csv,7.149944763500101,Qwen/Qwen3-1.7B,0.5197614136796923,0.3110715194706032,1.6708743203628793,100,9324,17939,6111,19645
Qwen/Qwen3-1.7B,Qwen3-1.7B (reasoning off),Qwen3,1.7,dan,original,0.655,0.03369796379336732,200,0.92,0.02726599243442908,100,0.265,0.04334728488906126,0.7119565217391305,0.04227109931569979,Danish,0.11992176734660287,URIEL syntax_knn,dan,CC-MAIN-2026-21,11404389,/work/multilingual-gsm-symbolic/paper/artifacts/figures/transfer_features/languages.csv,7.057072022533615,Qwen/Qwen3-1.7B,0.42498758072528564,0.3110715194706032,1.3662053711910058,100,8555,20130,6111,19645
Qwen/Qwen3-1.7B,Qwen3-1.7B (reasoning off),Qwen3,1.7,dan,synthetic,0.611,0.00770938445351917,4000,0.831,0.008381803344964427,2000,0.21999999999999997,0.011388118192476749,0.7352587244283996,0.011877118482942733,Danish,0.11992176734660287,URIEL syntax_knn,dan,CC-MAIN-2026-21,11404389,/work/multilingual-gsm-symbolic/paper/artifacts/figures/transfer_features/languages.csv,7.057072022533615,Qwen/Qwen3-1.7B,0.42498758072528564,0.3110715194706032,1.3662053711910058,100,8555,20130,6111,19645
Qwen/Qwen3-1.7B,Qwen3-1.7B (reasoning off),Qwen3,1.7,deu,original,0.715,0.03199992148231574,200,0.92,0.02726599243442908,100,0.20500000000000007,0.04204080539557628,0.7771739130434782,0.04171745348710011,German,0.09745802098497969,URIEL syntax_knn,deu,CC-MAIN-2026-21,129221452,/work/multilingual-gsm-symbolic/paper/artifacts/figures/transfer_features/languages.csv,8.111334616692115,Qwen/Qwen3-1.7B,0.3681071698784993,0.3110715194706032,1.1833522095014104,100,8271,22469,6111,19645
Qwen/Qwen3-1.7B,Qwen3-1.7B (reasoning off),Qwen3,1.7,deu,synthetic,0.66925,0.007439922545757571,4000,0.831,0.008381803344964427,2000,0.16174999999999995,0.0112074562145265,0.8053549939831529,0.012088884544947992,German,0.09745802098497969,URIEL syntax_knn,deu,CC-MAIN-2026-21,129221452,/work/multilingual-gsm-symbolic/paper/artifacts/figures/transfer_features/languages.csv,8.111334616692115,Qwen/Qwen3-1.7B,0.3681071698784993,0.3110715194706032,1.1833522095014104,100,8271,22469,6111,19645
Qwen/Qwen3-1.7B,Qwen3-1.7B (reasoning off),Qwen3,1.7,est,original,0.455,0.03530021993753284,200,0.92,0.02726599243442908,100,0.465,0.044604258441011374,0.4945652173913043,0.04107409604592724,Estonian,0.22659791675913576,URIEL syntax_knn,est,CC-MAIN-2026-21,3089989,/work/multilingual-gsm-symbolic/paper/artifacts/figures/transfer_features/languages.csv,6.489956933389947,Qwen/Qwen3-1.7B,0.4884087994475683,0.3110715194706032,1.5700852340283882,100,9902,20274,6111,19645
Qwen/Qwen3-1.7B,Qwen3-1.7B (reasoning off),Qwen3,1.7,est,synthetic,0.40425,0.007760350516248203,4000,0.831,0.008381803344964427,2000,0.42674999999999996,0.011422682147757181,0.4864620938628159,0.010549128814399985,Estonian,0.22659791675913576,URIEL syntax_knn,est,CC-MAIN-2026-21,3089989,/work/multilingual-gsm-symbolic/paper/artifacts/figures/transfer_features/languages.csv,6.489956933389947,Qwen/Qwen3-1.7B,0.4884087994475683,0.3110715194706032,1.5700852340283882,100,9902,20274,6111,19645
Qwen/Qwen3-1.7B,Qwen3-1.7B (reasoning off),Qwen3,1.7,fra,original,0.73,0.04461960433384738,100,0.92,0.02726599243442908,100,0.19000000000000006,0.05229094983210226,0.7934782608695652,0.05390012463010104,French,0.18824593690905445,URIEL syntax_knn,fra,CC-MAIN-2026-21,102728618,/work/multilingual-gsm-symbolic/paper/artifacts/figures/transfer_features/languages.csv,8.011691445624011,Qwen/Qwen3-1.7B,0.372296302903269,0.3110715194706032,1.1968189937055669,100,8348,22423,6111,19645
Qwen/Qwen3-1.7B,Qwen3-1.7B (reasoning off),Qwen3,1.7,fra,synthetic,0.673,0.010492404170286058,2000,0.831,0.008381803344964427,2000,0.15799999999999992,0.01342926552668809,0.8098676293622142,0.015038244606073298,French,0.18824593690905445,URIEL syntax_knn,fra,CC-MAIN-2026-21,102728618,/work/multilingual-gsm-symbolic/paper/artifacts/figures/transfer_features/languages.csv,8.011691445624011,Qwen/Qwen3-1.7B,0.372296302903269,0.3110715194706032,1.1968189937055669,100,8348,22423,6111,19645
Qwen/Qwen3-1.7B,Qwen3-1.7B (reasoning off),Qwen3,1.7,hin,original,0.49,0.05024183937956914,100,0.92,0.02726599243442908,100,0.43000000000000005,0.057163596525033035,0.5326086956521738,0.05684620444292567,Hindi,0.3838046008442838,URIEL syntax_knn,hin,CC-MAIN-2026-21,4774018,/work/multilingual-gsm-symbolic/paper/artifacts/figures/transfer_features/languages.csv,6.678884052141607,Qwen/Qwen3-1.7B,1.1958312405826217,0.3110715194706032,3.844232485885388,100,23809,19910,6111,19645
Qwen/Qwen3-1.7B,Qwen3-1.7B (reasoning off),Qwen3,1.7,hin,synthetic,0.4645,0.011154913314119608,2000,0.831,0.008381803344964427,2000,0.36649999999999994,0.013953018252664179,0.558965102286402,0.014559406918668942,Hindi,0.3838046008442838,URIEL syntax_knn,hin,CC-MAIN-2026-21,4774018,/work/multilingual-gsm-symbolic/paper/artifacts/figures/transfer_features/languages.csv,6.678884052141607,Qwen/Qwen3-1.7B,1.1958312405826217,0.3110715194706032,3.844232485885388,100,23809,19910,6111,19645
Qwen/Qwen3-1.7B,Qwen3-1.7B (reasoning off),Qwen3,1.7,isl,original,0.22,0.041633319989322654,100,0.92,0.02726599243442908,100,0.7000000000000001,0.049767134504285826,0.23913043478260868,0.0458051965758328,Icelandic,0.13127809128711687,URIEL syntax_knn,isl,CC-MAIN-2026-21,777022,/work/multilingual-gsm-symbolic/paper/artifacts/figures/transfer_features/languages.csv,5.890433315253091,Qwen/Qwen3-1.7B,0.5361037713187605,0.3110715194706032,1.7234100126913845,100,11159,20815,6111,19645
Qwen/Qwen3-1.7B,Qwen3-1.7B (reasoning off),Qwen3,1.7,isl,synthetic,0.2335,0.009462221822643481,2000,0.831,0.008381803344964427,2000,0.5974999999999999,0.01264073847267506,0.28098676293622143,0.011733962415916193,Icelandic,0.13127809128711687,URIEL syntax_knn,isl,CC-MAIN-2026-21,777022,/work/multilingual-gsm-symbolic/paper/artifacts/figures/transfer_features/languages.csv,5.890433315253091,Qwen/Qwen3-1.7B,0.5361037713187605,0.3110715194706032,1.7234100126913845,100,11159,20815,6111,19645
Qwen/Qwen3-1.7B,Qwen3-1.7B (reasoning off),Qwen3,1.7,ita,original,0.69,0.04648231987117317,100,0.92,0.02726599243442908,100,0.2300000000000001,0.053889149223571936,0.7499999999999999,0.0551975730309875,Italian,0.14220584589844,URIEL syntax_knn,ita,CC-MAIN-2026-21,53457335,/work/multilingual-gsm-symbolic/paper/artifacts/figures/transfer_features/languages.csv,7.728007304146603,Qwen/Qwen3-1.7B,0.3917287089159252,0.3110715194706032,1.2592882485114305,100,8629,22028,6111,19645
Qwen/Qwen3-1.7B,Qwen3-1.7B (reasoning off),Qwen3,1.7,ita,synthetic,0.671,0.010508792383460605,2000,0.831,0.008381803344964427,2000,0.15999999999999992,0.013442073674561393,0.8074608904933815,0.015041648555130337,Italian,0.14220584589844,URIEL syntax_knn,ita,CC-MAIN-2026-21,53457335,/work/multilingual-gsm-symbolic/paper/artifacts/figures/transfer_features/languages.csv,7.728007304146603,Qwen/Qwen3-1.7B,0.3917287089159252,0.3110715194706032,1.2592882485114305,100,8629,22028,6111,19645
Qwen/Qwen3-1.7B,Qwen3-1.7B (reasoning off),Qwen3,1.7,jpn,original,0.58,0.0349874349304872,200,0.92,0.02726599243442908,100,0.3400000000000001,0.04435712960110719,0.6304347826086956,0.0423717500494533,Japanese,0.4998069870609444,URIEL syntax_knn,jpn,CC-MAIN-2026-21,118455052,/work/multilingual-gsm-symbolic/paper/artifacts/figures/transfer_features/languages.csv,8.073553587717582,Qwen/Qwen3-1.7B,0.7281824738550307,0.3110715194706032,2.340884421352001,100,8077,11092,6111,19645
Qwen/Qwen3-1.7B,Qwen3-1.7B (reasoning off),Qwen3,1.7,jpn,synthetic,0.55775,0.007853766917135834,4000,0.831,0.008381803344964427,2000,0.27325,0.011486351992793627,0.6711793020457281,0.011625450332095668,Japanese,0.4998069870609444,URIEL syntax_knn,jpn,CC-MAIN-2026-21,118455052,/work/multilingual-gsm-symbolic/paper/artifacts/figures/transfer_features/languages.csv,8.073553587717582,Qwen/Qwen3-1.7B,0.7281824738550307,0.3110715194706032,2.340884421352001,100,8077,11092,6111,19645
Qwen/Qwen3-1.7B,Qwen3-1.7B (reasoning off),Qwen3,1.7,mar,original,0.39,0.04902071300001972,100,0.92,0.02726599243442908,100,0.53,0.05609335652699565,0.42391304347826086,0.05474449956590065,Marathi,0.43515421744059357,URIEL syntax_knn,mar,CC-MAIN-2026-21,649289,/work/multilingual-gsm-symbolic/paper/artifacts/figures/transfer_features/languages.csv,5.812438045288022,Qwen/Qwen3-1.7B,1.1631330432367373,0.3110715194706032,3.7391177604951245,100,25126,21602,6111,19645
Qwen/Qwen3-1.7B,Qwen3-1.7B (reasoning off),Qwen3,1.7,mar,synthetic,0.304,0.010288096153381861,2000,0.831,0.008381803344964427,2000,0.5269999999999999,0.013270250554337228,0.3658243080625752,0.012918546024114932,Marathi,0.43515421744059357,URIEL syntax_knn,mar,CC-MAIN-2026-21,649289,/work/multilingual-gsm-symbolic/paper/artifacts/figures/transfer_features/languages.csv,5.812438045288022,Qwen/Qwen3-1.7B,1.1631330432367373,0.3110715194706032,3.7391177604951245,100,25126,21602,6111,19645
Qwen/Qwen3-1.7B,Qwen3-1.7B (reasoning off),Qwen3,1.7,nld,original,0.72,0.0451260859854213,100,0.92,0.02726599243442908,100,0.20000000000000007,0.0527237895052886,0.7826086956521738,0.05425752938723673,Dutch,0.07570690126642576,URIEL syntax_knn,nld,CC-MAIN-2026-21,39513234,/work/multilingual-gsm-symbolic/paper/artifacts/figures/transfer_features/languages.csv,7.596742576400662,Qwen/Qwen3-1.7B,0.39352324394543936,0.3110715194706032,1.2650571309618976,100,8482,21554,6111,19645
Qwen/Qwen3-1.7B,Qwen3-1.7B (reasoning off),Qwen3,1.7,nld,synthetic,0.643,0.010716012152766028,2000,0.831,0.008381803344964427,2000,0.18799999999999994,0.013604688301166111,0.7737665463297233,0.015073151733525142,Dutch,0.07570690126642576,URIEL syntax_knn,nld,CC-MAIN-2026-21,39513234,/work/multilingual-gsm-symbolic/paper/artifacts/figures/transfer_features/languages.csv,7.596742576400662,Qwen/Qwen3-1.7B,0.39352324394543936,0.3110715194706032,1.2650571309618976,100,8482,21554,6111,19645
Qwen/Qwen3-1.7B,Qwen3-1.7B (reasoning off),Qwen3,1.7,nob,original,0.63,0.04852365870939097,100,0.92,0.02726599243442908,100,0.29000000000000004,0.055659498721959376,0.6847826086956521,0.05651298066898072,Norwegian Bokmal,0.10138170956458059,URIEL syntax_knn,nor,CC-MAIN-2026-21,7148610,/work/multilingual-gsm-symbolic/paper/artifacts/figures/transfer_features/languages.csv,6.854221604316353,Qwen/Qwen3-1.7B,0.42304799157514666,0.3110715194706032,1.359970184011415,100,8436,19941,6111,19645
Qwen/Qwen3-1.7B,Qwen3-1.7B (reasoning off),Qwen3,1.7,nob,synthetic,0.6145,0.010885960089194327,2000,0.831,0.008381803344964427,2000,0.21649999999999991,0.013738950264746889,0.7394705174488568,0.015074359033412995,Norwegian Bokmal,0.10138170956458059,URIEL syntax_knn,nor,CC-MAIN-2026-21,7148610,/work/multilingual-gsm-symbolic/paper/artifacts/figures/transfer_features/languages.csv,6.854221604316353,Qwen/Qwen3-1.7B,0.42304799157514666,0.3110715194706032,1.359970184011415,100,8436,19941,6111,19645
Qwen/Qwen3-1.7B,Qwen3-1.7B (reasoning off),Qwen3,1.7,rus,original,0.72,0.045126085985421296,100,0.92,0.02726599243442908,100,0.20000000000000007,0.0527237895052886,0.7826086956521738,0.054257529387236714,Russian,0.18824593690905445,URIEL syntax_knn,rus,CC-MAIN-2026-21,138631119,/work/multilingual-gsm-symbolic/paper/artifacts/figures/transfer_features/languages.csv,8.141860728782362,Qwen/Qwen3-1.7B,0.4443868901864758,0.3110715194706032,1.4285682306845553,100,9437,21236,6111,19645
Qwen/Qwen3-1.7B,Qwen3-1.7B (reasoning off),Qwen3,1.7,rus,synthetic,0.641,0.010729261788644398,2000,0.831,0.008381803344964427,2000,0.18999999999999995,0.013615127096098724,0.7713598074608905,0.015074250994096774,Russian,0.18824593690905445,URIEL syntax_knn,rus,CC-MAIN-2026-21,138631119,/work/multilingual-gsm-symbolic/paper/artifacts/figures/transfer_features/languages.csv,8.141860728782362,Qwen/Qwen3-1.7B,0.4443868901864758,0.3110715194706032,1.4285682306845553,100,9437,21236,6111,19645
Qwen/Qwen3-1.7B,Qwen3-1.7B (reasoning off),Qwen3,1.7,ukr,original,0.7,0.04605661864718382,100,0.92,0.02726599243442908,100,0.22000000000000008,0.0535223921797827,0.7608695652173912,0.054905863183199684,Ukrainian,0.15273132616089036,URIEL syntax_knn,ukr,CC-MAIN-2026-21,17456210,/work/multilingual-gsm-symbolic/paper/artifacts/figures/transfer_features/languages.csv,7.2419499578829365,Qwen/Qwen3-1.7B,0.6400336810590822,0.3110715194706032,2.057512954411008,100,13682,21377,6111,19645
Qwen/Qwen3-1.7B,Qwen3-1.7B (reasoning off),Qwen3,1.7,ukr,synthetic,0.6115,0.010901527262192413,2000,0.831,0.008381803344964427,2000,0.21949999999999992,0.013751288083738964,0.7358604091456078,0.015072677158169512,Ukrainian,0.15273132616089036,URIEL syntax_knn,ukr,CC-MAIN-2026-21,17456210,/work/multilingual-gsm-symbolic/paper/artifacts/figures/transfer_features/languages.csv,7.2419499578829365,Qwen/Qwen3-1.7B,0.6400336810590822,0.3110715194706032,2.057512954411008,100,13682,21377,6111,19645
Qwen/Qwen3-1.7B,Qwen3-1.7B (reasoning off),Qwen3,1.7,urd,original,0.35,0.04793724854411023,100,0.92,0.02726599243442908,100,0.5700000000000001,0.05514901759246616,0.3804347826086956,0.05331161639961196,urd,0.3838046008442838,URIEL syntax_knn,urd,CC-MAIN-2026-21,682592,/work/multilingual-gsm-symbolic/paper/artifacts/figures/transfer_features/languages.csv,5.834161194027274,Qwen/Qwen3-1.7B,0.9048734770384255,0.3110715194706032,2.9088920727245737,100,17379,19206,6111,19645
Qwen/Qwen3-1.7B,Qwen3-1.7B (reasoning off),Qwen3,1.7,urd,synthetic,0.3975,0.0109456282774994,2000,0.831,0.008381803344964427,2000,0.43349999999999994,0.013786275991102577,0.47833935018050544,0.014027470395898425,urd,0.3838046008442838,URIEL syntax_knn,urd,CC-MAIN-2026-21,682592,/work/multilingual-gsm-symbolic/paper/artifacts/figures/transfer_features/languages.csv,5.834161194027274,Qwen/Qwen3-1.7B,0.9048734770384255,0.3110715194706032,2.9088920727245737,100,17379,19206,6111,19645
Qwen/Qwen3-1.7B,Qwen3-1.7B (reasoning off),Qwen3,1.7,zho,original,0.76,0.04292346959909278,100,0.92,0.02726599243442908,100,0.16000000000000003,0.050851338093098254,0.8260869565217391,0.0526894642983412,Chinese,0.2892275292349138,URIEL syntax_knn,zho,CC-MAIN-2026-21,102274716,/work/multilingual-gsm-symbolic/paper/artifacts/figures/transfer_features/languages.csv,8.009768282208015,Qwen/Qwen3-1.7B,0.9554681552905354,0.3110715194706032,3.071538522448465,100,7531,7882,6111,19645
Qwen/Qwen3-1.7B,Qwen3-1.7B (reasoning off),Qwen3,1.7,zho,synthetic,0.7345,0.009876925221237271,2000,0.831,0.008381803344964427,2000,0.09649999999999992,0.01295408349284386,0.8838748495788208,0.014857544277791278,Chinese,0.2892275292349138,URIEL syntax_knn,zho,CC-MAIN-2026-21,102274716,/work/multilingual-gsm-symbolic/paper/artifacts/figures/transfer_features/languages.csv,8.009768282208015,Qwen/Qwen3-1.7B,0.9554681552905354,0.3110715194706032,3.071538522448465,100,7531,7882,6111,19645
Qwen/Qwen3-14B,Qwen3-14B,Qwen3,14.0,ara,original,0.92,0.027265992434429065,100,0.96,0.019694638556693237,100,0.039999999999999925,0.03363499860730086,0.9583333333333334,0.03454288704844459,Arabic,0.34901322303461213,URIEL syntax_knn,ara,CC-MAIN-2026-21,14123579,/work/multilingual-gsm-symbolic/paper/artifacts/figures/transfer_features/languages.csv,7.149944763500101,Qwen/Qwen3-14B,0.5197614136796923,0.3110715194706032,1.6708743203628793,100,9324,17939,6111,19645
Qwen/Qwen3-14B,Qwen3-14B,Qwen3,14.0,ara,synthetic,0.931,0.005668824197652628,2000,0.9625,0.004249223805764499,2000,0.03149999999999997,0.007084593900525823,0.9672727272727273,0.007274876790321196,Arabic,0.34901322303461213,URIEL syntax_knn,ara,CC-MAIN-2026-21,14123579,/work/multilingual-gsm-symbolic/paper/artifacts/figures/transfer_features/languages.csv,7.149944763500101,Qwen/Qwen3-14B,0.5197614136796923,0.3110715194706032,1.6708743203628793,100,9324,17939,6111,19645
Qwen/Qwen3-14B,Qwen3-14B,Qwen3,14.0,dan,original,0.965,0.013027801736688048,200,0.96,0.019694638556693237,100,-0.0050000000000000044,0.0236136063736406,1.0052083333333333,0.024686694165275733,Danish,0.11992176734660287,URIEL syntax_knn,dan,CC-MAIN-2026-21,11404389,/work/multilingual-gsm-symbolic/paper/artifacts/figures/transfer_features/languages.csv,7.057072022533615,Qwen/Qwen3-14B,0.42498758072528564,0.3110715194706032,1.3662053711910058,100,8555,20130,6111,19645
Qwen/Qwen3-14B,Qwen3-14B,Qwen3,14.0,dan,synthetic,0.9375,0.003827806228785789,4000,0.9625,0.004249223805764499,2000,0.025000000000000022,0.005719091140785135,0.974025974025974,0.005857217464436656,Danish,0.11992176734660287,URIEL syntax_knn,dan,CC-MAIN-2026-21,11404389,/work/multilingual-gsm-symbolic/paper/artifacts/figures/transfer_features/languages.csv,7.057072022533615,Qwen/Qwen3-14B,0.42498758072528564,0.3110715194706032,1.3662053711910058,100,8555,20130,6111,19645
Qwen/Qwen3-14B,Qwen3-14B,Qwen3,14.0,deu,original,0.93,0.01808689244707227,200,0.96,0.019694638556693237,100,0.029999999999999916,0.02673975441679949,0.9687500000000001,0.027385153770512705,German,0.09745802098497969,URIEL syntax_knn,deu,CC-MAIN-2026-21,129221452,/work/multilingual-gsm-symbolic/paper/artifacts/figures/transfer_features/languages.csv,8.111334616692115,Qwen/Qwen3-14B,0.3681071698784993,0.3110715194706032,1.1833522095014104,100,8271,22469,6111,19645
Qwen/Qwen3-14B,Qwen3-14B,Qwen3,14.0,deu,synthetic,0.9205,0.004277792933054917,4000,0.9625,0.004249223805764499,2000,0.04200000000000004,0.00602954520088956,0.9563636363636363,0.006130223037378147,German,0.09745802098497969,URIEL syntax_knn,deu,CC-MAIN-2026-21,129221452,/work/multilingual-gsm-symbolic/paper/artifacts/figures/transfer_features/languages.csv,8.111334616692115,Qwen/Qwen3-14B,0.3681071698784993,0.3110715194706032,1.1833522095014104,100,8271,22469,6111,19645
Qwen/Qwen3-14B,Qwen3-14B,Qwen3,14.0,est,original,0.91,0.020286887118154018,200,0.96,0.019694638556693237,100,0.04999999999999993,0.0282743094844686,0.9479166666666667,0.02871836886481729,Estonian,0.22659791675913576,URIEL syntax_knn,est,CC-MAIN-2026-21,3089989,/work/multilingual-gsm-symbolic/paper/artifacts/figures/transfer_features/languages.csv,6.489956933389947,Qwen/Qwen3-14B,0.4884087994475683,0.3110715194706032,1.5700852340283882,100,9902,20274,6111,19645
Qwen/Qwen3-14B,Qwen3-14B,Qwen3,14.0,est,synthetic,0.9155,0.004398269397549829,4000,0.9625,0.004249223805764499,2000,0.04700000000000004,0.006115609261954124,0.9511688311688311,0.006206029109935252,Estonian,0.22659791675913576,URIEL syntax_knn,est,CC-MAIN-2026-21,3089989,/work/multilingual-gsm-symbolic/paper/artifacts/figures/transfer_features/languages.csv,6.489956933389947,Qwen/Qwen3-14B,0.4884087994475683,0.3110715194706032,1.5700852340283882,100,9902,20274,6111,19645
Qwen/Qwen3-14B,Qwen3-14B,Qwen3,14.0,fra,original,0.94,0.023868325657594204,100,0.96,0.019694638556693237,100,0.020000000000000018,0.03094472099689635,0.9791666666666666,0.03196376684685379,French,0.18824593690905445,URIEL syntax_knn,fra,CC-MAIN-2026-21,102728618,/work/multilingual-gsm-symbolic/paper/artifacts/figures/transfer_features/languages.csv,8.011691445624011,Qwen/Qwen3-14B,0.372296302903269,0.3110715194706032,1.1968189937055669,100,8348,22423,6111,19645
Qwen/Qwen3-14B,Qwen3-14B,Qwen3,14.0,fra,synthetic,0.9095,0.006416810947142332,2000,0.9625,0.004249223805764499,2000,0.05300000000000005,0.007696191635012827,0.9449350649350649,0.007864435441181844,French,0.18824593690905445,URIEL syntax_knn,fra,CC-MAIN-2026-21,102728618,/work/multilingual-gsm-symbolic/paper/artifacts/figures/transfer_features/languages.csv,8.011691445624011,Qwen/Qwen3-14B,0.372296302903269,0.3110715194706032,1.1968189937055669,100,8348,22423,6111,19645
Qwen/Qwen3-14B,Qwen3-14B,Qwen3,14.0,hin,original,0.85,0.035887028128263665,100,0.96,0.019694638556693237,100,0.10999999999999999,0.04093601807403323,0.8854166666666666,0.04156186402318979,Hindi,0.3838046008442838,URIEL syntax_knn,hin,CC-MAIN-2026-21,4774018,/work/multilingual-gsm-symbolic/paper/artifacts/figures/transfer_features/languages.csv,6.678884052141607,Qwen/Qwen3-14B,1.1958312405826217,0.3110715194706032,3.844232485885388,100,23809,19910,6111,19645
Qwen/Qwen3-14B,Qwen3-14B,Qwen3,14.0,hin,synthetic,0.8875,0.007067308428547037,2000,0.9625,0.004249223805764499,2000,0.07500000000000007,0.008246378076203377,0.922077922077922,0.008395581625445491,Hindi,0.3838046008442838,URIEL syntax_knn,hin,CC-MAIN-2026-21,4774018,/work/multilingual-gsm-symbolic/paper/artifacts/figures/transfer_features/languages.csv,6.678884052141607,Qwen/Qwen3-14B,1.1958312405826217,0.3110715194706032,3.844232485885388,100,23809,19910,6111,19645
Qwen/Qwen3-14B,Qwen3-14B,Qwen3,14.0,isl,original,0.93,0.025643239997624277,100,0.96,0.019694638556693237,100,0.029999999999999916,0.03233348953414316,0.9687500000000001,0.033294099780242864,Icelandic,0.13127809128711687,URIEL syntax_knn,isl,CC-MAIN-2026-21,777022,/work/multilingual-gsm-symbolic/paper/artifacts/figures/transfer_features/languages.csv,5.890433315253091,Qwen/Qwen3-14B,0.5361037713187605,0.3110715194706032,1.7234100126913845,100,11159,20815,6111,19645
Qwen/Qwen3-14B,Qwen3-14B,Qwen3,14.0,isl,synthetic,0.884,0.007162237696726642,2000,0.9625,0.004249223805764499,2000,0.07850000000000001,0.008327877987572098,0.9184415584415584,0.008474281943740475,Icelandic,0.13127809128711687,URIEL syntax_knn,isl,CC-MAIN-2026-21,777022,/work/multilingual-gsm-symbolic/paper/artifacts/figures/transfer_features/languages.csv,5.890433315253091,Qwen/Qwen3-14B,0.5361037713187605,0.3110715194706032,1.7234100126913845,100,11159,20815,6111,19645
Qwen/Qwen3-14B,Qwen3-14B,Qwen3,14.0,ita,original,0.95,0.02190429135575903,100,0.96,0.019694638556693237,100,0.010000000000000009,0.02945635360455818,0.9895833333333334,0.030541234065299128,Italian,0.14220584589844,URIEL syntax_knn,ita,CC-MAIN-2026-21,53457335,/work/multilingual-gsm-symbolic/paper/artifacts/figures/transfer_features/languages.csv,7.728007304146603,Qwen/Qwen3-14B,0.3917287089159252,0.3110715194706032,1.2592882485114305,100,8629,22028,6111,19645
Qwen/Qwen3-14B,Qwen3-14B,Qwen3,14.0,ita,synthetic,0.932,0.005630617366325205,2000,0.9625,0.004249223805764499,2000,0.03049999999999997,0.007054059460866397,0.9683116883116883,0.007245482440174283,Italian,0.14220584589844,URIEL syntax_knn,ita,CC-MAIN-2026-21,53457335,/work/multilingual-gsm-symbolic/paper/artifacts/figures/transfer_features/languages.csv,7.728007304146603,Qwen/Qwen3-14B,0.3917287089159252,0.3110715194706032,1.2592882485114305,100,8629,22028,6111,19645
Qwen/Qwen3-14B,Qwen3-14B,Qwen3,14.0,jpn,original,0.945,0.016161092305986408,200,0.96,0.019694638556693237,100,0.015000000000000013,0.025476649944633636,0.984375,0.02629116269264661,Japanese,0.4998069870609444,URIEL syntax_knn,jpn,CC-MAIN-2026-21,118455052,/work/multilingual-gsm-symbolic/paper/artifacts/figures/transfer_features/languages.csv,8.073553587717582,Qwen/Qwen3-14B,0.7281824738550307,0.3110715194706032,2.340884421352001,100,8077,11092,6111,19645
Qwen/Qwen3-14B,Qwen3-14B,Qwen3,14.0,jpn,synthetic,0.91325,0.0044509619342941046,4000,0.9625,0.004249223805764499,2000,0.049250000000000016,0.006153613986269439,0.9488311688311688,0.006239516053691157,Japanese,0.4998069870609444,URIEL syntax_knn,jpn,CC-MAIN-2026-21,118455052,/work/multilingual-gsm-symbolic/paper/artifacts/figures/transfer_features/languages.csv,8.073553587717582,Qwen/Qwen3-14B,0.7281824738550307,0.3110715194706032,2.340884421352001,100,8077,11092,6111,19645
Qwen/Qwen3-14B,Qwen3-14B,Qwen3,14.0,mar,original,0.93,0.025643239997624277,100,0.96,0.019694638556693237,100,0.029999999999999916,0.03233348953414316,0.9687500000000001,0.033294099780242864,Marathi,0.43515421744059357,URIEL syntax_knn,mar,CC-MAIN-2026-21,649289,/work/multilingual-gsm-symbolic/paper/artifacts/figures/transfer_features/languages.csv,5.812438045288022,Qwen/Qwen3-14B,1.1631330432367373,0.3110715194706032,3.7391177604951245,100,25126,21602,6111,19645
Qwen/Qwen3-14B,Qwen3-14B,Qwen3,14.0,mar,synthetic,0.9025,0.006634672896399727,2000,0.9625,0.004249223805764499,2000,0.06000000000000005,0.007878755447004107,0.9376623376623376,0.008040633980454957,Marathi,0.43515421744059357,URIEL syntax_knn,mar,CC-MAIN-2026-21,649289,/work/multilingual-gsm-symbolic/paper/artifacts/figures/transfer_features/languages.csv,5.812438045288022,Qwen/Qwen3-14B,1.1631330432367373,0.3110715194706032,3.7391177604951245,100,25126,21602,6111,19645
Qwen/Qwen3-14B,Qwen3-14B,Qwen3,14.0,nld,original,0.93,0.025643239997624277,100,0.96,0.019694638556693237,100,0.029999999999999916,0.03233348953414316,0.9687500000000001,0.033294099780242864,Dutch,0.07570690126642576,URIEL syntax_knn,nld,CC-MAIN-2026-21,39513234,/work/multilingual-gsm-symbolic/paper/artifacts/figures/transfer_features/languages.csv,7.596742576400662,Qwen/Qwen3-14B,0.39352324394543936,0.3110715194706032,1.2650571309618976,100,8482,21554,6111,19645
Qwen/Qwen3-14B,Qwen3-14B,Qwen3,14.0,nld,synthetic,0.92,0.006067817499282778,2000,0.9625,0.004249223805764499,2000,0.04249999999999998,0.007407719767653069,0.9558441558441558,0.007586192225492963,Dutch,0.07570690126642576,URIEL syntax_knn,nld,CC-MAIN-2026-21,39513234,/work/multilingual-gsm-symbolic/paper/artifacts/figures/transfer_features/languages.csv,7.596742576400662,Qwen/Qwen3-14B,0.39352324394543936,0.3110715194706032,1.2650571309618976,100,8482,21554,6111,19645
Qwen/Qwen3-14B,Qwen3-14B,Qwen3,14.0,nob,original,0.96,0.01969463855669324,100,0.96,0.019694638556693237,100,0.0,0.027852424952911656,1.0,0.02901294265928298,Norwegian Bokmal,0.10138170956458059,URIEL syntax_knn,nor,CC-MAIN-2026-21,7148610,/work/multilingual-gsm-symbolic/paper/artifacts/figures/transfer_features/languages.csv,6.854221604316353,Qwen/Qwen3-14B,0.42304799157514666,0.3110715194706032,1.359970184011415,100,8436,19941,6111,19645
Qwen/Qwen3-14B,Qwen3-14B,Qwen3,14.0,nob,synthetic,0.929,0.005744214306500023,2000,0.9625,0.004249223805764499,2000,0.033499999999999974,0.007145061297880885,0.9651948051948053,0.007333099730172431,Norwegian Bokmal,0.10138170956458059,URIEL syntax_knn,nor,CC-MAIN-2026-21,7148610,/work/multilingual-gsm-symbolic/paper/artifacts/figures/transfer_features/languages.csv,6.854221604316353,Qwen/Qwen3-14B,0.42304799157514666,0.3110715194706032,1.359970184011415,100,8436,19941,6111,19645
Qwen/Qwen3-14B,Qwen3-14B,Qwen3,14.0,rus,original,0.93,0.025643239997624277,100,0.96,0.019694638556693237,100,0.029999999999999916,0.03233348953414316,0.9687500000000001,0.033294099780242864,Russian,0.18824593690905445,URIEL syntax_knn,rus,CC-MAIN-2026-21,138631119,/work/multilingual-gsm-symbolic/paper/artifacts/figures/transfer_features/languages.csv,8.141860728782362,Qwen/Qwen3-14B,0.4443868901864758,0.3110715194706032,1.4285682306845553,100,9437,21236,6111,19645
Qwen/Qwen3-14B,Qwen3-14B,Qwen3,14.0,rus,synthetic,0.8975,0.006783795762143151,2000,0.9625,0.004249223805764499,2000,0.06500000000000006,0.008004735341905258,0.9324675324675324,0.008162255063426528,Russian,0.18824593690905445,URIEL syntax_knn,rus,CC-MAIN-2026-21,138631119,/work/multilingual-gsm-symbolic/paper/artifacts/figures/transfer_features/languages.csv,8.141860728782362,Qwen/Qwen3-14B,0.4443868901864758,0.3110715194706032,1.4285682306845553,100,9437,21236,6111,19645
Qwen/Qwen3-14B,Qwen3-14B,Qwen3,14.0,ukr,original,0.94,0.023868325657594208,100,0.96,0.019694638556693237,100,0.020000000000000018,0.03094472099689635,0.9791666666666666,0.0319637668468538,Ukrainian,0.15273132616089036,URIEL syntax_knn,ukr,CC-MAIN-2026-21,17456210,/work/multilingual-gsm-symbolic/paper/artifacts/figures/transfer_features/languages.csv,7.2419499578829365,Qwen/Qwen3-14B,0.6400336810590822,0.3110715194706032,2.057512954411008,100,13682,21377,6111,19645
Qwen/Qwen3-14B,Qwen3-14B,Qwen3,14.0,ukr,synthetic,0.9215,0.006015560529513617,2000,0.9625,0.004249223805764499,2000,0.041000000000000036,0.007364975996954633,0.9574025974025974,0.007544986672019619,Ukrainian,0.15273132616089036,URIEL syntax_knn,ukr,CC-MAIN-2026-21,17456210,/work/multilingual-gsm-symbolic/paper/artifacts/figures/transfer_features/languages.csv,7.2419499578829365,Qwen/Qwen3-14B,0.6400336810590822,0.3110715194706032,2.057512954411008,100,13682,21377,6111,19645
Qwen/Qwen3-14B,Qwen3-14B,Qwen3,14.0,urd,original,0.92,0.027265992434429075,100,0.96,0.019694638556693237,100,0.039999999999999925,0.03363499860730087,0.9583333333333334,0.0345428870484446,urd,0.3838046008442838,URIEL syntax_knn,urd,CC-MAIN-2026-21,682592,/work/multilingual-gsm-symbolic/paper/artifacts/figures/transfer_features/languages.csv,5.834161194027274,Qwen/Qwen3-14B,0.9048734770384255,0.3110715194706032,2.9088920727245737,100,17379,19206,6111,19645
Qwen/Qwen3-14B,Qwen3-14B,Qwen3,14.0,urd,synthetic,0.922,0.0059979986657215136,2000,0.9625,0.004249223805764499,2000,0.04049999999999998,0.007350638812067479,0.957922077922078,0.007531166934531799,urd,0.3838046008442838,URIEL syntax_knn,urd,CC-MAIN-2026-21,682592,/work/multilingual-gsm-symbolic/paper/artifacts/figures/transfer_features/languages.csv,5.834161194027274,Qwen/Qwen3-14B,0.9048734770384255,0.3110715194706032,2.9088920727245737,100,17379,19206,6111,19645
Qwen/Qwen3-14B,Qwen3-14B,Qwen3,14.0,zho,original,0.95,0.021904291355759033,100,0.96,0.019694638556693237,100,0.010000000000000009,0.029456353604558182,0.9895833333333334,0.03054123406529913,Chinese,0.2892275292349138,URIEL syntax_knn,zho,CC-MAIN-2026-21,102274716,/work/multilingual-gsm-symbolic/paper/artifacts/figures/transfer_features/languages.csv,8.009768282208015,Qwen/Qwen3-14B,0.9554681552905354,0.3110715194706032,3.071538522448465,100,7531,7882,6111,19645
Qwen/Qwen3-14B,Qwen3-14B,Qwen3,14.0,zho,synthetic,0.9415,0.005249061947211407,2000,0.9625,0.004249223805764499,2000,0.02100000000000002,0.006753410566309332,0.9781818181818182,0.006956327580796559,Chinese,0.2892275292349138,URIEL syntax_knn,zho,CC-MAIN-2026-21,102274716,/work/multilingual-gsm-symbolic/paper/artifacts/figures/transfer_features/languages.csv,8.009768282208015,Qwen/Qwen3-14B,0.9554681552905354,0.3110715194706032,3.071538522448465,100,7531,7882,6111,19645
Qwen/Qwen3-14B,Qwen3-14B (reasoning off),Qwen3,14.0,ara,original,0.91,0.02876234912646613,100,0.96,0.019694638556693237,100,0.04999999999999993,0.03485902343944125,0.9479166666666667,0.03571868261056852,Arabic,0.34901322303461213,URIEL syntax_knn,ara,CC-MAIN-2026-21,14123579,/work/multilingual-gsm-symbolic/paper/artifacts/figures/transfer_features/languages.csv,7.149944763500101,Qwen/Qwen3-14B,0.5197614136796923,0.3110715194706032,1.6708743203628793,100,9324,17939,6111,19645
Qwen/Qwen3-14B,Qwen3-14B (reasoning off),Qwen3,14.0,ara,synthetic,0.9115,0.00635248392567923,2000,0.9645,0.0041386518601604794,2000,0.05300000000000005,0.007581720863077379,0.9450492483151892,0.007734589370711112,Arabic,0.34901322303461213,URIEL syntax_knn,ara,CC-MAIN-2026-21,14123579,/work/multilingual-gsm-symbolic/paper/artifacts/figures/transfer_features/languages.csv,7.149944763500101,Qwen/Qwen3-14B,0.5197614136796923,0.3110715194706032,1.6708743203628793,100,9324,17939,6111,19645
Qwen/Qwen3-14B,Qwen3-14B (reasoning off),Qwen3,14.0,dan,original,0.955,0.01469539975194097,200,0.96,0.019694638556693237,100,0.0050000000000000044,0.02457302508337414,0.9947916666666666,0.025511343465054598,Danish,0.11992176734660287,URIEL syntax_knn,dan,CC-MAIN-2026-21,11404389,/work/multilingual-gsm-symbolic/paper/artifacts/figures/transfer_features/languages.csv,7.057072022533615,Qwen/Qwen3-14B,0.42498758072528564,0.3110715194706032,1.3662053711910058,100,8555,20130,6111,19645
Qwen/Qwen3-14B,Qwen3-14B (reasoning off),Qwen3,14.0,dan,synthetic,0.92475,0.004171475719385088,4000,0.9645,0.0041386518601604794,2000,0.03975000000000006,0.005876193401942208,0.9587869362363919,0.005969243546981652,Danish,0.11992176734660287,URIEL syntax_knn,dan,CC-MAIN-2026-21,11404389,/work/multilingual-gsm-symbolic/paper/artifacts/figures/transfer_features/languages.csv,7.057072022533615,Qwen/Qwen3-14B,0.42498758072528564,0.3110715194706032,1.3662053711910058,100,8555,20130,6111,19645
Qwen/Qwen3-14B,Qwen3-14B (reasoning off),Qwen3,14.0,deu,original,0.93,0.01808689244707227,200,0.96,0.019694638556693237,100,0.029999999999999916,0.02673975441679949,0.9687500000000001,0.027385153770512705,German,0.09745802098497969,URIEL syntax_knn,deu,CC-MAIN-2026-21,129221452,/work/multilingual-gsm-symbolic/paper/artifacts/figures/transfer_features/languages.csv,8.111334616692115,Qwen/Qwen3-14B,0.3681071698784993,0.3110715194706032,1.1833522095014104,100,8271,22469,6111,19645
Qwen/Qwen3-14B,Qwen3-14B (reasoning off),Qwen3,14.0,deu,synthetic,0.91275,0.00446254837054904,4000,0.9645,0.0041386518601604794,2000,0.051750000000000074,0.006086277777024286,0.9463452566096422,0.006156051342413713,German,0.09745802098497969,URIEL syntax_knn,deu,CC-MAIN-2026-21,129221452,/work/multilingual-gsm-symbolic/paper/artifacts/figures/transfer_features/languages.csv,8.111334616692115,Qwen/Qwen3-14B,0.3681071698784993,0.3110715194706032,1.1833522095014104,100,8271,22469,6111,19645
Qwen/Qwen3-14B,Qwen3-14B (reasoning off),Qwen3,14.0,est,original,0.855,0.02495976662047832,200,0.96,0.019694638556693237,100,0.10499999999999998,0.031794162005430046,0.890625,0.031777840830584256,Estonian,0.22659791675913576,URIEL syntax_knn,est,CC-MAIN-2026-21,3089989,/work/multilingual-gsm-symbolic/paper/artifacts/figures/transfer_features/languages.csv,6.489956933389947,Qwen/Qwen3-14B,0.4884087994475683,0.3110715194706032,1.5700852340283882,100,9902,20274,6111,19645
Qwen/Qwen3-14B,Qwen3-14B (reasoning off),Qwen3,14.0,est,synthetic,0.861,0.0054705787452473415,4000,0.9645,0.0041386518601604794,2000,0.10350000000000004,0.006859713625769065,0.8926905132192846,0.00684424501000288,Estonian,0.22659791675913576,URIEL syntax_knn,est,CC-MAIN-2026-21,3089989,/work/multilingual-gsm-symbolic/paper/artifacts/figures/transfer_features/languages.csv,6.489956933389947,Qwen/Qwen3-14B,0.4884087994475683,0.3110715194706032,1.5700852340283882,100,9902,20274,6111,19645
Qwen/Qwen3-14B,Qwen3-14B (reasoning off),Qwen3,14.0,fra,original,0.95,0.021904291355759036,100,0.96,0.019694638556693237,100,0.010000000000000009,0.029456353604558182,0.9895833333333334,0.03054123406529913,French,0.18824593690905445,URIEL syntax_knn,fra,CC-MAIN-2026-21,102728618,/work/multilingual-gsm-symbolic/paper/artifacts/figures/transfer_features/languages.csv,8.011691445624011,Qwen/Qwen3-14B,0.372296302903269,0.3110715194706032,1.1968189937055669,100,8348,22423,6111,19645
Qwen/Qwen3-14B,Qwen3-14B (reasoning off),Qwen3,14.0,fra,synthetic,0.9085,0.0064486174745961465,2000,0.9645,0.0041386518601604794,2000,0.05600000000000005,0.007662447817328127,0.9419388284085017,0.007812725242590253,French,0.18824593690905445,URIEL syntax_knn,fra,CC-MAIN-2026-21,102728618,/work/multilingual-gsm-symbolic/paper/artifacts/figures/transfer_features/languages.csv,8.011691445624011,Qwen/Qwen3-14B,0.372296302903269,0.3110715194706032,1.1968189937055669,100,8348,22423,6111,19645
Qwen/Qwen3-14B,Qwen3-14B (reasoning off),Qwen3,14.0,hin,original,0.86,0.034873508801977704,100,0.96,0.019694638556693237,100,0.09999999999999998,0.040050473206198256,0.8958333333333334,0.040710927787519335,Hindi,0.3838046008442838,URIEL syntax_knn,hin,CC-MAIN-2026-21,4774018,/work/multilingual-gsm-symbolic/paper/artifacts/figures/transfer_features/languages.csv,6.678884052141607,Qwen/Qwen3-14B,1.1958312405826217,0.3110715194706032,3.844232485885388,100,23809,19910,6111,19645
Qwen/Qwen3-14B,Qwen3-14B (reasoning off),Qwen3,14.0,hin,synthetic,0.857,0.007829824587852415,2000,0.9645,0.0041386518601604794,2000,0.10750000000000004,0.008856330633854409,0.8885432866770347,0.008968779702383836,Hindi,0.3838046008442838,URIEL syntax_knn,hin,CC-MAIN-2026-21,4774018,/work/multilingual-gsm-symbolic/paper/artifacts/figures/transfer_features/languages.csv,6.678884052141607,Qwen/Qwen3-14B,1.1958312405826217,0.3110715194706032,3.844232485885388,100,23809,19910,6111,19645
Qwen/Qwen3-14B,Qwen3-14B (reasoning off),Qwen3,14.0,isl,original,0.82,0.038612291966536906,100,0.96,0.019694638556693237,100,0.14,0.04334498677803326,0.8541666666666666,0.0438726668705608,Icelandic,0.13127809128711687,URIEL syntax_knn,isl,CC-MAIN-2026-21,777022,/work/multilingual-gsm-symbolic/paper/artifacts/figures/transfer_features/languages.csv,5.890433315253091,Qwen/Qwen3-14B,0.5361037713187605,0.3110715194706032,1.7234100126913845,100,11159,20815,6111,19645
Qwen/Qwen3-14B,Qwen3-14B (reasoning off),Qwen3,14.0,isl,synthetic,0.8075,0.008818205904700161,2000,0.9645,0.0041386518601604794,2000,0.15700000000000003,0.009741108489145297,0.8372213582166925,0.009823257654073247,Icelandic,0.13127809128711687,URIEL syntax_knn,isl,CC-MAIN-2026-21,777022,/work/multilingual-gsm-symbolic/paper/artifacts/figures/transfer_features/languages.csv,5.890433315253091,Qwen/Qwen3-14B,0.5361037713187605,0.3110715194706032,1.7234100126913845,100,11159,20815,6111,19645
Qwen/Qwen3-14B,Qwen3-14B (reasoning off),Qwen3,14.0,ita,original,0.94,0.0238683256575942,100,0.96,0.019694638556693237,100,0.020000000000000018,0.030944720996896345,0.9791666666666666,0.03196376684685379,Italian,0.14220584589844,URIEL syntax_knn,ita,CC-MAIN-2026-21,53457335,/work/multilingual-gsm-symbolic/paper/artifacts/figures/transfer_features/languages.csv,7.728007304146603,Qwen/Qwen3-14B,0.3917287089159252,0.3110715194706032,1.2592882485114305,100,8629,22028,6111,19645
Qwen/Qwen3-14B,Qwen3-14B (reasoning off),Qwen3,14.0,ita,synthetic,0.9255,0.005872999324070303,2000,0.9645,0.0041386518601604794,2000,0.039000000000000035,0.007184744969735532,0.9595645412130638,0.007350613421146462,Italian,0.14220584589844,URIEL syntax_knn,ita,CC-MAIN-2026-21,53457335,/work/multilingual-gsm-symbolic/paper/artifacts/figures/transfer_features/languages.csv,7.728007304146603,Qwen/Qwen3-14B,0.3917287089159252,0.3110715194706032,1.2592882485114305,100,8629,22028,6111,19645
Qwen/Qwen3-14B,Qwen3-14B (reasoning off),Qwen3,14.0,jpn,original,0.9,0.02126643615025008,200,0.96,0.019694638556693237,100,0.05999999999999994,0.028985170249826914,0.9375000000000001,0.02933675105566231,Japanese,0.4998069870609444,URIEL syntax_knn,jpn,CC-MAIN-2026-21,118455052,/work/multilingual-gsm-symbolic/paper/artifacts/figures/transfer_features/languages.csv,8.073553587717582,Qwen/Qwen3-14B,0.7281824738550307,0.3110715194706032,2.340884421352001,100,8077,11092,6111,19645
Qwen/Qwen3-14B,Qwen3-14B (reasoning off),Qwen3,14.0,jpn,synthetic,0.881,0.005120185941547338,4000,0.9645,0.0041386518601604794,2000,0.08350000000000002,0.00658367247785222,0.9134266459305339,0.0065987987491238475,Japanese,0.4998069870609444,URIEL syntax_knn,jpn,CC-MAIN-2026-21,118455052,/work/multilingual-gsm-symbolic/paper/artifacts/figures/transfer_features/languages.csv,8.073553587717582,Qwen/Qwen3-14B,0.7281824738550307,0.3110715194706032,2.340884421352001,100,8077,11092,6111,19645
Qwen/Qwen3-14B,Qwen3-14B (reasoning off),Qwen3,14.0,mar,original,0.86,0.034873508801977704,100,0.96,0.019694638556693237,100,0.09999999999999998,0.040050473206198256,0.8958333333333334,0.040710927787519335,Marathi,0.43515421744059357,URIEL syntax_knn,mar,CC-MAIN-2026-21,649289,/work/multilingual-gsm-symbolic/paper/artifacts/figures/transfer_features/languages.csv,5.812438045288022,Qwen/Qwen3-14B,1.1631330432367373,0.3110715194706032,3.7391177604951245,100,25126,21602,6111,19645
Qwen/Qwen3-14B,Qwen3-14B (reasoning off),Qwen3,14.0,mar,synthetic,0.8375,0.00825111601286328,2000,0.9645,0.0041386518601604794,2000,0.127,0.00923089132626631,0.8683255572835666,0.009331004829186395,Marathi,0.43515421744059357,URIEL syntax_knn,mar,CC-MAIN-2026-21,649289,/work/multilingual-gsm-symbolic/paper/artifacts/figures/transfer_features/languages.csv,5.812438045288022,Qwen/Qwen3-14B,1.1631330432367373,0.3110715194706032,3.7391177604951245,100,25126,21602,6111,19645
Qwen/Qwen3-14B,Qwen3-14B (reasoning off),Qwen3,14.0,nld,original,0.89,0.031446603773522014,100,0.96,0.019694638556693237,100,0.06999999999999995,0.037104820128491076,0.9270833333333334,0.037878075452755997,Dutch,0.07570690126642576,URIEL syntax_knn,nld,CC-MAIN-2026-21,39513234,/work/multilingual-gsm-symbolic/paper/artifacts/figures/transfer_features/languages.csv,7.596742576400662,Qwen/Qwen3-14B,0.39352324394543936,0.3110715194706032,1.2650571309618976,100,8482,21554,6111,19645
Qwen/Qwen3-14B,Qwen3-14B (reasoning off),Qwen3,14.0,nld,synthetic,0.892,0.006942052725817057,2000,0.9645,0.0041386518601604794,2000,0.07250000000000001,0.008082112054879827,0.9248315189217211,0.00821908988211791,Dutch,0.07570690126642576,URIEL syntax_knn,nld,CC-MAIN-2026-21,39513234,/work/multilingual-gsm-symbolic/paper/artifacts/figures/transfer_features/languages.csv,7.596742576400662,Qwen/Qwen3-14B,0.39352324394543936,0.3110715194706032,1.2650571309618976,100,8482,21554,6111,19645
Qwen/Qwen3-14B,Qwen3-14B (reasoning off),Qwen3,14.0,nob,original,0.94,0.023868325657594208,100,0.96,0.019694638556693237,100,0.020000000000000018,0.03094472099689635,0.9791666666666666,0.0319637668468538,Norwegian Bokmal,0.10138170956458059,URIEL syntax_knn,nor,CC-MAIN-2026-21,7148610,/work/multilingual-gsm-symbolic/paper/artifacts/figures/transfer_features/languages.csv,6.854221604316353,Qwen/Qwen3-14B,0.42304799157514666,0.3110715194706032,1.359970184011415,100,8436,19941,6111,19645
Qwen/Qwen3-14B,Qwen3-14B (reasoning off),Qwen3,14.0,nob,synthetic,0.9285,0.005762853480709021,2000,0.9645,0.0041386518601604794,2000,0.03600000000000003,0.00709499256234493,0.9626749611197511,0.007263875189197384,Norwegian Bokmal,0.10138170956458059,URIEL syntax_knn,nor,CC-MAIN-2026-21,7148610,/work/multilingual-gsm-symbolic/paper/artifacts/figures/transfer_features/languages.csv,6.854221604316353,Qwen/Qwen3-14B,0.42304799157514666,0.3110715194706032,1.359970184011415,100,8436,19941,6111,19645
Qwen/Qwen3-14B,Qwen3-14B (reasoning off),Qwen3,14.0,rus,original,0.94,0.0238683256575942,100,0.96,0.019694638556693237,100,0.020000000000000018,0.030944720996896345,0.9791666666666666,0.03196376684685379,Russian,0.18824593690905445,URIEL syntax_knn,rus,CC-MAIN-2026-21,138631119,/work/multilingual-gsm-symbolic/paper/artifacts/figures/transfer_features/languages.csv,8.141860728782362,Qwen/Qwen3-14B,0.4443868901864758,0.3110715194706032,1.4285682306845553,100,9437,21236,6111,19645
Qwen/Qwen3-14B,Qwen3-14B (reasoning off),Qwen3,14.0,rus,synthetic,0.892,0.006942052725817061,2000,0.9645,0.0041386518601604794,2000,0.07250000000000001,0.00808211205487983,0.9248315189217211,0.008219089882117914,Russian,0.18824593690905445,URIEL syntax_knn,rus,CC-MAIN-2026-21,138631119,/work/multilingual-gsm-symbolic/paper/artifacts/figures/transfer_features/languages.csv,8.141860728782362,Qwen/Qwen3-14B,0.4443868901864758,0.3110715194706032,1.4285682306845553,100,9437,21236,6111,19645
Qwen/Qwen3-14B,Qwen3-14B (reasoning off),Qwen3,14.0,ukr,original,0.95,0.02190429135575903,100,0.96,0.019694638556693237,100,0.010000000000000009,0.02945635360455818,0.9895833333333334,0.030541234065299128,Ukrainian,0.15273132616089036,URIEL syntax_knn,ukr,CC-MAIN-2026-21,17456210,/work/multilingual-gsm-symbolic/paper/artifacts/figures/transfer_features/languages.csv,7.2419499578829365,Qwen/Qwen3-14B,0.6400336810590822,0.3110715194706032,2.057512954411008,100,13682,21377,6111,19645
Qwen/Qwen3-14B,Qwen3-14B (reasoning off),Qwen3,14.0,ukr,synthetic,0.923,0.005962656843917751,2000,0.9645,0.0041386518601604794,2000,0.04149999999999998,0.007258217126672981,0.9569725246241576,0.007421641202334859,Ukrainian,0.15273132616089036,URIEL syntax_knn,ukr,CC-MAIN-2026-21,17456210,/work/multilingual-gsm-symbolic/paper/artifacts/figures/transfer_features/languages.csv,7.2419499578829365,Qwen/Qwen3-14B,0.6400336810590822,0.3110715194706032,2.057512954411008,100,13682,21377,6111,19645
Qwen/Qwen3-14B,Qwen3-14B (reasoning off),Qwen3,14.0,urd,original,0.86,0.034873508801977704,100,0.96,0.019694638556693237,100,0.09999999999999998,0.040050473206198256,0.8958333333333334,0.040710927787519335,urd,0.3838046008442838,URIEL syntax_knn,urd,CC-MAIN-2026-21,682592,/work/multilingual-gsm-symbolic/paper/artifacts/figures/transfer_features/languages.csv,5.834161194027274,Qwen/Qwen3-14B,0.9048734770384255,0.3110715194706032,2.9088920727245737,100,17379,19206,6111,19645
Qwen/Qwen3-14B,Qwen3-14B (reasoning off),Qwen3,14.0,urd,synthetic,0.877,0.0073459159565448595,2000,0.9645,0.0041386518601604794,2000,0.08750000000000002,0.008431543183796793,0.909279419388284,0.008557523824225963,urd,0.3838046008442838,URIEL syntax_knn,urd,CC-MAIN-2026-21,682592,/work/multilingual-gsm-symbolic/paper/artifacts/figures/transfer_features/languages.csv,5.834161194027274,Qwen/Qwen3-14B,0.9048734770384255,0.3110715194706032,2.9088920727245737,100,17379,19206,6111,19645
Qwen/Qwen3-14B,Qwen3-14B (reasoning off),Qwen3,14.0,zho,original,0.89,0.031446603773522014,100,0.96,0.019694638556693237,100,0.06999999999999995,0.037104820128491076,0.9270833333333334,0.037878075452755997,Chinese,0.2892275292349138,URIEL syntax_knn,zho,CC-MAIN-2026-21,102274716,/work/multilingual-gsm-symbolic/paper/artifacts/figures/transfer_features/languages.csv,8.009768282208015,Qwen/Qwen3-14B,0.9554681552905354,0.3110715194706032,3.071538522448465,100,7531,7882,6111,19645
Qwen/Qwen3-14B,Qwen3-14B (reasoning off),Qwen3,14.0,zho,synthetic,0.911,0.006368656050529419,2000,0.9645,0.0041386518601604794,2000,0.05349999999999999,0.007595276104892749,0.944530844997408,0.007747708522350432,Chinese,0.2892275292349138,URIEL syntax_knn,zho,CC-MAIN-2026-21,102274716,/work/multilingual-gsm-symbolic/paper/artifacts/figures/transfer_features/languages.csv,8.009768282208015,Qwen/Qwen3-14B,0.9554681552905354,0.3110715194706032,3.071538522448465,100,7531,7882,6111,19645
Qwen/Qwen3-32B,Qwen3-32B,Qwen3,32.0,ara,original,0.95,0.021904291355759036,100,0.97,0.01714466079977653,100,0.020000000000000018,0.027816135133001026,0.979381443298969,0.02845325568595756,Arabic,0.34901322303461213,URIEL syntax_knn,ara,CC-MAIN-2026-21,14123579,/work/multilingual-gsm-symbolic/paper/artifacts/figures/transfer_features/languages.csv,7.149944763500101,Qwen/Qwen3-32B,0.5197614136796923,0.3110715194706032,1.6708743203628793,100,9324,17939,6111,19645
Qwen/Qwen3-32B,Qwen3-32B,Qwen3,32.0,ara,synthetic,0.9515,0.004804728682127057,2000,0.9745,0.0035257751694163157,2000,0.02300000000000002,0.005959572824802719,0.9763981528989225,0.006065389864518847,Arabic,0.34901322303461213,URIEL syntax_knn,ara,CC-MAIN-2026-21,14123579,/work/multilingual-gsm-symbolic/paper/artifacts/figures/transfer_features/languages.csv,7.149944763500101,Qwen/Qwen3-32B,0.5197614136796923,0.3110715194706032,1.6708743203628793,100,9324,17939,6111,19645
Qwen/Qwen3-32B,Qwen3-32B,Qwen3,32.0,dan,original,0.955,0.014695399751940974,200,0.97,0.01714466079977653,100,0.015000000000000013,0.022580836295601207,0.9845360824742267,0.02307237567623564,Danish,0.11992176734660287,URIEL syntax_knn,dan,CC-MAIN-2026-21,11404389,/work/multilingual-gsm-symbolic/paper/artifacts/figures/transfer_features/languages.csv,7.057072022533615,Qwen/Qwen3-32B,0.42498758072528564,0.3110715194706032,1.3662053711910058,100,8555,20130,6111,19645
Qwen/Qwen3-32B,Qwen3-32B,Qwen3,32.0,dan,synthetic,0.941,0.003726019431672532,4000,0.9745,0.0035257751694163157,2000,0.033500000000000085,0.005129747688773196,0.9656233966136479,0.0051792812437211865,Danish,0.11992176734660287,URIEL syntax_knn,dan,CC-MAIN-2026-21,11404389,/work/multilingual-gsm-symbolic/paper/artifacts/figures/transfer_features/languages.csv,7.057072022533615,Qwen/Qwen3-32B,0.42498758072528564,0.3110715194706032,1.3662053711910058,100,8555,20130,6111,19645
Qwen/Qwen3-32B,Qwen3-32B,Qwen3,32.0,deu,original,0.945,0.016161092305986405,200,0.97,0.01714466079977653,100,0.025000000000000022,0.023560991033103995,0.9742268041237113,0.023960236367078912,German,0.09745802098497969,URIEL syntax_knn,deu,CC-MAIN-2026-21,129221452,/work/multilingual-gsm-symbolic/paper/artifacts/figures/transfer_features/languages.csv,8.111334616692115,Qwen/Qwen3-32B,0.3681071698784993,0.3110715194706032,1.1833522095014104,100,8271,22469,6111,19645
Qwen/Qwen3-32B,Qwen3-32B,Qwen3,32.0,deu,synthetic,0.926,0.004139478689515779,4000,0.9745,0.0035257751694163157,2000,0.04849999999999999,0.005437497068158098,0.9502308876346844,0.005464742665575885,German,0.09745802098497969,URIEL syntax_knn,deu,CC-MAIN-2026-21,129221452,/work/multilingual-gsm-symbolic/paper/artifacts/figures/transfer_features/languages.csv,8.111334616692115,Qwen/Qwen3-32B,0.3681071698784993,0.3110715194706032,1.1833522095014104,100,8271,22469,6111,19645
Qwen/Qwen3-32B,Qwen3-32B,Qwen3,32.0,est,original,0.895,0.02173099585625386,200,0.97,0.01714466079977653,100,0.07499999999999996,0.027679876712946472,0.9226804123711341,0.027710264245353545,Estonian,0.22659791675913576,URIEL syntax_knn,est,CC-MAIN-2026-21,3089989,/work/multilingual-gsm-symbolic/paper/artifacts/figures/transfer_features/languages.csv,6.489956933389947,Qwen/Qwen3-32B,0.4884087994475683,0.3110715194706032,1.5700852340283882,100,9902,20274,6111,19645
Qwen/Qwen3-32B,Qwen3-32B,Qwen3,32.0,est,synthetic,0.917,0.006170456811990045,2000,0.9745,0.0035257751694163157,2000,0.057499999999999996,0.007106731162349326,0.9409953822473063,0.0071891731663503945,Estonian,0.22659791675913576,URIEL syntax_knn,est,CC-MAIN-2026-21,3089989,/work/multilingual-gsm-symbolic/paper/artifacts/figures/transfer_features/languages.csv,6.489956933389947,Qwen/Qwen3-32B,0.4884087994475683,0.3110715194706032,1.5700852340283882,100,9902,20274,6111,19645
Qwen/Qwen3-32B,Qwen3-32B,Qwen3,32.0,fra,original,0.94,0.023868325657594204,100,0.97,0.01714466079977653,100,0.030000000000000027,0.029387690682262935,0.9690721649484536,0.029980964442802446,French,0.18824593690905445,URIEL syntax_knn,fra,CC-MAIN-2026-21,102728618,/work/multilingual-gsm-symbolic/paper/artifacts/figures/transfer_features/languages.csv,8.011691445624011,Qwen/Qwen3-32B,0.372296302903269,0.3110715194706032,1.1968189937055669,100,8348,22423,6111,19645
Qwen/Qwen3-32B,Qwen3-32B,Qwen3,32.0,fra,synthetic,0.917,0.006170456811990042,2000,0.9745,0.0035257751694163157,2000,0.057499999999999996,0.007106731162349323,0.9409953822473063,0.007189173166350392,French,0.18824593690905445,URIEL syntax_knn,fra,CC-MAIN-2026-21,102728618,/work/multilingual-gsm-symbolic/paper/artifacts/figures/transfer_features/languages.csv,8.011691445624011,Qwen/Qwen3-32B,0.372296302903269,0.3110715194706032,1.1968189937055669,100,8348,22423,6111,19645
Qwen/Qwen3-32B,Qwen3-32B,Qwen3,32.0,hin,original,0.92,0.027265992434429075,100,0.97,0.01714466079977653,100,0.04999999999999993,0.03220828678110243,0.9484536082474228,0.03272853643942287,Hindi,0.3838046008442838,URIEL syntax_knn,hin,CC-MAIN-2026-21,4774018,/work/multilingual-gsm-symbolic/paper/artifacts/figures/transfer_features/languages.csv,6.678884052141607,Qwen/Qwen3-32B,1.1958312405826217,0.3110715194706032,3.844232485885388,100,23809,19910,6111,19645
Qwen/Qwen3-32B,Qwen3-32B,Qwen3,32.0,hin,synthetic,0.932,0.005630617366325205,2000,0.9745,0.0035257751694163157,2000,0.04249999999999998,0.006643413465323052,0.9563878912262699,0.006734839383126529,Hindi,0.3838046008442838,URIEL syntax_knn,hin,CC-MAIN-2026-21,4774018,/work/multilingual-gsm-symbolic/paper/artifacts/figures/transfer_features/languages.csv,6.678884052141607,Qwen/Qwen3-32B,1.1958312405826217,0.3110715194706032,3.844232485885388,100,23809,19910,6111,19645
Qwen/Qwen3-32B,Qwen3-32B,Qwen3,32.0,isl,original,0.92,0.02726599243442907,100,0.97,0.01714466079977653,100,0.04999999999999993,0.03220828678110243,0.9484536082474228,0.03272853643942286,Icelandic,0.13127809128711687,URIEL syntax_knn,isl,CC-MAIN-2026-21,777022,/work/multilingual-gsm-symbolic/paper/artifacts/figures/transfer_features/languages.csv,5.890433315253091,Qwen/Qwen3-32B,0.5361037713187605,0.3110715194706032,1.7234100126913845,100,11159,20815,6111,19645
Qwen/Qwen3-32B,Qwen3-32B,Qwen3,32.0,isl,synthetic,0.895,0.006856457212201603,2000,0.9745,0.0035257751694163157,2000,0.07950000000000002,0.007709870040929615,0.9184197024114931,0.007781066137343855,Icelandic,0.13127809128711687,URIEL syntax_knn,isl,CC-MAIN-2026-21,777022,/work/multilingual-gsm-symbolic/paper/artifacts/figures/transfer_features/languages.csv,5.890433315253091,Qwen/Qwen3-32B,0.5361037713187605,0.3110715194706032,1.7234100126913845,100,11159,20815,6111,19645
Qwen/Qwen3-32B,Qwen3-32B,Qwen3,32.0,ita,original,0.97,0.01714466079977653,100,0.97,0.01714466079977653,100,0.0,0.02424621182533032,1.0,0.024996094665288994,Italian,0.14220584589844,URIEL syntax_knn,ita,CC-MAIN-2026-21,53457335,/work/multilingual-gsm-symbolic/paper/artifacts/figures/transfer_features/languages.csv,7.728007304146603,Qwen/Qwen3-32B,0.3917287089159252,0.3110715194706032,1.2592882485114305,100,8629,22028,6111,19645
Qwen/Qwen3-32B,Qwen3-32B,Qwen3,32.0,ita,synthetic,0.9465,0.005033044880624966,2000,0.9745,0.0035257751694163157,2000,0.028000000000000025,0.006145130699639986,0.9712673165726013,0.006246867446891257,Italian,0.14220584589844,URIEL syntax_knn,ita,CC-MAIN-2026-21,53457335,/work/multilingual-gsm-symbolic/paper/artifacts/figures/transfer_features/languages.csv,7.728007304146603,Qwen/Qwen3-32B,0.3917287089159252,0.3110715194706032,1.2592882485114305,100,8629,22028,6111,19645
Qwen/Qwen3-32B,Qwen3-32B,Qwen3,32.0,jpn,original,0.945,0.016161092305986408,200,0.97,0.01714466079977653,100,0.025000000000000022,0.023560991033104,0.9742268041237113,0.023960236367078912,Japanese,0.4998069870609444,URIEL syntax_knn,jpn,CC-MAIN-2026-21,118455052,/work/multilingual-gsm-symbolic/paper/artifacts/figures/transfer_features/languages.csv,8.073553587717582,Qwen/Qwen3-32B,0.7281824738550307,0.3110715194706032,2.340884421352001,100,8077,11092,6111,19645
Qwen/Qwen3-32B,Qwen3-32B,Qwen3,32.0,jpn,synthetic,0.92225,0.004234467741554246,4000,0.9745,0.0035257751694163157,2000,0.05225000000000002,0.005510154952407071,0.9463827603899435,0.005532222105106438,Japanese,0.4998069870609444,URIEL syntax_knn,jpn,CC-MAIN-2026-21,118455052,/work/multilingual-gsm-symbolic/paper/artifacts/figures/transfer_features/languages.csv,8.073553587717582,Qwen/Qwen3-32B,0.7281824738550307,0.3110715194706032,2.340884421352001,100,8077,11092,6111,19645
Qwen/Qwen3-32B,Qwen3-32B,Qwen3,32.0,mar,original,0.9,0.03015113445777636,100,0.97,0.01714466079977653,100,0.06999999999999995,0.034684727230155685,0.9278350515463918,0.035144461934048465,Marathi,0.43515421744059357,URIEL syntax_knn,mar,CC-MAIN-2026-21,649289,/work/multilingual-gsm-symbolic/paper/artifacts/figures/transfer_features/languages.csv,5.812438045288022,Qwen/Qwen3-32B,1.1631330432367373,0.3110715194706032,3.7391177604951245,100,25126,21602,6111,19645
Qwen/Qwen3-32B,Qwen3-32B,Qwen3,32.0,mar,synthetic,0.923,0.005962656843917747,2000,0.9745,0.0035257751694163157,2000,0.05149999999999999,0.006927074937056174,0.9471523858388917,0.0070129489155106904,Marathi,0.43515421744059357,URIEL syntax_knn,mar,CC-MAIN-2026-21,649289,/work/multilingual-gsm-symbolic/paper/artifacts/figures/transfer_features/languages.csv,5.812438045288022,Qwen/Qwen3-32B,1.1631330432367373,0.3110715194706032,3.7391177604951245,100,25126,21602,6111,19645
Qwen/Qwen3-32B,Qwen3-32B,Qwen3,32.0,nld,original,0.95,0.021904291355759033,100,0.97,0.01714466079977653,100,0.020000000000000018,0.027816135133001022,0.979381443298969,0.028453255685957555,Dutch,0.07570690126642576,URIEL syntax_knn,nld,CC-MAIN-2026-21,39513234,/work/multilingual-gsm-symbolic/paper/artifacts/figures/transfer_features/languages.csv,7.596742576400662,Qwen/Qwen3-32B,0.39352324394543936,0.3110715194706032,1.2650571309618976,100,8482,21554,6111,19645
Qwen/Qwen3-32B,Qwen3-32B,Qwen3,32.0,nld,synthetic,0.9265,0.005836600719081014,2000,0.9745,0.0035257751694163157,2000,0.04800000000000004,0.006818870764228463,0.9507439712673166,0.006906841047685426,Dutch,0.07570690126642576,URIEL syntax_knn,nld,CC-MAIN-2026-21,39513234,/work/multilingual-gsm-symbolic/paper/artifacts/figures/transfer_features/languages.csv,7.596742576400662,Qwen/Qwen3-32B,0.39352324394543936,0.3110715194706032,1.2650571309618976,100,8482,21554,6111,19645
Qwen/Qwen3-32B,Qwen3-32B,Qwen3,32.0,nob,original,0.94,0.023868325657594204,100,0.97,0.01714466079977653,100,0.030000000000000027,0.029387690682262935,0.9690721649484536,0.029980964442802446,Norwegian Bokmal,0.10138170956458059,URIEL syntax_knn,nor,CC-MAIN-2026-21,7148610,/work/multilingual-gsm-symbolic/paper/artifacts/figures/transfer_features/languages.csv,6.854221604316353,Qwen/Qwen3-32B,0.42304799157514666,0.3110715194706032,1.359970184011415,100,8436,19941,6111,19645
Qwen/Qwen3-32B,Qwen3-32B,Qwen3,32.0,nob,synthetic,0.941,0.0052700461756370505,2000,0.9745,0.0035257751694163157,2000,0.033500000000000085,0.006340700059032863,0.9656233966136479,0.006438289086005612,Norwegian Bokmal,0.10138170956458059,URIEL syntax_knn,nor,CC-MAIN-2026-21,7148610,/work/multilingual-gsm-symbolic/paper/artifacts/figures/transfer_features/languages.csv,6.854221604316353,Qwen/Qwen3-32B,0.42304799157514666,0.3110715194706032,1.359970184011415,100,8436,19941,6111,19645
Qwen/Qwen3-32B,Qwen3-32B,Qwen3,32.0,rus,original,0.95,0.021904291355759036,100,0.97,0.01714466079977653,100,0.020000000000000018,0.027816135133001026,0.979381443298969,0.02845325568595756,Russian,0.18824593690905445,URIEL syntax_knn,rus,CC-MAIN-2026-21,138631119,/work/multilingual-gsm-symbolic/paper/artifacts/figures/transfer_features/languages.csv,8.141860728782362,Qwen/Qwen3-32B,0.4443868901864758,0.3110715194706032,1.4285682306845553,100,9437,21236,6111,19645
Qwen/Qwen3-32B,Qwen3-32B,Qwen3,32.0,rus,synthetic,0.913,0.006303599581496428,2000,0.9745,0.0035257751694163157,2000,0.0615,0.007222635130554125,0.9368907131862494,0.007302889620761626,Russian,0.18824593690905445,URIEL syntax_knn,rus,CC-MAIN-2026-21,138631119,/work/multilingual-gsm-symbolic/paper/artifacts/figures/transfer_features/languages.csv,8.141860728782362,Qwen/Qwen3-32B,0.4443868901864758,0.3110715194706032,1.4285682306845553,100,9437,21236,6111,19645
Qwen/Qwen3-32B,Qwen3-32B,Qwen3,32.0,ukr,original,0.96,0.01969463855669324,100,0.97,0.01714466079977653,100,0.010000000000000009,0.02611164839335468,0.9896907216494846,0.026799936548351083,Ukrainian,0.15273132616089036,URIEL syntax_knn,ukr,CC-MAIN-2026-21,17456210,/work/multilingual-gsm-symbolic/paper/artifacts/figures/transfer_features/languages.csv,7.2419499578829365,Qwen/Qwen3-32B,0.6400336810590822,0.3110715194706032,2.057512954411008,100,13682,21377,6111,19645
Qwen/Qwen3-32B,Qwen3-32B,Qwen3,32.0,ukr,synthetic,0.938,0.005393750668425135,2000,0.9745,0.0035257751694163157,2000,0.03650000000000009,0.006443883675114661,0.9625448948178552,0.006539339814333052,Ukrainian,0.15273132616089036,URIEL syntax_knn,ukr,CC-MAIN-2026-21,17456210,/work/multilingual-gsm-symbolic/paper/artifacts/figures/transfer_features/languages.csv,7.2419499578829365,Qwen/Qwen3-32B,0.6400336810590822,0.3110715194706032,2.057512954411008,100,13682,21377,6111,19645
Qwen/Qwen3-32B,Qwen3-32B,Qwen3,32.0,urd,original,0.95,0.02190429135575903,100,0.97,0.01714466079977653,100,0.020000000000000018,0.027816135133001022,0.979381443298969,0.028453255685957555,urd,0.3838046008442838,URIEL syntax_knn,urd,CC-MAIN-2026-21,682592,/work/multilingual-gsm-symbolic/paper/artifacts/figures/transfer_features/languages.csv,5.834161194027274,Qwen/Qwen3-32B,0.9048734770384255,0.3110715194706032,2.9088920727245737,100,17379,19206,6111,19645
Qwen/Qwen3-32B,Qwen3-32B,Qwen3,32.0,urd,synthetic,0.9655,0.004082059113156208,2000,0.9745,0.0035257751694163157,2000,0.009000000000000008,0.0053939129719132745,0.9907644946126218,0.0055132733337988765,urd,0.3838046008442838,URIEL syntax_knn,urd,CC-MAIN-2026-21,682592,/work/multilingual-gsm-symbolic/paper/artifacts/figures/transfer_features/languages.csv,5.834161194027274,Qwen/Qwen3-32B,0.9048734770384255,0.3110715194706032,2.9088920727245737,100,17379,19206,6111,19645
Qwen/Qwen3-32B,Qwen3-32B,Qwen3,32.0,zho,original,0.95,0.021904291355759026,100,0.97,0.01714466079977653,100,0.020000000000000018,0.02781613513300102,0.979381443298969,0.02845325568595755,Chinese,0.2892275292349138,URIEL syntax_knn,zho,CC-MAIN-2026-21,102274716,/work/multilingual-gsm-symbolic/paper/artifacts/figures/transfer_features/languages.csv,8.009768282208015,Qwen/Qwen3-32B,0.9554681552905354,0.3110715194706032,3.071538522448465,100,7531,7882,6111,19645
Qwen/Qwen3-32B,Qwen3-32B,Qwen3,32.0,zho,synthetic,0.9555,0.004611996341621225,2000,0.9745,0.0035257751694163157,2000,0.019000000000000017,0.00580530798497377,0.9805028219599795,0.005914640112405356,Chinese,0.2892275292349138,URIEL syntax_knn,zho,CC-MAIN-2026-21,102274716,/work/multilingual-gsm-symbolic/paper/artifacts/figures/transfer_features/languages.csv,8.009768282208015,Qwen/Qwen3-32B,0.9554681552905354,0.3110715194706032,3.071538522448465,100,7531,7882,6111,19645
Qwen/Qwen3-32B,Qwen3-32B (reasoning off),Qwen3,32.0,ara,original,0.94,0.0238683256575942,100,0.97,0.01714466079977653,100,0.030000000000000027,0.02938769068226293,0.9690721649484536,0.029980964442802443,Arabic,0.34901322303461213,URIEL syntax_knn,ara,CC-MAIN-2026-21,14123579,/work/multilingual-gsm-symbolic/paper/artifacts/figures/transfer_features/languages.csv,7.149944763500101,Qwen/Qwen3-32B,0.5197614136796923,0.3110715194706032,1.6708743203628793,100,9324,17939,6111,19645
Qwen/Qwen3-32B,Qwen3-32B (reasoning off),Qwen3,32.0,ara,synthetic,0.9395,0.005332362707658117,2000,0.961,0.004329997048176662,2000,0.021499999999999964,0.006868985840955097,0.9776274713839751,0.0070846362489166695,Arabic,0.34901322303461213,URIEL syntax_knn,ara,CC-MAIN-2026-21,14123579,/work/multilingual-gsm-symbolic/paper/artifacts/figures/transfer_features/languages.csv,7.149944763500101,Qwen/Qwen3-32B,0.5197614136796923,0.3110715194706032,1.6708743203628793,100,9324,17939,6111,19645
Qwen/Qwen3-32B,Qwen3-32B (reasoning off),Qwen3,32.0,dan,original,0.94,0.016834995854681272,200,0.97,0.01714466079977653,100,0.030000000000000027,0.024028243368305755,0.9690721649484536,0.024384348976211556,Danish,0.11992176734660287,URIEL syntax_knn,dan,CC-MAIN-2026-21,11404389,/work/multilingual-gsm-symbolic/paper/artifacts/figures/transfer_features/languages.csv,7.057072022533615,Qwen/Qwen3-32B,0.42498758072528564,0.3110715194706032,1.3662053711910058,100,8555,20130,6111,19645
Qwen/Qwen3-32B,Qwen3-32B (reasoning off),Qwen3,32.0,dan,synthetic,0.92775,0.004094102440547674,4000,0.961,0.004329997048176662,2000,0.03325,0.005959072849942098,0.9654006243496358,0.006088573500857304,Danish,0.11992176734660287,URIEL syntax_knn,dan,CC-MAIN-2026-21,11404389,/work/multilingual-gsm-symbolic/paper/artifacts/figures/transfer_features/languages.csv,7.057072022533615,Qwen/Qwen3-32B,0.42498758072528564,0.3110715194706032,1.3662053711910058,100,8555,20130,6111,19645
Qwen/Qwen3-32B,Qwen3-32B (reasoning off),Qwen3,32.0,deu,original,0.94,0.016834995854681276,200,0.97,0.01714466079977653,100,0.030000000000000027,0.024028243368305762,0.9690721649484536,0.02438434897621156,German,0.09745802098497969,URIEL syntax_knn,deu,CC-MAIN-2026-21,129221452,/work/multilingual-gsm-symbolic/paper/artifacts/figures/transfer_features/languages.csv,8.111334616692115,Qwen/Qwen3-32B,0.3681071698784993,0.3110715194706032,1.1833522095014104,100,8271,22469,6111,19645
Qwen/Qwen3-32B,Qwen3-32B (reasoning off),Qwen3,32.0,deu,synthetic,0.90575,0.004620289075673263,4000,0.961,0.004329997048176662,2000,0.05524999999999991,0.00633213594137115,0.9425078043704476,0.006414759069453452,German,0.09745802098497969,URIEL syntax_knn,deu,CC-MAIN-2026-21,129221452,/work/multilingual-gsm-symbolic/paper/artifacts/figures/transfer_features/languages.csv,8.111334616692115,Qwen/Qwen3-32B,0.3681071698784993,0.3110715194706032,1.1833522095014104,100,8271,22469,6111,19645
Qwen/Qwen3-32B,Qwen3-32B (reasoning off),Qwen3,32.0,est,original,0.91,0.028762349126466132,100,0.97,0.01714466079977653,100,0.05999999999999994,0.03348450568863338,0.9381443298969073,0.03397330564167355,Estonian,0.22659791675913576,URIEL syntax_knn,est,CC-MAIN-2026-21,3089989,/work/multilingual-gsm-symbolic/paper/artifacts/figures/transfer_features/languages.csv,6.489956933389947,Qwen/Qwen3-32B,0.4884087994475683,0.3110715194706032,1.5700852340283882,100,9902,20274,6111,19645
Qwen/Qwen3-32B,Qwen3-32B (reasoning off),Qwen3,32.0,est,synthetic,0.9,0.006709881612638765,2000,0.961,0.004329997048176662,2000,0.06099999999999994,0.007985698823074058,0.9365244536940688,0.008158244064818314,Estonian,0.22659791675913576,URIEL syntax_knn,est,CC-MAIN-2026-21,3089989,/work/multilingual-gsm-symbolic/paper/artifacts/figures/transfer_features/languages.csv,6.489956933389947,Qwen/Qwen3-32B,0.4884087994475683,0.3110715194706032,1.5700852340283882,100,9902,20274,6111,19645
Qwen/Qwen3-32B,Qwen3-32B (reasoning off),Qwen3,32.0,fra,original,0.93,0.025643239997624277,100,0.97,0.01714466079977653,100,0.039999999999999925,0.030846639225613405,0.9587628865979382,0.031401401375829856,French,0.18824593690905445,URIEL syntax_knn,fra,CC-MAIN-2026-21,102728618,/work/multilingual-gsm-symbolic/paper/artifacts/figures/transfer_features/languages.csv,8.011691445624011,Qwen/Qwen3-32B,0.372296302903269,0.3110715194706032,1.1968189937055669,100,8348,22423,6111,19645
Qwen/Qwen3-32B,Qwen3-32B (reasoning off),Qwen3,32.0,fra,synthetic,0.907,0.006495890878020476,2000,0.961,0.004329997048176662,2000,0.05399999999999994,0.007806758145118128,0.943808532778356,0.007985929637091549,French,0.18824593690905445,URIEL syntax_knn,fra,CC-MAIN-2026-21,102728618,/work/multilingual-gsm-symbolic/paper/artifacts/figures/transfer_features/languages.csv,8.011691445624011,Qwen/Qwen3-32B,0.372296302903269,0.3110715194706032,1.1968189937055669,100,8348,22423,6111,19645
Qwen/Qwen3-32B,Qwen3-32B (reasoning off),Qwen3,32.0,hin,original,0.89,0.031446603773522014,100,0.97,0.01714466079977653,100,0.07999999999999996,0.035816592283860325,0.9175257731958764,0.03624914099258453,Hindi,0.3838046008442838,URIEL syntax_knn,hin,CC-MAIN-2026-21,4774018,/work/multilingual-gsm-symbolic/paper/artifacts/figures/transfer_features/languages.csv,6.678884052141607,Qwen/Qwen3-32B,1.1958312405826217,0.3110715194706032,3.844232485885388,100,23809,19910,6111,19645
Qwen/Qwen3-32B,Qwen3-32B (reasoning off),Qwen3,32.0,hin,synthetic,0.893,0.006913710993370338,2000,0.961,0.004329997048176662,2000,0.06799999999999995,0.008157712555432956,0.9292403746097815,0.008323934780564285,Hindi,0.3838046008442838,URIEL syntax_knn,hin,CC-MAIN-2026-21,4774018,/work/multilingual-gsm-symbolic/paper/artifacts/figures/transfer_features/languages.csv,6.678884052141607,Qwen/Qwen3-32B,1.1958312405826217,0.3110715194706032,3.844232485885388,100,23809,19910,6111,19645
Qwen/Qwen3-32B,Qwen3-32B (reasoning off),Qwen3,32.0,isl,original,0.86,0.0348735088019777,100,0.97,0.01714466079977653,100,0.10999999999999999,0.038860018143343805,0.8865979381443299,0.03921883647982691,Icelandic,0.13127809128711687,URIEL syntax_knn,isl,CC-MAIN-2026-21,777022,/work/multilingual-gsm-symbolic/paper/artifacts/figures/transfer_features/languages.csv,5.890433315253091,Qwen/Qwen3-32B,0.5361037713187605,0.3110715194706032,1.7234100126913845,100,11159,20815,6111,19645
Qwen/Qwen3-32B,Qwen3-32B (reasoning off),Qwen3,32.0,isl,synthetic,0.855,0.007875183125148727,2000,0.961,0.004329997048176662,2000,0.10599999999999998,0.008987067580242505,0.8896982310093653,0.00912273739522221,Icelandic,0.13127809128711687,URIEL syntax_knn,isl,CC-MAIN-2026-21,777022,/work/multilingual-gsm-symbolic/paper/artifacts/figures/transfer_features/languages.csv,5.890433315253091,Qwen/Qwen3-32B,0.5361037713187605,0.3110715194706032,1.7234100126913845,100,11159,20815,6111,19645
Qwen/Qwen3-32B,Qwen3-32B (reasoning off),Qwen3,32.0,ita,original,0.96,0.019694638556693237,100,0.97,0.01714466079977653,100,0.010000000000000009,0.026111648393354676,0.9896907216494846,0.02679993654835108,Italian,0.14220584589844,URIEL syntax_knn,ita,CC-MAIN-2026-21,53457335,/work/multilingual-gsm-symbolic/paper/artifacts/figures/transfer_features/languages.csv,7.728007304146603,Qwen/Qwen3-32B,0.3917287089159252,0.3110715194706032,1.2592882485114305,100,8629,22028,6111,19645
Qwen/Qwen3-32B,Qwen3-32B (reasoning off),Qwen3,32.0,ita,synthetic,0.922,0.005997998665721504,2000,0.961,0.004329997048176662,2000,0.038999999999999924,0.007397625458970976,0.9594172736732571,0.007592260161598333,Italian,0.14220584589844,URIEL syntax_knn,ita,CC-MAIN-2026-21,53457335,/work/multilingual-gsm-symbolic/paper/artifacts/figures/transfer_features/languages.csv,7.728007304146603,Qwen/Qwen3-32B,0.3917287089159252,0.3110715194706032,1.2592882485114305,100,8629,22028,6111,19645
Qwen/Qwen3-32B,Qwen3-32B (reasoning off),Qwen3,32.0,jpn,original,0.935,0.017475754920753817,200,0.97,0.01714466079977653,100,0.03499999999999992,0.024481450201931362,0.963917525773196,0.02479616071556886,Japanese,0.4998069870609444,URIEL syntax_knn,jpn,CC-MAIN-2026-21,118455052,/work/multilingual-gsm-symbolic/paper/artifacts/figures/transfer_features/languages.csv,8.073553587717582,Qwen/Qwen3-32B,0.7281824738550307,0.3110715194706032,2.340884421352001,100,8077,11092,6111,19645
Qwen/Qwen3-32B,Qwen3-32B (reasoning off),Qwen3,32.0,jpn,synthetic,0.91325,0.004450961934294099,4000,0.961,0.004329997048176662,2000,0.04774999999999996,0.00620966477176938,0.9503121748178981,0.00630760047243074,Japanese,0.4998069870609444,URIEL syntax_knn,jpn,CC-MAIN-2026-21,118455052,/work/multilingual-gsm-symbolic/paper/artifacts/figures/transfer_features/languages.csv,8.073553587717582,Qwen/Qwen3-32B,0.7281824738550307,0.3110715194706032,2.340884421352001,100,8077,11092,6111,19645
Qwen/Qwen3-32B,Qwen3-32B (reasoning off),Qwen3,32.0,mar,original,0.88,0.032659863237109045,100,0.97,0.01714466079977653,100,0.08999999999999997,0.03688639397672346,0.9072164948453608,0.037293250735515655,Marathi,0.43515421744059357,URIEL syntax_knn,mar,CC-MAIN-2026-21,649289,/work/multilingual-gsm-symbolic/paper/artifacts/figures/transfer_features/languages.csv,5.812438045288022,Qwen/Qwen3-32B,1.1631330432367373,0.3110715194706032,3.7391177604951245,100,25126,21602,6111,19645
Qwen/Qwen3-32B,Qwen3-32B (reasoning off),Qwen3,32.0,mar,synthetic,0.877,0.007345915956544854,2000,0.961,0.004329997048176662,2000,0.08399999999999996,0.008527095383413915,0.9125910509885536,0.008679792650813546,Marathi,0.43515421744059357,URIEL syntax_knn,mar,CC-MAIN-2026-21,649289,/work/multilingual-gsm-symbolic/paper/artifacts/figures/transfer_features/languages.csv,5.812438045288022,Qwen/Qwen3-32B,1.1631330432367373,0.3110715194706032,3.7391177604951245,100,25126,21602,6111,19645
Qwen/Qwen3-32B,Qwen3-32B (reasoning off),Qwen3,32.0,nld,original,0.94,0.023868325657594204,100,0.97,0.01714466079977653,100,0.030000000000000027,0.029387690682262935,0.9690721649484536,0.029980964442802446,Dutch,0.07570690126642576,URIEL syntax_knn,nld,CC-MAIN-2026-21,39513234,/work/multilingual-gsm-symbolic/paper/artifacts/figures/transfer_features/languages.csv,7.596742576400662,Qwen/Qwen3-32B,0.39352324394543936,0.3110715194706032,1.2650571309618976,100,8482,21554,6111,19645
Qwen/Qwen3-32B,Qwen3-32B (reasoning off),Qwen3,32.0,nld,synthetic,0.912,0.006336250787099445,2000,0.961,0.004329997048176662,2000,0.04899999999999993,0.007674434733205889,0.9490114464099897,0.00785855187774051,Dutch,0.07570690126642576,URIEL syntax_knn,nld,CC-MAIN-2026-21,39513234,/work/multilingual-gsm-symbolic/paper/artifacts/figures/transfer_features/languages.csv,7.596742576400662,Qwen/Qwen3-32B,0.39352324394543936,0.3110715194706032,1.2650571309618976,100,8482,21554,6111,19645
Qwen/Qwen3-32B,Qwen3-32B (reasoning off),Qwen3,32.0,nob,original,0.94,0.023868325657594208,100,0.97,0.01714466079977653,100,0.030000000000000027,0.029387690682262938,0.9690721649484536,0.029980964442802446,Norwegian Bokmal,0.10138170956458059,URIEL syntax_knn,nor,CC-MAIN-2026-21,7148610,/work/multilingual-gsm-symbolic/paper/artifacts/figures/transfer_features/languages.csv,6.854221604316353,Qwen/Qwen3-32B,0.42304799157514666,0.3110715194706032,1.359970184011415,100,8436,19941,6111,19645
Qwen/Qwen3-32B,Qwen3-32B (reasoning off),Qwen3,32.0,nob,synthetic,0.934,0.005553144938623043,2000,0.961,0.004329997048176662,2000,0.026999999999999913,0.007041753556222578,0.971904266389178,0.0072503728978865235,Norwegian Bokmal,0.10138170956458059,URIEL syntax_knn,nor,CC-MAIN-2026-21,7148610,/work/multilingual-gsm-symbolic/paper/artifacts/figures/transfer_features/languages.csv,6.854221604316353,Qwen/Qwen3-32B,0.42304799157514666,0.3110715194706032,1.359970184011415,100,8436,19941,6111,19645
Qwen/Qwen3-32B,Qwen3-32B (reasoning off),Qwen3,32.0,rus,original,0.92,0.027265992434429065,100,0.97,0.01714466079977653,100,0.04999999999999993,0.03220828678110242,0.9484536082474228,0.032728536439422855,Russian,0.18824593690905445,URIEL syntax_knn,rus,CC-MAIN-2026-21,138631119,/work/multilingual-gsm-symbolic/paper/artifacts/figures/transfer_features/languages.csv,8.141860728782362,Qwen/Qwen3-32B,0.4443868901864758,0.3110715194706032,1.4285682306845553,100,9437,21236,6111,19645
Qwen/Qwen3-32B,Qwen3-32B (reasoning off),Qwen3,32.0,rus,synthetic,0.8855,0.00712181403278398,2000,0.961,0.004329997048176662,2000,0.07550000000000001,0.008334813108569226,0.9214360041623308,0.00849455030674571,Russian,0.18824593690905445,URIEL syntax_knn,rus,CC-MAIN-2026-21,138631119,/work/multilingual-gsm-symbolic/paper/artifacts/figures/transfer_features/languages.csv,8.141860728782362,Qwen/Qwen3-32B,0.4443868901864758,0.3110715194706032,1.4285682306845553,100,9437,21236,6111,19645
Qwen/Qwen3-32B,Qwen3-32B (reasoning off),Qwen3,32.0,ukr,original,0.95,0.02190429135575903,100,0.97,0.01714466079977653,100,0.020000000000000018,0.027816135133001022,0.979381443298969,0.028453255685957555,Ukrainian,0.15273132616089036,URIEL syntax_knn,ukr,CC-MAIN-2026-21,17456210,/work/multilingual-gsm-symbolic/paper/artifacts/figures/transfer_features/languages.csv,7.2419499578829365,Qwen/Qwen3-32B,0.6400336810590822,0.3110715194706032,2.057512954411008,100,13682,21377,6111,19645
Qwen/Qwen3-32B,Qwen3-32B (reasoning off),Qwen3,32.0,ukr,synthetic,0.9265,0.005836600719081014,2000,0.961,0.004329997048176662,2000,0.034499999999999975,0.007267377958465874,0.9640998959417274,0.00746706192845079,Ukrainian,0.15273132616089036,URIEL syntax_knn,ukr,CC-MAIN-2026-21,17456210,/work/multilingual-gsm-symbolic/paper/artifacts/figures/transfer_features/languages.csv,7.2419499578829365,Qwen/Qwen3-32B,0.6400336810590822,0.3110715194706032,2.057512954411008,100,13682,21377,6111,19645
Qwen/Qwen3-32B,Qwen3-32B (reasoning off),Qwen3,32.0,urd,original,0.89,0.03144660377352201,100,0.97,0.01714466079977653,100,0.07999999999999996,0.03581659228386032,0.9175257731958764,0.03624914099258452,urd,0.3838046008442838,URIEL syntax_knn,urd,CC-MAIN-2026-21,682592,/work/multilingual-gsm-symbolic/paper/artifacts/figures/transfer_features/languages.csv,5.834161194027274,Qwen/Qwen3-32B,0.9048734770384255,0.3110715194706032,2.9088920727245737,100,17379,19206,6111,19645
Qwen/Qwen3-32B,Qwen3-32B (reasoning off),Qwen3,32.0,urd,synthetic,0.9295,0.005725492610493566,2000,0.961,0.004329997048176662,2000,0.03149999999999997,0.0071784496982311595,0.9672216441207077,0.007381624959490476,urd,0.3838046008442838,URIEL syntax_knn,urd,CC-MAIN-2026-21,682592,/work/multilingual-gsm-symbolic/paper/artifacts/figures/transfer_features/languages.csv,5.834161194027274,Qwen/Qwen3-32B,0.9048734770384255,0.3110715194706032,2.9088920727245737,100,17379,19206,6111,19645
Qwen/Qwen3-32B,Qwen3-32B (reasoning off),Qwen3,32.0,zho,original,0.95,0.021904291355759036,100,0.97,0.01714466079977653,100,0.020000000000000018,0.027816135133001026,0.979381443298969,0.02845325568595756,Chinese,0.2892275292349138,URIEL syntax_knn,zho,CC-MAIN-2026-21,102274716,/work/multilingual-gsm-symbolic/paper/artifacts/figures/transfer_features/languages.csv,8.009768282208015,Qwen/Qwen3-32B,0.9554681552905354,0.3110715194706032,3.071538522448465,100,7531,7882,6111,19645
Qwen/Qwen3-32B,Qwen3-32B (reasoning off),Qwen3,32.0,zho,synthetic,0.925,0.005891082449449595,2000,0.961,0.004329997048176662,2000,0.03599999999999992,0.007311205568401947,0.9625390218522374,0.007509182332789852,Chinese,0.2892275292349138,URIEL syntax_knn,zho,CC-MAIN-2026-21,102274716,/work/multilingual-gsm-symbolic/paper/artifacts/figures/transfer_features/languages.csv,8.009768282208015,Qwen/Qwen3-32B,0.9554681552905354,0.3110715194706032,3.071538522448465,100,7531,7882,6111,19645
Qwen/Qwen3-4B,Qwen3-4B,Qwen3,4.0,ara,original,0.9,0.03015113445777636,100,0.95,0.021904291355759036,100,0.04999999999999993,0.037267799624996496,0.9473684210526316,0.03852851472960016,Arabic,0.34901322303461213,URIEL syntax_knn,ara,CC-MAIN-2026-21,14123579,/work/multilingual-gsm-symbolic/paper/artifacts/figures/transfer_features/languages.csv,7.149944763500101,Qwen/Qwen3-4B,0.5197614136796923,0.3110715194706032,1.6708743203628793,100,9324,17939,6111,19645
Qwen/Qwen3-4B,Qwen3-4B,Qwen3,4.0,ara,synthetic,0.899,0.006739600218525783,2000,0.9475,0.004988418302285735,2000,0.04849999999999999,0.008384898822534001,0.9488126649076517,0.00869186830016164,Arabic,0.34901322303461213,URIEL syntax_knn,ara,CC-MAIN-2026-21,14123579,/work/multilingual-gsm-symbolic/paper/artifacts/figures/transfer_features/languages.csv,7.149944763500101,Qwen/Qwen3-4B,0.5197614136796923,0.3110715194706032,1.6708743203628793,100,9324,17939,6111,19645
Qwen/Qwen3-4B,Qwen3-4B,Qwen3,4.0,dan,original,0.91,0.016550318531021114,300,0.95,0.021904291355759036,100,0.039999999999999925,0.02745379797543941,0.9578947368421054,0.028130239134046584,Danish,0.11992176734660287,URIEL syntax_knn,dan,CC-MAIN-2026-21,11404389,/work/multilingual-gsm-symbolic/paper/artifacts/figures/transfer_features/languages.csv,7.057072022533615,Qwen/Qwen3-4B,0.42498758072528564,0.3110715194706032,1.3662053711910058,100,8555,20130,6111,19645
Qwen/Qwen3-4B,Qwen3-4B,Qwen3,4.0,dan,synthetic,0.91025,0.00451982760571643,4000,0.9475,0.004988418302285735,2000,0.037250000000000005,0.006731504939014426,0.9606860158311346,0.00695249539157375,Danish,0.11992176734660287,URIEL syntax_knn,dan,CC-MAIN-2026-21,11404389,/work/multilingual-gsm-symbolic/paper/artifacts/figures/transfer_features/languages.csv,7.057072022533615,Qwen/Qwen3-4B,0.42498758072528564,0.3110715194706032,1.3662053711910058,100,8555,20130,6111,19645
Qwen/Qwen3-4B,Qwen3-4B,Qwen3,4.0,deu,original,0.8933333333333333,0.0178519448823718,300,0.95,0.021904291355759036,100,0.05666666666666664,0.028257563870249337,0.9403508771929825,0.028691848107663023,German,0.09745802098497969,URIEL syntax_knn,deu,CC-MAIN-2026-21,129221452,/work/multilingual-gsm-symbolic/paper/artifacts/figures/transfer_features/languages.csv,8.111334616692115,Qwen/Qwen3-4B,0.3681071698784993,0.3110715194706032,1.1833522095014104,100,8271,22469,6111,19645
Qwen/Qwen3-4B,Qwen3-4B,Qwen3,4.0,deu,synthetic,0.9008333333333334,0.003858918893159776,6000,0.9475,0.004988418302285735,2000,0.046666666666666634,0.00630678778639053,0.9507475813544416,0.00645309108232086,German,0.09745802098497969,URIEL syntax_knn,deu,CC-MAIN-2026-21,129221452,/work/multilingual-gsm-symbolic/paper/artifacts/figures/transfer_features/languages.csv,8.111334616692115,Qwen/Qwen3-4B,0.3681071698784993,0.3110715194706032,1.1833522095014104,100,8271,22469,6111,19645
Qwen/Qwen3-4B,Qwen3-4B,Qwen3,4.0,est,original,0.82,0.022218134146454172,300,0.95,0.021904291355759036,100,0.13,0.03120005552475529,0.8631578947368421,0.030709340907144497,Estonian,0.22659791675913576,URIEL syntax_knn,est,CC-MAIN-2026-21,3089989,/work/multilingual-gsm-symbolic/paper/artifacts/figures/transfer_features/languages.csv,6.489956933389947,Qwen/Qwen3-4B,0.4884087994475683,0.3110715194706032,1.5700852340283882,100,9902,20274,6111,19645
Qwen/Qwen3-4B,Qwen3-4B,Qwen3,4.0,est,synthetic,0.824,0.0060220483447550165,4000,0.9475,0.004988418302285735,2000,0.12350000000000005,0.007819807121991304,0.8696569920844327,0.00783317947618081,Estonian,0.22659791675913576,URIEL syntax_knn,est,CC-MAIN-2026-21,3089989,/work/multilingual-gsm-symbolic/paper/artifacts/figures/transfer_features/languages.csv,6.489956933389947,Qwen/Qwen3-4B,0.4884087994475683,0.3110715194706032,1.5700852340283882,100,9902,20274,6111,19645
Qwen/Qwen3-4B,Qwen3-4B,Qwen3,4.0,fra,original,0.92,0.027265992434429075,100,0.95,0.021904291355759036,100,0.029999999999999916,0.034974738358311185,0.9684210526315791,0.03636393089546882,French,0.18824593690905445,URIEL syntax_knn,fra,CC-MAIN-2026-21,102728618,/work/multilingual-gsm-symbolic/paper/artifacts/figures/transfer_features/languages.csv,8.011691445624011,Qwen/Qwen3-4B,0.372296302903269,0.3110715194706032,1.1968189937055669,100,8348,22423,6111,19645
Qwen/Qwen3-4B,Qwen3-4B,Qwen3,4.0,fra,synthetic,0.9045,0.006573544001554277,2000,0.9475,0.004988418302285735,2000,0.04300000000000004,0.008252017807721303,0.954617414248021,0.008566932151276607,French,0.18824593690905445,URIEL syntax_knn,fra,CC-MAIN-2026-21,102728618,/work/multilingual-gsm-symbolic/paper/artifacts/figures/transfer_features/languages.csv,8.011691445624011,Qwen/Qwen3-4B,0.372296302903269,0.3110715194706032,1.1968189937055669,100,8348,22423,6111,19645
Qwen/Qwen3-4B,Qwen3-4B,Qwen3,4.0,hin,original,0.85,0.03588702812826366,100,0.95,0.021904291355759036,100,0.09999999999999998,0.04204374825912608,0.8947368421052632,0.0430419879749269,Hindi,0.3838046008442838,URIEL syntax_knn,hin,CC-MAIN-2026-21,4774018,/work/multilingual-gsm-symbolic/paper/artifacts/figures/transfer_features/languages.csv,6.678884052141607,Qwen/Qwen3-4B,1.1958312405826217,0.3110715194706032,3.844232485885388,100,23809,19910,6111,19645
Qwen/Qwen3-4B,Qwen3-4B,Qwen3,4.0,hin,synthetic,0.866,0.007619122358431864,2000,0.9475,0.004988418302285735,2000,0.08150000000000002,0.009106884355878008,0.9139841688654353,0.00937109056584569,Hindi,0.3838046008442838,URIEL syntax_knn,hin,CC-MAIN-2026-21,4774018,/work/multilingual-gsm-symbolic/paper/artifacts/figures/transfer_features/languages.csv,6.678884052141607,Qwen/Qwen3-4B,1.1958312405826217,0.3110715194706032,3.844232485885388,100,23809,19910,6111,19645
Qwen/Qwen3-4B,Qwen3-4B,Qwen3,4.0,isl,original,0.82,0.038612291966536906,100,0.95,0.021904291355759036,100,0.13,0.04439264658372004,0.8631578947368421,0.0452555504263382,Icelandic,0.13127809128711687,URIEL syntax_knn,isl,CC-MAIN-2026-21,777022,/work/multilingual-gsm-symbolic/paper/artifacts/figures/transfer_features/languages.csv,5.890433315253091,Qwen/Qwen3-4B,0.5361037713187605,0.3110715194706032,1.7234100126913845,100,11159,20815,6111,19645
Qwen/Qwen3-4B,Qwen3-4B,Qwen3,4.0,isl,synthetic,0.74,0.009810612828056718,2000,0.9475,0.004988418302285735,2000,0.20750000000000002,0.01100601840906194,0.7810026385224275,0.011140774798994859,Icelandic,0.13127809128711687,URIEL syntax_knn,isl,CC-MAIN-2026-21,777022,/work/multilingual-gsm-symbolic/paper/artifacts/figures/transfer_features/languages.csv,5.890433315253091,Qwen/Qwen3-4B,0.5361037713187605,0.3110715194706032,1.7234100126913845,100,11159,20815,6111,19645
Qwen/Qwen3-4B,Qwen3-4B,Qwen3,4.0,ita,original,0.91,0.02876234912646614,100,0.95,0.021904291355759036,100,0.039999999999999925,0.03615343285319815,0.9578947368421054,0.03747600936079815,Italian,0.14220584589844,URIEL syntax_knn,ita,CC-MAIN-2026-21,53457335,/work/multilingual-gsm-symbolic/paper/artifacts/figures/transfer_features/languages.csv,7.728007304146603,Qwen/Qwen3-4B,0.3917287089159252,0.3110715194706032,1.2592882485114305,100,8629,22028,6111,19645
Qwen/Qwen3-4B,Qwen3-4B,Qwen3,4.0,ita,synthetic,0.913,0.006303599581496422,2000,0.9475,0.004988418302285735,2000,0.034499999999999975,0.008038637001533355,0.9635883905013193,0.008366439371640274,Italian,0.14220584589844,URIEL syntax_knn,ita,CC-MAIN-2026-21,53457335,/work/multilingual-gsm-symbolic/paper/artifacts/figures/transfer_features/languages.csv,7.728007304146603,Qwen/Qwen3-4B,0.3917287089159252,0.3110715194706032,1.2592882485114305,100,8629,22028,6111,19645
Qwen/Qwen3-4B,Qwen3-4B,Qwen3,4.0,jpn,original,0.9366666666666666,0.014085527360052107,300,0.95,0.021904291355759036,100,0.013333333333333308,0.026042274493767944,0.9859649122807018,0.02714129561504223,Japanese,0.4998069870609444,URIEL syntax_knn,jpn,CC-MAIN-2026-21,118455052,/work/multilingual-gsm-symbolic/paper/artifacts/figures/transfer_features/languages.csv,8.073553587717582,Qwen/Qwen3-4B,0.7281824738550307,0.3110715194706032,2.340884421352001,100,8077,11092,6111,19645
Qwen/Qwen3-4B,Qwen3-4B,Qwen3,4.0,jpn,synthetic,0.9056666666666666,0.0037737867149969647,6000,0.9475,0.004988418302285735,2000,0.04183333333333339,0.006255060617521375,0.95584872471416,0.006417801501187779,Japanese,0.4998069870609444,URIEL syntax_knn,jpn,CC-MAIN-2026-21,118455052,/work/multilingual-gsm-symbolic/paper/artifacts/figures/transfer_features/languages.csv,8.073553587717582,Qwen/Qwen3-4B,0.7281824738550307,0.3110715194706032,2.340884421352001,100,8077,11092,6111,19645
Qwen/Qwen3-4B,Qwen3-4B,Qwen3,4.0,mar,original,0.8,0.04020151261036847,100,0.95,0.021904291355759036,100,0.1499999999999999,0.04578165130223674,0.8421052631578948,0.046559242539512664,Marathi,0.43515421744059357,URIEL syntax_knn,mar,CC-MAIN-2026-21,649289,/work/multilingual-gsm-symbolic/paper/artifacts/figures/transfer_features/languages.csv,5.812438045288022,Qwen/Qwen3-4B,1.1631330432367373,0.3110715194706032,3.7391177604951245,100,25126,21602,6111,19645
Qwen/Qwen3-4B,Qwen3-4B,Qwen3,4.0,mar,synthetic,0.795,0.009029300312430976,2000,0.9475,0.004988418302285735,2000,0.15249999999999997,0.01031564740046137,0.8390501319261214,0.01050367647884442,Marathi,0.43515421744059357,URIEL syntax_knn,mar,CC-MAIN-2026-21,649289,/work/multilingual-gsm-symbolic/paper/artifacts/figures/transfer_features/languages.csv,5.812438045288022,Qwen/Qwen3-4B,1.1631330432367373,0.3110715194706032,3.7391177604951245,100,25126,21602,6111,19645
Qwen/Qwen3-4B,Qwen3-4B,Qwen3,4.0,nld,original,0.92,0.027265992434429072,100,0.95,0.021904291355759036,100,0.029999999999999916,0.03497473835831118,0.9684210526315791,0.03636393089546882,Dutch,0.07570690126642576,URIEL syntax_knn,nld,CC-MAIN-2026-21,39513234,/work/multilingual-gsm-symbolic/paper/artifacts/figures/transfer_features/languages.csv,7.596742576400662,Qwen/Qwen3-4B,0.39352324394543936,0.3110715194706032,1.2650571309618976,100,8482,21554,6111,19645
Qwen/Qwen3-4B,Qwen3-4B,Qwen3,4.0,nld,synthetic,0.897,0.006798426972811605,2000,0.9475,0.004988418302285735,2000,0.05049999999999999,0.00843225512322959,0.9467018469656993,0.008736404840615143,Dutch,0.07570690126642576,URIEL syntax_knn,nld,CC-MAIN-2026-21,39513234,/work/multilingual-gsm-symbolic/paper/artifacts/figures/transfer_features/languages.csv,7.596742576400662,Qwen/Qwen3-4B,0.39352324394543936,0.3110715194706032,1.2650571309618976,100,8482,21554,6111,19645
Qwen/Qwen3-4B,Qwen3-4B,Qwen3,4.0,nob,original,0.92,0.02726599243442907,100,0.95,0.021904291355759036,100,0.029999999999999916,0.03497473835831118,0.9684210526315791,0.03636393089546881,Norwegian Bokmal,0.10138170956458059,URIEL syntax_knn,nor,CC-MAIN-2026-21,7148610,/work/multilingual-gsm-symbolic/paper/artifacts/figures/transfer_features/languages.csv,6.854221604316353,Qwen/Qwen3-4B,0.42304799157514666,0.3110715194706032,1.359970184011415,100,8436,19941,6111,19645
Qwen/Qwen3-4B,Qwen3-4B,Qwen3,4.0,nob,synthetic,0.923,0.005962656843917747,2000,0.9475,0.004988418302285735,2000,0.024499999999999966,0.0077741619353405835,0.9741424802110819,0.008118238342794354,Norwegian Bokmal,0.10138170956458059,URIEL syntax_knn,nor,CC-MAIN-2026-21,7148610,/work/multilingual-gsm-symbolic/paper/artifacts/figures/transfer_features/languages.csv,6.854221604316353,Qwen/Qwen3-4B,0.42304799157514666,0.3110715194706032,1.359970184011415,100,8436,19941,6111,19645
Qwen/Qwen3-4B,Qwen3-4B,Qwen3,4.0,rus,original,0.91,0.028762349126466132,100,0.95,0.021904291355759036,100,0.039999999999999925,0.03615343285319815,0.9578947368421054,0.03747600936079815,Russian,0.18824593690905445,URIEL syntax_knn,rus,CC-MAIN-2026-21,138631119,/work/multilingual-gsm-symbolic/paper/artifacts/figures/transfer_features/languages.csv,8.141860728782362,Qwen/Qwen3-4B,0.4443868901864758,0.3110715194706032,1.4285682306845553,100,9437,21236,6111,19645
Qwen/Qwen3-4B,Qwen3-4B,Qwen3,4.0,rus,synthetic,0.882,0.007215541006467084,2000,0.9475,0.004988418302285735,2000,0.0655,0.008772020814760263,0.9308707124010555,0.009056048440598652,Russian,0.18824593690905445,URIEL syntax_knn,rus,CC-MAIN-2026-21,138631119,/work/multilingual-gsm-symbolic/paper/artifacts/figures/transfer_features/languages.csv,8.141860728782362,Qwen/Qwen3-4B,0.4443868901864758,0.3110715194706032,1.4285682306845553,100,9437,21236,6111,19645
Qwen/Qwen3-4B,Qwen3-4B,Qwen3,4.0,ukr,original,0.92,0.027265992434429075,100,0.95,0.021904291355759036,100,0.029999999999999916,0.034974738358311185,0.9684210526315791,0.03636393089546882,Ukrainian,0.15273132616089036,URIEL syntax_knn,ukr,CC-MAIN-2026-21,17456210,/work/multilingual-gsm-symbolic/paper/artifacts/figures/transfer_features/languages.csv,7.2419499578829365,Qwen/Qwen3-4B,0.6400336810590822,0.3110715194706032,2.057512954411008,100,13682,21377,6111,19645
Qwen/Qwen3-4B,Qwen3-4B,Qwen3,4.0,ukr,synthetic,0.8935,0.006899469279456872,2000,0.9475,0.004988418302285735,2000,0.05400000000000005,0.008513929380535665,0.9430079155672823,0.008813227478333888,Ukrainian,0.15273132616089036,URIEL syntax_knn,ukr,CC-MAIN-2026-21,17456210,/work/multilingual-gsm-symbolic/paper/artifacts/figures/transfer_features/languages.csv,7.2419499578829365,Qwen/Qwen3-4B,0.6400336810590822,0.3110715194706032,2.057512954411008,100,13682,21377,6111,19645
Qwen/Qwen3-4B,Qwen3-4B,Qwen3,4.0,urd,original,0.8,0.028355248200333433,200,0.95,0.021904291355759036,100,0.1499999999999999,0.035830407202549236,0.8421052631578948,0.03560734854084206,urd,0.3838046008442838,URIEL syntax_knn,urd,CC-MAIN-2026-21,682592,/work/multilingual-gsm-symbolic/paper/artifacts/figures/transfer_features/languages.csv,5.834161194027274,Qwen/Qwen3-4B,0.9048734770384255,0.3110715194706032,2.9088920727245737,100,17379,19206,6111,19645
Qwen/Qwen3-4B,Qwen3-4B,Qwen3,4.0,urd,synthetic,0.8315,0.008371912532971763,2000,0.9475,0.004988418302285735,2000,0.11599999999999999,0.009745421315587591,0.8775725593667546,0.009970859618099778,urd,0.3838046008442838,URIEL syntax_knn,urd,CC-MAIN-2026-21,682592,/work/multilingual-gsm-symbolic/paper/artifacts/figures/transfer_features/languages.csv,5.834161194027274,Qwen/Qwen3-4B,0.9048734770384255,0.3110715194706032,2.9088920727245737,100,17379,19206,6111,19645
Qwen/Qwen3-4B,Qwen3-4B,Qwen3,4.0,zho,original,0.89,0.031446603773522014,100,0.95,0.021904291355759036,100,0.05999999999999994,0.03832345063648195,0.9368421052631579,0.039526206232645064,Chinese,0.2892275292349138,URIEL syntax_knn,zho,CC-MAIN-2026-21,102274716,/work/multilingual-gsm-symbolic/paper/artifacts/figures/transfer_features/languages.csv,8.009768282208015,Qwen/Qwen3-4B,0.9554681552905354,0.3110715194706032,3.071538522448465,100,7531,7882,6111,19645
Qwen/Qwen3-4B,Qwen3-4B,Qwen3,4.0,zho,synthetic,0.892,0.006942052725817057,2000,0.9475,0.004988418302285735,2000,0.055499999999999994,0.008548474320403808,0.9414248021108179,0.008845724100104216,Chinese,0.2892275292349138,URIEL syntax_knn,zho,CC-MAIN-2026-21,102274716,/work/multilingual-gsm-symbolic/paper/artifacts/figures/transfer_features/languages.csv,8.009768282208015,Qwen/Qwen3-4B,0.9554681552905354,0.3110715194706032,3.071538522448465,100,7531,7882,6111,19645
Qwen/Qwen3-4B,Qwen3-4B (reasoning off),Qwen3,4.0,ara,original,0.86,0.0348735088019777,100,0.95,0.021904291355759036,100,0.08999999999999997,0.04118203001261103,0.9052631578947369,0.0422281984944235,Arabic,0.34901322303461213,URIEL syntax_knn,ara,CC-MAIN-2026-21,14123579,/work/multilingual-gsm-symbolic/paper/artifacts/figures/transfer_features/languages.csv,7.149944763500101,Qwen/Qwen3-4B,0.5197614136796923,0.3110715194706032,1.6708743203628793,100,9324,17939,6111,19645
Qwen/Qwen3-4B,Qwen3-4B (reasoning off),Qwen3,4.0,ara,synthetic,0.818,0.00862990368537271,2000,0.9285,0.005762853480709021,2000,0.11050000000000004,0.010377172922281365,0.8809908454496499,0.010783587705777212,Arabic,0.34901322303461213,URIEL syntax_knn,ara,CC-MAIN-2026-21,14123579,/work/multilingual-gsm-symbolic/paper/artifacts/figures/transfer_features/languages.csv,7.149944763500101,Qwen/Qwen3-4B,0.5197614136796923,0.3110715194706032,1.6708743203628793,100,9324,17939,6111,19645
Qwen/Qwen3-4B,Qwen3-4B (reasoning off),Qwen3,4.0,dan,original,0.885,0.022614865924962285,200,0.95,0.021904291355759036,100,0.06499999999999995,0.03148380759377748,0.9315789473684211,0.03206329820981554,Danish,0.11992176734660287,URIEL syntax_knn,dan,CC-MAIN-2026-21,11404389,/work/multilingual-gsm-symbolic/paper/artifacts/figures/transfer_features/languages.csv,7.057072022533615,Qwen/Qwen3-4B,0.42498758072528564,0.3110715194706032,1.3662053711910058,100,8555,20130,6111,19645
Qwen/Qwen3-4B,Qwen3-4B (reasoning off),Qwen3,4.0,dan,synthetic,0.846,0.005707814361574536,4000,0.9285,0.005762853480709021,2000,0.08250000000000002,0.00811108038588674,0.9111470113085621,0.00835288162497259,Danish,0.11992176734660287,URIEL syntax_knn,dan,CC-MAIN-2026-21,11404389,/work/multilingual-gsm-symbolic/paper/artifacts/figures/transfer_features/languages.csv,7.057072022533615,Qwen/Qwen3-4B,0.42498758072528564,0.3110715194706032,1.3662053711910058,100,8555,20130,6111,19645
Qwen/Qwen3-4B,Qwen3-4B (reasoning off),Qwen3,4.0,deu,original,0.885,0.02261486592496229,200,0.95,0.021904291355759036,100,0.06499999999999995,0.03148380759377748,0.9315789473684211,0.032063298209815544,German,0.09745802098497969,URIEL syntax_knn,deu,CC-MAIN-2026-21,129221452,/work/multilingual-gsm-symbolic/paper/artifacts/figures/transfer_features/languages.csv,8.111334616692115,Qwen/Qwen3-4B,0.3681071698784993,0.3110715194706032,1.1833522095014104,100,8271,22469,6111,19645
Qwen/Qwen3-4B,Qwen3-4B (reasoning off),Qwen3,4.0,deu,synthetic,0.8465,0.005700224613132373,4000,0.9285,0.005762853480709021,2000,0.08199999999999996,0.00810574122954096,0.9116855142703285,0.008349132428917194,German,0.09745802098497969,URIEL syntax_knn,deu,CC-MAIN-2026-21,129221452,/work/multilingual-gsm-symbolic/paper/artifacts/figures/transfer_features/languages.csv,8.111334616692115,Qwen/Qwen3-4B,0.3681071698784993,0.3110715194706032,1.1833522095014104,100,8271,22469,6111,19645
Qwen/Qwen3-4B,Qwen3-4B (reasoning off),Qwen3,4.0,est,original,0.71,0.03216633903375034,200,0.95,0.021904291355759036,100,0.24,0.0389162093045064,0.7473684210526316,0.03799211339325092,Estonian,0.22659791675913576,URIEL syntax_knn,est,CC-MAIN-2026-21,3089989,/work/multilingual-gsm-symbolic/paper/artifacts/figures/transfer_features/languages.csv,6.489956933389947,Qwen/Qwen3-4B,0.4884087994475683,0.3110715194706032,1.5700852340283882,100,9902,20274,6111,19645
Qwen/Qwen3-4B,Qwen3-4B (reasoning off),Qwen3,4.0,est,synthetic,0.69875,0.007255189095895731,4000,0.9285,0.005762853480709021,2000,0.22975,0.009265433020497444,0.7525578890683898,0.009103491195124113,Estonian,0.22659791675913576,URIEL syntax_knn,est,CC-MAIN-2026-21,3089989,/work/multilingual-gsm-symbolic/paper/artifacts/figures/transfer_features/languages.csv,6.489956933389947,Qwen/Qwen3-4B,0.4884087994475683,0.3110715194706032,1.5700852340283882,100,9902,20274,6111,19645
Qwen/Qwen3-4B,Qwen3-4B (reasoning off),Qwen3,4.0,fra,original,0.85,0.035887028128263665,100,0.95,0.021904291355759036,100,0.09999999999999998,0.04204374825912608,0.8947368421052632,0.0430419879749269,French,0.18824593690905445,URIEL syntax_knn,fra,CC-MAIN-2026-21,102728618,/work/multilingual-gsm-symbolic/paper/artifacts/figures/transfer_features/languages.csv,8.011691445624011,Qwen/Qwen3-4B,0.372296302903269,0.3110715194706032,1.1968189937055669,100,8348,22423,6111,19645
Qwen/Qwen3-4B,Qwen3-4B (reasoning off),Qwen3,4.0,fra,synthetic,0.8705,0.00750953204505899,2000,0.9285,0.005762853480709021,2000,0.05799999999999994,0.009465915263506637,0.9375336564351104,0.009963560211187814,French,0.18824593690905445,URIEL syntax_knn,fra,CC-MAIN-2026-21,102728618,/work/multilingual-gsm-symbolic/paper/artifacts/figures/transfer_features/languages.csv,8.011691445624011,Qwen/Qwen3-4B,0.372296302903269,0.3110715194706032,1.1968189937055669,100,8348,22423,6111,19645
Qwen/Qwen3-4B,Qwen3-4B (reasoning off),Qwen3,4.0,hin,original,0.79,0.04093601807403324,100,0.95,0.021904291355759036,100,0.15999999999999992,0.046427960923947076,0.8315789473684211,0.04716387621805073,Hindi,0.3838046008442838,URIEL syntax_knn,hin,CC-MAIN-2026-21,4774018,/work/multilingual-gsm-symbolic/paper/artifacts/figures/transfer_features/languages.csv,6.678884052141607,Qwen/Qwen3-4B,1.1958312405826217,0.3110715194706032,3.844232485885388,100,23809,19910,6111,19645
Qwen/Qwen3-4B,Qwen3-4B (reasoning off),Qwen3,4.0,hin,synthetic,0.776,0.00932499210395748,2000,0.9285,0.005762853480709021,2000,0.15249999999999997,0.010962023443643488,0.8357565966612817,0.011303567675302441,Hindi,0.3838046008442838,URIEL syntax_knn,hin,CC-MAIN-2026-21,4774018,/work/multilingual-gsm-symbolic/paper/artifacts/figures/transfer_features/languages.csv,6.678884052141607,Qwen/Qwen3-4B,1.1958312405826217,0.3110715194706032,3.844232485885388,100,23809,19910,6111,19645
Qwen/Qwen3-4B,Qwen3-4B (reasoning off),Qwen3,4.0,isl,original,0.54,0.05009082659620333,100,0.95,0.021904291355759036,100,0.4099999999999999,0.054670731556189095,0.568421052631579,0.054331646324067256,Icelandic,0.13127809128711687,URIEL syntax_knn,isl,CC-MAIN-2026-21,777022,/work/multilingual-gsm-symbolic/paper/artifacts/figures/transfer_features/languages.csv,5.890433315253091,Qwen/Qwen3-4B,0.5361037713187605,0.3110715194706032,1.7234100126913845,100,11159,20815,6111,19645
Qwen/Qwen3-4B,Qwen3-4B (reasoning off),Qwen3,4.0,isl,synthetic,0.567,0.011082279027990007,2000,0.9285,0.005762853480709021,2000,0.36150000000000004,0.012491092373941809,0.6106623586429725,0.012523007859283052,Icelandic,0.13127809128711687,URIEL syntax_knn,isl,CC-MAIN-2026-21,777022,/work/multilingual-gsm-symbolic/paper/artifacts/figures/transfer_features/languages.csv,5.890433315253091,Qwen/Qwen3-4B,0.5361037713187605,0.3110715194706032,1.7234100126913845,100,11159,20815,6111,19645
Qwen/Qwen3-4B,Qwen3-4B (reasoning off),Qwen3,4.0,ita,original,0.85,0.03588702812826367,100,0.95,0.021904291355759036,100,0.09999999999999998,0.04204374825912609,0.8947368421052632,0.04304198797492691,Italian,0.14220584589844,URIEL syntax_knn,ita,CC-MAIN-2026-21,53457335,/work/multilingual-gsm-symbolic/paper/artifacts/figures/transfer_features/languages.csv,7.728007304146603,Qwen/Qwen3-4B,0.3917287089159252,0.3110715194706032,1.2592882485114305,100,8629,22028,6111,19645
Qwen/Qwen3-4B,Qwen3-4B (reasoning off),Qwen3,4.0,ita,synthetic,0.8635,0.007678760100324738,2000,0.9285,0.005762853480709021,2000,0.06499999999999995,0.009600720645787963,0.9299946149703824,0.01008521414768386,Italian,0.14220584589844,URIEL syntax_knn,ita,CC-MAIN-2026-21,53457335,/work/multilingual-gsm-symbolic/paper/artifacts/figures/transfer_features/languages.csv,7.728007304146603,Qwen/Qwen3-4B,0.3917287089159252,0.3110715194706032,1.2592882485114305,100,8629,22028,6111,19645
Qwen/Qwen3-4B,Qwen3-4B (reasoning off),Qwen3,4.0,jpn,original,0.835,0.026312291489284732,200,0.95,0.021904291355759036,100,0.11499999999999999,0.03423645225801099,0.8789473684210526,0.03431972663425897,Japanese,0.4998069870609444,URIEL syntax_knn,jpn,CC-MAIN-2026-21,118455052,/work/multilingual-gsm-symbolic/paper/artifacts/figures/transfer_features/languages.csv,8.073553587717582,Qwen/Qwen3-4B,0.7281824738550307,0.3110715194706032,2.340884421352001,100,8077,11092,6111,19645
Qwen/Qwen3-4B,Qwen3-4B (reasoning off),Qwen3,4.0,jpn,synthetic,0.808,0.006228458751939061,4000,0.9285,0.005762853480709021,2000,0.12049999999999994,0.008485527600846417,0.8702207862143242,0.008612241414470883,Japanese,0.4998069870609444,URIEL syntax_knn,jpn,CC-MAIN-2026-21,118455052,/work/multilingual-gsm-symbolic/paper/artifacts/figures/transfer_features/languages.csv,8.073553587717582,Qwen/Qwen3-4B,0.7281824738550307,0.3110715194706032,2.340884421352001,100,8077,11092,6111,19645
Qwen/Qwen3-4B,Qwen3-4B (reasoning off),Qwen3,4.0,mar,original,0.79,0.040936018074033236,100,0.95,0.021904291355759036,100,0.15999999999999992,0.04642796092394706,0.8315789473684211,0.047163876218050724,Marathi,0.43515421744059357,URIEL syntax_knn,mar,CC-MAIN-2026-21,649289,/work/multilingual-gsm-symbolic/paper/artifacts/figures/transfer_features/languages.csv,5.812438045288022,Qwen/Qwen3-4B,1.1631330432367373,0.3110715194706032,3.7391177604951245,100,25126,21602,6111,19645
Qwen/Qwen3-4B,Qwen3-4B (reasoning off),Qwen3,4.0,mar,synthetic,0.6735,0.010488273305862557,2000,0.9285,0.005762853480709021,2000,0.255,0.011967220110727018,0.7253634894991923,0.012160042868033608,Marathi,0.43515421744059357,URIEL syntax_knn,mar,CC-MAIN-2026-21,649289,/work/multilingual-gsm-symbolic/paper/artifacts/figures/transfer_features/languages.csv,5.812438045288022,Qwen/Qwen3-4B,1.1631330432367373,0.3110715194706032,3.7391177604951245,100,25126,21602,6111,19645
Qwen/Qwen3-4B,Qwen3-4B (reasoning off),Qwen3,4.0,nld,original,0.83,0.03775251680686369,100,0.95,0.021904291355759036,100,0.12,0.04364688425363837,0.8736842105263158,0.04455372910303869,Dutch,0.07570690126642576,URIEL syntax_knn,nld,CC-MAIN-2026-21,39513234,/work/multilingual-gsm-symbolic/paper/artifacts/figures/transfer_features/languages.csv,7.596742576400662,Qwen/Qwen3-4B,0.39352324394543936,0.3110715194706032,1.2650571309618976,100,8482,21554,6111,19645
Qwen/Qwen3-4B,Qwen3-4B (reasoning off),Qwen3,4.0,nld,synthetic,0.8515,0.007953332807784149,2000,0.9285,0.005762853480709021,2000,0.07699999999999996,0.009821709779437375,0.9170705438879915,0.01028448329873858,Dutch,0.07570690126642576,URIEL syntax_knn,nld,CC-MAIN-2026-21,39513234,/work/multilingual-gsm-symbolic/paper/artifacts/figures/transfer_features/languages.csv,7.596742576400662,Qwen/Qwen3-4B,0.39352324394543936,0.3110715194706032,1.2650571309618976,100,8482,21554,6111,19645
Qwen/Qwen3-4B,Qwen3-4B (reasoning off),Qwen3,4.0,nob,original,0.86,0.034873508801977704,100,0.95,0.021904291355759036,100,0.08999999999999997,0.04118203001261104,0.9052631578947369,0.042228198494423504,Norwegian Bokmal,0.10138170956458059,URIEL syntax_knn,nor,CC-MAIN-2026-21,7148610,/work/multilingual-gsm-symbolic/paper/artifacts/figures/transfer_features/languages.csv,6.854221604316353,Qwen/Qwen3-4B,0.42304799157514666,0.3110715194706032,1.359970184011415,100,8436,19941,6111,19645
Qwen/Qwen3-4B,Qwen3-4B (reasoning off),Qwen3,4.0,nob,synthetic,0.8605,0.007749187050908952,2000,0.9285,0.005762853480709021,2000,0.06799999999999995,0.009657141408827721,0.9267635971997846,0.010136112078890027,Norwegian Bokmal,0.10138170956458059,URIEL syntax_knn,nor,CC-MAIN-2026-21,7148610,/work/multilingual-gsm-symbolic/paper/artifacts/figures/transfer_features/languages.csv,6.854221604316353,Qwen/Qwen3-4B,0.42304799157514666,0.3110715194706032,1.359970184011415,100,8436,19941,6111,19645
Qwen/Qwen3-4B,Qwen3-4B (reasoning off),Qwen3,4.0,rus,original,0.86,0.0348735088019777,100,0.95,0.021904291355759036,100,0.08999999999999997,0.04118203001261103,0.9052631578947369,0.0422281984944235,Russian,0.18824593690905445,URIEL syntax_knn,rus,CC-MAIN-2026-21,138631119,/work/multilingual-gsm-symbolic/paper/artifacts/figures/transfer_features/languages.csv,8.141860728782362,Qwen/Qwen3-4B,0.4443868901864758,0.3110715194706032,1.4285682306845553,100,9437,21236,6111,19645
Qwen/Qwen3-4B,Qwen3-4B (reasoning off),Qwen3,4.0,rus,synthetic,0.8395,0.008209968135650359,2000,0.9285,0.005762853480709021,2000,0.08899999999999997,0.010030655862330953,0.9041464728056005,0.010472602481072617,Russian,0.18824593690905445,URIEL syntax_knn,rus,CC-MAIN-2026-21,138631119,/work/multilingual-gsm-symbolic/paper/artifacts/figures/transfer_features/languages.csv,8.141860728782362,Qwen/Qwen3-4B,0.4443868901864758,0.3110715194706032,1.4285682306845553,100,9437,21236,6111,19645
Qwen/Qwen3-4B,Qwen3-4B (reasoning off),Qwen3,4.0,ukr,original,0.87,0.0337997668989631,100,0.95,0.021904291355759036,100,0.07999999999999996,0.0402768199119819,0.9157894736842106,0.041372794558179125,Ukrainian,0.15273132616089036,URIEL syntax_knn,ukr,CC-MAIN-2026-21,17456210,/work/multilingual-gsm-symbolic/paper/artifacts/figures/transfer_features/languages.csv,7.2419499578829365,Qwen/Qwen3-4B,0.6400336810590822,0.3110715194706032,2.057512954411008,100,13682,21377,6111,19645
Qwen/Qwen3-4B,Qwen3-4B (reasoning off),Qwen3,4.0,ukr,synthetic,0.8425,0.008147396211828426,2000,0.9285,0.005762853480709021,2000,0.08599999999999997,0.009979506263970992,0.9073774905761982,0.010426584379232945,Ukrainian,0.15273132616089036,URIEL syntax_knn,ukr,CC-MAIN-2026-21,17456210,/work/multilingual-gsm-symbolic/paper/artifacts/figures/transfer_features/languages.csv,7.2419499578829365,Qwen/Qwen3-4B,0.6400336810590822,0.3110715194706032,2.057512954411008,100,13682,21377,6111,19645
Qwen/Qwen3-4B,Qwen3-4B (reasoning off),Qwen3,4.0,urd,original,0.78,0.04163331998932266,100,0.95,0.021904291355759036,100,0.16999999999999993,0.04704392960979465,0.8210526315789475,0.04773865033898888,urd,0.3838046008442838,URIEL syntax_knn,urd,CC-MAIN-2026-21,682592,/work/multilingual-gsm-symbolic/paper/artifacts/figures/transfer_features/languages.csv,5.834161194027274,Qwen/Qwen3-4B,0.9048734770384255,0.3110715194706032,2.9088920727245737,100,17379,19206,6111,19645
Qwen/Qwen3-4B,Qwen3-4B (reasoning off),Qwen3,4.0,urd,synthetic,0.727,0.009964193021579101,2000,0.9285,0.005762853480709021,2000,0.2015,0.011510674298728365,0.7829833064081853,0.011780557160305205,urd,0.3838046008442838,URIEL syntax_knn,urd,CC-MAIN-2026-21,682592,/work/multilingual-gsm-symbolic/paper/artifacts/figures/transfer_features/languages.csv,5.834161194027274,Qwen/Qwen3-4B,0.9048734770384255,0.3110715194706032,2.9088920727245737,100,17379,19206,6111,19645
Qwen/Qwen3-4B,Qwen3-4B (reasoning off),Qwen3,4.0,zho,original,0.87,0.03379976689896311,100,0.95,0.021904291355759036,100,0.07999999999999996,0.040276819911981905,0.9157894736842106,0.04137279455817913,Chinese,0.2892275292349138,URIEL syntax_knn,zho,CC-MAIN-2026-21,102274716,/work/multilingual-gsm-symbolic/paper/artifacts/figures/transfer_features/languages.csv,8.009768282208015,Qwen/Qwen3-4B,0.9554681552905354,0.3110715194706032,3.071538522448465,100,7531,7882,6111,19645
Qwen/Qwen3-4B,Qwen3-4B (reasoning off),Qwen3,4.0,zho,synthetic,0.8605,0.007749187050908954,2000,0.9285,0.005762853480709021,2000,0.06799999999999995,0.009657141408827723,0.9267635971997846,0.01013611207889003,Chinese,0.2892275292349138,URIEL syntax_knn,zho,CC-MAIN-2026-21,102274716,/work/multilingual-gsm-symbolic/paper/artifacts/figures/transfer_features/languages.csv,8.009768282208015,Qwen/Qwen3-4B,0.9554681552905354,0.3110715194706032,3.071538522448465,100,7531,7882,6111,19645
Qwen/Qwen3-8B,Qwen3-8B,Qwen3,8.0,ara,original,0.88,0.032659863237109045,100,0.95,0.02190429135575903,100,0.06999999999999995,0.03932511470376973,0.9263157894736842,0.04047313767476336,Arabic,0.34901322303461213,URIEL syntax_knn,ara,CC-MAIN-2026-21,14123579,/work/multilingual-gsm-symbolic/paper/artifacts/figures/transfer_features/languages.csv,7.149944763500101,Qwen/Qwen3-8B,0.5197614136796923,0.3110715194706032,1.6708743203628793,100,9324,17939,6111,19645
Qwen/Qwen3-8B,Qwen3-8B,Qwen3,8.0,ara,synthetic,0.9005,0.006694944820016936,2000,0.9555,0.0046119963416212245,2000,0.05500000000000005,0.00812974762204825,0.9424385138670852,0.008353887306310745,Arabic,0.34901322303461213,URIEL syntax_knn,ara,CC-MAIN-2026-21,14123579,/work/multilingual-gsm-symbolic/paper/artifacts/figures/transfer_features/languages.csv,7.149944763500101,Qwen/Qwen3-8B,0.5197614136796923,0.3110715194706032,1.6708743203628793,100,9324,17939,6111,19645
Qwen/Qwen3-8B,Qwen3-8B,Qwen3,8.0,dan,original,0.925,0.018671317319682114,200,0.95,0.02190429135575903,100,0.02499999999999991,0.028782217952239904,0.9736842105263159,0.029837896576270388,Danish,0.11992176734660287,URIEL syntax_knn,dan,CC-MAIN-2026-21,11404389,/work/multilingual-gsm-symbolic/paper/artifacts/figures/transfer_features/languages.csv,7.057072022533615,Qwen/Qwen3-8B,0.42498758072528564,0.3110715194706032,1.3662053711910058,100,8555,20130,6111,19645
Qwen/Qwen3-8B,Qwen3-8B,Qwen3,8.0,dan,synthetic,0.921,0.004265477531841383,4000,0.9555,0.0046119963416212245,2000,0.034499999999999975,0.006282102261963842,0.9638932496075353,0.006447814119936304,Danish,0.11992176734660287,URIEL syntax_knn,dan,CC-MAIN-2026-21,11404389,/work/multilingual-gsm-symbolic/paper/artifacts/figures/transfer_features/languages.csv,7.057072022533615,Qwen/Qwen3-8B,0.42498758072528564,0.3110715194706032,1.3662053711910058,100,8555,20130,6111,19645
Qwen/Qwen3-8B,Qwen3-8B,Qwen3,8.0,deu,original,0.925,0.018671317319682117,200,0.95,0.02190429135575903,100,0.02499999999999991,0.028782217952239907,0.9736842105263159,0.02983789657627039,German,0.09745802098497969,URIEL syntax_knn,deu,CC-MAIN-2026-21,129221452,/work/multilingual-gsm-symbolic/paper/artifacts/figures/transfer_features/languages.csv,8.111334616692115,Qwen/Qwen3-8B,0.3681071698784993,0.3110715194706032,1.1833522095014104,100,8271,22469,6111,19645
Qwen/Qwen3-8B,Qwen3-8B,Qwen3,8.0,deu,synthetic,0.911,0.004502756789420914,4000,0.9555,0.0046119963416212245,2000,0.044499999999999984,0.006445566612781509,0.9534275248560963,0.006586776959783294,German,0.09745802098497969,URIEL syntax_knn,deu,CC-MAIN-2026-21,129221452,/work/multilingual-gsm-symbolic/paper/artifacts/figures/transfer_features/languages.csv,8.111334616692115,Qwen/Qwen3-8B,0.3681071698784993,0.3110715194706032,1.1833522095014104,100,8271,22469,6111,19645
Qwen/Qwen3-8B,Qwen3-8B,Qwen3,8.0,est,original,0.865,0.02422414178513101,200,0.95,0.02190429135575903,100,0.08499999999999996,0.03265895015189726,0.9105263157894737,0.033029651434225565,Estonian,0.22659791675913576,URIEL syntax_knn,est,CC-MAIN-2026-21,3089989,/work/multilingual-gsm-symbolic/paper/artifacts/figures/transfer_features/languages.csv,6.489956933389947,Qwen/Qwen3-8B,0.4884087994475683,0.3110715194706032,1.5700852340283882,100,9902,20274,6111,19645
Qwen/Qwen3-8B,Qwen3-8B,Qwen3,8.0,est,synthetic,0.86675,0.005374088721113152,4000,0.9555,0.0046119963416212245,2000,0.08875,0.0070817610689378075,0.9071166928309785,0.007127726880434414,Estonian,0.22659791675913576,URIEL syntax_knn,est,CC-MAIN-2026-21,3089989,/work/multilingual-gsm-symbolic/paper/artifacts/figures/transfer_features/languages.csv,6.489956933389947,Qwen/Qwen3-8B,0.4884087994475683,0.3110715194706032,1.5700852340283882,100,9902,20274,6111,19645
Qwen/Qwen3-8B,Qwen3-8B,Qwen3,8.0,fra,original,0.93,0.025643239997624277,100,0.95,0.02190429135575903,100,0.019999999999999907,0.03372497201442482,0.9789473684210527,0.035186631338456086,French,0.18824593690905445,URIEL syntax_knn,fra,CC-MAIN-2026-21,102728618,/work/multilingual-gsm-symbolic/paper/artifacts/figures/transfer_features/languages.csv,8.011691445624011,Qwen/Qwen3-8B,0.372296302903269,0.3110715194706032,1.1968189937055669,100,8348,22423,6111,19645
Qwen/Qwen3-8B,Qwen3-8B,Qwen3,8.0,fra,synthetic,0.903,0.00661947193546072,2000,0.9555,0.0046119963416212245,2000,0.05249999999999999,0.008067708408183804,0.945054945054945,0.008294687058054969,French,0.18824593690905445,URIEL syntax_knn,fra,CC-MAIN-2026-21,102728618,/work/multilingual-gsm-symbolic/paper/artifacts/figures/transfer_features/languages.csv,8.011691445624011,Qwen/Qwen3-8B,0.372296302903269,0.3110715194706032,1.1968189937055669,100,8348,22423,6111,19645
Qwen/Qwen3-8B,Qwen3-8B,Qwen3,8.0,hin,original,0.86,0.03487350880197769,100,0.95,0.02190429135575903,100,0.08999999999999997,0.041182030012611025,0.9052631578947369,0.04222819849442349,Hindi,0.3838046008442838,URIEL syntax_knn,hin,CC-MAIN-2026-21,4774018,/work/multilingual-gsm-symbolic/paper/artifacts/figures/transfer_features/languages.csv,6.678884052141607,Qwen/Qwen3-8B,1.1958312405826217,0.3110715194706032,3.844232485885388,100,23809,19910,6111,19645
Qwen/Qwen3-8B,Qwen3-8B,Qwen3,8.0,hin,synthetic,0.898,0.0067691144513316965,2000,0.9555,0.0046119963416212245,2000,0.057499999999999996,0.008190935276899408,0.9398220826792255,0.008412282847511466,Hindi,0.3838046008442838,URIEL syntax_knn,hin,CC-MAIN-2026-21,4774018,/work/multilingual-gsm-symbolic/paper/artifacts/figures/transfer_features/languages.csv,6.678884052141607,Qwen/Qwen3-8B,1.1958312405826217,0.3110715194706032,3.844232485885388,100,23809,19910,6111,19645
Qwen/Qwen3-8B,Qwen3-8B,Qwen3,8.0,isl,original,0.88,0.03265986323710904,100,0.95,0.02190429135575903,100,0.06999999999999995,0.03932511470376973,0.9263157894736842,0.040473137674763356,Icelandic,0.13127809128711687,URIEL syntax_knn,isl,CC-MAIN-2026-21,777022,/work/multilingual-gsm-symbolic/paper/artifacts/figures/transfer_features/languages.csv,5.890433315253091,Qwen/Qwen3-8B,0.5361037713187605,0.3110715194706032,1.7234100126913845,100,11159,20815,6111,19645
Qwen/Qwen3-8B,Qwen3-8B,Qwen3,8.0,isl,synthetic,0.8405,0.00818922503679998,2000,0.9555,0.0046119963416212245,2000,0.11499999999999999,0.009398612501772758,0.8796441653584511,0.009564663095698244,Icelandic,0.13127809128711687,URIEL syntax_knn,isl,CC-MAIN-2026-21,777022,/work/multilingual-gsm-symbolic/paper/artifacts/figures/transfer_features/languages.csv,5.890433315253091,Qwen/Qwen3-8B,0.5361037713187605,0.3110715194706032,1.7234100126913845,100,11159,20815,6111,19645
Qwen/Qwen3-8B,Qwen3-8B,Qwen3,8.0,ita,original,0.96,0.01969463855669324,100,0.95,0.02190429135575903,100,-0.010000000000000009,0.029456353604558182,1.0105263157894737,0.03118759148429881,Italian,0.14220584589844,URIEL syntax_knn,ita,CC-MAIN-2026-21,53457335,/work/multilingual-gsm-symbolic/paper/artifacts/figures/transfer_features/languages.csv,7.728007304146603,Qwen/Qwen3-8B,0.3917287089159252,0.3110715194706032,1.2592882485114305,100,8629,22028,6111,19645
Qwen/Qwen3-8B,Qwen3-8B,Qwen3,8.0,ita,synthetic,0.925,0.005891082449449602,2000,0.9555,0.0046119963416212245,2000,0.03049999999999997,0.007481668442355667,0.968079539508111,0.007736082691816713,Italian,0.14220584589844,URIEL syntax_knn,ita,CC-MAIN-2026-21,53457335,/work/multilingual-gsm-symbolic/paper/artifacts/figures/transfer_features/languages.csv,7.728007304146603,Qwen/Qwen3-8B,0.3917287089159252,0.3110715194706032,1.2592882485114305,100,8629,22028,6111,19645
Qwen/Qwen3-8B,Qwen3-8B,Qwen3,8.0,jpn,original,0.945,0.016161092305986405,200,0.95,0.02190429135575903,100,0.0050000000000000044,0.027220927322936534,0.9947368421052631,0.028556047238295013,Japanese,0.4998069870609444,URIEL syntax_knn,jpn,CC-MAIN-2026-21,118455052,/work/multilingual-gsm-symbolic/paper/artifacts/figures/transfer_features/languages.csv,8.073553587717582,Qwen/Qwen3-8B,0.7281824738550307,0.3110715194706032,2.340884421352001,100,8077,11092,6111,19645
Qwen/Qwen3-8B,Qwen3-8B,Qwen3,8.0,jpn,synthetic,0.9055,0.004625774199713669,4000,0.9555,0.0046119963416212245,2000,0.050000000000000044,0.006532097458080689,0.9476713762428047,0.0066603817112936845,Japanese,0.4998069870609444,URIEL syntax_knn,jpn,CC-MAIN-2026-21,118455052,/work/multilingual-gsm-symbolic/paper/artifacts/figures/transfer_features/languages.csv,8.073553587717582,Qwen/Qwen3-8B,0.7281824738550307,0.3110715194706032,2.340884421352001,100,8077,11092,6111,19645
Qwen/Qwen3-8B,Qwen3-8B,Qwen3,8.0,mar,original,0.87,0.0337997668989631,100,0.95,0.02190429135575903,100,0.07999999999999996,0.0402768199119819,0.9157894736842106,0.04137279455817912,Marathi,0.43515421744059357,URIEL syntax_knn,mar,CC-MAIN-2026-21,649289,/work/multilingual-gsm-symbolic/paper/artifacts/figures/transfer_features/languages.csv,5.812438045288022,Qwen/Qwen3-8B,1.1631330432367373,0.3110715194706032,3.7391177604951245,100,25126,21602,6111,19645
Qwen/Qwen3-8B,Qwen3-8B,Qwen3,8.0,mar,synthetic,0.857,0.007829824587852417,2000,0.9555,0.0046119963416212245,2000,0.09850000000000003,0.009087170259858997,0.8969126111983254,0.009267767866898244,Marathi,0.43515421744059357,URIEL syntax_knn,mar,CC-MAIN-2026-21,649289,/work/multilingual-gsm-symbolic/paper/artifacts/figures/transfer_features/languages.csv,5.812438045288022,Qwen/Qwen3-8B,1.1631330432367373,0.3110715194706032,3.7391177604951245,100,25126,21602,6111,19645
Qwen/Qwen3-8B,Qwen3-8B,Qwen3,8.0,nld,original,0.92,0.027265992434429072,100,0.95,0.02190429135575903,100,0.029999999999999916,0.03497473835831118,0.9684210526315791,0.03636393089546881,Dutch,0.07570690126642576,URIEL syntax_knn,nld,CC-MAIN-2026-21,39513234,/work/multilingual-gsm-symbolic/paper/artifacts/figures/transfer_features/languages.csv,7.596742576400662,Qwen/Qwen3-8B,0.39352324394543936,0.3110715194706032,1.2650571309618976,100,8482,21554,6111,19645
Qwen/Qwen3-8B,Qwen3-8B,Qwen3,8.0,nld,synthetic,0.9025,0.006634672896399731,2000,0.9555,0.0046119963416212245,2000,0.05300000000000005,0.008080185313304934,0.9445316588173731,0.008306592306752398,Dutch,0.07570690126642576,URIEL syntax_knn,nld,CC-MAIN-2026-21,39513234,/work/multilingual-gsm-symbolic/paper/artifacts/figures/transfer_features/languages.csv,7.596742576400662,Qwen/Qwen3-8B,0.39352324394543936,0.3110715194706032,1.2650571309618976,100,8482,21554,6111,19645
Qwen/Qwen3-8B,Qwen3-8B,Qwen3,8.0,nob,original,0.95,0.021904291355759036,100,0.95,0.02190429135575903,100,0.0,0.030977345909486174,1.0,0.03260773253630123,Norwegian Bokmal,0.10138170956458059,URIEL syntax_knn,nor,CC-MAIN-2026-21,7148610,/work/multilingual-gsm-symbolic/paper/artifacts/figures/transfer_features/languages.csv,6.854221604316353,Qwen/Qwen3-8B,0.42304799157514666,0.3110715194706032,1.359970184011415,100,8436,19941,6111,19645
Qwen/Qwen3-8B,Qwen3-8B,Qwen3,8.0,nob,synthetic,0.9245,0.005909089072507994,2000,0.9555,0.0046119963416212245,2000,0.031000000000000028,0.0074958551161265746,0.967556253270539,0.007749587785669803,Norwegian Bokmal,0.10138170956458059,URIEL syntax_knn,nor,CC-MAIN-2026-21,7148610,/work/multilingual-gsm-symbolic/paper/artifacts/figures/transfer_features/languages.csv,6.854221604316353,Qwen/Qwen3-8B,0.42304799157514666,0.3110715194706032,1.359970184011415,100,8436,19941,6111,19645
Qwen/Qwen3-8B,Qwen3-8B,Qwen3,8.0,rus,original,0.92,0.027265992434429072,100,0.95,0.02190429135575903,100,0.029999999999999916,0.03497473835831118,0.9684210526315791,0.03636393089546881,Russian,0.18824593690905445,URIEL syntax_knn,rus,CC-MAIN-2026-21,138631119,/work/multilingual-gsm-symbolic/paper/artifacts/figures/transfer_features/languages.csv,8.141860728782362,Qwen/Qwen3-8B,0.4443868901864758,0.3110715194706032,1.4285682306845553,100,9437,21236,6111,19645
Qwen/Qwen3-8B,Qwen3-8B,Qwen3,8.0,rus,synthetic,0.879,0.00729425137019048,2000,0.9555,0.0046119963416212245,2000,0.07650000000000001,0.008629983389709,0.9199372056514914,0.008831422650595302,Russian,0.18824593690905445,URIEL syntax_knn,rus,CC-MAIN-2026-21,138631119,/work/multilingual-gsm-symbolic/paper/artifacts/figures/transfer_features/languages.csv,8.141860728782362,Qwen/Qwen3-8B,0.4443868901864758,0.3110715194706032,1.4285682306845553,100,9437,21236,6111,19645
Qwen/Qwen3-8B,Qwen3-8B,Qwen3,8.0,ukr,original,0.93,0.02564323999762428,100,0.95,0.02190429135575903,100,0.019999999999999907,0.03372497201442482,0.9789473684210527,0.03518663133845609,Ukrainian,0.15273132616089036,URIEL syntax_knn,ukr,CC-MAIN-2026-21,17456210,/work/multilingual-gsm-symbolic/paper/artifacts/figures/transfer_features/languages.csv,7.2419499578829365,Qwen/Qwen3-8B,0.6400336810590822,0.3110715194706032,2.057512954411008,100,13682,21377,6111,19645
Qwen/Qwen3-8B,Qwen3-8B,Qwen3,8.0,ukr,synthetic,0.9225,0.00598036431822422,2000,0.9555,0.0046119963416212245,2000,0.03300000000000003,0.007552169730204493,0.9654631083202512,0.007803207066220737,Ukrainian,0.15273132616089036,URIEL syntax_knn,ukr,CC-MAIN-2026-21,17456210,/work/multilingual-gsm-symbolic/paper/artifacts/figures/transfer_features/languages.csv,7.2419499578829365,Qwen/Qwen3-8B,0.6400336810590822,0.3110715194706032,2.057512954411008,100,13682,21377,6111,19645
Qwen/Qwen3-8B,Qwen3-8B,Qwen3,8.0,urd,original,0.85,0.03588702812826367,100,0.95,0.02190429135575903,100,0.09999999999999998,0.04204374825912609,0.8947368421052632,0.04304198797492691,urd,0.3838046008442838,URIEL syntax_knn,urd,CC-MAIN-2026-21,682592,/work/multilingual-gsm-symbolic/paper/artifacts/figures/transfer_features/languages.csv,5.834161194027274,Qwen/Qwen3-8B,0.9048734770384255,0.3110715194706032,2.9088920727245737,100,17379,19206,6111,19645
Qwen/Qwen3-8B,Qwen3-8B,Qwen3,8.0,urd,synthetic,0.886,0.007108253205381471,2000,0.9555,0.0046119963416212245,2000,0.0695,0.008473356707170041,0.9272632129774987,0.008681885562839855,urd,0.3838046008442838,URIEL syntax_knn,urd,CC-MAIN-2026-21,682592,/work/multilingual-gsm-symbolic/paper/artifacts/figures/transfer_features/languages.csv,5.834161194027274,Qwen/Qwen3-8B,0.9048734770384255,0.3110715194706032,2.9088920727245737,100,17379,19206,6111,19645
Qwen/Qwen3-8B,Qwen3-8B,Qwen3,8.0,zho,original,0.9,0.03015113445777636,100,0.95,0.02190429135575903,100,0.04999999999999993,0.03726779962499649,0.9473684210526316,0.03852851472960016,Chinese,0.2892275292349138,URIEL syntax_knn,zho,CC-MAIN-2026-21,102274716,/work/multilingual-gsm-symbolic/paper/artifacts/figures/transfer_features/languages.csv,8.009768282208015,Qwen/Qwen3-8B,0.9554681552905354,0.3110715194706032,3.071538522448465,100,7531,7882,6111,19645
Qwen/Qwen3-8B,Qwen3-8B,Qwen3,8.0,zho,synthetic,0.903,0.006619471935460728,2000,0.9555,0.0046119963416212245,2000,0.05249999999999999,0.008067708408183811,0.945054945054945,0.008294687058054976,Chinese,0.2892275292349138,URIEL syntax_knn,zho,CC-MAIN-2026-21,102274716,/work/multilingual-gsm-symbolic/paper/artifacts/figures/transfer_features/languages.csv,8.009768282208015,Qwen/Qwen3-8B,0.9554681552905354,0.3110715194706032,3.071538522448465,100,7531,7882,6111,19645
Qwen/Qwen3-8B,Qwen3-8B (reasoning off),Qwen3,8.0,ara,original,0.87,0.03379976689896312,100,0.95,0.02190429135575903,100,0.07999999999999996,0.04027681991198191,0.9157894736842106,0.04137279455817914,Arabic,0.34901322303461213,URIEL syntax_knn,ara,CC-MAIN-2026-21,14123579,/work/multilingual-gsm-symbolic/paper/artifacts/figures/transfer_features/languages.csv,7.149944763500101,Qwen/Qwen3-8B,0.5197614136796923,0.3110715194706032,1.6708743203628793,100,9324,17939,6111,19645
Qwen/Qwen3-8B,Qwen3-8B (reasoning off),Qwen3,8.0,ara,synthetic,0.87,0.0075218541028507216,2000,0.943,0.005185455088247906,2000,0.07299999999999995,0.009136040368606541,0.9225874867444327,0.009453160723813208,Arabic,0.34901322303461213,URIEL syntax_knn,ara,CC-MAIN-2026-21,14123579,/work/multilingual-gsm-symbolic/paper/artifacts/figures/transfer_features/languages.csv,7.149944763500101,Qwen/Qwen3-8B,0.5197614136796923,0.3110715194706032,1.6708743203628793,100,9324,17939,6111,19645
Qwen/Qwen3-8B,Qwen3-8B (reasoning off),Qwen3,8.0,dan,original,0.915,0.01976939922528359,200,0.95,0.02190429135575903,100,0.03499999999999992,0.02950639126573467,0.9631578947368422,0.030434068232011727,Danish,0.11992176734660287,URIEL syntax_knn,dan,CC-MAIN-2026-21,11404389,/work/multilingual-gsm-symbolic/paper/artifacts/figures/transfer_features/languages.csv,7.057072022533615,Qwen/Qwen3-8B,0.42498758072528564,0.3110715194706032,1.3662053711910058,100,8555,20130,6111,19645
Qwen/Qwen3-8B,Qwen3-8B (reasoning off),Qwen3,8.0,dan,synthetic,0.87725,0.005189156117356908,4000,0.943,0.005185455088247906,2000,0.06574999999999998,0.007335958402454224,0.9302757158006363,0.007513267228723342,Danish,0.11992176734660287,URIEL syntax_knn,dan,CC-MAIN-2026-21,11404389,/work/multilingual-gsm-symbolic/paper/artifacts/figures/transfer_features/languages.csv,7.057072022533615,Qwen/Qwen3-8B,0.42498758072528564,0.3110715194706032,1.3662053711910058,100,8555,20130,6111,19645
Qwen/Qwen3-8B,Qwen3-8B (reasoning off),Qwen3,8.0,deu,original,0.885,0.02261486592496228,200,0.95,0.02190429135575903,100,0.06499999999999995,0.03148380759377747,0.9315789473684211,0.03206329820981553,German,0.09745802098497969,URIEL syntax_knn,deu,CC-MAIN-2026-21,129221452,/work/multilingual-gsm-symbolic/paper/artifacts/figures/transfer_features/languages.csv,8.111334616692115,Qwen/Qwen3-8B,0.3681071698784993,0.3110715194706032,1.1833522095014104,100,8271,22469,6111,19645
Qwen/Qwen3-8B,Qwen3-8B (reasoning off),Qwen3,8.0,deu,synthetic,0.873,0.005265423171055915,4000,0.943,0.005185455088247906,2000,0.06999999999999995,0.007390103222724878,0.9257688229056205,0.007555983690710628,German,0.09745802098497969,URIEL syntax_knn,deu,CC-MAIN-2026-21,129221452,/work/multilingual-gsm-symbolic/paper/artifacts/figures/transfer_features/languages.csv,8.111334616692115,Qwen/Qwen3-8B,0.3681071698784993,0.3110715194706032,1.1833522095014104,100,8271,22469,6111,19645
Qwen/Qwen3-8B,Qwen3-8B (reasoning off),Qwen3,8.0,est,original,0.81,0.02780947382046008,200,0.95,0.02190429135575903,100,0.1399999999999999,0.03540006799384479,0.8526315789473685,0.0352619113985827,Estonian,0.22659791675913576,URIEL syntax_knn,est,CC-MAIN-2026-21,3089989,/work/multilingual-gsm-symbolic/paper/artifacts/figures/transfer_features/languages.csv,6.489956933389947,Qwen/Qwen3-8B,0.4884087994475683,0.3110715194706032,1.5700852340283882,100,9902,20274,6111,19645
Qwen/Qwen3-8B,Qwen3-8B (reasoning off),Qwen3,8.0,est,synthetic,0.78775,0.006466099054626831,4000,0.943,0.005185455088247906,2000,0.15525,0.008288509000808414,0.8353658536585366,0.008253407233021912,Estonian,0.22659791675913576,URIEL syntax_knn,est,CC-MAIN-2026-21,3089989,/work/multilingual-gsm-symbolic/paper/artifacts/figures/transfer_features/languages.csv,6.489956933389947,Qwen/Qwen3-8B,0.4884087994475683,0.3110715194706032,1.5700852340283882,100,9902,20274,6111,19645
Qwen/Qwen3-8B,Qwen3-8B (reasoning off),Qwen3,8.0,fra,original,0.89,0.03144660377352202,100,0.95,0.02190429135575903,100,0.05999999999999994,0.03832345063648196,0.9368421052631579,0.03952620623264507,French,0.18824593690905445,URIEL syntax_knn,fra,CC-MAIN-2026-21,102728618,/work/multilingual-gsm-symbolic/paper/artifacts/figures/transfer_features/languages.csv,8.011691445624011,Qwen/Qwen3-8B,0.372296302903269,0.3110715194706032,1.1968189937055669,100,8348,22423,6111,19645
Qwen/Qwen3-8B,Qwen3-8B (reasoning off),Qwen3,8.0,fra,synthetic,0.893,0.006913710993370351,2000,0.943,0.005185455088247906,2000,0.04999999999999993,0.008642241848738448,0.9469777306468717,0.008992708998704572,French,0.18824593690905445,URIEL syntax_knn,fra,CC-MAIN-2026-21,102728618,/work/multilingual-gsm-symbolic/paper/artifacts/figures/transfer_features/languages.csv,8.011691445624011,Qwen/Qwen3-8B,0.372296302903269,0.3110715194706032,1.1968189937055669,100,8348,22423,6111,19645
Qwen/Qwen3-8B,Qwen3-8B (reasoning off),Qwen3,8.0,hin,original,0.84,0.03684529491774706,100,0.95,0.02190429135575903,100,0.10999999999999999,0.042864597716224244,0.8842105263157894,0.04381648173691334,Hindi,0.3838046008442838,URIEL syntax_knn,hin,CC-MAIN-2026-21,4774018,/work/multilingual-gsm-symbolic/paper/artifacts/figures/transfer_features/languages.csv,6.678884052141607,Qwen/Qwen3-8B,1.1958312405826217,0.3110715194706032,3.844232485885388,100,23809,19910,6111,19645
Qwen/Qwen3-8B,Qwen3-8B (reasoning off),Qwen3,8.0,hin,synthetic,0.8165,0.008657444812145075,2000,0.943,0.005185455088247906,2000,0.12649999999999995,0.010091595272679825,0.8658536585365855,0.010341928660887761,Hindi,0.3838046008442838,URIEL syntax_knn,hin,CC-MAIN-2026-21,4774018,/work/multilingual-gsm-symbolic/paper/artifacts/figures/transfer_features/languages.csv,6.678884052141607,Qwen/Qwen3-8B,1.1958312405826217,0.3110715194706032,3.844232485885388,100,23809,19910,6111,19645
Qwen/Qwen3-8B,Qwen3-8B (reasoning off),Qwen3,8.0,isl,original,0.76,0.04292346959909279,100,0.95,0.02190429135575903,100,0.18999999999999995,0.04818944098266987,0.8,0.0488027853241602,Icelandic,0.13127809128711687,URIEL syntax_knn,isl,CC-MAIN-2026-21,777022,/work/multilingual-gsm-symbolic/paper/artifacts/figures/transfer_features/languages.csv,5.890433315253091,Qwen/Qwen3-8B,0.5361037713187605,0.3110715194706032,1.7234100126913845,100,11159,20815,6111,19645
Qwen/Qwen3-8B,Qwen3-8B (reasoning off),Qwen3,8.0,isl,synthetic,0.7085,0.010164424861564133,2000,0.943,0.005185455088247906,2000,0.23449999999999993,0.011410717647835264,0.7513255567338283,0.011543476568750762,Icelandic,0.13127809128711687,URIEL syntax_knn,isl,CC-MAIN-2026-21,777022,/work/multilingual-gsm-symbolic/paper/artifacts/figures/transfer_features/languages.csv,5.890433315253091,Qwen/Qwen3-8B,0.5361037713187605,0.3110715194706032,1.7234100126913845,100,11159,20815,6111,19645
Qwen/Qwen3-8B,Qwen3-8B (reasoning off),Qwen3,8.0,ita,original,0.9,0.030151134457776365,100,0.95,0.02190429135575903,100,0.04999999999999993,0.037267799624996496,0.9473684210526316,0.03852851472960016,Italian,0.14220584589844,URIEL syntax_knn,ita,CC-MAIN-2026-21,53457335,/work/multilingual-gsm-symbolic/paper/artifacts/figures/transfer_features/languages.csv,7.728007304146603,Qwen/Qwen3-8B,0.3917287089159252,0.3110715194706032,1.2592882485114305,100,8629,22028,6111,19645
Qwen/Qwen3-8B,Qwen3-8B (reasoning off),Qwen3,8.0,ita,synthetic,0.9075,0.00648019069439456,2000,0.943,0.005185455088247906,2000,0.035499999999999976,0.008299506967763444,0.9623541887592789,0.00867334197007041,Italian,0.14220584589844,URIEL syntax_knn,ita,CC-MAIN-2026-21,53457335,/work/multilingual-gsm-symbolic/paper/artifacts/figures/transfer_features/languages.csv,7.728007304146603,Qwen/Qwen3-8B,0.3917287089159252,0.3110715194706032,1.2592882485114305,100,8629,22028,6111,19645
Qwen/Qwen3-8B,Qwen3-8B (reasoning off),Qwen3,8.0,jpn,original,0.92,0.019231465004808018,200,0.95,0.02190429135575903,100,0.029999999999999916,0.029148708822675753,0.9684210526315791,0.03013952163071136,Japanese,0.4998069870609444,URIEL syntax_knn,jpn,CC-MAIN-2026-21,118455052,/work/multilingual-gsm-symbolic/paper/artifacts/figures/transfer_features/languages.csv,8.073553587717582,Qwen/Qwen3-8B,0.7281824738550307,0.3110715194706032,2.340884421352001,100,8077,11092,6111,19645
Qwen/Qwen3-8B,Qwen3-8B (reasoning off),Qwen3,8.0,jpn,synthetic,0.87225,0.005278678858163458,4000,0.943,0.005185455088247906,2000,0.07074999999999998,0.007399553700045562,0.9249734888653235,0.007563435564557314,Japanese,0.4998069870609444,URIEL syntax_knn,jpn,CC-MAIN-2026-21,118455052,/work/multilingual-gsm-symbolic/paper/artifacts/figures/transfer_features/languages.csv,8.073553587717582,Qwen/Qwen3-8B,0.7281824738550307,0.3110715194706032,2.340884421352001,100,8077,11092,6111,19645
Qwen/Qwen3-8B,Qwen3-8B (reasoning off),Qwen3,8.0,mar,original,0.83,0.037752516806863694,100,0.95,0.02190429135575903,100,0.12,0.04364688425363837,0.8736842105263158,0.044553729103038696,Marathi,0.43515421744059357,URIEL syntax_knn,mar,CC-MAIN-2026-21,649289,/work/multilingual-gsm-symbolic/paper/artifacts/figures/transfer_features/languages.csv,5.812438045288022,Qwen/Qwen3-8B,1.1631330432367373,0.3110715194706032,3.7391177604951245,100,25126,21602,6111,19645
Qwen/Qwen3-8B,Qwen3-8B (reasoning off),Qwen3,8.0,mar,synthetic,0.772,0.00938360410572646,2000,0.943,0.005185455088247906,2000,0.17099999999999993,0.01072105267617143,0.8186638388123012,0.010921726660513633,Marathi,0.43515421744059357,URIEL syntax_knn,mar,CC-MAIN-2026-21,649289,/work/multilingual-gsm-symbolic/paper/artifacts/figures/transfer_features/languages.csv,5.812438045288022,Qwen/Qwen3-8B,1.1631330432367373,0.3110715194706032,3.7391177604951245,100,25126,21602,6111,19645
Qwen/Qwen3-8B,Qwen3-8B (reasoning off),Qwen3,8.0,nld,original,0.9,0.030151134457776365,100,0.95,0.02190429135575903,100,0.04999999999999993,0.037267799624996496,0.9473684210526316,0.03852851472960016,Dutch,0.07570690126642576,URIEL syntax_knn,nld,CC-MAIN-2026-21,39513234,/work/multilingual-gsm-symbolic/paper/artifacts/figures/transfer_features/languages.csv,7.596742576400662,Qwen/Qwen3-8B,0.39352324394543936,0.3110715194706032,1.2650571309618976,100,8482,21554,6111,19645
Qwen/Qwen3-8B,Qwen3-8B (reasoning off),Qwen3,8.0,nld,synthetic,0.8715,0.0074847769467748,2000,0.943,0.005185455088247906,2000,0.0714999999999999,0.009105538447297206,0.9241781548250266,0.009424721422178385,Dutch,0.07570690126642576,URIEL syntax_knn,nld,CC-MAIN-2026-21,39513234,/work/multilingual-gsm-symbolic/paper/artifacts/figures/transfer_features/languages.csv,7.596742576400662,Qwen/Qwen3-8B,0.39352324394543936,0.3110715194706032,1.2650571309618976,100,8482,21554,6111,19645
Qwen/Qwen3-8B,Qwen3-8B (reasoning off),Qwen3,8.0,nob,original,0.9,0.030151134457776355,100,0.95,0.02190429135575903,100,0.04999999999999993,0.03726779962499649,0.9473684210526316,0.03852851472960015,Norwegian Bokmal,0.10138170956458059,URIEL syntax_knn,nor,CC-MAIN-2026-21,7148610,/work/multilingual-gsm-symbolic/paper/artifacts/figures/transfer_features/languages.csv,6.854221604316353,Qwen/Qwen3-8B,0.42304799157514666,0.3110715194706032,1.359970184011415,100,8436,19941,6111,19645
Qwen/Qwen3-8B,Qwen3-8B (reasoning off),Qwen3,8.0,nob,synthetic,0.89,0.0069981774229881935,2000,0.943,0.005185455088247906,2000,0.052999999999999936,0.00870996163687635,0.9437963944856841,0.009055847124650908,Norwegian Bokmal,0.10138170956458059,URIEL syntax_knn,nor,CC-MAIN-2026-21,7148610,/work/multilingual-gsm-symbolic/paper/artifacts/figures/transfer_features/languages.csv,6.854221604316353,Qwen/Qwen3-8B,0.42304799157514666,0.3110715194706032,1.359970184011415,100,8436,19941,6111,19645
Qwen/Qwen3-8B,Qwen3-8B (reasoning off),Qwen3,8.0,rus,original,0.91,0.028762349126466132,100,0.95,0.02190429135575903,100,0.039999999999999925,0.03615343285319814,0.9578947368421054,0.037476009360798146,Russian,0.18824593690905445,URIEL syntax_knn,rus,CC-MAIN-2026-21,138631119,/work/multilingual-gsm-symbolic/paper/artifacts/figures/transfer_features/languages.csv,8.141860728782362,Qwen/Qwen3-8B,0.4443868901864758,0.3110715194706032,1.4285682306845553,100,9437,21236,6111,19645
Qwen/Qwen3-8B,Qwen3-8B (reasoning off),Qwen3,8.0,rus,synthetic,0.851,0.007964371639232054,2000,0.943,0.005185455088247906,2000,0.09199999999999997,0.009503691918409392,0.9024390243902439,0.009795753101443544,Russian,0.18824593690905445,URIEL syntax_knn,rus,CC-MAIN-2026-21,138631119,/work/multilingual-gsm-symbolic/paper/artifacts/figures/transfer_features/languages.csv,8.141860728782362,Qwen/Qwen3-8B,0.4443868901864758,0.3110715194706032,1.4285682306845553,100,9437,21236,6111,19645
Qwen/Qwen3-8B,Qwen3-8B (reasoning off),Qwen3,8.0,ukr,original,0.87,0.03379976689896311,100,0.95,0.02190429135575903,100,0.07999999999999996,0.040276819911981905,0.9157894736842106,0.041372794558179125,Ukrainian,0.15273132616089036,URIEL syntax_knn,ukr,CC-MAIN-2026-21,17456210,/work/multilingual-gsm-symbolic/paper/artifacts/figures/transfer_features/languages.csv,7.2419499578829365,Qwen/Qwen3-8B,0.6400336810590822,0.3110715194706032,2.057512954411008,100,13682,21377,6111,19645
Qwen/Qwen3-8B,Qwen3-8B (reasoning off),Qwen3,8.0,ukr,synthetic,0.8835,0.00717562678864397,2000,0.943,0.005185455088247906,2000,0.0595,0.008853166906940197,0.9369034994697774,0.009189382925633805,Ukrainian,0.15273132616089036,URIEL syntax_knn,ukr,CC-MAIN-2026-21,17456210,/work/multilingual-gsm-symbolic/paper/artifacts/figures/transfer_features/languages.csv,7.2419499578829365,Qwen/Qwen3-8B,0.6400336810590822,0.3110715194706032,2.057512954411008,100,13682,21377,6111,19645
Qwen/Qwen3-8B,Qwen3-8B (reasoning off),Qwen3,8.0,urd,original,0.88,0.03265986323710904,100,0.95,0.02190429135575903,100,0.06999999999999995,0.03932511470376973,0.9263157894736842,0.040473137674763356,urd,0.3838046008442838,URIEL syntax_knn,urd,CC-MAIN-2026-21,682592,/work/multilingual-gsm-symbolic/paper/artifacts/figures/transfer_features/languages.csv,5.834161194027274,Qwen/Qwen3-8B,0.9048734770384255,0.3110715194706032,2.9088920727245737,100,17379,19206,6111,19645
Qwen/Qwen3-8B,Qwen3-8B (reasoning off),Qwen3,8.0,urd,synthetic,0.8395,0.008209968135650362,2000,0.943,0.005185455088247906,2000,0.10349999999999993,0.009710433628866961,0.8902439024390245,0.009988133797678315,urd,0.3838046008442838,URIEL syntax_knn,urd,CC-MAIN-2026-21,682592,/work/multilingual-gsm-symbolic/paper/artifacts/figures/transfer_features/languages.csv,5.834161194027274,Qwen/Qwen3-8B,0.9048734770384255,0.3110715194706032,2.9088920727245737,100,17379,19206,6111,19645
Qwen/Qwen3-8B,Qwen3-8B (reasoning off),Qwen3,8.0,zho,original,0.88,0.03265986323710904,100,0.95,0.02190429135575903,100,0.06999999999999995,0.03932511470376973,0.9263157894736842,0.040473137674763356,Chinese,0.2892275292349138,URIEL syntax_knn,zho,CC-MAIN-2026-21,102274716,/work/multilingual-gsm-symbolic/paper/artifacts/figures/transfer_features/languages.csv,8.009768282208015,Qwen/Qwen3-8B,0.9554681552905354,0.3110715194706032,3.071538522448465,100,7531,7882,6111,19645
Qwen/Qwen3-8B,Qwen3-8B (reasoning off),Qwen3,8.0,zho,synthetic,0.8705,0.007509532045058992,2000,0.943,0.005185455088247906,2000,0.0724999999999999,0.00912589809322918,0.923117709437964,0.009443704464716906,Chinese,0.2892275292349138,URIEL syntax_knn,zho,CC-MAIN-2026-21,102274716,/work/multilingual-gsm-symbolic/paper/artifacts/figures/transfer_features/languages.csv,8.009768282208015,Qwen/Qwen3-8B,0.9554681552905354,0.3110715194706032,3.071538522448465,100,7531,7882,6111,19645
Qwen/Qwen3.5-0.8B,Qwen3.5-0.8B,Qwen3.5,0.8,ara,original,0.0,0.0,100,0.02,0.01407052941362897,100,0.02,0.01407052941362897,0.0,0.0,Arabic,0.34901322303461213,URIEL syntax_knn,ara,CC-MAIN-2026-21,14123579,/work/multilingual-gsm-symbolic/paper/artifacts/figures/transfer_features/languages.csv,7.149944763500101,Qwen/Qwen3.5-0.8B,0.4398795919504989,0.3108679053194197,1.415004844255371,100,7891,17939,6107,19645
Qwen/Qwen3.5-0.8B,Qwen3.5-0.8B,Qwen3.5,0.8,ara,synthetic,0.0005,0.0005000000000000001,2000,0.014,0.0026278228110668315,2000,0.0135,0.002674967799126409,0.03571428571428571,0.036337980876277265,Arabic,0.34901322303461213,URIEL syntax_knn,ara,CC-MAIN-2026-21,14123579,/work/multilingual-gsm-symbolic/paper/artifacts/figures/transfer_features/languages.csv,7.149944763500101,Qwen/Qwen3.5-0.8B,0.4398795919504989,0.3108679053194197,1.415004844255371,100,7891,17939,6107,19645
Qwen/Qwen3.5-0.8B,Qwen3.5-0.8B,Qwen3.5,0.8,dan,original,0.02,0.009924336870116703,200,0.02,0.01407052941362897,100,0.0,0.017218369849999034,1.0,0.8609184924999518,Danish,0.11992176734660287,URIEL syntax_knn,dan,CC-MAIN-2026-21,11404389,/work/multilingual-gsm-symbolic/paper/artifacts/figures/transfer_features/languages.csv,7.057072022533615,Qwen/Qwen3.5-0.8B,0.3787878787878788,0.3108679053194197,1.2184849973453216,100,7625,20130,6107,19645
Qwen/Qwen3.5-0.8B,Qwen3.5-0.8B,Qwen3.5,0.8,dan,synthetic,0.00125,0.0005587373460360995,4000,0.014,0.0026278228110668315,2000,0.012750000000000001,0.0026865666096746324,0.08928571428571429,0.04328578902676311,Danish,0.11992176734660287,URIEL syntax_knn,dan,CC-MAIN-2026-21,11404389,/work/multilingual-gsm-symbolic/paper/artifacts/figures/transfer_features/languages.csv,7.057072022533615,Qwen/Qwen3.5-0.8B,0.3787878787878788,0.3108679053194197,1.2184849973453216,100,7625,20130,6107,19645
Qwen/Qwen3.5-0.8B,Qwen3.5-0.8B,Qwen3.5,0.8,deu,original,0.0,0.0,200,0.02,0.01407052941362897,100,0.02,0.01407052941362897,0.0,0.0,German,0.09745802098497969,URIEL syntax_knn,deu,CC-MAIN-2026-21,129221452,/work/multilingual-gsm-symbolic/paper/artifacts/figures/transfer_features/languages.csv,8.111334616692115,Qwen/Qwen3.5-0.8B,0.3196403934309493,0.3108679053194197,1.028219343204683,100,7182,22469,6107,19645
Qwen/Qwen3.5-0.8B,Qwen3.5-0.8B,Qwen3.5,0.8,deu,synthetic,0.00075,0.00043290440810488324,4000,0.014,0.0026278228110668315,2000,0.01325,0.002663242188183385,0.05357142857142857,0.032515629777271626,German,0.09745802098497969,URIEL syntax_knn,deu,CC-MAIN-2026-21,129221452,/work/multilingual-gsm-symbolic/paper/artifacts/figures/transfer_features/languages.csv,8.111334616692115,Qwen/Qwen3.5-0.8B,0.3196403934309493,0.3108679053194197,1.028219343204683,100,7182,22469,6107,19645
Qwen/Qwen3.5-0.8B,Qwen3.5-0.8B,Qwen3.5,0.8,est,original,0.0,0.0,100,0.02,0.01407052941362897,100,0.02,0.01407052941362897,0.0,0.0,Estonian,0.22659791675913576,URIEL syntax_knn,est,CC-MAIN-2026-21,3089989,/work/multilingual-gsm-symbolic/paper/artifacts/figures/transfer_features/languages.csv,6.489956933389947,Qwen/Qwen3.5-0.8B,0.43553319522541184,0.3108679053194197,1.4010233535620134,100,8830,20274,6107,19645
Qwen/Qwen3.5-0.8B,Qwen3.5-0.8B,Qwen3.5,0.8,est,synthetic,0.0,0.0,2000,0.014,0.0026278228110668315,2000,0.014,0.0026278228110668315,0.0,0.0,Estonian,0.22659791675913576,URIEL syntax_knn,est,CC-MAIN-2026-21,3089989,/work/multilingual-gsm-symbolic/paper/artifacts/figures/transfer_features/languages.csv,6.489956933389947,Qwen/Qwen3.5-0.8B,0.43553319522541184,0.3108679053194197,1.4010233535620134,100,8830,20274,6107,19645
Qwen/Qwen3.5-0.8B,Qwen3.5-0.8B,Qwen3.5,0.8,fra,original,0.0,0.0,100,0.02,0.01407052941362897,100,0.02,0.01407052941362897,0.0,0.0,French,0.18824593690905445,URIEL syntax_knn,fra,CC-MAIN-2026-21,102728618,/work/multilingual-gsm-symbolic/paper/artifacts/figures/transfer_features/languages.csv,8.011691445624011,Qwen/Qwen3.5-0.8B,0.33394282656201224,0.3108679053194197,1.0742274157214229,100,7488,22423,6107,19645
Qwen/Qwen3.5-0.8B,Qwen3.5-0.8B,Qwen3.5,0.8,fra,synthetic,0.0035,0.0013208888574315568,2000,0.014,0.0026278228110668315,2000,0.0105,0.002941122251802877,0.25,0.10537440945883723,French,0.18824593690905445,URIEL syntax_knn,fra,CC-MAIN-2026-21,102728618,/work/multilingual-gsm-symbolic/paper/artifacts/figures/transfer_features/languages.csv,8.011691445624011,Qwen/Qwen3.5-0.8B,0.33394282656201224,0.3108679053194197,1.0742274157214229,100,7488,22423,6107,19645
Qwen/Qwen3.5-0.8B,Qwen3.5-0.8B,Qwen3.5,0.8,hin,original,0.0,0.0,100,0.02,0.01407052941362897,100,0.02,0.01407052941362897,0.0,0.0,Hindi,0.3838046008442838,URIEL syntax_knn,hin,CC-MAIN-2026-21,4774018,/work/multilingual-gsm-symbolic/paper/artifacts/figures/transfer_features/languages.csv,6.678884052141607,Qwen/Qwen3.5-0.8B,0.8517327975891512,0.3108679053194197,2.7398543980086583,100,16958,19910,6107,19645
Qwen/Qwen3.5-0.8B,Qwen3.5-0.8B,Qwen3.5,0.8,hin,synthetic,0.0,0.0,2000,0.014,0.0026278228110668315,2000,0.014,0.0026278228110668315,0.0,0.0,Hindi,0.3838046008442838,URIEL syntax_knn,hin,CC-MAIN-2026-21,4774018,/work/multilingual-gsm-symbolic/paper/artifacts/figures/transfer_features/languages.csv,6.678884052141607,Qwen/Qwen3.5-0.8B,0.8517327975891512,0.3108679053194197,2.7398543980086583,100,16958,19910,6107,19645
Qwen/Qwen3.5-0.8B,Qwen3.5-0.8B,Qwen3.5,0.8,isl,original,0.0,0.0,100,0.02,0.01407052941362897,100,0.02,0.01407052941362897,0.0,0.0,Icelandic,0.13127809128711687,URIEL syntax_knn,isl,CC-MAIN-2026-21,777022,/work/multilingual-gsm-symbolic/paper/artifacts/figures/transfer_features/languages.csv,5.890433315253091,Qwen/Qwen3.5-0.8B,0.4796060533269277,0.3108679053194197,1.5427969408232347,100,9983,20815,6107,19645
Qwen/Qwen3.5-0.8B,Qwen3.5-0.8B,Qwen3.5,0.8,isl,synthetic,0.0,0.0,2000,0.014,0.0026278228110668315,2000,0.014,0.0026278228110668315,0.0,0.0,Icelandic,0.13127809128711687,URIEL syntax_knn,isl,CC-MAIN-2026-21,777022,/work/multilingual-gsm-symbolic/paper/artifacts/figures/transfer_features/languages.csv,5.890433315253091,Qwen/Qwen3.5-0.8B,0.4796060533269277,0.3108679053194197,1.5427969408232347,100,9983,20815,6107,19645
Qwen/Qwen3.5-0.8B,Qwen3.5-0.8B,Qwen3.5,0.8,ita,original,0.0,0.0,100,0.02,0.01407052941362897,100,0.02,0.01407052941362897,0.0,0.0,Italian,0.14220584589844,URIEL syntax_knn,ita,CC-MAIN-2026-21,53457335,/work/multilingual-gsm-symbolic/paper/artifacts/figures/transfer_features/languages.csv,7.728007304146603,Qwen/Qwen3.5-0.8B,0.3226348284002179,0.3108679053194197,1.037851842790614,100,7107,22028,6107,19645
Qwen/Qwen3.5-0.8B,Qwen3.5-0.8B,Qwen3.5,0.8,ita,synthetic,0.0005,0.0005,2000,0.014,0.0026278228110668315,2000,0.0135,0.002674967799126409,0.03571428571428571,0.03633798087627726,Italian,0.14220584589844,URIEL syntax_knn,ita,CC-MAIN-2026-21,53457335,/work/multilingual-gsm-symbolic/paper/artifacts/figures/transfer_features/languages.csv,7.728007304146603,Qwen/Qwen3.5-0.8B,0.3226348284002179,0.3108679053194197,1.037851842790614,100,7107,22028,6107,19645
Qwen/Qwen3.5-0.8B,Qwen3.5-0.8B,Qwen3.5,0.8,jpn,original,0.005,0.004999999999999998,200,0.02,0.01407052941362897,100,0.015,0.014932508094081113,0.25,0.3056703182095759,Japanese,0.4998069870609444,URIEL syntax_knn,jpn,CC-MAIN-2026-21,118455052,/work/multilingual-gsm-symbolic/paper/artifacts/figures/transfer_features/languages.csv,8.073553587717582,Qwen/Qwen3.5-0.8B,0.6205373241976199,0.3108679053194197,1.9961447083448898,100,6883,11092,6107,19645
Qwen/Qwen3.5-0.8B,Qwen3.5-0.8B,Qwen3.5,0.8,jpn,synthetic,0.004,0.000998122769134923,4000,0.014,0.0026278228110668315,2000,0.01,0.0028109965828205393,0.2857142857142857,0.08921309872558923,Japanese,0.4998069870609444,URIEL syntax_knn,jpn,CC-MAIN-2026-21,118455052,/work/multilingual-gsm-symbolic/paper/artifacts/figures/transfer_features/languages.csv,8.073553587717582,Qwen/Qwen3.5-0.8B,0.6205373241976199,0.3108679053194197,1.9961447083448898,100,6883,11092,6107,19645
Qwen/Qwen3.5-0.8B,Qwen3.5-0.8B,Qwen3.5,0.8,mar,original,0.0,0.0,100,0.02,0.01407052941362897,100,0.02,0.01407052941362897,0.0,0.0,Marathi,0.43515421744059357,URIEL syntax_knn,mar,CC-MAIN-2026-21,649289,/work/multilingual-gsm-symbolic/paper/artifacts/figures/transfer_features/languages.csv,5.812438045288022,Qwen/Qwen3.5-0.8B,0.8640866586427183,0.3108679053194197,2.779594303100737,100,18666,21602,6107,19645
Qwen/Qwen3.5-0.8B,Qwen3.5-0.8B,Qwen3.5,0.8,mar,synthetic,0.0,0.0,2000,0.014,0.0026278228110668315,2000,0.014,0.0026278228110668315,0.0,0.0,Marathi,0.43515421744059357,URIEL syntax_knn,mar,CC-MAIN-2026-21,649289,/work/multilingual-gsm-symbolic/paper/artifacts/figures/transfer_features/languages.csv,5.812438045288022,Qwen/Qwen3.5-0.8B,0.8640866586427183,0.3108679053194197,2.779594303100737,100,18666,21602,6107,19645
Qwen/Qwen3.5-0.8B,Qwen3.5-0.8B,Qwen3.5,0.8,nld,original,0.0,0.0,100,0.02,0.01407052941362897,100,0.02,0.01407052941362897,0.0,0.0,Dutch,0.07570690126642576,URIEL syntax_knn,nld,CC-MAIN-2026-21,39513234,/work/multilingual-gsm-symbolic/paper/artifacts/figures/transfer_features/languages.csv,7.596742576400662,Qwen/Qwen3.5-0.8B,0.3470817481673935,0.3108679053194197,1.1164927039051,100,7481,21554,6107,19645
Qwen/Qwen3.5-0.8B,Qwen3.5-0.8B,Qwen3.5,0.8,nld,synthetic,0.0035,0.001320888857431557,2000,0.014,0.0026278228110668315,2000,0.0105,0.002941122251802877,0.25,0.10537440945883725,Dutch,0.07570690126642576,URIEL syntax_knn,nld,CC-MAIN-2026-21,39513234,/work/multilingual-gsm-symbolic/paper/artifacts/figures/transfer_features/languages.csv,7.596742576400662,Qwen/Qwen3.5-0.8B,0.3470817481673935,0.3108679053194197,1.1164927039051,100,7481,21554,6107,19645
Qwen/Qwen3.5-0.8B,Qwen3.5-0.8B,Qwen3.5,0.8,nob,original,0.01,0.01,100,0.02,0.01407052941362897,100,0.01,0.01726209135591044,0.5,0.6113406364191519,Norwegian Bokmal,0.10138170956458059,URIEL syntax_knn,nor,CC-MAIN-2026-21,7148610,/work/multilingual-gsm-symbolic/paper/artifacts/figures/transfer_features/languages.csv,6.854221604316353,Qwen/Qwen3.5-0.8B,0.37620981896594957,0.3108679053194197,1.2101918934969835,100,7502,19941,6107,19645
Qwen/Qwen3.5-0.8B,Qwen3.5-0.8B,Qwen3.5,0.8,nob,synthetic,0.002,0.0009992493430694936,2000,0.014,0.0026278228110668315,2000,0.012,0.002811396801589558,0.14285714285714285,0.07624567088029433,Norwegian Bokmal,0.10138170956458059,URIEL syntax_knn,nor,CC-MAIN-2026-21,7148610,/work/multilingual-gsm-symbolic/paper/artifacts/figures/transfer_features/languages.csv,6.854221604316353,Qwen/Qwen3.5-0.8B,0.37620981896594957,0.3108679053194197,1.2101918934969835,100,7502,19941,6107,19645
Qwen/Qwen3.5-0.8B,Qwen3.5-0.8B,Qwen3.5,0.8,rus,original,0.0,0.0,100,0.02,0.01407052941362897,100,0.02,0.01407052941362897,0.0,0.0,Russian,0.18824593690905445,URIEL syntax_knn,rus,CC-MAIN-2026-21,138631119,/work/multilingual-gsm-symbolic/paper/artifacts/figures/transfer_features/languages.csv,8.141860728782362,Qwen/Qwen3.5-0.8B,0.3461103786023733,0.3108679053194197,1.1133680019066028,100,7350,21236,6107,19645
Qwen/Qwen3.5-0.8B,Qwen3.5-0.8B,Qwen3.5,0.8,rus,synthetic,0.0005,0.0005000000000000001,2000,0.014,0.0026278228110668315,2000,0.0135,0.002674967799126409,0.03571428571428571,0.036337980876277265,Russian,0.18824593690905445,URIEL syntax_knn,rus,CC-MAIN-2026-21,138631119,/work/multilingual-gsm-symbolic/paper/artifacts/figures/transfer_features/languages.csv,8.141860728782362,Qwen/Qwen3.5-0.8B,0.3461103786023733,0.3108679053194197,1.1133680019066028,100,7350,21236,6107,19645
Qwen/Qwen3.5-0.8B,Qwen3.5-0.8B,Qwen3.5,0.8,ukr,original,0.0,0.0,100,0.02,0.01407052941362897,100,0.02,0.01407052941362897,0.0,0.0,Ukrainian,0.15273132616089036,URIEL syntax_knn,ukr,CC-MAIN-2026-21,17456210,/work/multilingual-gsm-symbolic/paper/artifacts/figures/transfer_features/languages.csv,7.2419499578829365,Qwen/Qwen3.5-0.8B,0.4519343219347897,0.3108679053194197,1.4537825044062458,100,9661,21377,6107,19645
Qwen/Qwen3.5-0.8B,Qwen3.5-0.8B,Qwen3.5,0.8,ukr,synthetic,0.0,0.0,2000,0.014,0.0026278228110668315,2000,0.014,0.0026278228110668315,0.0,0.0,Ukrainian,0.15273132616089036,URIEL syntax_knn,ukr,CC-MAIN-2026-21,17456210,/work/multilingual-gsm-symbolic/paper/artifacts/figures/transfer_features/languages.csv,7.2419499578829365,Qwen/Qwen3.5-0.8B,0.4519343219347897,0.3108679053194197,1.4537825044062458,100,9661,21377,6107,19645
Qwen/Qwen3.5-0.8B,Qwen3.5-0.8B,Qwen3.5,0.8,urd,original,0.0,0.0,100,0.02,0.01407052941362897,100,0.02,0.01407052941362897,0.0,0.0,urd,0.3838046008442838,URIEL syntax_knn,urd,CC-MAIN-2026-21,682592,/work/multilingual-gsm-symbolic/paper/artifacts/figures/transfer_features/languages.csv,5.834161194027274,Qwen/Qwen3.5-0.8B,0.5821618244298656,0.3108679053194197,1.872698385610727,100,11181,19206,6107,19645
Qwen/Qwen3.5-0.8B,Qwen3.5-0.8B,Qwen3.5,0.8,urd,synthetic,0.0015,0.0008655920660521368,2000,0.014,0.0026278228110668315,2000,0.0125,0.0027667132759242674,0.10714285714285714,0.0650165364977078,urd,0.3838046008442838,URIEL syntax_knn,urd,CC-MAIN-2026-21,682592,/work/multilingual-gsm-symbolic/paper/artifacts/figures/transfer_features/languages.csv,5.834161194027274,Qwen/Qwen3.5-0.8B,0.5821618244298656,0.3108679053194197,1.872698385610727,100,11181,19206,6107,19645
Qwen/Qwen3.5-0.8B,Qwen3.5-0.8B,Qwen3.5,0.8,zho,original,0.01,0.01,100,0.02,0.01407052941362897,100,0.01,0.01726209135591044,0.5,0.6113406364191519,Chinese,0.2892275292349138,URIEL syntax_knn,zho,CC-MAIN-2026-21,102274716,/work/multilingual-gsm-symbolic/paper/artifacts/figures/transfer_features/languages.csv,8.009768282208015,Qwen/Qwen3.5-0.8B,0.8439482364882009,0.3108679053194197,2.7148130187998536,100,6652,7882,6107,19645
Qwen/Qwen3.5-0.8B,Qwen3.5-0.8B,Qwen3.5,0.8,zho,synthetic,0.0125,0.002484947178762683,2000,0.014,0.0026278228110668315,2000,0.0014999999999999996,0.0036166856661318803,0.8928571428571429,0.24411384008385612,Chinese,0.2892275292349138,URIEL syntax_knn,zho,CC-MAIN-2026-21,102274716,/work/multilingual-gsm-symbolic/paper/artifacts/figures/transfer_features/languages.csv,8.009768282208015,Qwen/Qwen3.5-0.8B,0.8439482364882009,0.3108679053194197,2.7148130187998536,100,6652,7882,6107,19645
Qwen/Qwen3.5-0.8B,Qwen3.5-0.8B (reasoning off),Qwen3.5,0.8,ara,original,0.08,0.027265992434429075,100,0.02,0.01407052941362897,100,-0.06,0.03068247286993246,4.0,3.1269438398822866,Arabic,0.34901322303461213,URIEL syntax_knn,ara,CC-MAIN-2026-21,14123579,/work/multilingual-gsm-symbolic/paper/artifacts/figures/transfer_features/languages.csv,7.149944763500101,Qwen/Qwen3.5-0.8B,0.4398795919504989,0.3108679053194197,1.415004844255371,100,7891,17939,6107,19645
Qwen/Qwen3.5-0.8B,Qwen3.5-0.8B (reasoning off),Qwen3.5,0.8,ara,synthetic,0.074,0.005854838987520055,2000,0.4475,0.01112131812594303,2000,0.3735,0.012568327511177207,0.1653631284916201,0.013713692908094969,Arabic,0.34901322303461213,URIEL syntax_knn,ara,CC-MAIN-2026-21,14123579,/work/multilingual-gsm-symbolic/paper/artifacts/figures/transfer_features/languages.csv,7.149944763500101,Qwen/Qwen3.5-0.8B,0.4398795919504989,0.3108679053194197,1.415004844255371,100,7891,17939,6107,19645
Qwen/Qwen3.5-0.8B,Qwen3.5-0.8B (reasoning off),Qwen3.5,0.8,dan,original,0.05,0.015449707678033378,200,0.02,0.01407052941362897,100,-0.030000000000000002,0.02089672857928919,2.5,1.9209810024505845,Danish,0.11992176734660287,URIEL syntax_knn,dan,CC-MAIN-2026-21,11404389,/work/multilingual-gsm-symbolic/paper/artifacts/figures/transfer_features/languages.csv,7.057072022533615,Qwen/Qwen3.5-0.8B,0.3787878787878788,0.3108679053194197,1.2184849973453216,100,7625,20130,6107,19645
Qwen/Qwen3.5-0.8B,Qwen3.5-0.8B (reasoning off),Qwen3.5,0.8,dan,synthetic,0.049,0.0034135997371970055,4000,0.4475,0.01112131812594303,2000,0.3985,0.011633416524143732,0.10949720670391061,0.008099005419663668,Danish,0.11992176734660287,URIEL syntax_knn,dan,CC-MAIN-2026-21,11404389,/work/multilingual-gsm-symbolic/paper/artifacts/figures/transfer_features/languages.csv,7.057072022533615,Qwen/Qwen3.5-0.8B,0.3787878787878788,0.3108679053194197,1.2184849973453216,100,7625,20130,6107,19645
Qwen/Qwen3.5-0.8B,Qwen3.5-0.8B (reasoning off),Qwen3.5,0.8,deu,original,0.11,0.022180166793668958,200,0.02,0.01407052941362897,100,-0.09,0.026266701296028268,5.5,4.025185923620133,German,0.09745802098497969,URIEL syntax_knn,deu,CC-MAIN-2026-21,129221452,/work/multilingual-gsm-symbolic/paper/artifacts/figures/transfer_features/languages.csv,8.111334616692115,Qwen/Qwen3.5-0.8B,0.3196403934309493,0.3108679053194197,1.028219343204683,100,7182,22469,6107,19645
Qwen/Qwen3.5-0.8B,Qwen3.5-0.8B (reasoning off),Qwen3.5,0.8,deu,synthetic,0.103,0.004806612724307039,4000,0.4475,0.01112131812594303,2000,0.34450000000000003,0.012115578514453997,0.2301675977653631,0.012169220461153492,German,0.09745802098497969,URIEL syntax_knn,deu,CC-MAIN-2026-21,129221452,/work/multilingual-gsm-symbolic/paper/artifacts/figures/transfer_features/languages.csv,8.111334616692115,Qwen/Qwen3.5-0.8B,0.3196403934309493,0.3108679053194197,1.028219343204683,100,7182,22469,6107,19645
Qwen/Qwen3.5-0.8B,Qwen3.5-0.8B (reasoning off),Qwen3.5,0.8,est,original,0.05,0.021904291355759033,100,0.02,0.01407052941362897,100,-0.030000000000000002,0.026034165586355518,2.5,2.0719385350268706,Estonian,0.22659791675913576,URIEL syntax_knn,est,CC-MAIN-2026-21,3089989,/work/multilingual-gsm-symbolic/paper/artifacts/figures/transfer_features/languages.csv,6.489956933389947,Qwen/Qwen3.5-0.8B,0.43553319522541184,0.3108679053194197,1.4010233535620134,100,8830,20274,6107,19645
Qwen/Qwen3.5-0.8B,Qwen3.5-0.8B (reasoning off),Qwen3.5,0.8,est,synthetic,0.021,0.0032069677767574438,2000,0.4475,0.01112131812594303,2000,0.4265,0.011574470146818366,0.04692737430167598,0.007260684220410501,Estonian,0.22659791675913576,URIEL syntax_knn,est,CC-MAIN-2026-21,3089989,/work/multilingual-gsm-symbolic/paper/artifacts/figures/transfer_features/languages.csv,6.489956933389947,Qwen/Qwen3.5-0.8B,0.43553319522541184,0.3108679053194197,1.4010233535620134,100,8830,20274,6107,19645
Qwen/Qwen3.5-0.8B,Qwen3.5-0.8B (reasoning off),Qwen3.5,0.8,fra,original,0.19,0.03942772444036626,100,0.02,0.01407052941362897,100,-0.17,0.04186317298683,9.5,6.968181653455624,French,0.18824593690905445,URIEL syntax_knn,fra,CC-MAIN-2026-21,102728618,/work/multilingual-gsm-symbolic/paper/artifacts/figures/transfer_features/languages.csv,8.011691445624011,Qwen/Qwen3.5-0.8B,0.33394282656201224,0.3108679053194197,1.0742274157214229,100,7488,22423,6107,19645
Qwen/Qwen3.5-0.8B,Qwen3.5-0.8B (reasoning off),Qwen3.5,0.8,fra,synthetic,0.139,0.00773753414967318,2000,0.4475,0.01112131812594303,2000,0.3085,0.013548178902560583,0.3106145251396648,0.018935513120584547,French,0.18824593690905445,URIEL syntax_knn,fra,CC-MAIN-2026-21,102728618,/work/multilingual-gsm-symbolic/paper/artifacts/figures/transfer_features/languages.csv,8.011691445624011,Qwen/Qwen3.5-0.8B,0.33394282656201224,0.3108679053194197,1.0742274157214229,100,7488,22423,6107,19645
Qwen/Qwen3.5-0.8B,Qwen3.5-0.8B (reasoning off),Qwen3.5,0.8,hin,original,0.0,0.0,100,0.02,0.01407052941362897,100,0.02,0.01407052941362897,0.0,0.0,Hindi,0.3838046008442838,URIEL syntax_knn,hin,CC-MAIN-2026-21,4774018,/work/multilingual-gsm-symbolic/paper/artifacts/figures/transfer_features/languages.csv,6.678884052141607,Qwen/Qwen3.5-0.8B,0.8517327975891512,0.3108679053194197,2.7398543980086583,100,16958,19910,6107,19645
Qwen/Qwen3.5-0.8B,Qwen3.5-0.8B (reasoning off),Qwen3.5,0.8,hin,synthetic,0.003,0.0012232122154646897,2000,0.4475,0.01112131812594303,2000,0.4445,0.011188385271454099,0.0067039106145251395,0.0027385078433308334,Hindi,0.3838046008442838,URIEL syntax_knn,hin,CC-MAIN-2026-21,4774018,/work/multilingual-gsm-symbolic/paper/artifacts/figures/transfer_features/languages.csv,6.678884052141607,Qwen/Qwen3.5-0.8B,0.8517327975891512,0.3108679053194197,2.7398543980086583,100,16958,19910,6107,19645
Qwen/Qwen3.5-0.8B,Qwen3.5-0.8B (reasoning off),Qwen3.5,0.8,isl,original,0.06,0.0238683256575942,100,0.02,0.01407052941362897,100,-0.039999999999999994,0.02770698048645445,3.0,2.424621182533032,Icelandic,0.13127809128711687,URIEL syntax_knn,isl,CC-MAIN-2026-21,777022,/work/multilingual-gsm-symbolic/paper/artifacts/figures/transfer_features/languages.csv,5.890433315253091,Qwen/Qwen3.5-0.8B,0.4796060533269277,0.3108679053194197,1.5427969408232347,100,9983,20815,6107,19645
Qwen/Qwen3.5-0.8B,Qwen3.5-0.8B (reasoning off),Qwen3.5,0.8,isl,synthetic,0.017,0.0028913110935905825,2000,0.4475,0.01112131812594303,2000,0.4305,0.011491013736757474,0.03798882681564246,0.006529643396752315,Icelandic,0.13127809128711687,URIEL syntax_knn,isl,CC-MAIN-2026-21,777022,/work/multilingual-gsm-symbolic/paper/artifacts/figures/transfer_features/languages.csv,5.890433315253091,Qwen/Qwen3.5-0.8B,0.4796060533269277,0.3108679053194197,1.5427969408232347,100,9983,20815,6107,19645
Qwen/Qwen3.5-0.8B,Qwen3.5-0.8B (reasoning off),Qwen3.5,0.8,ita,original,0.14,0.0348735088019777,100,0.02,0.01407052941362897,100,-0.12000000000000001,0.03760507165451774,7.000000000000001,5.224263516796343,Italian,0.14220584589844,URIEL syntax_knn,ita,CC-MAIN-2026-21,53457335,/work/multilingual-gsm-symbolic/paper/artifacts/figures/transfer_features/languages.csv,7.728007304146603,Qwen/Qwen3.5-0.8B,0.3226348284002179,0.3108679053194197,1.037851842790614,100,7107,22028,6107,19645
Qwen/Qwen3.5-0.8B,Qwen3.5-0.8B (reasoning off),Qwen3.5,0.8,ita,synthetic,0.131,0.007546388141819471,2000,0.4475,0.01112131812594303,2000,0.3165,0.01343992897471644,0.2927374301675978,0.018365816244719585,Italian,0.14220584589844,URIEL syntax_knn,ita,CC-MAIN-2026-21,53457335,/work/multilingual-gsm-symbolic/paper/artifacts/figures/transfer_features/languages.csv,7.728007304146603,Qwen/Qwen3.5-0.8B,0.3226348284002179,0.3108679053194197,1.037851842790614,100,7107,22028,6107,19645
Qwen/Qwen3.5-0.8B,Qwen3.5-0.8B (reasoning off),Qwen3.5,0.8,jpn,original,0.125,0.02344404221924815,200,0.02,0.01407052941362897,100,-0.105,0.027342328239520635,6.25,4.55060682056903,Japanese,0.4998069870609444,URIEL syntax_knn,jpn,CC-MAIN-2026-21,118455052,/work/multilingual-gsm-symbolic/paper/artifacts/figures/transfer_features/languages.csv,8.073553587717582,Qwen/Qwen3.5-0.8B,0.6205373241976199,0.3108679053194197,1.9961447083448898,100,6883,11092,6107,19645
Qwen/Qwen3.5-0.8B,Qwen3.5-0.8B (reasoning off),Qwen3.5,0.8,jpn,synthetic,0.1005,0.004754533509948609,4000,0.4475,0.01112131812594303,2000,0.347,0.012095011606263684,0.2245810055865922,0.012001431106525028,Japanese,0.4998069870609444,URIEL syntax_knn,jpn,CC-MAIN-2026-21,118455052,/work/multilingual-gsm-symbolic/paper/artifacts/figures/transfer_features/languages.csv,8.073553587717582,Qwen/Qwen3.5-0.8B,0.6205373241976199,0.3108679053194197,1.9961447083448898,100,6883,11092,6107,19645
Qwen/Qwen3.5-0.8B,Qwen3.5-0.8B (reasoning off),Qwen3.5,0.8,mar,original,0.01,0.01,100,0.02,0.01407052941362897,100,0.01,0.01726209135591044,0.5,0.6113406364191519,Marathi,0.43515421744059357,URIEL syntax_knn,mar,CC-MAIN-2026-21,649289,/work/multilingual-gsm-symbolic/paper/artifacts/figures/transfer_features/languages.csv,5.812438045288022,Qwen/Qwen3.5-0.8B,0.8640866586427183,0.3108679053194197,2.779594303100737,100,18666,21602,6107,19645
Qwen/Qwen3.5-0.8B,Qwen3.5-0.8B (reasoning off),Qwen3.5,0.8,mar,synthetic,0.0025,0.0011169148353275143,2000,0.4475,0.01112131812594303,2000,0.445,0.011177263332667959,0.00558659217877095,0.002499757655925472,Marathi,0.43515421744059357,URIEL syntax_knn,mar,CC-MAIN-2026-21,649289,/work/multilingual-gsm-symbolic/paper/artifacts/figures/transfer_features/languages.csv,5.812438045288022,Qwen/Qwen3.5-0.8B,0.8640866586427183,0.3108679053194197,2.779594303100737,100,18666,21602,6107,19645
Qwen/Qwen3.5-0.8B,Qwen3.5-0.8B (reasoning off),Qwen3.5,0.8,nld,original,0.15,0.03588702812826368,100,0.02,0.01407052941362897,100,-0.13,0.03854683626263752,7.5,5.573204290227127,Dutch,0.07570690126642576,URIEL syntax_knn,nld,CC-MAIN-2026-21,39513234,/work/multilingual-gsm-symbolic/paper/artifacts/figures/transfer_features/languages.csv,7.596742576400662,Qwen/Qwen3.5-0.8B,0.3470817481673935,0.3108679053194197,1.1164927039051,100,7481,21554,6107,19645
Qwen/Qwen3.5-0.8B,Qwen3.5-0.8B (reasoning off),Qwen3.5,0.8,nld,synthetic,0.101,0.00673960021852578,2000,0.4475,0.01112131812594303,2000,0.34650000000000003,0.013004073514248591,0.22569832402234638,0.016071160795090862,Dutch,0.07570690126642576,URIEL syntax_knn,nld,CC-MAIN-2026-21,39513234,/work/multilingual-gsm-symbolic/paper/artifacts/figures/transfer_features/languages.csv,7.596742576400662,Qwen/Qwen3.5-0.8B,0.3470817481673935,0.3108679053194197,1.1164927039051,100,7481,21554,6107,19645
Qwen/Qwen3.5-0.8B,Qwen3.5-0.8B (reasoning off),Qwen3.5,0.8,nob,original,0.07,0.025643239997624277,100,0.02,0.01407052941362897,100,-0.05,0.029249881291307074,3.5000000000000004,2.776161145731765,Norwegian Bokmal,0.10138170956458059,URIEL syntax_knn,nor,CC-MAIN-2026-21,7148610,/work/multilingual-gsm-symbolic/paper/artifacts/figures/transfer_features/languages.csv,6.854221604316353,Qwen/Qwen3.5-0.8B,0.37620981896594957,0.3108679053194197,1.2101918934969835,100,7502,19941,6107,19645
Qwen/Qwen3.5-0.8B,Qwen3.5-0.8B (reasoning off),Qwen3.5,0.8,nob,synthetic,0.058,0.0052279695707718584,2000,0.4475,0.01112131812594303,2000,0.3895,0.01228883162433864,0.12960893854748604,0.012118525357693173,Norwegian Bokmal,0.10138170956458059,URIEL syntax_knn,nor,CC-MAIN-2026-21,7148610,/work/multilingual-gsm-symbolic/paper/artifacts/figures/transfer_features/languages.csv,6.854221604316353,Qwen/Qwen3.5-0.8B,0.37620981896594957,0.3108679053194197,1.2101918934969835,100,7502,19941,6107,19645
Qwen/Qwen3.5-0.8B,Qwen3.5-0.8B (reasoning off),Qwen3.5,0.8,rus,original,0.15,0.03588702812826367,100,0.02,0.01407052941362897,100,-0.13,0.03854683626263751,7.5,5.573204290227127,Russian,0.18824593690905445,URIEL syntax_knn,rus,CC-MAIN-2026-21,138631119,/work/multilingual-gsm-symbolic/paper/artifacts/figures/transfer_features/languages.csv,8.141860728782362,Qwen/Qwen3.5-0.8B,0.3461103786023733,0.3108679053194197,1.1133680019066028,100,7350,21236,6107,19645
Qwen/Qwen3.5-0.8B,Qwen3.5-0.8B (reasoning off),Qwen3.5,0.8,rus,synthetic,0.1125,0.00706730842854704,2000,0.4475,0.01112131812594303,2000,0.335,0.01317689513059283,0.25139664804469275,0.016983783187316373,Russian,0.18824593690905445,URIEL syntax_knn,rus,CC-MAIN-2026-21,138631119,/work/multilingual-gsm-symbolic/paper/artifacts/figures/transfer_features/languages.csv,8.141860728782362,Qwen/Qwen3.5-0.8B,0.3461103786023733,0.3108679053194197,1.1133680019066028,100,7350,21236,6107,19645
Qwen/Qwen3.5-0.8B,Qwen3.5-0.8B (reasoning off),Qwen3.5,0.8,ukr,original,0.03,0.017144660799776532,100,0.02,0.01407052941362897,100,-0.009999999999999998,0.02217925138320029,1.5,1.359589956010579,Ukrainian,0.15273132616089036,URIEL syntax_knn,ukr,CC-MAIN-2026-21,17456210,/work/multilingual-gsm-symbolic/paper/artifacts/figures/transfer_features/languages.csv,7.2419499578829365,Qwen/Qwen3.5-0.8B,0.4519343219347897,0.3108679053194197,1.4537825044062458,100,9661,21377,6107,19645
Qwen/Qwen3.5-0.8B,Qwen3.5-0.8B (reasoning off),Qwen3.5,0.8,ukr,synthetic,0.0515,0.004943287675881637,2000,0.4475,0.01112131812594303,2000,0.396,0.012170448221201726,0.11508379888268155,0.011410703331766239,Ukrainian,0.15273132616089036,URIEL syntax_knn,ukr,CC-MAIN-2026-21,17456210,/work/multilingual-gsm-symbolic/paper/artifacts/figures/transfer_features/languages.csv,7.2419499578829365,Qwen/Qwen3.5-0.8B,0.4519343219347897,0.3108679053194197,1.4537825044062458,100,9661,21377,6107,19645
Qwen/Qwen3.5-0.8B,Qwen3.5-0.8B (reasoning off),Qwen3.5,0.8,urd,original,0.04,0.01969463855669324,100,0.02,0.01407052941362897,100,-0.02,0.024204515815413163,2.0,1.7174093715520915,urd,0.3838046008442838,URIEL syntax_knn,urd,CC-MAIN-2026-21,682592,/work/multilingual-gsm-symbolic/paper/artifacts/figures/transfer_features/languages.csv,5.834161194027274,Qwen/Qwen3.5-0.8B,0.5821618244298656,0.3108679053194197,1.872698385610727,100,11181,19206,6107,19645
Qwen/Qwen3.5-0.8B,Qwen3.5-0.8B (reasoning off),Qwen3.5,0.8,urd,synthetic,0.024,0.003423135832751125,2000,0.4475,0.01112131812594303,2000,0.4235,0.011636218276909973,0.053631284916201116,0.00776471593303396,urd,0.3838046008442838,URIEL syntax_knn,urd,CC-MAIN-2026-21,682592,/work/multilingual-gsm-symbolic/paper/artifacts/figures/transfer_features/languages.csv,5.834161194027274,Qwen/Qwen3.5-0.8B,0.5821618244298656,0.3108679053194197,1.872698385610727,100,11181,19206,6107,19645
Qwen/Qwen3.5-0.8B,Qwen3.5-0.8B (reasoning off),Qwen3.5,0.8,zho,original,0.33,0.04725815626252608,100,0.02,0.01407052941362897,100,-0.31,0.049308347481061776,16.5,11.846237095944575,Chinese,0.2892275292349138,URIEL syntax_knn,zho,CC-MAIN-2026-21,102274716,/work/multilingual-gsm-symbolic/paper/artifacts/figures/transfer_features/languages.csv,8.009768282208015,Qwen/Qwen3.5-0.8B,0.8439482364882009,0.3108679053194197,2.7148130187998536,100,6652,7882,6107,19645
Qwen/Qwen3.5-0.8B,Qwen3.5-0.8B (reasoning off),Qwen3.5,0.8,zho,synthetic,0.2585,0.009792181493886063,2000,0.4475,0.01112131812594303,2000,0.189,0.014817912648805623,0.5776536312849162,0.026170837967028203,Chinese,0.2892275292349138,URIEL syntax_knn,zho,CC-MAIN-2026-21,102274716,/work/multilingual-gsm-symbolic/paper/artifacts/figures/transfer_features/languages.csv,8.009768282208015,Qwen/Qwen3.5-0.8B,0.8439482364882009,0.3108679053194197,2.7148130187998536,100,6652,7882,6107,19645
Qwen/Qwen3.5-27B,Qwen3.5-27B,Qwen3.5,27.0,ara,original,0.95,0.02190429135575903,100,0.99,0.01,100,0.040000000000000036,0.02407899457614416,0.9595959595959596,0.02415557718957599,Arabic,0.34901322303461213,URIEL syntax_knn,ara,CC-MAIN-2026-21,14123579,/work/multilingual-gsm-symbolic/paper/artifacts/figures/transfer_features/languages.csv,7.149944763500101,Qwen/Qwen3.5-27B,0.4398795919504989,0.3108679053194197,1.415004844255371,100,7891,17939,6107,19645
Qwen/Qwen3.5-27B,Qwen3.5-27B,Qwen3.5,27.0,ara,synthetic,0.9595,0.0044090355858621465,2000,0.98,0.0031312780858980893,2000,0.020499999999999963,0.005407818159722492,0.9790816326530613,0.0054797516942235785,Arabic,0.34901322303461213,URIEL syntax_knn,ara,CC-MAIN-2026-21,14123579,/work/multilingual-gsm-symbolic/paper/artifacts/figures/transfer_features/languages.csv,7.149944763500101,Qwen/Qwen3.5-27B,0.4398795919504989,0.3108679053194197,1.415004844255371,100,7891,17939,6107,19645
Qwen/Qwen3.5-27B,Qwen3.5-27B,Qwen3.5,27.0,dan,original,0.975,0.011067404265948254,200,0.99,0.01,100,0.015000000000000013,0.014916012777747598,0.9848484848484849,0.01496450553381602,Danish,0.11992176734660287,URIEL syntax_knn,dan,CC-MAIN-2026-21,11404389,/work/multilingual-gsm-symbolic/paper/artifacts/figures/transfer_features/languages.csv,7.057072022533615,Qwen/Qwen3.5-27B,0.3787878787878788,0.3108679053194197,1.2184849973453216,100,7625,20130,6107,19645
Qwen/Qwen3.5-27B,Qwen3.5-27B,Qwen3.5,27.0,dan,synthetic,0.96375,0.0029557010026564374,4000,0.98,0.0031312780858980893,2000,0.016249999999999987,0.004305934378079846,0.9834183673469388,0.0043554343720959105,Danish,0.11992176734660287,URIEL syntax_knn,dan,CC-MAIN-2026-21,11404389,/work/multilingual-gsm-symbolic/paper/artifacts/figures/transfer_features/languages.csv,7.057072022533615,Qwen/Qwen3.5-27B,0.3787878787878788,0.3108679053194197,1.2184849973453216,100,7625,20130,6107,19645
Qwen/Qwen3.5-27B,Qwen3.5-27B,Qwen3.5,27.0,deu,original,0.965,0.013027801736688051,200,0.99,0.01,100,0.025000000000000022,0.016423264538162084,0.9747474747474747,0.01643508786388665,German,0.09745802098497969,URIEL syntax_knn,deu,CC-MAIN-2026-21,129221452,/work/multilingual-gsm-symbolic/paper/artifacts/figures/transfer_features/languages.csv,8.111334616692115,Qwen/Qwen3.5-27B,0.3196403934309493,0.3108679053194197,1.028219343204683,100,7182,22469,6107,19645
Qwen/Qwen3.5-27B,Qwen3.5-27B,Qwen3.5,27.0,deu,synthetic,0.9415,0.0037111831967958763,4000,0.98,0.0031312780858980893,2000,0.03849999999999998,0.00485569595129325,0.9607142857142857,0.004874789003762969,German,0.09745802098497969,URIEL syntax_knn,deu,CC-MAIN-2026-21,129221452,/work/multilingual-gsm-symbolic/paper/artifacts/figures/transfer_features/languages.csv,8.111334616692115,Qwen/Qwen3.5-27B,0.3196403934309493,0.3108679053194197,1.028219343204683,100,7182,22469,6107,19645
Qwen/Qwen3.5-27B,Qwen3.5-27B,Qwen3.5,27.0,est,original,0.98,0.01407052941362897,100,0.99,0.01,100,0.010000000000000009,0.01726209135591044,0.98989898989899,0.017377548295923903,Estonian,0.22659791675913576,URIEL syntax_knn,est,CC-MAIN-2026-21,3089989,/work/multilingual-gsm-symbolic/paper/artifacts/figures/transfer_features/languages.csv,6.489956933389947,Qwen/Qwen3.5-27B,0.43553319522541184,0.3108679053194197,1.4010233535620134,100,8830,20274,6107,19645
Qwen/Qwen3.5-27B,Qwen3.5-27B,Qwen3.5,27.0,est,synthetic,0.969,0.0038764692062176094,2000,0.98,0.0031312780858980893,2000,0.01100000000000001,0.004983163248176703,0.9887755102040816,0.0050624012389505705,Estonian,0.22659791675913576,URIEL syntax_knn,est,CC-MAIN-2026-21,3089989,/work/multilingual-gsm-symbolic/paper/artifacts/figures/transfer_features/languages.csv,6.489956933389947,Qwen/Qwen3.5-27B,0.43553319522541184,0.3108679053194197,1.4010233535620134,100,8830,20274,6107,19645
Qwen/Qwen3.5-27B,Qwen3.5-27B,Qwen3.5,27.0,fra,original,0.98,0.01407052941362897,100,0.99,0.01,100,0.010000000000000009,0.01726209135591044,0.98989898989899,0.017377548295923903,French,0.18824593690905445,URIEL syntax_knn,fra,CC-MAIN-2026-21,102728618,/work/multilingual-gsm-symbolic/paper/artifacts/figures/transfer_features/languages.csv,8.011691445624011,Qwen/Qwen3.5-27B,0.33394282656201224,0.3108679053194197,1.0742274157214229,100,7488,22423,6107,19645
Qwen/Qwen3.5-27B,Qwen3.5-27B,Qwen3.5,27.0,fra,synthetic,0.9455,0.0050771807021161835,2000,0.98,0.0031312780858980893,2000,0.034499999999999975,0.005965120814632892,0.964795918367347,0.0060285721750933515,French,0.18824593690905445,URIEL syntax_knn,fra,CC-MAIN-2026-21,102728618,/work/multilingual-gsm-symbolic/paper/artifacts/figures/transfer_features/languages.csv,8.011691445624011,Qwen/Qwen3.5-27B,0.33394282656201224,0.3108679053194197,1.0742274157214229,100,7488,22423,6107,19645
Qwen/Qwen3.5-27B,Qwen3.5-27B,Qwen3.5,27.0,hin,original,0.95,0.02190429135575903,100,0.99,0.01,100,0.040000000000000036,0.02407899457614416,0.9595959595959596,0.02415557718957599,Hindi,0.3838046008442838,URIEL syntax_knn,hin,CC-MAIN-2026-21,4774018,/work/multilingual-gsm-symbolic/paper/artifacts/figures/transfer_features/languages.csv,6.678884052141607,Qwen/Qwen3.5-27B,0.8517327975891512,0.3108679053194197,2.7398543980086583,100,16958,19910,6107,19645
Qwen/Qwen3.5-27B,Qwen3.5-27B,Qwen3.5,27.0,hin,synthetic,0.9395,0.00533236270765812,2000,0.98,0.0031312780858980893,2000,0.04049999999999998,0.0061837686322540105,0.9586734693877551,0.006244142187190045,Hindi,0.3838046008442838,URIEL syntax_knn,hin,CC-MAIN-2026-21,4774018,/work/multilingual-gsm-symbolic/paper/artifacts/figures/transfer_features/languages.csv,6.678884052141607,Qwen/Qwen3.5-27B,0.8517327975891512,0.3108679053194197,2.7398543980086583,100,16958,19910,6107,19645
Qwen/Qwen3.5-27B,Qwen3.5-27B,Qwen3.5,27.0,isl,original,0.98,0.01407052941362897,100,0.99,0.01,100,0.010000000000000009,0.01726209135591044,0.98989898989899,0.017377548295923903,Icelandic,0.13127809128711687,URIEL syntax_knn,isl,CC-MAIN-2026-21,777022,/work/multilingual-gsm-symbolic/paper/artifacts/figures/transfer_features/languages.csv,5.890433315253091,Qwen/Qwen3.5-27B,0.4796060533269277,0.3108679053194197,1.5427969408232347,100,9983,20815,6107,19645
Qwen/Qwen3.5-27B,Qwen3.5-27B,Qwen3.5,27.0,isl,synthetic,0.964,0.004166614973833089,2000,0.98,0.0031312780858980893,2000,0.016000000000000014,0.005212061280472028,0.9836734693877551,0.0052872541550834495,Icelandic,0.13127809128711687,URIEL syntax_knn,isl,CC-MAIN-2026-21,777022,/work/multilingual-gsm-symbolic/paper/artifacts/figures/transfer_features/languages.csv,5.890433315253091,Qwen/Qwen3.5-27B,0.4796060533269277,0.3108679053194197,1.5427969408232347,100,9983,20815,6107,19645
Qwen/Qwen3.5-27B,Qwen3.5-27B,Qwen3.5,27.0,ita,original,0.96,0.019694638556693234,100,0.99,0.01,100,0.030000000000000027,0.02208797835653566,0.9696969696969697,0.022174190726997035,Italian,0.14220584589844,URIEL syntax_knn,ita,CC-MAIN-2026-21,53457335,/work/multilingual-gsm-symbolic/paper/artifacts/figures/transfer_features/languages.csv,7.728007304146603,Qwen/Qwen3.5-27B,0.3226348284002179,0.3108679053194197,1.037851842790614,100,7107,22028,6107,19645
Qwen/Qwen3.5-27B,Qwen3.5-27B,Qwen3.5,27.0,ita,synthetic,0.962,0.0042763469891703015,2000,0.98,0.0031312780858980893,2000,0.018000000000000016,0.005300193017524126,0.9816326530612245,0.005373897386911648,Italian,0.14220584589844,URIEL syntax_knn,ita,CC-MAIN-2026-21,53457335,/work/multilingual-gsm-symbolic/paper/artifacts/figures/transfer_features/languages.csv,7.728007304146603,Qwen/Qwen3.5-27B,0.3226348284002179,0.3108679053194197,1.037851842790614,100,7107,22028,6107,19645
Qwen/Qwen3.5-27B,Qwen3.5-27B,Qwen3.5,27.0,jpn,original,0.96,0.013891177924157585,200,0.99,0.01,100,0.030000000000000027,0.017116215239374708,0.9696969696969697,0.017112078414233726,Japanese,0.4998069870609444,URIEL syntax_knn,jpn,CC-MAIN-2026-21,118455052,/work/multilingual-gsm-symbolic/paper/artifacts/figures/transfer_features/languages.csv,8.073553587717582,Qwen/Qwen3.5-27B,0.6205373241976199,0.3108679053194197,1.9961447083448898,100,6883,11092,6107,19645
Qwen/Qwen3.5-27B,Qwen3.5-27B,Qwen3.5,27.0,jpn,synthetic,0.943,0.0036662119793554482,4000,0.98,0.0031312780858980893,2000,0.03700000000000003,0.00482141190200495,0.9622448979591837,0.004842330668731418,Japanese,0.4998069870609444,URIEL syntax_knn,jpn,CC-MAIN-2026-21,118455052,/work/multilingual-gsm-symbolic/paper/artifacts/figures/transfer_features/languages.csv,8.073553587717582,Qwen/Qwen3.5-27B,0.6205373241976199,0.3108679053194197,1.9961447083448898,100,6883,11092,6107,19645
Qwen/Qwen3.5-27B,Qwen3.5-27B,Qwen3.5,27.0,mar,original,0.91,0.02876234912646614,100,0.99,0.01,100,0.07999999999999996,0.030451153135353144,0.9191919191919192,0.0305004362304447,Marathi,0.43515421744059357,URIEL syntax_knn,mar,CC-MAIN-2026-21,649289,/work/multilingual-gsm-symbolic/paper/artifacts/figures/transfer_features/languages.csv,5.812438045288022,Qwen/Qwen3.5-27B,0.8640866586427183,0.3108679053194197,2.779594303100737,100,18666,21602,6107,19645
Qwen/Qwen3.5-27B,Qwen3.5-27B,Qwen3.5,27.0,mar,synthetic,0.9025,0.006634672896399727,2000,0.98,0.0031312780858980893,2000,0.07750000000000001,0.007336469647824268,0.9209183673469388,0.007381884748430456,Marathi,0.43515421744059357,URIEL syntax_knn,mar,CC-MAIN-2026-21,649289,/work/multilingual-gsm-symbolic/paper/artifacts/figures/transfer_features/languages.csv,5.812438045288022,Qwen/Qwen3.5-27B,0.8640866586427183,0.3108679053194197,2.779594303100737,100,18666,21602,6107,19645
Qwen/Qwen3.5-27B,Qwen3.5-27B,Qwen3.5,27.0,nld,original,0.97,0.01714466079977653,100,0.99,0.01,100,0.020000000000000018,0.01984790653795493,0.9797979797979798,0.019946357049240252,Dutch,0.07570690126642576,URIEL syntax_knn,nld,CC-MAIN-2026-21,39513234,/work/multilingual-gsm-symbolic/paper/artifacts/figures/transfer_features/languages.csv,7.596742576400662,Qwen/Qwen3.5-27B,0.3470817481673935,0.3108679053194197,1.1164927039051,100,7481,21554,6107,19645
Qwen/Qwen3.5-27B,Qwen3.5-27B,Qwen3.5,27.0,nld,synthetic,0.93,0.005706687580512085,2000,0.98,0.0031312780858980893,2000,0.04999999999999993,0.006509315293699981,0.9489795918367347,0.006565294410759811,Dutch,0.07570690126642576,URIEL syntax_knn,nld,CC-MAIN-2026-21,39513234,/work/multilingual-gsm-symbolic/paper/artifacts/figures/transfer_features/languages.csv,7.596742576400662,Qwen/Qwen3.5-27B,0.3470817481673935,0.3108679053194197,1.1164927039051,100,7481,21554,6107,19645
Qwen/Qwen3.5-27B,Qwen3.5-27B,Qwen3.5,27.0,nob,original,0.96,0.01969463855669324,100,0.99,0.01,100,0.030000000000000027,0.022087978356535667,0.9696969696969697,0.022174190726997042,Norwegian Bokmal,0.10138170956458059,URIEL syntax_knn,nor,CC-MAIN-2026-21,7148610,/work/multilingual-gsm-symbolic/paper/artifacts/figures/transfer_features/languages.csv,6.854221604316353,Qwen/Qwen3.5-27B,0.37620981896594957,0.3108679053194197,1.2101918934969835,100,7502,19941,6107,19645
Qwen/Qwen3.5-27B,Qwen3.5-27B,Qwen3.5,27.0,nob,synthetic,0.957,0.0045371569177678015,2000,0.98,0.0031312780858980893,2000,0.02300000000000002,0.00551277564822602,0.9765306122448979,0.005583028394319719,Norwegian Bokmal,0.10138170956458059,URIEL syntax_knn,nor,CC-MAIN-2026-21,7148610,/work/multilingual-gsm-symbolic/paper/artifacts/figures/transfer_features/languages.csv,6.854221604316353,Qwen/Qwen3.5-27B,0.37620981896594957,0.3108679053194197,1.2101918934969835,100,7502,19941,6107,19645
Qwen/Qwen3.5-27B,Qwen3.5-27B,Qwen3.5,27.0,rus,original,0.96,0.019694638556693237,100,0.99,0.01,100,0.030000000000000027,0.022087978356535663,0.9696969696969697,0.022174190726997042,Russian,0.18824593690905445,URIEL syntax_knn,rus,CC-MAIN-2026-21,138631119,/work/multilingual-gsm-symbolic/paper/artifacts/figures/transfer_features/languages.csv,8.141860728782362,Qwen/Qwen3.5-27B,0.3461103786023733,0.3108679053194197,1.1133680019066028,100,7350,21236,6107,19645
Qwen/Qwen3.5-27B,Qwen3.5-27B,Qwen3.5,27.0,rus,synthetic,0.9245,0.005909089072507994,2000,0.98,0.0031312780858980893,2000,0.055499999999999994,0.00668746858819232,0.9433673469387756,0.006741116888136029,Russian,0.18824593690905445,URIEL syntax_knn,rus,CC-MAIN-2026-21,138631119,/work/multilingual-gsm-symbolic/paper/artifacts/figures/transfer_features/languages.csv,8.141860728782362,Qwen/Qwen3.5-27B,0.3461103786023733,0.3108679053194197,1.1133680019066028,100,7350,21236,6107,19645
Qwen/Qwen3.5-27B,Qwen3.5-27B,Qwen3.5,27.0,ukr,original,0.97,0.01714466079977653,100,0.99,0.01,100,0.020000000000000018,0.01984790653795493,0.9797979797979798,0.019946357049240252,Ukrainian,0.15273132616089036,URIEL syntax_knn,ukr,CC-MAIN-2026-21,17456210,/work/multilingual-gsm-symbolic/paper/artifacts/figures/transfer_features/languages.csv,7.2419499578829365,Qwen/Qwen3.5-27B,0.4519343219347897,0.3108679053194197,1.4537825044062458,100,9661,21377,6107,19645
Qwen/Qwen3.5-27B,Qwen3.5-27B,Qwen3.5,27.0,ukr,synthetic,0.9605,0.00435653126722869,2000,0.98,0.0031312780858980893,2000,0.019499999999999962,0.0053650971224728835,0.9801020408163266,0.00543772763185991,Ukrainian,0.15273132616089036,URIEL syntax_knn,ukr,CC-MAIN-2026-21,17456210,/work/multilingual-gsm-symbolic/paper/artifacts/figures/transfer_features/languages.csv,7.2419499578829365,Qwen/Qwen3.5-27B,0.4519343219347897,0.3108679053194197,1.4537825044062458,100,9661,21377,6107,19645
Qwen/Qwen3.5-27B,Qwen3.5-27B,Qwen3.5,27.0,urd,original,0.95,0.021904291355759036,100,0.99,0.01,100,0.040000000000000036,0.024078994576144163,0.9595959595959596,0.024155577189575998,urd,0.3838046008442838,URIEL syntax_knn,urd,CC-MAIN-2026-21,682592,/work/multilingual-gsm-symbolic/paper/artifacts/figures/transfer_features/languages.csv,5.834161194027274,Qwen/Qwen3.5-27B,0.5821618244298656,0.3108679053194197,1.872698385610727,100,11181,19206,6107,19645
Qwen/Qwen3.5-27B,Qwen3.5-27B,Qwen3.5,27.0,urd,synthetic,0.9765,0.0033881580257425583,2000,0.98,0.0031312780858980893,2000,0.0034999999999999476,0.004613514631886336,0.9964285714285714,0.004699930359136046,urd,0.3838046008442838,URIEL syntax_knn,urd,CC-MAIN-2026-21,682592,/work/multilingual-gsm-symbolic/paper/artifacts/figures/transfer_features/languages.csv,5.834161194027274,Qwen/Qwen3.5-27B,0.5821618244298656,0.3108679053194197,1.872698385610727,100,11181,19206,6107,19645
Qwen/Qwen3.5-27B,Qwen3.5-27B,Qwen3.5,27.0,zho,original,0.98,0.01407052941362897,100,0.99,0.01,100,0.010000000000000009,0.01726209135591044,0.98989898989899,0.017377548295923903,Chinese,0.2892275292349138,URIEL syntax_knn,zho,CC-MAIN-2026-21,102274716,/work/multilingual-gsm-symbolic/paper/artifacts/figures/transfer_features/languages.csv,8.009768282208015,Qwen/Qwen3.5-27B,0.8439482364882009,0.3108679053194197,2.7148130187998536,100,6652,7882,6107,19645
Qwen/Qwen3.5-27B,Qwen3.5-27B,Qwen3.5,27.0,zho,synthetic,0.973,0.0036251994476880524,2000,0.98,0.0031312780858980893,2000,0.007000000000000006,0.0047902999370335216,0.9928571428571429,0.004873173223431257,Chinese,0.2892275292349138,URIEL syntax_knn,zho,CC-MAIN-2026-21,102274716,/work/multilingual-gsm-symbolic/paper/artifacts/figures/transfer_features/languages.csv,8.009768282208015,Qwen/Qwen3.5-27B,0.8439482364882009,0.3108679053194197,2.7148130187998536,100,6652,7882,6107,19645
Qwen/Qwen3.5-27B,Qwen3.5-27B (reasoning off),Qwen3.5,27.0,ara,original,0.93,0.025643239997624277,100,0.98,0.01407052941362897,100,0.04999999999999993,0.029249881291307074,0.9489795918367347,0.029501425801737674,Arabic,0.34901322303461213,URIEL syntax_knn,ara,CC-MAIN-2026-21,14123579,/work/multilingual-gsm-symbolic/paper/artifacts/figures/transfer_features/languages.csv,7.149944763500101,Qwen/Qwen3.5-27B,0.4398795919504989,0.3108679053194197,1.415004844255371,100,7891,17939,6107,19645
Qwen/Qwen3.5-27B,Qwen3.5-27B (reasoning off),Qwen3.5,27.0,ara,synthetic,0.9515,0.0048047286821270635,2000,0.9785,0.0032440926417928078,2000,0.027000000000000024,0.005797374817741967,0.9724067450178845,0.005874054993304675,Arabic,0.34901322303461213,URIEL syntax_knn,ara,CC-MAIN-2026-21,14123579,/work/multilingual-gsm-symbolic/paper/artifacts/figures/transfer_features/languages.csv,7.149944763500101,Qwen/Qwen3.5-27B,0.4398795919504989,0.3108679053194197,1.415004844255371,100,7891,17939,6107,19645
Qwen/Qwen3.5-27B,Qwen3.5-27B (reasoning off),Qwen3.5,27.0,dan,original,0.98,0.008096409047527365,300,0.98,0.01407052941362897,100,0.0,0.016233657549815476,1.0,0.016564956683485177,Danish,0.11992176734660287,URIEL syntax_knn,dan,CC-MAIN-2026-21,11404389,/work/multilingual-gsm-symbolic/paper/artifacts/figures/transfer_features/languages.csv,7.057072022533615,Qwen/Qwen3.5-27B,0.3787878787878788,0.3108679053194197,1.2184849973453216,100,7625,20130,6107,19645
Qwen/Qwen3.5-27B,Qwen3.5-27B (reasoning off),Qwen3.5,27.0,dan,synthetic,0.96225,0.0030138854077938738,4000,0.9785,0.0032440926417928078,2000,0.016249999999999987,0.004428051752164498,0.9833929483903935,0.004485166086852631,Danish,0.11992176734660287,URIEL syntax_knn,dan,CC-MAIN-2026-21,11404389,/work/multilingual-gsm-symbolic/paper/artifacts/figures/transfer_features/languages.csv,7.057072022533615,Qwen/Qwen3.5-27B,0.3787878787878788,0.3108679053194197,1.2184849973453216,100,7625,20130,6107,19645
Qwen/Qwen3.5-27B,Qwen3.5-27B (reasoning off),Qwen3.5,27.0,deu,original,0.97,0.009865313716031492,300,0.98,0.01407052941362897,100,0.010000000000000009,0.01718441772931271,0.9897959183673469,0.01741536393655711,German,0.09745802098497969,URIEL syntax_knn,deu,CC-MAIN-2026-21,129221452,/work/multilingual-gsm-symbolic/paper/artifacts/figures/transfer_features/languages.csv,8.111334616692115,Qwen/Qwen3.5-27B,0.3196403934309493,0.3108679053194197,1.028219343204683,100,7182,22469,6107,19645
Qwen/Qwen3.5-27B,Qwen3.5-27B (reasoning off),Qwen3.5,27.0,deu,synthetic,0.9345,0.003912322081068536,4000,0.9785,0.0032440926417928078,2000,0.04400000000000004,0.0050823617673824316,0.9550332141032192,0.005100165334829853,German,0.09745802098497969,URIEL syntax_knn,deu,CC-MAIN-2026-21,129221452,/work/multilingual-gsm-symbolic/paper/artifacts/figures/transfer_features/languages.csv,8.111334616692115,Qwen/Qwen3.5-27B,0.3196403934309493,0.3108679053194197,1.028219343204683,100,7182,22469,6107,19645
Qwen/Qwen3.5-27B,Qwen3.5-27B (reasoning off),Qwen3.5,27.0,est,original,0.97,0.01714466079977653,100,0.98,0.01407052941362897,100,0.010000000000000009,0.02217925138320029,0.9897959183673469,0.022539229584147138,Estonian,0.22659791675913576,URIEL syntax_knn,est,CC-MAIN-2026-21,3089989,/work/multilingual-gsm-symbolic/paper/artifacts/figures/transfer_features/languages.csv,6.489956933389947,Qwen/Qwen3.5-27B,0.43553319522541184,0.3108679053194197,1.4010233535620134,100,8830,20274,6107,19645
Qwen/Qwen3.5-27B,Qwen3.5-27B (reasoning off),Qwen3.5,27.0,est,synthetic,0.964,0.004166614973833088,2000,0.9785,0.0032440926417928078,2000,0.014500000000000068,0.005280607674189055,0.9851814001021971,0.005366593278604379,Estonian,0.22659791675913576,URIEL syntax_knn,est,CC-MAIN-2026-21,3089989,/work/multilingual-gsm-symbolic/paper/artifacts/figures/transfer_features/languages.csv,6.489956933389947,Qwen/Qwen3.5-27B,0.43553319522541184,0.3108679053194197,1.4010233535620134,100,8830,20274,6107,19645
Qwen/Qwen3.5-27B,Qwen3.5-27B (reasoning off),Qwen3.5,27.0,fra,original,0.97,0.01714466079977653,100,0.98,0.01407052941362897,100,0.010000000000000009,0.02217925138320029,0.9897959183673469,0.022539229584147138,French,0.18824593690905445,URIEL syntax_knn,fra,CC-MAIN-2026-21,102728618,/work/multilingual-gsm-symbolic/paper/artifacts/figures/transfer_features/languages.csv,8.011691445624011,Qwen/Qwen3.5-27B,0.33394282656201224,0.3108679053194197,1.0742274157214229,100,7488,22423,6107,19645
Qwen/Qwen3.5-27B,Qwen3.5-27B (reasoning off),Qwen3.5,27.0,fra,synthetic,0.9345,0.0055335508575006616,2000,0.9785,0.0032440926417928078,2000,0.04400000000000004,0.0064143840048036214,0.9550332141032192,0.006481201140930424,French,0.18824593690905445,URIEL syntax_knn,fra,CC-MAIN-2026-21,102728618,/work/multilingual-gsm-symbolic/paper/artifacts/figures/transfer_features/languages.csv,8.011691445624011,Qwen/Qwen3.5-27B,0.33394282656201224,0.3108679053194197,1.0742274157214229,100,7488,22423,6107,19645
Qwen/Qwen3.5-27B,Qwen3.5-27B (reasoning off),Qwen3.5,27.0,hin,original,0.93,0.025643239997624277,100,0.98,0.01407052941362897,100,0.04999999999999993,0.029249881291307074,0.9489795918367347,0.029501425801737674,Hindi,0.3838046008442838,URIEL syntax_knn,hin,CC-MAIN-2026-21,4774018,/work/multilingual-gsm-symbolic/paper/artifacts/figures/transfer_features/languages.csv,6.678884052141607,Qwen/Qwen3.5-27B,0.8517327975891512,0.3108679053194197,2.7398543980086583,100,16958,19910,6107,19645
Qwen/Qwen3.5-27B,Qwen3.5-27B (reasoning off),Qwen3.5,27.0,hin,synthetic,0.912,0.006336250787099462,2000,0.9785,0.0032440926417928078,2000,0.0665,0.00711844162057629,0.9320388349514563,0.007174970804798627,Hindi,0.3838046008442838,URIEL syntax_knn,hin,CC-MAIN-2026-21,4774018,/work/multilingual-gsm-symbolic/paper/artifacts/figures/transfer_features/languages.csv,6.678884052141607,Qwen/Qwen3.5-27B,0.8517327975891512,0.3108679053194197,2.7398543980086583,100,16958,19910,6107,19645
Qwen/Qwen3.5-27B,Qwen3.5-27B (reasoning off),Qwen3.5,27.0,isl,original,0.95,0.02190429135575903,100,0.98,0.01407052941362897,100,0.030000000000000027,0.026034165586355514,0.9693877551020408,0.026330526797113223,Icelandic,0.13127809128711687,URIEL syntax_knn,isl,CC-MAIN-2026-21,777022,/work/multilingual-gsm-symbolic/paper/artifacts/figures/transfer_features/languages.csv,5.890433315253091,Qwen/Qwen3.5-27B,0.4796060533269277,0.3108679053194197,1.5427969408232347,100,9983,20815,6107,19645
Qwen/Qwen3.5-27B,Qwen3.5-27B (reasoning off),Qwen3.5,27.0,isl,synthetic,0.9285,0.005762853480709021,2000,0.9785,0.0032440926417928078,2000,0.050000000000000044,0.006613215353264577,0.948901379662749,0.006677051756078688,Icelandic,0.13127809128711687,URIEL syntax_knn,isl,CC-MAIN-2026-21,777022,/work/multilingual-gsm-symbolic/paper/artifacts/figures/transfer_features/languages.csv,5.890433315253091,Qwen/Qwen3.5-27B,0.4796060533269277,0.3108679053194197,1.5427969408232347,100,9983,20815,6107,19645
Qwen/Qwen3.5-27B,Qwen3.5-27B (reasoning off),Qwen3.5,27.0,ita,original,0.96,0.019694638556693237,100,0.98,0.01407052941362897,100,0.020000000000000018,0.024204515815413163,0.9795918367346939,0.0245293098529245,Italian,0.14220584589844,URIEL syntax_knn,ita,CC-MAIN-2026-21,53457335,/work/multilingual-gsm-symbolic/paper/artifacts/figures/transfer_features/languages.csv,7.728007304146603,Qwen/Qwen3.5-27B,0.3226348284002179,0.3108679053194197,1.037851842790614,100,7107,22028,6107,19645
Qwen/Qwen3.5-27B,Qwen3.5-27B (reasoning off),Qwen3.5,27.0,ita,synthetic,0.9545,0.004661087627253373,2000,0.9785,0.0032440926417928078,2000,0.02400000000000002,0.005678897334647697,0.9754726622381196,0.005757610419855741,Italian,0.14220584589844,URIEL syntax_knn,ita,CC-MAIN-2026-21,53457335,/work/multilingual-gsm-symbolic/paper/artifacts/figures/transfer_features/languages.csv,7.728007304146603,Qwen/Qwen3.5-27B,0.3226348284002179,0.3108679053194197,1.037851842790614,100,7107,22028,6107,19645
Qwen/Qwen3.5-27B,Qwen3.5-27B (reasoning off),Qwen3.5,27.0,jpn,original,0.9766666666666667,0.008730235947285767,300,0.98,0.01407052941362897,100,0.0033333333333332993,0.016558889385314423,0.9965986394557823,0.01685534861006204,Japanese,0.4998069870609444,URIEL syntax_knn,jpn,CC-MAIN-2026-21,118455052,/work/multilingual-gsm-symbolic/paper/artifacts/figures/transfer_features/languages.csv,8.073553587717582,Qwen/Qwen3.5-27B,0.6205373241976199,0.3108679053194197,1.9961447083448898,100,6883,11092,6107,19645
Qwen/Qwen3.5-27B,Qwen3.5-27B (reasoning off),Qwen3.5,27.0,jpn,synthetic,0.94275,0.003673756047408967,4000,0.9785,0.0032440926417928078,2000,0.03575000000000006,0.004901083611244374,0.9634644864588655,0.004929431664971243,Japanese,0.4998069870609444,URIEL syntax_knn,jpn,CC-MAIN-2026-21,118455052,/work/multilingual-gsm-symbolic/paper/artifacts/figures/transfer_features/languages.csv,8.073553587717582,Qwen/Qwen3.5-27B,0.6205373241976199,0.3108679053194197,1.9961447083448898,100,6883,11092,6107,19645
Qwen/Qwen3.5-27B,Qwen3.5-27B (reasoning off),Qwen3.5,27.0,mar,original,0.89,0.031446603773522014,100,0.98,0.01407052941362897,100,0.08999999999999997,0.034450960608794164,0.9081632653061225,0.03463642916706774,Marathi,0.43515421744059357,URIEL syntax_knn,mar,CC-MAIN-2026-21,649289,/work/multilingual-gsm-symbolic/paper/artifacts/figures/transfer_features/languages.csv,5.812438045288022,Qwen/Qwen3.5-27B,0.8640866586427183,0.3108679053194197,2.779594303100737,100,18666,21602,6107,19645
Qwen/Qwen3.5-27B,Qwen3.5-27B (reasoning off),Qwen3.5,27.0,mar,synthetic,0.869,0.007546388141819467,2000,0.9785,0.0032440926417928078,2000,0.10950000000000004,0.008214140920116218,0.8880940214614205,0.008255138387107825,Marathi,0.43515421744059357,URIEL syntax_knn,mar,CC-MAIN-2026-21,649289,/work/multilingual-gsm-symbolic/paper/artifacts/figures/transfer_features/languages.csv,5.812438045288022,Qwen/Qwen3.5-27B,0.8640866586427183,0.3108679053194197,2.779594303100737,100,18666,21602,6107,19645
Qwen/Qwen3.5-27B,Qwen3.5-27B (reasoning off),Qwen3.5,27.0,nld,original,0.96,0.019694638556693237,100,0.98,0.01407052941362897,100,0.020000000000000018,0.024204515815413163,0.9795918367346939,0.0245293098529245,Dutch,0.07570690126642576,URIEL syntax_knn,nld,CC-MAIN-2026-21,39513234,/work/multilingual-gsm-symbolic/paper/artifacts/figures/transfer_features/languages.csv,7.596742576400662,Qwen/Qwen3.5-27B,0.3470817481673935,0.3108679053194197,1.1164927039051,100,7481,21554,6107,19645
Qwen/Qwen3.5-27B,Qwen3.5-27B (reasoning off),Qwen3.5,27.0,nld,synthetic,0.913,0.006303599581496422,2000,0.9785,0.0032440926417928078,2000,0.0655,0.007089393821221678,0.9330608073582013,0.007146335788767669,Dutch,0.07570690126642576,URIEL syntax_knn,nld,CC-MAIN-2026-21,39513234,/work/multilingual-gsm-symbolic/paper/artifacts/figures/transfer_features/languages.csv,7.596742576400662,Qwen/Qwen3.5-27B,0.3470817481673935,0.3108679053194197,1.1164927039051,100,7481,21554,6107,19645
Qwen/Qwen3.5-27B,Qwen3.5-27B (reasoning off),Qwen3.5,27.0,nob,original,0.96,0.01969463855669324,100,0.98,0.01407052941362897,100,0.020000000000000018,0.024204515815413163,0.9795918367346939,0.024529309852924504,Norwegian Bokmal,0.10138170956458059,URIEL syntax_knn,nor,CC-MAIN-2026-21,7148610,/work/multilingual-gsm-symbolic/paper/artifacts/figures/transfer_features/languages.csv,6.854221604316353,Qwen/Qwen3.5-27B,0.37620981896594957,0.3108679053194197,1.2101918934969835,100,7502,19941,6107,19645
Qwen/Qwen3.5-27B,Qwen3.5-27B (reasoning off),Qwen3.5,27.0,nob,synthetic,0.954,0.0046854003551718105,2000,0.9785,0.0032440926417928078,2000,0.024500000000000077,0.00569886949813543,0.974961676034747,0.005777236122072145,Norwegian Bokmal,0.10138170956458059,URIEL syntax_knn,nor,CC-MAIN-2026-21,7148610,/work/multilingual-gsm-symbolic/paper/artifacts/figures/transfer_features/languages.csv,6.854221604316353,Qwen/Qwen3.5-27B,0.37620981896594957,0.3108679053194197,1.2101918934969835,100,7502,19941,6107,19645
Qwen/Qwen3.5-27B,Qwen3.5-27B (reasoning off),Qwen3.5,27.0,rus,original,0.95,0.021904291355759036,100,0.98,0.01407052941362897,100,0.030000000000000027,0.026034165586355518,0.9693877551020408,0.026330526797113226,Russian,0.18824593690905445,URIEL syntax_knn,rus,CC-MAIN-2026-21,138631119,/work/multilingual-gsm-symbolic/paper/artifacts/figures/transfer_features/languages.csv,8.141860728782362,Qwen/Qwen3.5-27B,0.3461103786023733,0.3108679053194197,1.1133680019066028,100,7350,21236,6107,19645
Qwen/Qwen3.5-27B,Qwen3.5-27B (reasoning off),Qwen3.5,27.0,rus,synthetic,0.912,0.006336250787099457,2000,0.9785,0.0032440926417928078,2000,0.0665,0.0071184416205762845,0.9320388349514563,0.007174970804798623,Russian,0.18824593690905445,URIEL syntax_knn,rus,CC-MAIN-2026-21,138631119,/work/multilingual-gsm-symbolic/paper/artifacts/figures/transfer_features/languages.csv,8.141860728782362,Qwen/Qwen3.5-27B,0.3461103786023733,0.3108679053194197,1.1133680019066028,100,7350,21236,6107,19645
Qwen/Qwen3.5-27B,Qwen3.5-27B (reasoning off),Qwen3.5,27.0,ukr,original,0.96,0.019694638556693237,100,0.98,0.01407052941362897,100,0.020000000000000018,0.024204515815413163,0.9795918367346939,0.0245293098529245,Ukrainian,0.15273132616089036,URIEL syntax_knn,ukr,CC-MAIN-2026-21,17456210,/work/multilingual-gsm-symbolic/paper/artifacts/figures/transfer_features/languages.csv,7.2419499578829365,Qwen/Qwen3.5-27B,0.4519343219347897,0.3108679053194197,1.4537825044062458,100,9661,21377,6107,19645
Qwen/Qwen3.5-27B,Qwen3.5-27B (reasoning off),Qwen3.5,27.0,ukr,synthetic,0.952,0.004781153596660264,2000,0.9785,0.0032440926417928078,2000,0.02650000000000008,0.005777851398521047,0.9729177312212569,0.005854862943616406,Ukrainian,0.15273132616089036,URIEL syntax_knn,ukr,CC-MAIN-2026-21,17456210,/work/multilingual-gsm-symbolic/paper/artifacts/figures/transfer_features/languages.csv,7.2419499578829365,Qwen/Qwen3.5-27B,0.4519343219347897,0.3108679053194197,1.4537825044062458,100,9661,21377,6107,19645
Qwen/Qwen3.5-27B,Qwen3.5-27B (reasoning off),Qwen3.5,27.0,urd,original,0.955,0.01469539975194097,200,0.98,0.01407052941362897,100,0.025000000000000022,0.020345382076755025,0.9744897959183674,0.020508995831064823,urd,0.3838046008442838,URIEL syntax_knn,urd,CC-MAIN-2026-21,682592,/work/multilingual-gsm-symbolic/paper/artifacts/figures/transfer_features/languages.csv,5.834161194027274,Qwen/Qwen3.5-27B,0.5821618244298656,0.3108679053194197,1.872698385610727,100,11181,19206,6107,19645
Qwen/Qwen3.5-27B,Qwen3.5-27B (reasoning off),Qwen3.5,27.0,urd,synthetic,0.9775,0.003316982994845475,2000,0.9785,0.0032440926417928078,2000,0.0010000000000000009,0.004639667364868768,0.9989780275932549,0.004739243571878991,urd,0.3838046008442838,URIEL syntax_knn,urd,CC-MAIN-2026-21,682592,/work/multilingual-gsm-symbolic/paper/artifacts/figures/transfer_features/languages.csv,5.834161194027274,Qwen/Qwen3.5-27B,0.5821618244298656,0.3108679053194197,1.872698385610727,100,11181,19206,6107,19645
Qwen/Qwen3.5-27B,Qwen3.5-27B (reasoning off),Qwen3.5,27.0,zho,original,0.97,0.01714466079977653,100,0.98,0.01407052941362897,100,0.010000000000000009,0.02217925138320029,0.9897959183673469,0.022539229584147138,Chinese,0.2892275292349138,URIEL syntax_knn,zho,CC-MAIN-2026-21,102274716,/work/multilingual-gsm-symbolic/paper/artifacts/figures/transfer_features/languages.csv,8.009768282208015,Qwen/Qwen3.5-27B,0.8439482364882009,0.3108679053194197,2.7148130187998536,100,6652,7882,6107,19645
Qwen/Qwen3.5-27B,Qwen3.5-27B (reasoning off),Qwen3.5,27.0,zho,synthetic,0.9715,0.0037216663472428736,2000,0.9785,0.0032440926417928078,2000,0.007000000000000006,0.004937098081741373,0.9928461931527849,0.005030025345819369,Chinese,0.2892275292349138,URIEL syntax_knn,zho,CC-MAIN-2026-21,102274716,/work/multilingual-gsm-symbolic/paper/artifacts/figures/transfer_features/languages.csv,8.009768282208015,Qwen/Qwen3.5-27B,0.8439482364882009,0.3108679053194197,2.7148130187998536,100,6652,7882,6107,19645
Qwen/Qwen3.5-4B,Qwen3.5-4B,Qwen3.5,4.0,ara,original,0.92,0.02726599243442907,100,0.98,0.01407052941362897,100,0.05999999999999994,0.030682472869932458,0.9387755102040817,0.03091540081746718,Arabic,0.34901322303461213,URIEL syntax_knn,ara,CC-MAIN-2026-21,14123579,/work/multilingual-gsm-symbolic/paper/artifacts/figures/transfer_features/languages.csv,7.149944763500101,Qwen/Qwen3.5-4B,0.4398795919504989,0.3108679053194197,1.415004844255371,100,7891,17939,6107,19645
Qwen/Qwen3.5-4B,Qwen3.5-4B,Qwen3.5,4.0,ara,synthetic,0.924,0.005927019890500726,2000,0.9745,0.003525775169416314,2000,0.05049999999999999,0.006896423372130214,0.948178553104156,0.006982888741957453,Arabic,0.34901322303461213,URIEL syntax_knn,ara,CC-MAIN-2026-21,14123579,/work/multilingual-gsm-symbolic/paper/artifacts/figures/transfer_features/languages.csv,7.149944763500101,Qwen/Qwen3.5-4B,0.4398795919504989,0.3108679053194197,1.415004844255371,100,7891,17939,6107,19645
Qwen/Qwen3.5-4B,Qwen3.5-4B,Qwen3.5,4.0,dan,original,0.935,0.017475754920753817,200,0.98,0.01407052941362897,100,0.04499999999999993,0.022436171866654284,0.9540816326530613,0.022486458268190877,Danish,0.11992176734660287,URIEL syntax_knn,dan,CC-MAIN-2026-21,11404389,/work/multilingual-gsm-symbolic/paper/artifacts/figures/transfer_features/languages.csv,7.057072022533615,Qwen/Qwen3.5-4B,0.3787878787878788,0.3108679053194197,1.2184849973453216,100,7625,20130,6107,19645
Qwen/Qwen3.5-4B,Qwen3.5-4B,Qwen3.5,4.0,dan,synthetic,0.92275,0.004221974140305735,4000,0.9745,0.003525775169416314,2000,0.051750000000000074,0.005500559624863908,0.9468958440225757,0.00552330918752821,Danish,0.11992176734660287,URIEL syntax_knn,dan,CC-MAIN-2026-21,11404389,/work/multilingual-gsm-symbolic/paper/artifacts/figures/transfer_features/languages.csv,7.057072022533615,Qwen/Qwen3.5-4B,0.3787878787878788,0.3108679053194197,1.2184849973453216,100,7625,20130,6107,19645
Qwen/Qwen3.5-4B,Qwen3.5-4B,Qwen3.5,4.0,deu,original,0.95,0.015449707678033376,200,0.98,0.01407052941362897,100,0.030000000000000027,0.020896728579289186,0.9693877551020408,0.02102975772735007,German,0.09745802098497969,URIEL syntax_knn,deu,CC-MAIN-2026-21,129221452,/work/multilingual-gsm-symbolic/paper/artifacts/figures/transfer_features/languages.csv,8.111334616692115,Qwen/Qwen3.5-4B,0.3196403934309493,0.3108679053194197,1.028219343204683,100,7182,22469,6107,19645
Qwen/Qwen3.5-4B,Qwen3.5-4B,Qwen3.5,4.0,deu,synthetic,0.92225,0.004234467741554252,4000,0.9745,0.003525775169416314,2000,0.05225000000000002,0.005510154952407074,0.9463827603899435,0.005532222105106442,German,0.09745802098497969,URIEL syntax_knn,deu,CC-MAIN-2026-21,129221452,/work/multilingual-gsm-symbolic/paper/artifacts/figures/transfer_features/languages.csv,8.111334616692115,Qwen/Qwen3.5-4B,0.3196403934309493,0.3108679053194197,1.028219343204683,100,7182,22469,6107,19645
Qwen/Qwen3.5-4B,Qwen3.5-4B,Qwen3.5,4.0,est,original,0.96,0.019694638556693237,100,0.98,0.01407052941362897,100,0.020000000000000018,0.024204515815413163,0.9795918367346939,0.0245293098529245,Estonian,0.22659791675913576,URIEL syntax_knn,est,CC-MAIN-2026-21,3089989,/work/multilingual-gsm-symbolic/paper/artifacts/figures/transfer_features/languages.csv,6.489956933389947,Qwen/Qwen3.5-4B,0.43553319522541184,0.3108679053194197,1.4010233535620134,100,8830,20274,6107,19645
Qwen/Qwen3.5-4B,Qwen3.5-4B,Qwen3.5,4.0,est,synthetic,0.936,0.005474210764278801,2000,0.9745,0.003525775169416314,2000,0.03849999999999998,0.0065113803480535935,0.9604925602873269,0.006605459955281585,Estonian,0.22659791675913576,URIEL syntax_knn,est,CC-MAIN-2026-21,3089989,/work/multilingual-gsm-symbolic/paper/artifacts/figures/transfer_features/languages.csv,6.489956933389947,Qwen/Qwen3.5-4B,0.43553319522541184,0.3108679053194197,1.4010233535620134,100,8830,20274,6107,19645
Qwen/Qwen3.5-4B,Qwen3.5-4B,Qwen3.5,4.0,fra,original,0.95,0.021904291355759033,100,0.98,0.01407052941362897,100,0.030000000000000027,0.026034165586355518,0.9693877551020408,0.026330526797113223,French,0.18824593690905445,URIEL syntax_knn,fra,CC-MAIN-2026-21,102728618,/work/multilingual-gsm-symbolic/paper/artifacts/figures/transfer_features/languages.csv,8.011691445624011,Qwen/Qwen3.5-4B,0.33394282656201224,0.3108679053194197,1.0742274157214229,100,7488,22423,6107,19645
Qwen/Qwen3.5-4B,Qwen3.5-4B,Qwen3.5,4.0,fra,synthetic,0.9135,0.006287180554084628,2000,0.9745,0.003525775169416314,2000,0.061000000000000054,0.007208309778646622,0.9374037968188814,0.007288833671704996,French,0.18824593690905445,URIEL syntax_knn,fra,CC-MAIN-2026-21,102728618,/work/multilingual-gsm-symbolic/paper/artifacts/figures/transfer_features/languages.csv,8.011691445624011,Qwen/Qwen3.5-4B,0.33394282656201224,0.3108679053194197,1.0742274157214229,100,7488,22423,6107,19645
Qwen/Qwen3.5-4B,Qwen3.5-4B,Qwen3.5,4.0,hin,original,0.85,0.03588702812826367,100,0.98,0.01407052941362897,100,0.13,0.03854683626263751,0.8673469387755102,0.03867895000612729,Hindi,0.3838046008442838,URIEL syntax_knn,hin,CC-MAIN-2026-21,4774018,/work/multilingual-gsm-symbolic/paper/artifacts/figures/transfer_features/languages.csv,6.678884052141607,Qwen/Qwen3.5-4B,0.8517327975891512,0.3108679053194197,2.7398543980086583,100,16958,19910,6107,19645
Qwen/Qwen3.5-4B,Qwen3.5-4B,Qwen3.5,4.0,hin,synthetic,0.8335,0.008332081780287368,2000,0.9745,0.003525775169416314,2000,0.14100000000000001,0.00904735747821812,0.8553104155977425,0.009092885711956792,Hindi,0.3838046008442838,URIEL syntax_knn,hin,CC-MAIN-2026-21,4774018,/work/multilingual-gsm-symbolic/paper/artifacts/figures/transfer_features/languages.csv,6.678884052141607,Qwen/Qwen3.5-4B,0.8517327975891512,0.3108679053194197,2.7398543980086583,100,16958,19910,6107,19645
Qwen/Qwen3.5-4B,Qwen3.5-4B,Qwen3.5,4.0,isl,original,0.92,0.02726599243442907,100,0.98,0.01407052941362897,100,0.05999999999999994,0.030682472869932458,0.9387755102040817,0.03091540081746718,Icelandic,0.13127809128711687,URIEL syntax_knn,isl,CC-MAIN-2026-21,777022,/work/multilingual-gsm-symbolic/paper/artifacts/figures/transfer_features/languages.csv,5.890433315253091,Qwen/Qwen3.5-4B,0.4796060533269277,0.3108679053194197,1.5427969408232347,100,9983,20815,6107,19645
Qwen/Qwen3.5-4B,Qwen3.5-4B,Qwen3.5,4.0,isl,synthetic,0.8635,0.0076787601003247465,2000,0.9745,0.003525775169416314,2000,0.11099999999999999,0.00844952349092018,0.8860954335556696,0.008506909011211613,Icelandic,0.13127809128711687,URIEL syntax_knn,isl,CC-MAIN-2026-21,777022,/work/multilingual-gsm-symbolic/paper/artifacts/figures/transfer_features/languages.csv,5.890433315253091,Qwen/Qwen3.5-4B,0.4796060533269277,0.3108679053194197,1.5427969408232347,100,9983,20815,6107,19645
Qwen/Qwen3.5-4B,Qwen3.5-4B,Qwen3.5,4.0,ita,original,0.95,0.02190429135575903,100,0.98,0.01407052941362897,100,0.030000000000000027,0.026034165586355514,0.9693877551020408,0.026330526797113223,Italian,0.14220584589844,URIEL syntax_knn,ita,CC-MAIN-2026-21,53457335,/work/multilingual-gsm-symbolic/paper/artifacts/figures/transfer_features/languages.csv,7.728007304146603,Qwen/Qwen3.5-4B,0.3226348284002179,0.3108679053194197,1.037851842790614,100,7107,22028,6107,19645
Qwen/Qwen3.5-4B,Qwen3.5-4B,Qwen3.5,4.0,ita,synthetic,0.95,0.004874615978769017,2000,0.9745,0.003525775169416314,2000,0.024500000000000077,0.0060160594649440475,0.9748589020010261,0.0061206181883011685,Italian,0.14220584589844,URIEL syntax_knn,ita,CC-MAIN-2026-21,53457335,/work/multilingual-gsm-symbolic/paper/artifacts/figures/transfer_features/languages.csv,7.728007304146603,Qwen/Qwen3.5-4B,0.3226348284002179,0.3108679053194197,1.037851842790614,100,7107,22028,6107,19645
Qwen/Qwen3.5-4B,Qwen3.5-4B,Qwen3.5,4.0,jpn,original,0.95,0.015449707678033376,200,0.98,0.01407052941362897,100,0.030000000000000027,0.020896728579289186,0.9693877551020408,0.02102975772735007,Japanese,0.4998069870609444,URIEL syntax_knn,jpn,CC-MAIN-2026-21,118455052,/work/multilingual-gsm-symbolic/paper/artifacts/figures/transfer_features/languages.csv,8.073553587717582,Qwen/Qwen3.5-4B,0.6205373241976199,0.3108679053194197,1.9961447083448898,100,6883,11092,6107,19645
Qwen/Qwen3.5-4B,Qwen3.5-4B,Qwen3.5,4.0,jpn,synthetic,0.91525,0.0044041694508883365,4000,0.9745,0.003525775169416314,2000,0.059250000000000025,0.005641613164460207,0.9391995895330939,0.005654369930073268,Japanese,0.4998069870609444,URIEL syntax_knn,jpn,CC-MAIN-2026-21,118455052,/work/multilingual-gsm-symbolic/paper/artifacts/figures/transfer_features/languages.csv,8.073553587717582,Qwen/Qwen3.5-4B,0.6205373241976199,0.3108679053194197,1.9961447083448898,100,6883,11092,6107,19645
Qwen/Qwen3.5-4B,Qwen3.5-4B,Qwen3.5,4.0,mar,original,0.65,0.04793724854411022,100,0.98,0.01407052941362897,100,0.32999999999999996,0.049959579621525994,0.663265306122449,0.04983391033776471,Marathi,0.43515421744059357,URIEL syntax_knn,mar,CC-MAIN-2026-21,649289,/work/multilingual-gsm-symbolic/paper/artifacts/figures/transfer_features/languages.csv,5.812438045288022,Qwen/Qwen3.5-4B,0.8640866586427183,0.3108679053194197,2.779594303100737,100,18666,21602,6107,19645
Qwen/Qwen3.5-4B,Qwen3.5-4B,Qwen3.5,4.0,mar,synthetic,0.662,0.01057988501749861,2000,0.9745,0.003525775169416314,2000,0.3125,0.011151908246070005,0.6793227296049256,0.011131463050653169,Marathi,0.43515421744059357,URIEL syntax_knn,mar,CC-MAIN-2026-21,649289,/work/multilingual-gsm-symbolic/paper/artifacts/figures/transfer_features/languages.csv,5.812438045288022,Qwen/Qwen3.5-4B,0.8640866586427183,0.3108679053194197,2.779594303100737,100,18666,21602,6107,19645
Qwen/Qwen3.5-4B,Qwen3.5-4B,Qwen3.5,4.0,nld,original,0.94,0.0238683256575942,100,0.98,0.01407052941362897,100,0.040000000000000036,0.02770698048645445,0.9591836734693877,0.027979379351676992,Dutch,0.07570690126642576,URIEL syntax_knn,nld,CC-MAIN-2026-21,39513234,/work/multilingual-gsm-symbolic/paper/artifacts/figures/transfer_features/languages.csv,7.596742576400662,Qwen/Qwen3.5-4B,0.3470817481673935,0.3108679053194197,1.1164927039051,100,7481,21554,6107,19645
Qwen/Qwen3.5-4B,Qwen3.5-4B,Qwen3.5,4.0,nld,synthetic,0.9045,0.006573544001554274,2000,0.9745,0.003525775169416314,2000,0.07000000000000006,0.00745939483374106,0.9281682914315033,0.007535228065335283,Dutch,0.07570690126642576,URIEL syntax_knn,nld,CC-MAIN-2026-21,39513234,/work/multilingual-gsm-symbolic/paper/artifacts/figures/transfer_features/languages.csv,7.596742576400662,Qwen/Qwen3.5-4B,0.3470817481673935,0.3108679053194197,1.1164927039051,100,7481,21554,6107,19645
Qwen/Qwen3.5-4B,Qwen3.5-4B,Qwen3.5,4.0,nob,original,0.96,0.01969463855669324,100,0.98,0.01407052941362897,100,0.020000000000000018,0.024204515815413163,0.9795918367346939,0.024529309852924504,Norwegian Bokmal,0.10138170956458059,URIEL syntax_knn,nor,CC-MAIN-2026-21,7148610,/work/multilingual-gsm-symbolic/paper/artifacts/figures/transfer_features/languages.csv,6.854221604316353,Qwen/Qwen3.5-4B,0.37620981896594957,0.3108679053194197,1.2101918934969835,100,7502,19941,6107,19645
Qwen/Qwen3.5-4B,Qwen3.5-4B,Qwen3.5,4.0,nob,synthetic,0.9315,0.00564976414706479,2000,0.9745,0.003525775169416314,2000,0.04300000000000004,0.006659649049516902,0.9558748075936377,0.006750751982457975,Norwegian Bokmal,0.10138170956458059,URIEL syntax_knn,nor,CC-MAIN-2026-21,7148610,/work/multilingual-gsm-symbolic/paper/artifacts/figures/transfer_features/languages.csv,6.854221604316353,Qwen/Qwen3.5-4B,0.37620981896594957,0.3108679053194197,1.2101918934969835,100,7502,19941,6107,19645
Qwen/Qwen3.5-4B,Qwen3.5-4B,Qwen3.5,4.0,rus,original,0.93,0.025643239997624277,100,0.98,0.01407052941362897,100,0.04999999999999993,0.029249881291307074,0.9489795918367347,0.029501425801737674,Russian,0.18824593690905445,URIEL syntax_knn,rus,CC-MAIN-2026-21,138631119,/work/multilingual-gsm-symbolic/paper/artifacts/figures/transfer_features/languages.csv,8.141860728782362,Qwen/Qwen3.5-4B,0.3461103786023733,0.3108679053194197,1.1133680019066028,100,7350,21236,6107,19645
Qwen/Qwen3.5-4B,Qwen3.5-4B,Qwen3.5,4.0,rus,synthetic,0.8935,0.0068994692794568675,2000,0.9745,0.003525775169416314,2000,0.08100000000000007,0.007748146028789191,0.9168804515135967,0.007818634882736932,Russian,0.18824593690905445,URIEL syntax_knn,rus,CC-MAIN-2026-21,138631119,/work/multilingual-gsm-symbolic/paper/artifacts/figures/transfer_features/languages.csv,8.141860728782362,Qwen/Qwen3.5-4B,0.3461103786023733,0.3108679053194197,1.1133680019066028,100,7350,21236,6107,19645
Qwen/Qwen3.5-4B,Qwen3.5-4B,Qwen3.5,4.0,ukr,original,0.93,0.02564323999762428,100,0.98,0.01407052941362897,100,0.04999999999999993,0.029249881291307074,0.9489795918367347,0.029501425801737678,Ukrainian,0.15273132616089036,URIEL syntax_knn,ukr,CC-MAIN-2026-21,17456210,/work/multilingual-gsm-symbolic/paper/artifacts/figures/transfer_features/languages.csv,7.2419499578829365,Qwen/Qwen3.5-4B,0.4519343219347897,0.3108679053194197,1.4537825044062458,100,9661,21377,6107,19645
Qwen/Qwen3.5-4B,Qwen3.5-4B,Qwen3.5,4.0,ukr,synthetic,0.9245,0.005909089072508005,2000,0.9745,0.003525775169416314,2000,0.050000000000000044,0.0068810191259802604,0.948691636736788,0.006967782415263044,Ukrainian,0.15273132616089036,URIEL syntax_knn,ukr,CC-MAIN-2026-21,17456210,/work/multilingual-gsm-symbolic/paper/artifacts/figures/transfer_features/languages.csv,7.2419499578829365,Qwen/Qwen3.5-4B,0.4519343219347897,0.3108679053194197,1.4537825044062458,100,9661,21377,6107,19645
Qwen/Qwen3.5-4B,Qwen3.5-4B,Qwen3.5,4.0,urd,original,0.92,0.02726599243442907,100,0.98,0.01407052941362897,100,0.05999999999999994,0.030682472869932458,0.9387755102040817,0.03091540081746718,urd,0.3838046008442838,URIEL syntax_knn,urd,CC-MAIN-2026-21,682592,/work/multilingual-gsm-symbolic/paper/artifacts/figures/transfer_features/languages.csv,5.834161194027274,Qwen/Qwen3.5-4B,0.5821618244298656,0.3108679053194197,1.872698385610727,100,11181,19206,6107,19645
Qwen/Qwen3.5-4B,Qwen3.5-4B,Qwen3.5,4.0,urd,synthetic,0.9445,0.005120838456077937,2000,0.9745,0.003525775169416314,2000,0.030000000000000027,0.006217240307284198,0.9692149820420728,0.006317430690709805,urd,0.3838046008442838,URIEL syntax_knn,urd,CC-MAIN-2026-21,682592,/work/multilingual-gsm-symbolic/paper/artifacts/figures/transfer_features/languages.csv,5.834161194027274,Qwen/Qwen3.5-4B,0.5821618244298656,0.3108679053194197,1.872698385610727,100,11181,19206,6107,19645
Qwen/Qwen3.5-4B,Qwen3.5-4B,Qwen3.5,4.0,zho,original,0.95,0.021904291355759033,100,0.98,0.01407052941362897,100,0.030000000000000027,0.026034165586355518,0.9693877551020408,0.026330526797113223,Chinese,0.2892275292349138,URIEL syntax_knn,zho,CC-MAIN-2026-21,102274716,/work/multilingual-gsm-symbolic/paper/artifacts/figures/transfer_features/languages.csv,8.009768282208015,Qwen/Qwen3.5-4B,0.8439482364882009,0.3108679053194197,2.7148130187998536,100,6652,7882,6107,19645
Qwen/Qwen3.5-4B,Qwen3.5-4B,Qwen3.5,4.0,zho,synthetic,0.946,0.005055173329243457,2000,0.9745,0.003525775169416314,2000,0.02850000000000008,0.006163267634458771,0.9707542329399691,0.006264613479605659,Chinese,0.2892275292349138,URIEL syntax_knn,zho,CC-MAIN-2026-21,102274716,/work/multilingual-gsm-symbolic/paper/artifacts/figures/transfer_features/languages.csv,8.009768282208015,Qwen/Qwen3.5-4B,0.8439482364882009,0.3108679053194197,2.7148130187998536,100,6652,7882,6107,19645
Qwen/Qwen3.5-4B,Qwen3.5-4B (reasoning off),Qwen3.5,4.0,ara,original,0.84,0.03684529491774706,100,0.98,0.01407052941362897,100,0.14,0.03944053188733077,0.8571428571428571,0.03956013751816815,Arabic,0.34901322303461213,URIEL syntax_knn,ara,CC-MAIN-2026-21,14123579,/work/multilingual-gsm-symbolic/paper/artifacts/figures/transfer_features/languages.csv,7.149944763500101,Qwen/Qwen3.5-4B,0.4398795919504989,0.3108679053194197,1.415004844255371,100,7891,17939,6107,19645
Qwen/Qwen3.5-4B,Qwen3.5-4B (reasoning off),Qwen3.5,4.0,ara,synthetic,0.82,0.008592841116838458,2000,0.9365,0.005454241411478531,2000,0.11650000000000005,0.01017770444815121,0.8756006406833956,0.010497381504597218,Arabic,0.34901322303461213,URIEL syntax_knn,ara,CC-MAIN-2026-21,14123579,/work/multilingual-gsm-symbolic/paper/artifacts/figures/transfer_features/languages.csv,7.149944763500101,Qwen/Qwen3.5-4B,0.4398795919504989,0.3108679053194197,1.415004844255371,100,7891,17939,6107,19645
Qwen/Qwen3.5-4B,Qwen3.5-4B (reasoning off),Qwen3.5,4.0,dan,original,0.88,0.023035912535249347,200,0.98,0.01407052941362897,100,0.09999999999999998,0.026993204039377317,0.8979591836734694,0.02680957061133768,Danish,0.11992176734660287,URIEL syntax_knn,dan,CC-MAIN-2026-21,11404389,/work/multilingual-gsm-symbolic/paper/artifacts/figures/transfer_features/languages.csv,7.057072022533615,Qwen/Qwen3.5-4B,0.3787878787878788,0.3108679053194197,1.2184849973453216,100,7625,20130,6107,19645
Qwen/Qwen3.5-4B,Qwen3.5-4B (reasoning off),Qwen3.5,4.0,dan,synthetic,0.8485,0.005669653758690723,4000,0.9365,0.005454241411478531,2000,0.08799999999999997,0.007867256390770747,0.9060331019754405,0.008030977833755452,Danish,0.11992176734660287,URIEL syntax_knn,dan,CC-MAIN-2026-21,11404389,/work/multilingual-gsm-symbolic/paper/artifacts/figures/transfer_features/languages.csv,7.057072022533615,Qwen/Qwen3.5-4B,0.3787878787878788,0.3108679053194197,1.2184849973453216,100,7625,20130,6107,19645
Qwen/Qwen3.5-4B,Qwen3.5-4B (reasoning off),Qwen3.5,4.0,deu,original,0.9,0.02126643615025008,200,0.98,0.01407052941362897,100,0.07999999999999996,0.025499825578079182,0.9183673469387755,0.025392323310095145,German,0.09745802098497969,URIEL syntax_knn,deu,CC-MAIN-2026-21,129221452,/work/multilingual-gsm-symbolic/paper/artifacts/figures/transfer_features/languages.csv,8.111334616692115,Qwen/Qwen3.5-4B,0.3196403934309493,0.3108679053194197,1.028219343204683,100,7182,22469,6107,19645
Qwen/Qwen3.5-4B,Qwen3.5-4B (reasoning off),Qwen3.5,4.0,deu,synthetic,0.8755,0.00522079990881876,4000,0.9365,0.005454241411478531,2000,0.061000000000000054,0.007550198743252345,0.9348638547784303,0.007792514649016092,German,0.09745802098497969,URIEL syntax_knn,deu,CC-MAIN-2026-21,129221452,/work/multilingual-gsm-symbolic/paper/artifacts/figures/transfer_features/languages.csv,8.111334616692115,Qwen/Qwen3.5-4B,0.3196403934309493,0.3108679053194197,1.028219343204683,100,7182,22469,6107,19645
Qwen/Qwen3.5-4B,Qwen3.5-4B (reasoning off),Qwen3.5,4.0,est,original,0.81,0.03942772444036626,100,0.98,0.01407052941362897,100,0.16999999999999993,0.04186317298683,0.826530612244898,0.04194604830885761,Estonian,0.22659791675913576,URIEL syntax_knn,est,CC-MAIN-2026-21,3089989,/work/multilingual-gsm-symbolic/paper/artifacts/figures/transfer_features/languages.csv,6.489956933389947,Qwen/Qwen3.5-4B,0.43553319522541184,0.3108679053194197,1.4010233535620134,100,8830,20274,6107,19645
Qwen/Qwen3.5-4B,Qwen3.5-4B (reasoning off),Qwen3.5,4.0,est,synthetic,0.749,0.00969775867206598,2000,0.9365,0.005454241411478531,2000,0.1875,0.011126332398248681,0.799786438868126,0.011354724208874067,Estonian,0.22659791675913576,URIEL syntax_knn,est,CC-MAIN-2026-21,3089989,/work/multilingual-gsm-symbolic/paper/artifacts/figures/transfer_features/languages.csv,6.489956933389947,Qwen/Qwen3.5-4B,0.43553319522541184,0.3108679053194197,1.4010233535620134,100,8830,20274,6107,19645
Qwen/Qwen3.5-4B,Qwen3.5-4B (reasoning off),Qwen3.5,4.0,fra,original,0.93,0.025643239997624277,100,0.98,0.01407052941362897,100,0.04999999999999993,0.029249881291307074,0.9489795918367347,0.029501425801737674,French,0.18824593690905445,URIEL syntax_knn,fra,CC-MAIN-2026-21,102728618,/work/multilingual-gsm-symbolic/paper/artifacts/figures/transfer_features/languages.csv,8.011691445624011,Qwen/Qwen3.5-4B,0.33394282656201224,0.3108679053194197,1.0742274157214229,100,7488,22423,6107,19645
Qwen/Qwen3.5-4B,Qwen3.5-4B (reasoning off),Qwen3.5,4.0,fra,synthetic,0.87,0.00752185410285072,2000,0.9365,0.005454241411478531,2000,0.0665,0.009291234499207279,0.9289909236518954,0.009684248417605701,French,0.18824593690905445,URIEL syntax_knn,fra,CC-MAIN-2026-21,102728618,/work/multilingual-gsm-symbolic/paper/artifacts/figures/transfer_features/languages.csv,8.011691445624011,Qwen/Qwen3.5-4B,0.33394282656201224,0.3108679053194197,1.0742274157214229,100,7488,22423,6107,19645
Qwen/Qwen3.5-4B,Qwen3.5-4B (reasoning off),Qwen3.5,4.0,hin,original,0.52,0.05021167315686782,100,0.98,0.01407052941362897,100,0.45999999999999996,0.05214587154504102,0.5306122448979592,0.051799693554270776,Hindi,0.3838046008442838,URIEL syntax_knn,hin,CC-MAIN-2026-21,4774018,/work/multilingual-gsm-symbolic/paper/artifacts/figures/transfer_features/languages.csv,6.678884052141607,Qwen/Qwen3.5-4B,0.8517327975891512,0.3108679053194197,2.7398543980086583,100,16958,19910,6107,19645
Qwen/Qwen3.5-4B,Qwen3.5-4B (reasoning off),Qwen3.5,4.0,hin,synthetic,0.4795,0.011173732641806638,2000,0.9365,0.005454241411478531,2000,0.457,0.012433867078478138,0.5120128136679124,0.012298374795870424,Hindi,0.3838046008442838,URIEL syntax_knn,hin,CC-MAIN-2026-21,4774018,/work/multilingual-gsm-symbolic/paper/artifacts/figures/transfer_features/languages.csv,6.678884052141607,Qwen/Qwen3.5-4B,0.8517327975891512,0.3108679053194197,2.7398543980086583,100,16958,19910,6107,19645
Qwen/Qwen3.5-4B,Qwen3.5-4B (reasoning off),Qwen3.5,4.0,isl,original,0.69,0.04648231987117317,100,0.98,0.01407052941362897,100,0.29000000000000004,0.048565274204784,0.7040816326530612,0.0484962414658553,Icelandic,0.13127809128711687,URIEL syntax_knn,isl,CC-MAIN-2026-21,777022,/work/multilingual-gsm-symbolic/paper/artifacts/figures/transfer_features/languages.csv,5.890433315253091,Qwen/Qwen3.5-4B,0.4796060533269277,0.3108679053194197,1.5427969408232347,100,9983,20815,6107,19645
Qwen/Qwen3.5-4B,Qwen3.5-4B (reasoning off),Qwen3.5,4.0,isl,synthetic,0.6375,0.010751961557719103,2000,0.9365,0.005454241411478531,2000,0.29900000000000004,0.012056260892721122,0.6807261078483715,0.012146254962493792,Icelandic,0.13127809128711687,URIEL syntax_knn,isl,CC-MAIN-2026-21,777022,/work/multilingual-gsm-symbolic/paper/artifacts/figures/transfer_features/languages.csv,5.890433315253091,Qwen/Qwen3.5-4B,0.4796060533269277,0.3108679053194197,1.5427969408232347,100,9983,20815,6107,19645
Qwen/Qwen3.5-4B,Qwen3.5-4B (reasoning off),Qwen3.5,4.0,ita,original,0.93,0.025643239997624277,100,0.98,0.01407052941362897,100,0.04999999999999993,0.029249881291307074,0.9489795918367347,0.029501425801737674,Italian,0.14220584589844,URIEL syntax_knn,ita,CC-MAIN-2026-21,53457335,/work/multilingual-gsm-symbolic/paper/artifacts/figures/transfer_features/languages.csv,7.728007304146603,Qwen/Qwen3.5-4B,0.3226348284002179,0.3108679053194197,1.037851842790614,100,7107,22028,6107,19645
Qwen/Qwen3.5-4B,Qwen3.5-4B (reasoning off),Qwen3.5,4.0,ita,synthetic,0.912,0.006336250787099458,2000,0.9365,0.005454241411478531,2000,0.024499999999999966,0.008360432011068916,0.9738387613454351,0.008828670885373396,Italian,0.14220584589844,URIEL syntax_knn,ita,CC-MAIN-2026-21,53457335,/work/multilingual-gsm-symbolic/paper/artifacts/figures/transfer_features/languages.csv,7.728007304146603,Qwen/Qwen3.5-4B,0.3226348284002179,0.3108679053194197,1.037851842790614,100,7107,22028,6107,19645
Qwen/Qwen3.5-4B,Qwen3.5-4B (reasoning off),Qwen3.5,4.0,jpn,original,0.875,0.02344404221924814,200,0.98,0.01407052941362897,100,0.10499999999999998,0.027342328239520628,0.8928571428571429,0.027140774018693536,Japanese,0.4998069870609444,URIEL syntax_knn,jpn,CC-MAIN-2026-21,118455052,/work/multilingual-gsm-symbolic/paper/artifacts/figures/transfer_features/languages.csv,8.073553587717582,Qwen/Qwen3.5-4B,0.6205373241976199,0.3108679053194197,1.9961447083448898,100,6883,11092,6107,19645
Qwen/Qwen3.5-4B,Qwen3.5-4B (reasoning off),Qwen3.5,4.0,jpn,synthetic,0.82875,0.005957325894052802,4000,0.9365,0.005454241411478531,2000,0.10775000000000001,0.00807703418233694,0.884943940202883,0.008187134454486352,Japanese,0.4998069870609444,URIEL syntax_knn,jpn,CC-MAIN-2026-21,118455052,/work/multilingual-gsm-symbolic/paper/artifacts/figures/transfer_features/languages.csv,8.073553587717582,Qwen/Qwen3.5-4B,0.6205373241976199,0.3108679053194197,1.9961447083448898,100,6883,11092,6107,19645
Qwen/Qwen3.5-4B,Qwen3.5-4B (reasoning off),Qwen3.5,4.0,mar,original,0.47,0.05016135580465921,100,0.98,0.01407052941362897,100,0.51,0.05209742233682408,0.47959183673469385,0.05164614870454074,Marathi,0.43515421744059357,URIEL syntax_knn,mar,CC-MAIN-2026-21,649289,/work/multilingual-gsm-symbolic/paper/artifacts/figures/transfer_features/languages.csv,5.812438045288022,Qwen/Qwen3.5-4B,0.8640866586427183,0.3108679053194197,2.779594303100737,100,18666,21602,6107,19645
Qwen/Qwen3.5-4B,Qwen3.5-4B (reasoning off),Qwen3.5,4.0,mar,synthetic,0.357,0.010716012152766036,2000,0.9365,0.005454241411478531,2000,0.5795,0.012024211651202614,0.38120662039508807,0.011656015137302906,Marathi,0.43515421744059357,URIEL syntax_knn,mar,CC-MAIN-2026-21,649289,/work/multilingual-gsm-symbolic/paper/artifacts/figures/transfer_features/languages.csv,5.812438045288022,Qwen/Qwen3.5-4B,0.8640866586427183,0.3108679053194197,2.779594303100737,100,18666,21602,6107,19645
Qwen/Qwen3.5-4B,Qwen3.5-4B (reasoning off),Qwen3.5,4.0,nld,original,0.82,0.03861229196653692,100,0.98,0.01407052941362897,100,0.16000000000000003,0.041096093353126514,0.836734693877551,0.04119113227422423,Dutch,0.07570690126642576,URIEL syntax_knn,nld,CC-MAIN-2026-21,39513234,/work/multilingual-gsm-symbolic/paper/artifacts/figures/transfer_features/languages.csv,7.596742576400662,Qwen/Qwen3.5-4B,0.3470817481673935,0.3108679053194197,1.1164927039051,100,7481,21554,6107,19645
Qwen/Qwen3.5-4B,Qwen3.5-4B (reasoning off),Qwen3.5,4.0,nld,synthetic,0.8405,0.008189225036799983,2000,0.9365,0.005454241411478531,2000,0.09599999999999997,0.009839316850169985,0.8974906567004806,0.010187655695752413,Dutch,0.07570690126642576,URIEL syntax_knn,nld,CC-MAIN-2026-21,39513234,/work/multilingual-gsm-symbolic/paper/artifacts/figures/transfer_features/languages.csv,7.596742576400662,Qwen/Qwen3.5-4B,0.3470817481673935,0.3108679053194197,1.1164927039051,100,7481,21554,6107,19645
Qwen/Qwen3.5-4B,Qwen3.5-4B (reasoning off),Qwen3.5,4.0,nob,original,0.84,0.036845294917747066,100,0.98,0.01407052941362897,100,0.14,0.03944053188733077,0.8571428571428571,0.03956013751816815,Norwegian Bokmal,0.10138170956458059,URIEL syntax_knn,nor,CC-MAIN-2026-21,7148610,/work/multilingual-gsm-symbolic/paper/artifacts/figures/transfer_features/languages.csv,6.854221604316353,Qwen/Qwen3.5-4B,0.37620981896594957,0.3108679053194197,1.2101918934969835,100,7502,19941,6107,19645
Qwen/Qwen3.5-4B,Qwen3.5-4B (reasoning off),Qwen3.5,4.0,nob,synthetic,0.8505,0.007975379510667163,2000,0.9365,0.005454241411478531,2000,0.08599999999999997,0.009662061255956563,0.9081687132941805,0.010025015771920446,Norwegian Bokmal,0.10138170956458059,URIEL syntax_knn,nor,CC-MAIN-2026-21,7148610,/work/multilingual-gsm-symbolic/paper/artifacts/figures/transfer_features/languages.csv,6.854221604316353,Qwen/Qwen3.5-4B,0.37620981896594957,0.3108679053194197,1.2101918934969835,100,7502,19941,6107,19645
Qwen/Qwen3.5-4B,Qwen3.5-4B (reasoning off),Qwen3.5,4.0,rus,original,0.88,0.03265986323710904,100,0.98,0.01407052941362897,100,0.09999999999999998,0.035561868126498426,0.8979591836734694,0.03573328729028228,Russian,0.18824593690905445,URIEL syntax_knn,rus,CC-MAIN-2026-21,138631119,/work/multilingual-gsm-symbolic/paper/artifacts/figures/transfer_features/languages.csv,8.141860728782362,Qwen/Qwen3.5-4B,0.3461103786023733,0.3108679053194197,1.1133680019066028,100,7350,21236,6107,19645
Qwen/Qwen3.5-4B,Qwen3.5-4B (reasoning off),Qwen3.5,4.0,rus,synthetic,0.842,0.008157896520416208,2000,0.9365,0.005454241411478531,2000,0.09450000000000003,0.00981325761470197,0.8990923651895355,0.010163759138559226,Russian,0.18824593690905445,URIEL syntax_knn,rus,CC-MAIN-2026-21,138631119,/work/multilingual-gsm-symbolic/paper/artifacts/figures/transfer_features/languages.csv,8.141860728782362,Qwen/Qwen3.5-4B,0.3461103786023733,0.3108679053194197,1.1133680019066028,100,7350,21236,6107,19645
Qwen/Qwen3.5-4B,Qwen3.5-4B (reasoning off),Qwen3.5,4.0,ukr,original,0.87,0.0337997668989631,100,0.98,0.01407052941362897,100,0.10999999999999999,0.036611528790860944,0.8877551020408163,0.036769455307812636,Ukrainian,0.15273132616089036,URIEL syntax_knn,ukr,CC-MAIN-2026-21,17456210,/work/multilingual-gsm-symbolic/paper/artifacts/figures/transfer_features/languages.csv,7.2419499578829365,Qwen/Qwen3.5-4B,0.4519343219347897,0.3108679053194197,1.4537825044062458,100,9661,21377,6107,19645
Qwen/Qwen3.5-4B,Qwen3.5-4B (reasoning off),Qwen3.5,4.0,ukr,synthetic,0.8235,0.008527029383968217,2000,0.9365,0.005454241411478531,2000,0.11299999999999999,0.01012220230432808,0.8793379604911906,0.010446665991387851,Ukrainian,0.15273132616089036,URIEL syntax_knn,ukr,CC-MAIN-2026-21,17456210,/work/multilingual-gsm-symbolic/paper/artifacts/figures/transfer_features/languages.csv,7.2419499578829365,Qwen/Qwen3.5-4B,0.4519343219347897,0.3108679053194197,1.4537825044062458,100,9661,21377,6107,19645
Qwen/Qwen3.5-4B,Qwen3.5-4B (reasoning off),Qwen3.5,4.0,urd,original,0.78,0.04163331998932266,100,0.98,0.01407052941362897,100,0.19999999999999996,0.04394670785523225,0.7959183673469388,0.04399309387223356,urd,0.3838046008442838,URIEL syntax_knn,urd,CC-MAIN-2026-21,682592,/work/multilingual-gsm-symbolic/paper/artifacts/figures/transfer_features/languages.csv,5.834161194027274,Qwen/Qwen3.5-4B,0.5821618244298656,0.3108679053194197,1.872698385610727,100,11181,19206,6107,19645
Qwen/Qwen3.5-4B,Qwen3.5-4B (reasoning off),Qwen3.5,4.0,urd,synthetic,0.733,0.009894667868408378,2000,0.9365,0.005454241411478531,2000,0.20350000000000001,0.011298371634921579,0.782701548318206,0.01150702089870749,urd,0.3838046008442838,URIEL syntax_knn,urd,CC-MAIN-2026-21,682592,/work/multilingual-gsm-symbolic/paper/artifacts/figures/transfer_features/languages.csv,5.834161194027274,Qwen/Qwen3.5-4B,0.5821618244298656,0.3108679053194197,1.872698385610727,100,11181,19206,6107,19645
Qwen/Qwen3.5-4B,Qwen3.5-4B (reasoning off),Qwen3.5,4.0,zho,original,0.95,0.02190429135575903,100,0.98,0.01407052941362897,100,0.030000000000000027,0.026034165586355514,0.9693877551020408,0.026330526797113223,Chinese,0.2892275292349138,URIEL syntax_knn,zho,CC-MAIN-2026-21,102274716,/work/multilingual-gsm-symbolic/paper/artifacts/figures/transfer_features/languages.csv,8.009768282208015,Qwen/Qwen3.5-4B,0.8439482364882009,0.3108679053194197,2.7148130187998536,100,6652,7882,6107,19645
Qwen/Qwen3.5-4B,Qwen3.5-4B (reasoning off),Qwen3.5,4.0,zho,synthetic,0.8995,0.006724766631127182,2000,0.9365,0.005454241411478531,2000,0.03700000000000003,0.008658593166202518,0.9604911906033101,0.009102502843522677,Chinese,0.2892275292349138,URIEL syntax_knn,zho,CC-MAIN-2026-21,102274716,/work/multilingual-gsm-symbolic/paper/artifacts/figures/transfer_features/languages.csv,8.009768282208015,Qwen/Qwen3.5-4B,0.8439482364882009,0.3108679053194197,2.7148130187998536,100,6652,7882,6107,19645
Qwen/Qwen3.5-9B,Qwen3.5-9B,Qwen3.5,9.0,ara,original,0.92,0.02726599243442908,100,0.98,0.01407052941362897,100,0.05999999999999994,0.030682472869932465,0.9387755102040817,0.03091540081746719,Arabic,0.34901322303461213,URIEL syntax_knn,ara,CC-MAIN-2026-21,14123579,/work/multilingual-gsm-symbolic/paper/artifacts/figures/transfer_features/languages.csv,7.149944763500101,Qwen/Qwen3.5-9B,0.4398795919504989,0.3108679053194197,1.415004844255371,100,7891,17939,6107,19645
Qwen/Qwen3.5-9B,Qwen3.5-9B,Qwen3.5,9.0,ara,synthetic,0.953,0.004733571944280119,2000,0.9795,0.003169368619886991,2000,0.02650000000000008,0.005696630653324844,0.9729453802960694,0.005767610441976453,Arabic,0.34901322303461213,URIEL syntax_knn,ara,CC-MAIN-2026-21,14123579,/work/multilingual-gsm-symbolic/paper/artifacts/figures/transfer_features/languages.csv,7.149944763500101,Qwen/Qwen3.5-9B,0.4398795919504989,0.3108679053194197,1.415004844255371,100,7891,17939,6107,19645
Qwen/Qwen3.5-9B,Qwen3.5-9B,Qwen3.5,9.0,dan,original,0.955,0.01469539975194097,200,0.98,0.01407052941362897,100,0.025000000000000022,0.020345382076755025,0.9744897959183674,0.020508995831064823,Danish,0.11992176734660287,URIEL syntax_knn,dan,CC-MAIN-2026-21,11404389,/work/multilingual-gsm-symbolic/paper/artifacts/figures/transfer_features/languages.csv,7.057072022533615,Qwen/Qwen3.5-9B,0.3787878787878788,0.3108679053194197,1.2184849973453216,100,7625,20130,6107,19645
Qwen/Qwen3.5-9B,Qwen3.5-9B,Qwen3.5,9.0,dan,synthetic,0.94225,0.003688785187434987,4000,0.9795,0.003169368619886991,2000,0.037250000000000005,0.00486333564621692,0.9619703930576825,0.004885820619456556,Danish,0.11992176734660287,URIEL syntax_knn,dan,CC-MAIN-2026-21,11404389,/work/multilingual-gsm-symbolic/paper/artifacts/figures/transfer_features/languages.csv,7.057072022533615,Qwen/Qwen3.5-9B,0.3787878787878788,0.3108679053194197,1.2184849973453216,100,7625,20130,6107,19645
Qwen/Qwen3.5-9B,Qwen3.5-9B,Qwen3.5,9.0,deu,original,0.955,0.01469539975194097,200,0.98,0.01407052941362897,100,0.025000000000000022,0.020345382076755025,0.9744897959183674,0.020508995831064823,German,0.09745802098497969,URIEL syntax_knn,deu,CC-MAIN-2026-21,129221452,/work/multilingual-gsm-symbolic/paper/artifacts/figures/transfer_features/languages.csv,8.111334616692115,Qwen/Qwen3.5-9B,0.3196403934309493,0.3108679053194197,1.028219343204683,100,7182,22469,6107,19645
Qwen/Qwen3.5-9B,Qwen3.5-9B,Qwen3.5,9.0,deu,synthetic,0.93575,0.0038774015700896785,4000,0.9795,0.003169368619886991,2000,0.04375000000000007,0.005007907785139246,0.9553343542623787,0.005022499479139489,German,0.09745802098497969,URIEL syntax_knn,deu,CC-MAIN-2026-21,129221452,/work/multilingual-gsm-symbolic/paper/artifacts/figures/transfer_features/languages.csv,8.111334616692115,Qwen/Qwen3.5-9B,0.3196403934309493,0.3108679053194197,1.028219343204683,100,7182,22469,6107,19645
Qwen/Qwen3.5-9B,Qwen3.5-9B,Qwen3.5,9.0,est,original,0.96,0.019694638556693237,100,0.98,0.01407052941362897,100,0.020000000000000018,0.024204515815413163,0.9795918367346939,0.0245293098529245,Estonian,0.22659791675913576,URIEL syntax_knn,est,CC-MAIN-2026-21,3089989,/work/multilingual-gsm-symbolic/paper/artifacts/figures/transfer_features/languages.csv,6.489956933389947,Qwen/Qwen3.5-9B,0.43553319522541184,0.3108679053194197,1.4010233535620134,100,8830,20274,6107,19645
Qwen/Qwen3.5-9B,Qwen3.5-9B,Qwen3.5,9.0,est,synthetic,0.9505,0.004851457855290597,2000,0.9795,0.003169368619886991,2000,0.029000000000000026,0.0057949582198998815,0.9703930576824911,0.005864395277913151,Estonian,0.22659791675913576,URIEL syntax_knn,est,CC-MAIN-2026-21,3089989,/work/multilingual-gsm-symbolic/paper/artifacts/figures/transfer_features/languages.csv,6.489956933389947,Qwen/Qwen3.5-9B,0.43553319522541184,0.3108679053194197,1.4010233535620134,100,8830,20274,6107,19645
Qwen/Qwen3.5-9B,Qwen3.5-9B,Qwen3.5,9.0,fra,original,0.96,0.019694638556693234,100,0.98,0.01407052941362897,100,0.020000000000000018,0.024204515815413156,0.9795918367346939,0.0245293098529245,French,0.18824593690905445,URIEL syntax_knn,fra,CC-MAIN-2026-21,102728618,/work/multilingual-gsm-symbolic/paper/artifacts/figures/transfer_features/languages.csv,8.011691445624011,Qwen/Qwen3.5-9B,0.33394282656201224,0.3108679053194197,1.0742274157214229,100,7488,22423,6107,19645
Qwen/Qwen3.5-9B,Qwen3.5-9B,Qwen3.5,9.0,fra,synthetic,0.922,0.005997998665721511,2000,0.9795,0.003169368619886991,2000,0.057499999999999996,0.006783869503662448,0.9412965798876978,0.006839170178375816,French,0.18824593690905445,URIEL syntax_knn,fra,CC-MAIN-2026-21,102728618,/work/multilingual-gsm-symbolic/paper/artifacts/figures/transfer_features/languages.csv,8.011691445624011,Qwen/Qwen3.5-9B,0.33394282656201224,0.3108679053194197,1.0742274157214229,100,7488,22423,6107,19645
Qwen/Qwen3.5-9B,Qwen3.5-9B,Qwen3.5,9.0,hin,original,0.87,0.03379976689896312,100,0.98,0.01407052941362897,100,0.10999999999999999,0.036611528790860964,0.8877551020408163,0.03676945530781266,Hindi,0.3838046008442838,URIEL syntax_knn,hin,CC-MAIN-2026-21,4774018,/work/multilingual-gsm-symbolic/paper/artifacts/figures/transfer_features/languages.csv,6.678884052141607,Qwen/Qwen3.5-9B,0.8517327975891512,0.3108679053194197,2.7398543980086583,100,16958,19910,6107,19645
Qwen/Qwen3.5-9B,Qwen3.5-9B,Qwen3.5,9.0,hin,synthetic,0.875,0.00739694919738634,2000,0.9795,0.003169368619886991,2000,0.10450000000000004,0.008047344585479038,0.8933129147524247,0.008086039408313853,Hindi,0.3838046008442838,URIEL syntax_knn,hin,CC-MAIN-2026-21,4774018,/work/multilingual-gsm-symbolic/paper/artifacts/figures/transfer_features/languages.csv,6.678884052141607,Qwen/Qwen3.5-9B,0.8517327975891512,0.3108679053194197,2.7398543980086583,100,16958,19910,6107,19645
Qwen/Qwen3.5-9B,Qwen3.5-9B,Qwen3.5,9.0,isl,original,0.96,0.01969463855669324,100,0.98,0.01407052941362897,100,0.020000000000000018,0.024204515815413163,0.9795918367346939,0.024529309852924504,Icelandic,0.13127809128711687,URIEL syntax_knn,isl,CC-MAIN-2026-21,777022,/work/multilingual-gsm-symbolic/paper/artifacts/figures/transfer_features/languages.csv,5.890433315253091,Qwen/Qwen3.5-9B,0.4796060533269277,0.3108679053194197,1.5427969408232347,100,9983,20815,6107,19645
Qwen/Qwen3.5-9B,Qwen3.5-9B,Qwen3.5,9.0,isl,synthetic,0.92,0.006067817499282778,2000,0.9795,0.003169368619886991,2000,0.0595,0.006845677954251622,0.9392547217968351,0.006900152107850921,Icelandic,0.13127809128711687,URIEL syntax_knn,isl,CC-MAIN-2026-21,777022,/work/multilingual-gsm-symbolic/paper/artifacts/figures/transfer_features/languages.csv,5.890433315253091,Qwen/Qwen3.5-9B,0.4796060533269277,0.3108679053194197,1.5427969408232347,100,9983,20815,6107,19645
Qwen/Qwen3.5-9B,Qwen3.5-9B,Qwen3.5,9.0,ita,original,0.98,0.01407052941362897,100,0.98,0.01407052941362897,100,0.0,0.019898733526523642,1.0,0.020304830129105757,Italian,0.14220584589844,URIEL syntax_knn,ita,CC-MAIN-2026-21,53457335,/work/multilingual-gsm-symbolic/paper/artifacts/figures/transfer_features/languages.csv,7.728007304146603,Qwen/Qwen3.5-9B,0.3226348284002179,0.3108679053194197,1.037851842790614,100,7107,22028,6107,19645
Qwen/Qwen3.5-9B,Qwen3.5-9B,Qwen3.5,9.0,ita,synthetic,0.9545,0.004661087627253374,2000,0.9795,0.003169368619886991,2000,0.025000000000000022,0.0056365446257134215,0.9744767738642164,0.005708483701844088,Italian,0.14220584589844,URIEL syntax_knn,ita,CC-MAIN-2026-21,53457335,/work/multilingual-gsm-symbolic/paper/artifacts/figures/transfer_features/languages.csv,7.728007304146603,Qwen/Qwen3.5-9B,0.3226348284002179,0.3108679053194197,1.037851842790614,100,7107,22028,6107,19645
Qwen/Qwen3.5-9B,Qwen3.5-9B,Qwen3.5,9.0,jpn,original,0.95,0.015449707678033374,200,0.98,0.01407052941362897,100,0.030000000000000027,0.020896728579289186,0.9693877551020408,0.02102975772735007,Japanese,0.4998069870609444,URIEL syntax_knn,jpn,CC-MAIN-2026-21,118455052,/work/multilingual-gsm-symbolic/paper/artifacts/figures/transfer_features/languages.csv,8.073553587717582,Qwen/Qwen3.5-9B,0.6205373241976199,0.3108679053194197,1.9961447083448898,100,6883,11092,6107,19645
Qwen/Qwen3.5-9B,Qwen3.5-9B,Qwen3.5,9.0,jpn,synthetic,0.91775,0.00434464651765145,4000,0.9795,0.003169368619886991,2000,0.06175000000000008,0.00537781096842063,0.9369576314446145,0.0053726738419643365,Japanese,0.4998069870609444,URIEL syntax_knn,jpn,CC-MAIN-2026-21,118455052,/work/multilingual-gsm-symbolic/paper/artifacts/figures/transfer_features/languages.csv,8.073553587717582,Qwen/Qwen3.5-9B,0.6205373241976199,0.3108679053194197,1.9961447083448898,100,6883,11092,6107,19645
Qwen/Qwen3.5-9B,Qwen3.5-9B,Qwen3.5,9.0,mar,original,0.81,0.039427724440366255,100,0.98,0.01407052941362897,100,0.16999999999999993,0.04186317298682999,0.826530612244898,0.041946048308857606,Marathi,0.43515421744059357,URIEL syntax_knn,mar,CC-MAIN-2026-21,649289,/work/multilingual-gsm-symbolic/paper/artifacts/figures/transfer_features/languages.csv,5.812438045288022,Qwen/Qwen3.5-9B,0.8640866586427183,0.3108679053194197,2.779594303100737,100,18666,21602,6107,19645
Qwen/Qwen3.5-9B,Qwen3.5-9B,Qwen3.5,9.0,mar,synthetic,0.736,0.009859036479299085,2000,0.9795,0.003169368619886991,2000,0.24350000000000005,0.01035594021559001,0.751403777437468,0.010354859402209423,Marathi,0.43515421744059357,URIEL syntax_knn,mar,CC-MAIN-2026-21,649289,/work/multilingual-gsm-symbolic/paper/artifacts/figures/transfer_features/languages.csv,5.812438045288022,Qwen/Qwen3.5-9B,0.8640866586427183,0.3108679053194197,2.779594303100737,100,18666,21602,6107,19645
Qwen/Qwen3.5-9B,Qwen3.5-9B,Qwen3.5,9.0,nld,original,0.94,0.0238683256575942,100,0.98,0.01407052941362897,100,0.040000000000000036,0.02770698048645445,0.9591836734693877,0.027979379351676992,Dutch,0.07570690126642576,URIEL syntax_knn,nld,CC-MAIN-2026-21,39513234,/work/multilingual-gsm-symbolic/paper/artifacts/figures/transfer_features/languages.csv,7.596742576400662,Qwen/Qwen3.5-9B,0.3470817481673935,0.3108679053194197,1.1164927039051,100,7481,21554,6107,19645
Qwen/Qwen3.5-9B,Qwen3.5-9B,Qwen3.5,9.0,nld,synthetic,0.899,0.006739600218525781,2000,0.9795,0.003169368619886991,2000,0.08050000000000002,0.007447624356415751,0.9178152118427769,0.0074941949852825734,Dutch,0.07570690126642576,URIEL syntax_knn,nld,CC-MAIN-2026-21,39513234,/work/multilingual-gsm-symbolic/paper/artifacts/figures/transfer_features/languages.csv,7.596742576400662,Qwen/Qwen3.5-9B,0.3470817481673935,0.3108679053194197,1.1164927039051,100,7481,21554,6107,19645
Qwen/Qwen3.5-9B,Qwen3.5-9B,Qwen3.5,9.0,nob,original,0.94,0.023868325657594208,100,0.98,0.01407052941362897,100,0.040000000000000036,0.027706980486454456,0.9591836734693877,0.027979379351677,Norwegian Bokmal,0.10138170956458059,URIEL syntax_knn,nor,CC-MAIN-2026-21,7148610,/work/multilingual-gsm-symbolic/paper/artifacts/figures/transfer_features/languages.csv,6.854221604316353,Qwen/Qwen3.5-9B,0.37620981896594957,0.3108679053194197,1.2101918934969835,100,7502,19941,6107,19645
Qwen/Qwen3.5-9B,Qwen3.5-9B,Qwen3.5,9.0,nob,synthetic,0.941,0.005270046175637051,2000,0.9795,0.003169368619886991,2000,0.03850000000000009,0.006149657237771149,0.9606942317508932,0.006213773581288493,Norwegian Bokmal,0.10138170956458059,URIEL syntax_knn,nor,CC-MAIN-2026-21,7148610,/work/multilingual-gsm-symbolic/paper/artifacts/figures/transfer_features/languages.csv,6.854221604316353,Qwen/Qwen3.5-9B,0.37620981896594957,0.3108679053194197,1.2101918934969835,100,7502,19941,6107,19645
Qwen/Qwen3.5-9B,Qwen3.5-9B,Qwen3.5,9.0,rus,original,0.95,0.021904291355759033,100,0.98,0.01407052941362897,100,0.030000000000000027,0.026034165586355518,0.9693877551020408,0.026330526797113223,Russian,0.18824593690905445,URIEL syntax_knn,rus,CC-MAIN-2026-21,138631119,/work/multilingual-gsm-symbolic/paper/artifacts/figures/transfer_features/languages.csv,8.141860728782362,Qwen/Qwen3.5-9B,0.3461103786023733,0.3108679053194197,1.1133680019066028,100,7350,21236,6107,19645
Qwen/Qwen3.5-9B,Qwen3.5-9B,Qwen3.5,9.0,rus,synthetic,0.909,0.0064327435900280935,2000,0.9795,0.003169368619886991,2000,0.07050000000000001,0.007171128749630137,0.9280245022970903,0.0072213070328943675,Russian,0.18824593690905445,URIEL syntax_knn,rus,CC-MAIN-2026-21,138631119,/work/multilingual-gsm-symbolic/paper/artifacts/figures/transfer_features/languages.csv,8.141860728782362,Qwen/Qwen3.5-9B,0.3461103786023733,0.3108679053194197,1.1133680019066028,100,7350,21236,6107,19645
Qwen/Qwen3.5-9B,Qwen3.5-9B,Qwen3.5,9.0,ukr,original,0.94,0.023868325657594208,100,0.98,0.01407052941362897,100,0.040000000000000036,0.027706980486454456,0.9591836734693877,0.027979379351677,Ukrainian,0.15273132616089036,URIEL syntax_knn,ukr,CC-MAIN-2026-21,17456210,/work/multilingual-gsm-symbolic/paper/artifacts/figures/transfer_features/languages.csv,7.2419499578829365,Qwen/Qwen3.5-9B,0.4519343219347897,0.3108679053194197,1.4537825044062458,100,9661,21377,6107,19645
Qwen/Qwen3.5-9B,Qwen3.5-9B,Qwen3.5,9.0,ukr,synthetic,0.9275,0.005799887442629694,2000,0.9795,0.003169368619886991,2000,0.052000000000000046,0.006609356382878592,0.9469116896375701,0.00666701598986929,Ukrainian,0.15273132616089036,URIEL syntax_knn,ukr,CC-MAIN-2026-21,17456210,/work/multilingual-gsm-symbolic/paper/artifacts/figures/transfer_features/languages.csv,7.2419499578829365,Qwen/Qwen3.5-9B,0.4519343219347897,0.3108679053194197,1.4537825044062458,100,9661,21377,6107,19645
Qwen/Qwen3.5-9B,Qwen3.5-9B,Qwen3.5,9.0,urd,original,0.94,0.023868325657594204,100,0.98,0.01407052941362897,100,0.040000000000000036,0.027706980486454452,0.9591836734693877,0.027979379351676995,urd,0.3838046008442838,URIEL syntax_knn,urd,CC-MAIN-2026-21,682592,/work/multilingual-gsm-symbolic/paper/artifacts/figures/transfer_features/languages.csv,5.834161194027274,Qwen/Qwen3.5-9B,0.5821618244298656,0.3108679053194197,1.872698385610727,100,11181,19206,6107,19645
Qwen/Qwen3.5-9B,Qwen3.5-9B,Qwen3.5,9.0,urd,synthetic,0.9435,0.005164030267562547,2000,0.9795,0.003169368619886991,2000,0.03600000000000003,0.006059051580323977,0.9632465543644716,0.006124494176876848,urd,0.3838046008442838,URIEL syntax_knn,urd,CC-MAIN-2026-21,682592,/work/multilingual-gsm-symbolic/paper/artifacts/figures/transfer_features/languages.csv,5.834161194027274,Qwen/Qwen3.5-9B,0.5821618244298656,0.3108679053194197,1.872698385610727,100,11181,19206,6107,19645
Qwen/Qwen3.5-9B,Qwen3.5-9B,Qwen3.5,9.0,zho,original,0.97,0.01714466079977653,100,0.98,0.01407052941362897,100,0.010000000000000009,0.02217925138320029,0.9897959183673469,0.022539229584147138,Chinese,0.2892275292349138,URIEL syntax_knn,zho,CC-MAIN-2026-21,102274716,/work/multilingual-gsm-symbolic/paper/artifacts/figures/transfer_features/languages.csv,8.009768282208015,Qwen/Qwen3.5-9B,0.8439482364882009,0.3108679053194197,2.7148130187998536,100,6652,7882,6107,19645
Qwen/Qwen3.5-9B,Qwen3.5-9B,Qwen3.5,9.0,zho,synthetic,0.952,0.004781153596660272,2000,0.9795,0.003169368619886991,2000,0.02750000000000008,0.005736229350678181,0.971924451250638,0.005806583906286332,Chinese,0.2892275292349138,URIEL syntax_knn,zho,CC-MAIN-2026-21,102274716,/work/multilingual-gsm-symbolic/paper/artifacts/figures/transfer_features/languages.csv,8.009768282208015,Qwen/Qwen3.5-9B,0.8439482364882009,0.3108679053194197,2.7148130187998536,100,6652,7882,6107,19645
Qwen/Qwen3.5-9B,Qwen3.5-9B (reasoning off),Qwen3.5,9.0,ara,original,0.89,0.03144660377352202,100,0.98,0.01407052941362897,100,0.08999999999999997,0.034450960608794164,0.9081632653061225,0.034636429167067745,Arabic,0.34901322303461213,URIEL syntax_knn,ara,CC-MAIN-2026-21,14123579,/work/multilingual-gsm-symbolic/paper/artifacts/figures/transfer_features/languages.csv,7.149944763500101,Qwen/Qwen3.5-9B,0.4398795919504989,0.3108679053194197,1.415004844255371,100,7891,17939,6107,19645
Qwen/Qwen3.5-9B,Qwen3.5-9B (reasoning off),Qwen3.5,9.0,ara,synthetic,0.8995,0.006724766631127179,2000,0.9525,0.004757435401116643,2000,0.05300000000000005,0.008237455786765685,0.9443569553805774,0.008490770675255733,Arabic,0.34901322303461213,URIEL syntax_knn,ara,CC-MAIN-2026-21,14123579,/work/multilingual-gsm-symbolic/paper/artifacts/figures/transfer_features/languages.csv,7.149944763500101,Qwen/Qwen3.5-9B,0.4398795919504989,0.3108679053194197,1.415004844255371,100,7891,17939,6107,19645
Qwen/Qwen3.5-9B,Qwen3.5-9B (reasoning off),Qwen3.5,9.0,dan,original,0.95,0.015449707678033376,200,0.98,0.01407052941362897,100,0.030000000000000027,0.020896728579289186,0.9693877551020408,0.02102975772735007,Danish,0.11992176734660287,URIEL syntax_knn,dan,CC-MAIN-2026-21,11404389,/work/multilingual-gsm-symbolic/paper/artifacts/figures/transfer_features/languages.csv,7.057072022533615,Qwen/Qwen3.5-9B,0.3787878787878788,0.3108679053194197,1.2184849973453216,100,7625,20130,6107,19645
Qwen/Qwen3.5-9B,Qwen3.5-9B (reasoning off),Qwen3.5,9.0,dan,synthetic,0.90825,0.004564887065797013,4000,0.9525,0.004757435401116643,2000,0.04425000000000001,0.0065932833640970365,0.9535433070866142,0.006756564732015533,Danish,0.11992176734660287,URIEL syntax_knn,dan,CC-MAIN-2026-21,11404389,/work/multilingual-gsm-symbolic/paper/artifacts/figures/transfer_features/languages.csv,7.057072022533615,Qwen/Qwen3.5-9B,0.3787878787878788,0.3108679053194197,1.2184849973453216,100,7625,20130,6107,19645
Qwen/Qwen3.5-9B,Qwen3.5-9B (reasoning off),Qwen3.5,9.0,deu,original,0.935,0.017475754920753813,200,0.98,0.01407052941362897,100,0.04499999999999993,0.022436171866654284,0.9540816326530613,0.022486458268190873,German,0.09745802098497969,URIEL syntax_knn,deu,CC-MAIN-2026-21,129221452,/work/multilingual-gsm-symbolic/paper/artifacts/figures/transfer_features/languages.csv,8.111334616692115,Qwen/Qwen3.5-9B,0.3196403934309493,0.3108679053194197,1.028219343204683,100,7182,22469,6107,19645
Qwen/Qwen3.5-9B,Qwen3.5-9B (reasoning off),Qwen3.5,9.0,deu,synthetic,0.90375,0.0046638956201429755,4000,0.9525,0.004757435401116643,2000,0.04874999999999996,0.006662215393649976,0.9488188976377954,0.006814256375702691,German,0.09745802098497969,URIEL syntax_knn,deu,CC-MAIN-2026-21,129221452,/work/multilingual-gsm-symbolic/paper/artifacts/figures/transfer_features/languages.csv,8.111334616692115,Qwen/Qwen3.5-9B,0.3196403934309493,0.3108679053194197,1.028219343204683,100,7182,22469,6107,19645
Qwen/Qwen3.5-9B,Qwen3.5-9B (reasoning off),Qwen3.5,9.0,est,original,0.91,0.028762349126466132,100,0.98,0.01407052941362897,100,0.06999999999999995,0.03201956472615649,0.9285714285714286,0.03223552883097625,Estonian,0.22659791675913576,URIEL syntax_knn,est,CC-MAIN-2026-21,3089989,/work/multilingual-gsm-symbolic/paper/artifacts/figures/transfer_features/languages.csv,6.489956933389947,Qwen/Qwen3.5-9B,0.43553319522541184,0.3108679053194197,1.4010233535620134,100,8830,20274,6107,19645
Qwen/Qwen3.5-9B,Qwen3.5-9B (reasoning off),Qwen3.5,9.0,est,synthetic,0.897,0.006798426972811602,2000,0.9525,0.004757435401116643,2000,0.055499999999999994,0.008297698530342628,0.9417322834645669,0.008547961264118251,Estonian,0.22659791675913576,URIEL syntax_knn,est,CC-MAIN-2026-21,3089989,/work/multilingual-gsm-symbolic/paper/artifacts/figures/transfer_features/languages.csv,6.489956933389947,Qwen/Qwen3.5-9B,0.43553319522541184,0.3108679053194197,1.4010233535620134,100,8830,20274,6107,19645
Qwen/Qwen3.5-9B,Qwen3.5-9B (reasoning off),Qwen3.5,9.0,fra,original,0.9,0.03015113445777636,100,0.98,0.01407052941362897,100,0.07999999999999996,0.03327267207590498,0.9183673469387755,0.03347291529370551,French,0.18824593690905445,URIEL syntax_knn,fra,CC-MAIN-2026-21,102728618,/work/multilingual-gsm-symbolic/paper/artifacts/figures/transfer_features/languages.csv,8.011691445624011,Qwen/Qwen3.5-9B,0.33394282656201224,0.3108679053194197,1.0742274157214229,100,7488,22423,6107,19645
Qwen/Qwen3.5-9B,Qwen3.5-9B (reasoning off),Qwen3.5,9.0,fra,synthetic,0.8945,0.006870842687736327,2000,0.9525,0.004757435401116643,2000,0.05800000000000005,0.00835713293153924,0.9391076115485564,0.008604391219025474,French,0.18824593690905445,URIEL syntax_knn,fra,CC-MAIN-2026-21,102728618,/work/multilingual-gsm-symbolic/paper/artifacts/figures/transfer_features/languages.csv,8.011691445624011,Qwen/Qwen3.5-9B,0.33394282656201224,0.3108679053194197,1.0742274157214229,100,7488,22423,6107,19645
Qwen/Qwen3.5-9B,Qwen3.5-9B (reasoning off),Qwen3.5,9.0,hin,original,0.73,0.04461960433384737,100,0.98,0.01407052941362897,100,0.25,0.046785562825394,0.7448979591836735,0.04676946760545858,Hindi,0.3838046008442838,URIEL syntax_knn,hin,CC-MAIN-2026-21,4774018,/work/multilingual-gsm-symbolic/paper/artifacts/figures/transfer_features/languages.csv,6.678884052141607,Qwen/Qwen3.5-9B,0.8517327975891512,0.3108679053194197,2.7398543980086583,100,16958,19910,6107,19645
Qwen/Qwen3.5-9B,Qwen3.5-9B (reasoning off),Qwen3.5,9.0,hin,synthetic,0.7305,0.009923916417349011,2000,0.9525,0.004757435401116643,2000,0.22199999999999998,0.011005330919800962,0.7669291338582678,0.011100668853145161,Hindi,0.3838046008442838,URIEL syntax_knn,hin,CC-MAIN-2026-21,4774018,/work/multilingual-gsm-symbolic/paper/artifacts/figures/transfer_features/languages.csv,6.678884052141607,Qwen/Qwen3.5-9B,0.8517327975891512,0.3108679053194197,2.7398543980086583,100,16958,19910,6107,19645
Qwen/Qwen3.5-9B,Qwen3.5-9B (reasoning off),Qwen3.5,9.0,isl,original,0.89,0.03144660377352202,100,0.98,0.01407052941362897,100,0.08999999999999997,0.034450960608794164,0.9081632653061225,0.034636429167067745,Icelandic,0.13127809128711687,URIEL syntax_knn,isl,CC-MAIN-2026-21,777022,/work/multilingual-gsm-symbolic/paper/artifacts/figures/transfer_features/languages.csv,5.890433315253091,Qwen/Qwen3.5-9B,0.4796060533269277,0.3108679053194197,1.5427969408232347,100,9983,20815,6107,19645
Qwen/Qwen3.5-9B,Qwen3.5-9B (reasoning off),Qwen3.5,9.0,isl,synthetic,0.832,0.008361995065816554,2000,0.9525,0.004757435401116643,2000,0.12050000000000005,0.009620610847370257,0.873490813648294,0.009803310844289068,Icelandic,0.13127809128711687,URIEL syntax_knn,isl,CC-MAIN-2026-21,777022,/work/multilingual-gsm-symbolic/paper/artifacts/figures/transfer_features/languages.csv,5.890433315253091,Qwen/Qwen3.5-9B,0.4796060533269277,0.3108679053194197,1.5427969408232347,100,9983,20815,6107,19645
Qwen/Qwen3.5-9B,Qwen3.5-9B (reasoning off),Qwen3.5,9.0,ita,original,0.94,0.0238683256575942,100,0.98,0.01407052941362897,100,0.040000000000000036,0.02770698048645445,0.9591836734693877,0.027979379351676992,Italian,0.14220584589844,URIEL syntax_knn,ita,CC-MAIN-2026-21,53457335,/work/multilingual-gsm-symbolic/paper/artifacts/figures/transfer_features/languages.csv,7.728007304146603,Qwen/Qwen3.5-9B,0.3226348284002179,0.3108679053194197,1.037851842790614,100,7107,22028,6107,19645
Qwen/Qwen3.5-9B,Qwen3.5-9B (reasoning off),Qwen3.5,9.0,ita,synthetic,0.9315,0.0056497641470647855,2000,0.9525,0.004757435401116643,2000,0.02100000000000002,0.007386002065614155,0.9779527559055118,0.007683865283112893,Italian,0.14220584589844,URIEL syntax_knn,ita,CC-MAIN-2026-21,53457335,/work/multilingual-gsm-symbolic/paper/artifacts/figures/transfer_features/languages.csv,7.728007304146603,Qwen/Qwen3.5-9B,0.3226348284002179,0.3108679053194197,1.037851842790614,100,7107,22028,6107,19645
Qwen/Qwen3.5-9B,Qwen3.5-9B (reasoning off),Qwen3.5,9.0,jpn,original,0.905,0.020785455873744908,200,0.98,0.01407052941362897,100,0.07499999999999996,0.025100099080664896,0.9234693877551021,0.025012939139851992,Japanese,0.4998069870609444,URIEL syntax_knn,jpn,CC-MAIN-2026-21,118455052,/work/multilingual-gsm-symbolic/paper/artifacts/figures/transfer_features/languages.csv,8.073553587717582,Qwen/Qwen3.5-9B,0.6205373241976199,0.3108679053194197,1.9961447083448898,100,6883,11092,6107,19645
Qwen/Qwen3.5-9B,Qwen3.5-9B (reasoning off),Qwen3.5,9.0,jpn,synthetic,0.88575,0.005030463275404285,4000,0.9525,0.004757435401116643,2000,0.06674999999999998,0.006923781651741272,0.9299212598425197,0.007033156476732119,Japanese,0.4998069870609444,URIEL syntax_knn,jpn,CC-MAIN-2026-21,118455052,/work/multilingual-gsm-symbolic/paper/artifacts/figures/transfer_features/languages.csv,8.073553587717582,Qwen/Qwen3.5-9B,0.6205373241976199,0.3108679053194197,1.9961447083448898,100,6883,11092,6107,19645
Qwen/Qwen3.5-9B,Qwen3.5-9B (reasoning off),Qwen3.5,9.0,mar,original,0.65,0.047937248544110224,100,0.98,0.01407052941362897,100,0.32999999999999996,0.049959579621525994,0.663265306122449,0.04983391033776472,Marathi,0.43515421744059357,URIEL syntax_knn,mar,CC-MAIN-2026-21,649289,/work/multilingual-gsm-symbolic/paper/artifacts/figures/transfer_features/languages.csv,5.812438045288022,Qwen/Qwen3.5-9B,0.8640866586427183,0.3108679053194197,2.779594303100737,100,18666,21602,6107,19645
Qwen/Qwen3.5-9B,Qwen3.5-9B (reasoning off),Qwen3.5,9.0,mar,synthetic,0.5065,0.011182191006142267,2000,0.9525,0.004757435401116643,2000,0.44600000000000006,0.012152143320980332,0.531758530183727,0.012036520753334848,Marathi,0.43515421744059357,URIEL syntax_knn,mar,CC-MAIN-2026-21,649289,/work/multilingual-gsm-symbolic/paper/artifacts/figures/transfer_features/languages.csv,5.812438045288022,Qwen/Qwen3.5-9B,0.8640866586427183,0.3108679053194197,2.779594303100737,100,18666,21602,6107,19645
Qwen/Qwen3.5-9B,Qwen3.5-9B (reasoning off),Qwen3.5,9.0,nld,original,0.9,0.030151134457776365,100,0.98,0.01407052941362897,100,0.07999999999999996,0.03327267207590499,0.9183673469387755,0.03347291529370552,Dutch,0.07570690126642576,URIEL syntax_knn,nld,CC-MAIN-2026-21,39513234,/work/multilingual-gsm-symbolic/paper/artifacts/figures/transfer_features/languages.csv,7.596742576400662,Qwen/Qwen3.5-9B,0.3470817481673935,0.3108679053194197,1.1164927039051,100,7481,21554,6107,19645
Qwen/Qwen3.5-9B,Qwen3.5-9B (reasoning off),Qwen3.5,9.0,nld,synthetic,0.881,0.007241941926129394,2000,0.9525,0.004757435401116643,2000,0.07150000000000001,0.008664808968305567,0.9249343832020998,0.00889657702705527,Dutch,0.07570690126642576,URIEL syntax_knn,nld,CC-MAIN-2026-21,39513234,/work/multilingual-gsm-symbolic/paper/artifacts/figures/transfer_features/languages.csv,7.596742576400662,Qwen/Qwen3.5-9B,0.3470817481673935,0.3108679053194197,1.1164927039051,100,7481,21554,6107,19645
Qwen/Qwen3.5-9B,Qwen3.5-9B (reasoning off),Qwen3.5,9.0,nob,original,0.92,0.02726599243442907,100,0.98,0.01407052941362897,100,0.05999999999999994,0.030682472869932458,0.9387755102040817,0.03091540081746718,Norwegian Bokmal,0.10138170956458059,URIEL syntax_knn,nor,CC-MAIN-2026-21,7148610,/work/multilingual-gsm-symbolic/paper/artifacts/figures/transfer_features/languages.csv,6.854221604316353,Qwen/Qwen3.5-9B,0.37620981896594957,0.3108679053194197,1.2101918934969835,100,7502,19941,6107,19645
Qwen/Qwen3.5-9B,Qwen3.5-9B (reasoning off),Qwen3.5,9.0,nob,synthetic,0.9035,0.006604217049841768,2000,0.9525,0.004757435401116643,2000,0.049000000000000044,0.008139341154984141,0.9485564304461942,0.00839764474815189,Norwegian Bokmal,0.10138170956458059,URIEL syntax_knn,nor,CC-MAIN-2026-21,7148610,/work/multilingual-gsm-symbolic/paper/artifacts/figures/transfer_features/languages.csv,6.854221604316353,Qwen/Qwen3.5-9B,0.37620981896594957,0.3108679053194197,1.2101918934969835,100,7502,19941,6107,19645
Qwen/Qwen3.5-9B,Qwen3.5-9B (reasoning off),Qwen3.5,9.0,rus,original,0.94,0.023868325657594197,100,0.98,0.01407052941362897,100,0.040000000000000036,0.02770698048645445,0.9591836734693877,0.02797937935167699,Russian,0.18824593690905445,URIEL syntax_knn,rus,CC-MAIN-2026-21,138631119,/work/multilingual-gsm-symbolic/paper/artifacts/figures/transfer_features/languages.csv,8.141860728782362,Qwen/Qwen3.5-9B,0.3461103786023733,0.3108679053194197,1.1133680019066028,100,7350,21236,6107,19645
Qwen/Qwen3.5-9B,Qwen3.5-9B (reasoning off),Qwen3.5,9.0,rus,synthetic,0.886,0.0071082532053814654,2000,0.9525,0.004757435401116643,2000,0.0665,0.008553388523130102,0.9301837270341208,0.008790759152420266,Russian,0.18824593690905445,URIEL syntax_knn,rus,CC-MAIN-2026-21,138631119,/work/multilingual-gsm-symbolic/paper/artifacts/figures/transfer_features/languages.csv,8.141860728782362,Qwen/Qwen3.5-9B,0.3461103786023733,0.3108679053194197,1.1133680019066028,100,7350,21236,6107,19645
Qwen/Qwen3.5-9B,Qwen3.5-9B (reasoning off),Qwen3.5,9.0,ukr,original,0.92,0.02726599243442907,100,0.98,0.01407052941362897,100,0.05999999999999994,0.030682472869932458,0.9387755102040817,0.03091540081746718,Ukrainian,0.15273132616089036,URIEL syntax_knn,ukr,CC-MAIN-2026-21,17456210,/work/multilingual-gsm-symbolic/paper/artifacts/figures/transfer_features/languages.csv,7.2419499578829365,Qwen/Qwen3.5-9B,0.4519343219347897,0.3108679053194197,1.4537825044062458,100,9661,21377,6107,19645
Qwen/Qwen3.5-9B,Qwen3.5-9B (reasoning off),Qwen3.5,9.0,ukr,synthetic,0.891,0.006970207449993728,2000,0.9525,0.004757435401116643,2000,0.0615,0.008439015552287241,0.9354330708661417,0.00868214349165958,Ukrainian,0.15273132616089036,URIEL syntax_knn,ukr,CC-MAIN-2026-21,17456210,/work/multilingual-gsm-symbolic/paper/artifacts/figures/transfer_features/languages.csv,7.2419499578829365,Qwen/Qwen3.5-9B,0.4519343219347897,0.3108679053194197,1.4537825044062458,100,9661,21377,6107,19645
Qwen/Qwen3.5-9B,Qwen3.5-9B (reasoning off),Qwen3.5,9.0,urd,original,0.87,0.03379976689896311,100,0.98,0.01407052941362897,100,0.10999999999999999,0.03661152879086095,0.8877551020408163,0.03676945530781264,urd,0.3838046008442838,URIEL syntax_knn,urd,CC-MAIN-2026-21,682592,/work/multilingual-gsm-symbolic/paper/artifacts/figures/transfer_features/languages.csv,5.834161194027274,Qwen/Qwen3.5-9B,0.5821618244298656,0.3108679053194197,1.872698385610727,100,11181,19206,6107,19645
Qwen/Qwen3.5-9B,Qwen3.5-9B (reasoning off),Qwen3.5,9.0,urd,synthetic,0.856,0.007852568459791215,2000,0.9525,0.004757435401116643,2000,0.09650000000000003,0.009181286566244713,0.8986876640419947,0.009386924217029507,urd,0.3838046008442838,URIEL syntax_knn,urd,CC-MAIN-2026-21,682592,/work/multilingual-gsm-symbolic/paper/artifacts/figures/transfer_features/languages.csv,5.834161194027274,Qwen/Qwen3.5-9B,0.5821618244298656,0.3108679053194197,1.872698385610727,100,11181,19206,6107,19645
Qwen/Qwen3.5-9B,Qwen3.5-9B (reasoning off),Qwen3.5,9.0,zho,original,0.93,0.02564323999762428,100,0.98,0.01407052941362897,100,0.04999999999999993,0.029249881291307074,0.9489795918367347,0.029501425801737678,Chinese,0.2892275292349138,URIEL syntax_knn,zho,CC-MAIN-2026-21,102274716,/work/multilingual-gsm-symbolic/paper/artifacts/figures/transfer_features/languages.csv,8.009768282208015,Qwen/Qwen3.5-9B,0.8439482364882009,0.3108679053194197,2.7148130187998536,100,6652,7882,6107,19645
Qwen/Qwen3.5-9B,Qwen3.5-9B (reasoning off),Qwen3.5,9.0,zho,synthetic,0.92,0.006067817499282778,2000,0.9525,0.004757435401116643,2000,0.03249999999999997,0.007710486417885721,0.9658792650918635,0.007990972418053676,Chinese,0.2892275292349138,URIEL syntax_knn,zho,CC-MAIN-2026-21,102274716,/work/multilingual-gsm-symbolic/paper/artifacts/figures/transfer_features/languages.csv,8.009768282208015,Qwen/Qwen3.5-9B,0.8439482364882009,0.3108679053194197,2.7148130187998536,100,6652,7882,6107,19645
google/gemma-3-12b-it,gemma-3-12b-it,Gemma 3,12.0,ara,original,0.94,0.0238683256575942,100,0.96,0.019694638556693234,100,0.020000000000000018,0.03094472099689634,0.9791666666666666,0.03196376684685379,Arabic,0.34901322303461213,URIEL syntax_knn,ara,CC-MAIN-2026-21,14123579,/work/multilingual-gsm-symbolic/paper/artifacts/figures/transfer_features/languages.csv,7.149944763500101,google/gemma-3-12b-it,0.4738837170410837,0.3090353779587681,1.5334286972940354,100,8501,17939,6071,19645
google/gemma-3-12b-it,gemma-3-12b-it,Gemma 3,12.0,ara,synthetic,0.919,0.006102304405675755,2000,0.954,0.004685400355171813,2000,0.03499999999999992,0.007693574952372524,0.9633123689727464,0.007956094887146877,Arabic,0.34901322303461213,URIEL syntax_knn,ara,CC-MAIN-2026-21,14123579,/work/multilingual-gsm-symbolic/paper/artifacts/figures/transfer_features/languages.csv,7.149944763500101,google/gemma-3-12b-it,0.4738837170410837,0.3090353779587681,1.5334286972940354,100,8501,17939,6071,19645
google/gemma-3-12b-it,gemma-3-12b-it,Gemma 3,12.0,dan,original,0.915,0.019769399225283583,200,0.96,0.019694638556693234,100,0.04499999999999993,0.0279053388011583,0.9531250000000001,0.028397533155038707,Danish,0.11992176734660287,URIEL syntax_knn,dan,CC-MAIN-2026-21,11404389,/work/multilingual-gsm-symbolic/paper/artifacts/figures/transfer_features/languages.csv,7.057072022533615,google/gemma-3-12b-it,0.385444610034774,0.3090353779587681,1.2472507600285183,100,7759,20130,6071,19645
google/gemma-3-12b-it,gemma-3-12b-it,Gemma 3,12.0,dan,synthetic,0.9145,0.004421801169364741,4000,0.954,0.004685400355171813,2000,0.03949999999999998,0.006442460870633173,0.9585953878406709,0.006606686990263323,Danish,0.11992176734660287,URIEL syntax_knn,dan,CC-MAIN-2026-21,11404389,/work/multilingual-gsm-symbolic/paper/artifacts/figures/transfer_features/languages.csv,7.057072022533615,google/gemma-3-12b-it,0.385444610034774,0.3090353779587681,1.2472507600285183,100,7759,20130,6071,19645
google/gemma-3-12b-it,gemma-3-12b-it,Gemma 3,12.0,deu,original,0.9,0.02126643615025008,200,0.96,0.019694638556693234,100,0.05999999999999994,0.028985170249826914,0.9375000000000001,0.029336751055662306,German,0.09745802098497969,URIEL syntax_knn,deu,CC-MAIN-2026-21,129221452,/work/multilingual-gsm-symbolic/paper/artifacts/figures/transfer_features/languages.csv,8.111334616692115,google/gemma-3-12b-it,0.3227557968756954,0.3090353779587681,1.0443975670602925,100,7252,22469,6071,19645
google/gemma-3-12b-it,gemma-3-12b-it,Gemma 3,12.0,deu,synthetic,0.89025,0.004942908299838787,4000,0.954,0.004685400355171813,2000,0.06374999999999997,0.006810676834857114,0.9331761006289309,0.006917395724176699,German,0.09745802098497969,URIEL syntax_knn,deu,CC-MAIN-2026-21,129221452,/work/multilingual-gsm-symbolic/paper/artifacts/figures/transfer_features/languages.csv,8.111334616692115,google/gemma-3-12b-it,0.3227557968756954,0.3090353779587681,1.0443975670602925,100,7252,22469,6071,19645
google/gemma-3-12b-it,gemma-3-12b-it,Gemma 3,12.0,est,original,0.92,0.027265992434429075,100,0.96,0.019694638556693234,100,0.039999999999999925,0.03363499860730087,0.9583333333333334,0.03454288704844459,Estonian,0.22659791675913576,URIEL syntax_knn,est,CC-MAIN-2026-21,3089989,/work/multilingual-gsm-symbolic/paper/artifacts/figures/transfer_features/languages.csv,6.489956933389947,google/gemma-3-12b-it,0.4165433560224919,0.3090353779587681,1.3478824294287355,100,8445,20274,6071,19645
google/gemma-3-12b-it,gemma-3-12b-it,Gemma 3,12.0,est,synthetic,0.912,0.00633625078709946,2000,0.954,0.004685400355171813,2000,0.041999999999999926,0.007880421976345092,0.9559748427672957,0.00813370138599852,Estonian,0.22659791675913576,URIEL syntax_knn,est,CC-MAIN-2026-21,3089989,/work/multilingual-gsm-symbolic/paper/artifacts/figures/transfer_features/languages.csv,6.489956933389947,google/gemma-3-12b-it,0.4165433560224919,0.3090353779587681,1.3478824294287355,100,8445,20274,6071,19645
google/gemma-3-12b-it,gemma-3-12b-it,Gemma 3,12.0,fra,original,0.92,0.027265992434429072,100,0.96,0.019694638556693234,100,0.039999999999999925,0.03363499860730086,0.9583333333333334,0.03454288704844459,French,0.18824593690905445,URIEL syntax_knn,fra,CC-MAIN-2026-21,102728618,/work/multilingual-gsm-symbolic/paper/artifacts/figures/transfer_features/languages.csv,8.011691445624011,google/gemma-3-12b-it,0.3334076617758551,0.3090353779587681,1.0788656754384243,100,7476,22423,6071,19645
google/gemma-3-12b-it,gemma-3-12b-it,Gemma 3,12.0,fra,synthetic,0.8775,0.007333059517073373,2000,0.954,0.004685400355171813,2000,0.07650000000000001,0.008702111144382409,0.9198113207547169,0.00891584091267901,French,0.18824593690905445,URIEL syntax_knn,fra,CC-MAIN-2026-21,102728618,/work/multilingual-gsm-symbolic/paper/artifacts/figures/transfer_features/languages.csv,8.011691445624011,google/gemma-3-12b-it,0.3334076617758551,0.3090353779587681,1.0788656754384243,100,7476,22423,6071,19645
google/gemma-3-12b-it,gemma-3-12b-it,Gemma 3,12.0,hin,original,0.89,0.03144660377352202,100,0.96,0.019694638556693234,100,0.06999999999999995,0.03710482012849108,0.9270833333333334,0.037878075452755997,Hindi,0.3838046008442838,URIEL syntax_knn,hin,CC-MAIN-2026-21,4774018,/work/multilingual-gsm-symbolic/paper/artifacts/figures/transfer_features/languages.csv,6.678884052141607,google/gemma-3-12b-it,0.35590155700652937,0.3090353779587681,1.1516531193202553,100,7086,19910,6071,19645
google/gemma-3-12b-it,gemma-3-12b-it,Gemma 3,12.0,hin,synthetic,0.8425,0.00814739621182843,2000,0.954,0.004685400355171813,2000,0.11149999999999993,0.00939856592894684,0.8831236897274634,0.009578519477873195,Hindi,0.3838046008442838,URIEL syntax_knn,hin,CC-MAIN-2026-21,4774018,/work/multilingual-gsm-symbolic/paper/artifacts/figures/transfer_features/languages.csv,6.678884052141607,google/gemma-3-12b-it,0.35590155700652937,0.3090353779587681,1.1516531193202553,100,7086,19910,6071,19645
google/gemma-3-12b-it,gemma-3-12b-it,Gemma 3,12.0,isl,original,0.93,0.02564323999762428,100,0.96,0.019694638556693234,100,0.029999999999999916,0.03233348953414316,0.9687500000000001,0.033294099780242864,Icelandic,0.13127809128711687,URIEL syntax_knn,isl,CC-MAIN-2026-21,777022,/work/multilingual-gsm-symbolic/paper/artifacts/figures/transfer_features/languages.csv,5.890433315253091,google/gemma-3-12b-it,0.4799903915445592,0.3090353779587681,1.5531891355448635,100,9991,20815,6071,19645
google/gemma-3-12b-it,gemma-3-12b-it,Gemma 3,12.0,isl,synthetic,0.8585,0.007795464041980758,2000,0.954,0.004685400355171813,2000,0.09549999999999992,0.009095176530340636,0.8998951781970651,0.00929001694147631,Icelandic,0.13127809128711687,URIEL syntax_knn,isl,CC-MAIN-2026-21,777022,/work/multilingual-gsm-symbolic/paper/artifacts/figures/transfer_features/languages.csv,5.890433315253091,google/gemma-3-12b-it,0.4799903915445592,0.3090353779587681,1.5531891355448635,100,9991,20815,6071,19645
google/gemma-3-12b-it,gemma-3-12b-it,Gemma 3,12.0,ita,original,0.9,0.03015113445777636,100,0.96,0.019694638556693234,100,0.05999999999999994,0.0360134654951408,0.9375000000000001,0.03682847818679935,Italian,0.14220584589844,URIEL syntax_knn,ita,CC-MAIN-2026-21,53457335,/work/multilingual-gsm-symbolic/paper/artifacts/figures/transfer_features/languages.csv,7.728007304146603,google/gemma-3-12b-it,0.3333938623570002,0.3090353779587681,1.0788210222374022,100,7344,22028,6071,19645
google/gemma-3-12b-it,gemma-3-12b-it,Gemma 3,12.0,ita,synthetic,0.913,0.006303599581496428,2000,0.954,0.004685400355171813,2000,0.040999999999999925,0.00785419277660576,0.9570230607966458,0.008108760761924553,Italian,0.14220584589844,URIEL syntax_knn,ita,CC-MAIN-2026-21,53457335,/work/multilingual-gsm-symbolic/paper/artifacts/figures/transfer_features/languages.csv,7.728007304146603,google/gemma-3-12b-it,0.3333938623570002,0.3090353779587681,1.0788210222374022,100,7344,22028,6071,19645
google/gemma-3-12b-it,gemma-3-12b-it,Gemma 3,12.0,jpn,original,0.9,0.021266436150250076,200,0.96,0.019694638556693234,100,0.05999999999999994,0.02898517024982691,0.9375000000000001,0.029336751055662302,Japanese,0.4998069870609444,URIEL syntax_knn,jpn,CC-MAIN-2026-21,118455052,/work/multilingual-gsm-symbolic/paper/artifacts/figures/transfer_features/languages.csv,8.073553587717582,google/gemma-3-12b-it,0.6343310494049765,0.3090353779587681,2.0526162848889418,100,7036,11092,6071,19645
google/gemma-3-12b-it,gemma-3-12b-it,Gemma 3,12.0,jpn,synthetic,0.85875,0.005507466969769841,4000,0.954,0.004685400355171813,2000,0.09524999999999995,0.0072308484226506885,0.9001572327044026,0.007271363657590613,Japanese,0.4998069870609444,URIEL syntax_knn,jpn,CC-MAIN-2026-21,118455052,/work/multilingual-gsm-symbolic/paper/artifacts/figures/transfer_features/languages.csv,8.073553587717582,google/gemma-3-12b-it,0.6343310494049765,0.3090353779587681,2.0526162848889418,100,7036,11092,6071,19645
google/gemma-3-12b-it,gemma-3-12b-it,Gemma 3,12.0,mar,original,0.87,0.03379976689896311,100,0.96,0.019694638556693234,100,0.08999999999999997,0.039119087799986206,0.90625,0.039815449487444005,Marathi,0.43515421744059357,URIEL syntax_knn,mar,CC-MAIN-2026-21,649289,/work/multilingual-gsm-symbolic/paper/artifacts/figures/transfer_features/languages.csv,5.812438045288022,google/gemma-3-12b-it,0.3584853254328303,0.3090353779587681,1.1600138722002884,100,7744,21602,6071,19645
google/gemma-3-12b-it,gemma-3-12b-it,Gemma 3,12.0,mar,synthetic,0.7785,0.009287734169484054,2000,0.954,0.004685400355171813,2000,0.1755,0.0104026430531498,0.8160377358490566,0.01052824673720936,Marathi,0.43515421744059357,URIEL syntax_knn,mar,CC-MAIN-2026-21,649289,/work/multilingual-gsm-symbolic/paper/artifacts/figures/transfer_features/languages.csv,5.812438045288022,google/gemma-3-12b-it,0.3584853254328303,0.3090353779587681,1.1600138722002884,100,7744,21602,6071,19645
google/gemma-3-12b-it,gemma-3-12b-it,Gemma 3,12.0,nld,original,0.92,0.027265992434429075,100,0.96,0.019694638556693234,100,0.039999999999999925,0.03363499860730087,0.9583333333333334,0.03454288704844459,Dutch,0.07570690126642576,URIEL syntax_knn,nld,CC-MAIN-2026-21,39513234,/work/multilingual-gsm-symbolic/paper/artifacts/figures/transfer_features/languages.csv,7.596742576400662,google/gemma-3-12b-it,0.3441588568247193,0.3090353779587681,1.113655203808534,100,7418,21554,6071,19645
google/gemma-3-12b-it,gemma-3-12b-it,Gemma 3,12.0,nld,synthetic,0.8915,0.006956153321665449,2000,0.954,0.004685400355171813,2000,0.0625,0.008386956869017595,0.9344863731656184,0.008615742010515038,Dutch,0.07570690126642576,URIEL syntax_knn,nld,CC-MAIN-2026-21,39513234,/work/multilingual-gsm-symbolic/paper/artifacts/figures/transfer_features/languages.csv,7.596742576400662,google/gemma-3-12b-it,0.3441588568247193,0.3090353779587681,1.113655203808534,100,7418,21554,6071,19645
google/gemma-3-12b-it,gemma-3-12b-it,Gemma 3,12.0,nob,original,0.92,0.027265992434429072,100,0.96,0.019694638556693234,100,0.039999999999999925,0.03363499860730086,0.9583333333333334,0.03454288704844459,Norwegian Bokmal,0.10138170956458059,URIEL syntax_knn,nor,CC-MAIN-2026-21,7148610,/work/multilingual-gsm-symbolic/paper/artifacts/figures/transfer_features/languages.csv,6.854221604316353,google/gemma-3-12b-it,0.3823780151446768,0.3090353779587681,1.2373276408362996,100,7625,19941,6071,19645
google/gemma-3-12b-it,gemma-3-12b-it,Gemma 3,12.0,nob,synthetic,0.9085,0.006448617474596147,2000,0.954,0.004685400355171813,2000,0.045499999999999985,0.007971050358761445,0.9523060796645703,0.008219896507284226,Norwegian Bokmal,0.10138170956458059,URIEL syntax_knn,nor,CC-MAIN-2026-21,7148610,/work/multilingual-gsm-symbolic/paper/artifacts/figures/transfer_features/languages.csv,6.854221604316353,google/gemma-3-12b-it,0.3823780151446768,0.3090353779587681,1.2373276408362996,100,7625,19941,6071,19645
google/gemma-3-12b-it,gemma-3-12b-it,Gemma 3,12.0,rus,original,0.89,0.03144660377352202,100,0.96,0.019694638556693234,100,0.06999999999999995,0.03710482012849108,0.9270833333333334,0.037878075452755997,Russian,0.18824593690905445,URIEL syntax_knn,rus,CC-MAIN-2026-21,138631119,/work/multilingual-gsm-symbolic/paper/artifacts/figures/transfer_features/languages.csv,8.141860728782362,google/gemma-3-12b-it,0.35265586739498966,0.3090353779587681,1.1411504719114762,100,7489,21236,6071,19645
google/gemma-3-12b-it,gemma-3-12b-it,Gemma 3,12.0,rus,synthetic,0.851,0.007964371639232061,2000,0.954,0.004685400355171813,2000,0.10299999999999998,0.009240356708268796,0.8920335429769393,0.009428120856211624,Russian,0.18824593690905445,URIEL syntax_knn,rus,CC-MAIN-2026-21,138631119,/work/multilingual-gsm-symbolic/paper/artifacts/figures/transfer_features/languages.csv,8.141860728782362,google/gemma-3-12b-it,0.35265586739498966,0.3090353779587681,1.1411504719114762,100,7489,21236,6071,19645
google/gemma-3-12b-it,gemma-3-12b-it,Gemma 3,12.0,ukr,original,0.91,0.02876234912646614,100,0.96,0.019694638556693234,100,0.04999999999999993,0.034859023439441264,0.9479166666666667,0.03571868261056853,Ukrainian,0.15273132616089036,URIEL syntax_knn,ukr,CC-MAIN-2026-21,17456210,/work/multilingual-gsm-symbolic/paper/artifacts/figures/transfer_features/languages.csv,7.2419499578829365,google/gemma-3-12b-it,0.43088366000842027,0.3090353779587681,1.3942858673802365,100,9211,21377,6071,19645
google/gemma-3-12b-it,gemma-3-12b-it,Gemma 3,12.0,ukr,synthetic,0.8855,0.0071218140327839715,2000,0.954,0.004685400355171813,2000,0.0685,0.008524858450778104,0.9281970649895178,0.008747052386750814,Ukrainian,0.15273132616089036,URIEL syntax_knn,ukr,CC-MAIN-2026-21,17456210,/work/multilingual-gsm-symbolic/paper/artifacts/figures/transfer_features/languages.csv,7.2419499578829365,google/gemma-3-12b-it,0.43088366000842027,0.3090353779587681,1.3942858673802365,100,9211,21377,6071,19645
google/gemma-3-12b-it,gemma-3-12b-it,Gemma 3,12.0,urd,original,0.82,0.03861229196653691,100,0.96,0.019694638556693234,100,0.14,0.04334498677803327,0.8541666666666666,0.04387266687056081,urd,0.3838046008442838,URIEL syntax_knn,urd,CC-MAIN-2026-21,682592,/work/multilingual-gsm-symbolic/paper/artifacts/figures/transfer_features/languages.csv,5.834161194027274,google/gemma-3-12b-it,0.45412891804644384,0.3090353779587681,1.4695046277421167,100,8722,19206,6071,19645
google/gemma-3-12b-it,gemma-3-12b-it,Gemma 3,12.0,urd,synthetic,0.842,0.008157896520416213,2000,0.954,0.004685400355171813,2000,0.11199999999999999,0.009407669856349292,0.8825995807127882,0.00958717020438339,urd,0.3838046008442838,URIEL syntax_knn,urd,CC-MAIN-2026-21,682592,/work/multilingual-gsm-symbolic/paper/artifacts/figures/transfer_features/languages.csv,5.834161194027274,google/gemma-3-12b-it,0.45412891804644384,0.3090353779587681,1.4695046277421167,100,8722,19206,6071,19645
google/gemma-3-12b-it,gemma-3-12b-it,Gemma 3,12.0,zho,original,0.89,0.031446603773522014,100,0.96,0.019694638556693234,100,0.06999999999999995,0.037104820128491076,0.9270833333333334,0.037878075452755997,Chinese,0.2892275292349138,URIEL syntax_knn,zho,CC-MAIN-2026-21,102274716,/work/multilingual-gsm-symbolic/paper/artifacts/figures/transfer_features/languages.csv,8.009768282208015,google/gemma-3-12b-it,0.879725957878711,0.3090353779587681,2.846683650556297,100,6934,7882,6071,19645
google/gemma-3-12b-it,gemma-3-12b-it,Gemma 3,12.0,zho,synthetic,0.861,0.007737534149673184,2000,0.954,0.004685400355171813,2000,0.09299999999999997,0.009045574122497858,0.9025157232704403,0.009242816306167922,Chinese,0.2892275292349138,URIEL syntax_knn,zho,CC-MAIN-2026-21,102274716,/work/multilingual-gsm-symbolic/paper/artifacts/figures/transfer_features/languages.csv,8.009768282208015,google/gemma-3-12b-it,0.879725957878711,0.3090353779587681,2.846683650556297,100,6934,7882,6071,19645
google/gemma-3-1b-it,gemma-3-1b-it,Gemma 3,1.0,ara,original,0.25,0.043519413988924456,100,0.54,0.050090826596203314,100,0.29000000000000004,0.06635533364417892,0.4629629629629629,0.0913194819545879,Arabic,0.34901322303461213,URIEL syntax_knn,ara,CC-MAIN-2026-21,14123579,/work/multilingual-gsm-symbolic/paper/artifacts/figures/transfer_features/languages.csv,7.149944763500101,google/gemma-3-4b-it,0.4738837170410837,0.3090353779587681,1.5334286972940354,100,8501,17939,6071,19645
google/gemma-3-1b-it,gemma-3-1b-it,Gemma 3,1.0,ara,synthetic,0.193,0.008826916632019038,2000,0.556,0.011112774040420178,2000,0.36300000000000004,0.01419183582564465,0.34712230215827333,0.017325540549313314,Arabic,0.34901322303461213,URIEL syntax_knn,ara,CC-MAIN-2026-21,14123579,/work/multilingual-gsm-symbolic/paper/artifacts/figures/transfer_features/languages.csv,7.149944763500101,google/gemma-3-4b-it,0.4738837170410837,0.3090353779587681,1.5334286972940354,100,8501,17939,6071,19645
google/gemma-3-1b-it,gemma-3-1b-it,Gemma 3,1.0,dan,original,0.325,0.033202212797844764,200,0.54,0.050090826596203314,100,0.21500000000000002,0.060095572580384615,0.6018518518518519,0.08304980623575017,Danish,0.11992176734660287,URIEL syntax_knn,dan,CC-MAIN-2026-21,11404389,/work/multilingual-gsm-symbolic/paper/artifacts/figures/transfer_features/languages.csv,7.057072022533615,google/gemma-3-4b-it,0.385444610034774,0.3090353779587681,1.2472507600285183,100,7759,20130,6071,19645
google/gemma-3-1b-it,gemma-3-1b-it,Gemma 3,1.0,dan,synthetic,0.26625,0.006989452588498749,4000,0.556,0.011112774040420178,2000,0.28975000000000006,0.013128068950165842,0.47886690647482005,0.01579984864991464,Danish,0.11992176734660287,URIEL syntax_knn,dan,CC-MAIN-2026-21,11404389,/work/multilingual-gsm-symbolic/paper/artifacts/figures/transfer_features/languages.csv,7.057072022533615,google/gemma-3-4b-it,0.385444610034774,0.3090353779587681,1.2472507600285183,100,7759,20130,6071,19645
google/gemma-3-1b-it,gemma-3-1b-it,Gemma 3,1.0,deu,original,0.29,0.03216633903375036,200,0.54,0.050090826596203314,100,0.25000000000000006,0.059529524405332525,0.537037037037037,0.07765239480795794,German,0.09745802098497969,URIEL syntax_knn,deu,CC-MAIN-2026-21,129221452,/work/multilingual-gsm-symbolic/paper/artifacts/figures/transfer_features/languages.csv,8.111334616692115,google/gemma-3-4b-it,0.3227557968756954,0.3090353779587681,1.0443975670602925,100,7252,22469,6071,19645
google/gemma-3-1b-it,gemma-3-1b-it,Gemma 3,1.0,deu,synthetic,0.2755,0.0070648719453293,4000,0.556,0.011112774040420178,2000,0.2805,0.013168377366909623,0.49550359712230213,0.01611023655290183,German,0.09745802098497969,URIEL syntax_knn,deu,CC-MAIN-2026-21,129221452,/work/multilingual-gsm-symbolic/paper/artifacts/figures/transfer_features/languages.csv,8.111334616692115,google/gemma-3-4b-it,0.3227557968756954,0.3090353779587681,1.0443975670602925,100,7252,22469,6071,19645
google/gemma-3-1b-it,gemma-3-1b-it,Gemma 3,1.0,est,original,0.07,0.02564323999762428,100,0.54,0.050090826596203314,100,0.47000000000000003,0.056273143387113776,0.12962962962962962,0.04898622892208246,Estonian,0.22659791675913576,URIEL syntax_knn,est,CC-MAIN-2026-21,3089989,/work/multilingual-gsm-symbolic/paper/artifacts/figures/transfer_features/languages.csv,6.489956933389947,google/gemma-3-4b-it,0.4165433560224919,0.3090353779587681,1.3478824294287355,100,8445,20274,6071,19645
google/gemma-3-1b-it,gemma-3-1b-it,Gemma 3,1.0,est,synthetic,0.039,0.004329997048176663,2000,0.556,0.011112774040420178,2000,0.517,0.011926551107116224,0.07014388489208633,0.007912950424653179,Estonian,0.22659791675913576,URIEL syntax_knn,est,CC-MAIN-2026-21,3089989,/work/multilingual-gsm-symbolic/paper/artifacts/figures/transfer_features/languages.csv,6.489956933389947,google/gemma-3-4b-it,0.4165433560224919,0.3090353779587681,1.3478824294287355,100,8445,20274,6071,19645
google/gemma-3-1b-it,gemma-3-1b-it,Gemma 3,1.0,fra,original,0.25,0.04351941398892446,100,0.54,0.050090826596203314,100,0.29000000000000004,0.06635533364417892,0.4629629629629629,0.09131948195458792,French,0.18824593690905445,URIEL syntax_knn,fra,CC-MAIN-2026-21,102728618,/work/multilingual-gsm-symbolic/paper/artifacts/figures/transfer_features/languages.csv,8.011691445624011,google/gemma-3-4b-it,0.3334076617758551,0.3090353779587681,1.0788656754384243,100,7476,22423,6071,19645
google/gemma-3-1b-it,gemma-3-1b-it,Gemma 3,1.0,fra,synthetic,0.2165,0.009211748105087098,2000,0.556,0.011112774040420178,2000,0.3395,0.014434335801311133,0.38938848920863306,0.018304797632311243,French,0.18824593690905445,URIEL syntax_knn,fra,CC-MAIN-2026-21,102728618,/work/multilingual-gsm-symbolic/paper/artifacts/figures/transfer_features/languages.csv,8.011691445624011,google/gemma-3-4b-it,0.3334076617758551,0.3090353779587681,1.0788656754384243,100,7476,22423,6071,19645
google/gemma-3-1b-it,gemma-3-1b-it,Gemma 3,1.0,hin,original,0.08,0.02726599243442907,100,0.54,0.050090826596203314,100,0.46,0.05703091488416833,0.14814814814814814,0.05232926886719584,Hindi,0.3838046008442838,URIEL syntax_knn,hin,CC-MAIN-2026-21,4774018,/work/multilingual-gsm-symbolic/paper/artifacts/figures/transfer_features/languages.csv,6.678884052141607,google/gemma-3-4b-it,0.35590155700652937,0.3090353779587681,1.1516531193202553,100,7086,19910,6071,19645
google/gemma-3-1b-it,gemma-3-1b-it,Gemma 3,1.0,hin,synthetic,0.059,0.005270046175637044,2000,0.556,0.011112774040420178,2000,0.49700000000000005,0.012299070435068792,0.10611510791366904,0.0097128926086883,Hindi,0.3838046008442838,URIEL syntax_knn,hin,CC-MAIN-2026-21,4774018,/work/multilingual-gsm-symbolic/paper/artifacts/figures/transfer_features/languages.csv,6.678884052141607,google/gemma-3-4b-it,0.35590155700652937,0.3090353779587681,1.1516531193202553,100,7086,19910,6071,19645
google/gemma-3-1b-it,gemma-3-1b-it,Gemma 3,1.0,isl,original,0.03,0.01714466079977653,100,0.54,0.050090826596203314,100,0.51,0.052943652150473176,0.05555555555555555,0.032164886285379245,Icelandic,0.13127809128711687,URIEL syntax_knn,isl,CC-MAIN-2026-21,777022,/work/multilingual-gsm-symbolic/paper/artifacts/figures/transfer_features/languages.csv,5.890433315253091,google/gemma-3-4b-it,0.4799903915445592,0.3090353779587681,1.5531891355448635,100,9991,20815,6071,19645
google/gemma-3-1b-it,gemma-3-1b-it,Gemma 3,1.0,isl,synthetic,0.032,0.0039364638794147444,2000,0.556,0.011112774040420178,2000,0.524,0.011789380592184375,0.05755395683453237,0.00717281333887425,Icelandic,0.13127809128711687,URIEL syntax_knn,isl,CC-MAIN-2026-21,777022,/work/multilingual-gsm-symbolic/paper/artifacts/figures/transfer_features/languages.csv,5.890433315253091,google/gemma-3-4b-it,0.4799903915445592,0.3090353779587681,1.5531891355448635,100,9991,20815,6071,19645
google/gemma-3-1b-it,gemma-3-1b-it,Gemma 3,1.0,ita,original,0.33,0.04725815626252607,100,0.54,0.050090826596203314,100,0.21000000000000002,0.06886526150697637,0.611111111111111,0.10427044822485534,Italian,0.14220584589844,URIEL syntax_knn,ita,CC-MAIN-2026-21,53457335,/work/multilingual-gsm-symbolic/paper/artifacts/figures/transfer_features/languages.csv,7.728007304146603,google/gemma-3-4b-it,0.3333938623570002,0.3090353779587681,1.0788210222374022,100,7344,22028,6071,19645
google/gemma-3-1b-it,gemma-3-1b-it,Gemma 3,1.0,ita,synthetic,0.3095,0.010339648406236175,2000,0.556,0.011112774040420178,2000,0.24650000000000005,0.015179001154160932,0.5566546762589928,0.021670583236785217,Italian,0.14220584589844,URIEL syntax_knn,ita,CC-MAIN-2026-21,53457335,/work/multilingual-gsm-symbolic/paper/artifacts/figures/transfer_features/languages.csv,7.728007304146603,google/gemma-3-4b-it,0.3333938623570002,0.3090353779587681,1.0788210222374022,100,7344,22028,6071,19645
google/gemma-3-1b-it,gemma-3-1b-it,Gemma 3,1.0,jpn,original,0.165,0.02631229148928473,200,0.54,0.050090826596203314,100,0.375,0.05658115934220502,0.3055555555555555,0.05637044163000876,Japanese,0.4998069870609444,URIEL syntax_knn,jpn,CC-MAIN-2026-21,118455052,/work/multilingual-gsm-symbolic/paper/artifacts/figures/transfer_features/languages.csv,8.073553587717582,google/gemma-3-4b-it,0.6343310494049765,0.3090353779587681,2.0526162848889418,100,7036,11092,6071,19645
google/gemma-3-1b-it,gemma-3-1b-it,Gemma 3,1.0,jpn,synthetic,0.12875,0.005296260186961363,4000,0.556,0.011112774040420178,2000,0.42725,0.012310325700054756,0.23156474820143882,0.010590514282559875,Japanese,0.4998069870609444,URIEL syntax_knn,jpn,CC-MAIN-2026-21,118455052,/work/multilingual-gsm-symbolic/paper/artifacts/figures/transfer_features/languages.csv,8.073553587717582,google/gemma-3-4b-it,0.6343310494049765,0.3090353779587681,2.0526162848889418,100,7036,11092,6071,19645
google/gemma-3-1b-it,gemma-3-1b-it,Gemma 3,1.0,mar,original,0.03,0.01714466079977653,100,0.54,0.050090826596203314,100,0.51,0.052943652150473176,0.05555555555555555,0.032164886285379245,Marathi,0.43515421744059357,URIEL syntax_knn,mar,CC-MAIN-2026-21,649289,/work/multilingual-gsm-symbolic/paper/artifacts/figures/transfer_features/languages.csv,5.812438045288022,google/gemma-3-4b-it,0.3584853254328303,0.3090353779587681,1.1600138722002884,100,7744,21602,6071,19645
google/gemma-3-1b-it,gemma-3-1b-it,Gemma 3,1.0,mar,synthetic,0.003,0.001223212215464689,2000,0.556,0.011112774040420178,2000,0.553,0.011179892441231206,0.0053956834532374095,0.002202663592067974,Marathi,0.43515421744059357,URIEL syntax_knn,mar,CC-MAIN-2026-21,649289,/work/multilingual-gsm-symbolic/paper/artifacts/figures/transfer_features/languages.csv,5.812438045288022,google/gemma-3-4b-it,0.3584853254328303,0.3090353779587681,1.1600138722002884,100,7744,21602,6071,19645
google/gemma-3-1b-it,gemma-3-1b-it,Gemma 3,1.0,nld,original,0.33,0.04725815626252609,100,0.54,0.050090826596203314,100,0.21000000000000002,0.06886526150697637,0.611111111111111,0.10427044822485537,Dutch,0.07570690126642576,URIEL syntax_knn,nld,CC-MAIN-2026-21,39513234,/work/multilingual-gsm-symbolic/paper/artifacts/figures/transfer_features/languages.csv,7.596742576400662,google/gemma-3-4b-it,0.3441588568247193,0.3090353779587681,1.113655203808534,100,7418,21554,6071,19645
google/gemma-3-1b-it,gemma-3-1b-it,Gemma 3,1.0,nld,synthetic,0.262,0.009834956186053437,2000,0.556,0.011112774040420178,2000,0.29400000000000004,0.014839815027655412,0.47122302158273377,0.0200399013533957,Dutch,0.07570690126642576,URIEL syntax_knn,nld,CC-MAIN-2026-21,39513234,/work/multilingual-gsm-symbolic/paper/artifacts/figures/transfer_features/languages.csv,7.596742576400662,google/gemma-3-4b-it,0.3441588568247193,0.3090353779587681,1.113655203808534,100,7418,21554,6071,19645
google/gemma-3-1b-it,gemma-3-1b-it,Gemma 3,1.0,nob,original,0.34,0.04760952285695233,100,0.54,0.050090826596203314,100,0.2,0.06910685621381989,0.6296296296296297,0.10575605200777208,Norwegian Bokmal,0.10138170956458059,URIEL syntax_knn,nor,CC-MAIN-2026-21,7148610,/work/multilingual-gsm-symbolic/paper/artifacts/figures/transfer_features/languages.csv,6.854221604316353,google/gemma-3-4b-it,0.3823780151446768,0.3090353779587681,1.2373276408362996,100,7625,19941,6071,19645
google/gemma-3-1b-it,gemma-3-1b-it,Gemma 3,1.0,nob,synthetic,0.2775,0.010014840164064327,2000,0.556,0.011112774040420178,2000,0.2785,0.014959638043254677,0.49910071942446044,0.020590148051171393,Norwegian Bokmal,0.10138170956458059,URIEL syntax_knn,nor,CC-MAIN-2026-21,7148610,/work/multilingual-gsm-symbolic/paper/artifacts/figures/transfer_features/languages.csv,6.854221604316353,google/gemma-3-4b-it,0.3823780151446768,0.3090353779587681,1.2373276408362996,100,7625,19941,6071,19645
google/gemma-3-1b-it,gemma-3-1b-it,Gemma 3,1.0,rus,original,0.31,0.04648231987117317,100,0.54,0.050090826596203314,100,0.23000000000000004,0.0683351810541025,0.5740740740740741,0.1012186491691194,Russian,0.18824593690905445,URIEL syntax_knn,rus,CC-MAIN-2026-21,138631119,/work/multilingual-gsm-symbolic/paper/artifacts/figures/transfer_features/languages.csv,8.141860728782362,google/gemma-3-4b-it,0.35265586739498966,0.3090353779587681,1.1411504719114762,100,7489,21236,6071,19645
google/gemma-3-1b-it,gemma-3-1b-it,Gemma 3,1.0,rus,synthetic,0.249,0.009671932233869737,2000,0.556,0.011112774040420178,2000,0.30700000000000005,0.01473227816768354,0.44784172661870497,0.019563389742120324,Russian,0.18824593690905445,URIEL syntax_knn,rus,CC-MAIN-2026-21,138631119,/work/multilingual-gsm-symbolic/paper/artifacts/figures/transfer_features/languages.csv,8.141860728782362,google/gemma-3-4b-it,0.35265586739498966,0.3090353779587681,1.1411504719114762,100,7489,21236,6071,19645
google/gemma-3-1b-it,gemma-3-1b-it,Gemma 3,1.0,ukr,original,0.18,0.038612291966536906,100,0.54,0.050090826596203314,100,0.36000000000000004,0.06324555320336758,0.3333333333333333,0.07790327110697318,Ukrainian,0.15273132616089036,URIEL syntax_knn,ukr,CC-MAIN-2026-21,17456210,/work/multilingual-gsm-symbolic/paper/artifacts/figures/transfer_features/languages.csv,7.2419499578829365,google/gemma-3-4b-it,0.43088366000842027,0.3090353779587681,1.3942858673802365,100,9211,21377,6071,19645
google/gemma-3-1b-it,gemma-3-1b-it,Gemma 3,1.0,ukr,synthetic,0.1895,0.008765460150261532,2000,0.556,0.011112774040420178,2000,0.36650000000000005,0.014153693458573261,0.3408273381294964,0.017174020500165935,Ukrainian,0.15273132616089036,URIEL syntax_knn,ukr,CC-MAIN-2026-21,17456210,/work/multilingual-gsm-symbolic/paper/artifacts/figures/transfer_features/languages.csv,7.2419499578829365,google/gemma-3-4b-it,0.43088366000842027,0.3090353779587681,1.3942858673802365,100,9211,21377,6071,19645
google/gemma-3-1b-it,gemma-3-1b-it,Gemma 3,1.0,urd,original,0.03,0.01714466079977653,100,0.54,0.050090826596203314,100,0.51,0.052943652150473176,0.05555555555555555,0.032164886285379245,urd,0.3838046008442838,URIEL syntax_knn,urd,CC-MAIN-2026-21,682592,/work/multilingual-gsm-symbolic/paper/artifacts/figures/transfer_features/languages.csv,5.834161194027274,google/gemma-3-4b-it,0.45412891804644384,0.3090353779587681,1.4695046277421167,100,8722,19206,6071,19645
google/gemma-3-1b-it,gemma-3-1b-it,Gemma 3,1.0,urd,synthetic,0.019,0.0030535490958948936,2000,0.556,0.011112774040420178,2000,0.537,0.011524665242621026,0.03417266187050359,0.0055343028543660576,urd,0.3838046008442838,URIEL syntax_knn,urd,CC-MAIN-2026-21,682592,/work/multilingual-gsm-symbolic/paper/artifacts/figures/transfer_features/languages.csv,5.834161194027274,google/gemma-3-4b-it,0.45412891804644384,0.3090353779587681,1.4695046277421167,100,8722,19206,6071,19645
google/gemma-3-1b-it,gemma-3-1b-it,Gemma 3,1.0,zho,original,0.23,0.04229525846816506,100,0.54,0.050090826596203314,100,0.31000000000000005,0.06555897953735855,0.42592592592592593,0.08772522127492158,Chinese,0.2892275292349138,URIEL syntax_knn,zho,CC-MAIN-2026-21,102274716,/work/multilingual-gsm-symbolic/paper/artifacts/figures/transfer_features/languages.csv,8.009768282208015,google/gemma-3-4b-it,0.879725957878711,0.3090353779587681,2.846683650556297,100,6934,7882,6071,19645
google/gemma-3-1b-it,gemma-3-1b-it,Gemma 3,1.0,zho,synthetic,0.1845,0.008675684915577393,2000,0.556,0.011112774040420178,2000,0.37150000000000005,0.014098271370200451,0.3318345323741007,0.016954806028838317,Chinese,0.2892275292349138,URIEL syntax_knn,zho,CC-MAIN-2026-21,102274716,/work/multilingual-gsm-symbolic/paper/artifacts/figures/transfer_features/languages.csv,8.009768282208015,google/gemma-3-4b-it,0.879725957878711,0.3090353779587681,2.846683650556297,100,6934,7882,6071,19645
google/gemma-3-27b-it,gemma-3-27b-it,Gemma 3,27.0,ara,original,0.93,0.025643239997624277,100,0.95,0.021904291355759033,100,0.019999999999999907,0.03372497201442482,0.9789473684210527,0.03518663133845609,Arabic,0.34901322303461213,URIEL syntax_knn,ara,CC-MAIN-2026-21,14123579,/work/multilingual-gsm-symbolic/paper/artifacts/figures/transfer_features/languages.csv,7.149944763500101,google/gemma-3-4b-it,0.4738837170410837,0.3090353779587681,1.5334286972940354,100,8501,17939,6071,19645
google/gemma-3-27b-it,gemma-3-27b-it,Gemma 3,27.0,ara,synthetic,0.9125,0.006319956164639239,2000,0.9655,0.004082059113156204,2000,0.05300000000000005,0.0075236329340461,0.9451061626100465,0.007669029478584086,Arabic,0.34901322303461213,URIEL syntax_knn,ara,CC-MAIN-2026-21,14123579,/work/multilingual-gsm-symbolic/paper/artifacts/figures/transfer_features/languages.csv,7.149944763500101,google/gemma-3-4b-it,0.4738837170410837,0.3090353779587681,1.5334286972940354,100,8501,17939,6071,19645
google/gemma-3-27b-it,gemma-3-27b-it,Gemma 3,27.0,dan,original,0.955,0.014695399751940973,200,0.95,0.021904291355759033,100,-0.0050000000000000044,0.02637712557628914,1.0052631578947369,0.02786625257744216,Danish,0.11992176734660287,URIEL syntax_knn,dan,CC-MAIN-2026-21,11404389,/work/multilingual-gsm-symbolic/paper/artifacts/figures/transfer_features/languages.csv,7.057072022533615,google/gemma-3-4b-it,0.385444610034774,0.3090353779587681,1.2472507600285183,100,7759,20130,6071,19645
google/gemma-3-27b-it,gemma-3-27b-it,Gemma 3,27.0,dan,synthetic,0.937,0.0038420619932648145,4000,0.9655,0.004082059113156204,2000,0.02849999999999997,0.005605769078671687,0.9704816157431383,0.00571583981484504,Danish,0.11992176734660287,URIEL syntax_knn,dan,CC-MAIN-2026-21,11404389,/work/multilingual-gsm-symbolic/paper/artifacts/figures/transfer_features/languages.csv,7.057072022533615,google/gemma-3-4b-it,0.385444610034774,0.3090353779587681,1.2472507600285183,100,7759,20130,6071,19645
google/gemma-3-27b-it,gemma-3-27b-it,Gemma 3,27.0,deu,original,0.95,0.015449707678033376,200,0.95,0.021904291355759033,100,0.0,0.02680469076737621,1.0,0.028215463965659167,German,0.09745802098497969,URIEL syntax_knn,deu,CC-MAIN-2026-21,129221452,/work/multilingual-gsm-symbolic/paper/artifacts/figures/transfer_features/languages.csv,8.111334616692115,google/gemma-3-4b-it,0.3227557968756954,0.3090353779587681,1.0443975670602925,100,7252,22469,6071,19645
google/gemma-3-27b-it,gemma-3-27b-it,Gemma 3,27.0,deu,synthetic,0.911,0.004502756789420919,4000,0.9655,0.004082059113156204,2000,0.05449999999999999,0.006077666106983651,0.9435525634386328,0.006137092892484278,German,0.09745802098497969,URIEL syntax_knn,deu,CC-MAIN-2026-21,129221452,/work/multilingual-gsm-symbolic/paper/artifacts/figures/transfer_features/languages.csv,8.111334616692115,google/gemma-3-4b-it,0.3227557968756954,0.3090353779587681,1.0443975670602925,100,7252,22469,6071,19645
google/gemma-3-27b-it,gemma-3-27b-it,Gemma 3,27.0,est,original,0.94,0.023868325657594208,100,0.95,0.021904291355759033,100,0.010000000000000009,0.0323959094562099,0.9894736842105263,0.03393732372984935,Estonian,0.22659791675913576,URIEL syntax_knn,est,CC-MAIN-2026-21,3089989,/work/multilingual-gsm-symbolic/paper/artifacts/figures/transfer_features/languages.csv,6.489956933389947,google/gemma-3-4b-it,0.4165433560224919,0.3090353779587681,1.3478824294287355,100,8445,20274,6071,19645
google/gemma-3-27b-it,gemma-3-27b-it,Gemma 3,27.0,est,synthetic,0.9195,0.006085095660266755,2000,0.9655,0.004082059113156204,2000,0.04600000000000004,0.007327454933187846,0.9523562920766442,0.007478939281704616,Estonian,0.22659791675913576,URIEL syntax_knn,est,CC-MAIN-2026-21,3089989,/work/multilingual-gsm-symbolic/paper/artifacts/figures/transfer_features/languages.csv,6.489956933389947,google/gemma-3-4b-it,0.4165433560224919,0.3090353779587681,1.3478824294287355,100,8445,20274,6071,19645
google/gemma-3-27b-it,gemma-3-27b-it,Gemma 3,27.0,fra,original,0.94,0.023868325657594204,100,0.95,0.021904291355759033,100,0.010000000000000009,0.0323959094562099,0.9894736842105263,0.033937323729849346,French,0.18824593690905445,URIEL syntax_knn,fra,CC-MAIN-2026-21,102728618,/work/multilingual-gsm-symbolic/paper/artifacts/figures/transfer_features/languages.csv,8.011691445624011,google/gemma-3-4b-it,0.3334076617758551,0.3090353779587681,1.0788656754384243,100,7476,22423,6071,19645
google/gemma-3-27b-it,gemma-3-27b-it,Gemma 3,27.0,fra,synthetic,0.904,0.006588907864997558,2000,0.9655,0.004082059113156204,2000,0.0615,0.007750929844652724,0.9363024339720352,0.00788938205095042,French,0.18824593690905445,URIEL syntax_knn,fra,CC-MAIN-2026-21,102728618,/work/multilingual-gsm-symbolic/paper/artifacts/figures/transfer_features/languages.csv,8.011691445624011,google/gemma-3-4b-it,0.3334076617758551,0.3090353779587681,1.0788656754384243,100,7476,22423,6071,19645
google/gemma-3-27b-it,gemma-3-27b-it,Gemma 3,27.0,hin,original,0.94,0.0238683256575942,100,0.95,0.021904291355759033,100,0.010000000000000009,0.03239590945620989,0.9894736842105263,0.033937323729849346,Hindi,0.3838046008442838,URIEL syntax_knn,hin,CC-MAIN-2026-21,4774018,/work/multilingual-gsm-symbolic/paper/artifacts/figures/transfer_features/languages.csv,6.678884052141607,google/gemma-3-4b-it,0.35590155700652937,0.3090353779587681,1.1516531193202553,100,7086,19910,6071,19645
google/gemma-3-27b-it,gemma-3-27b-it,Gemma 3,27.0,hin,synthetic,0.9015,0.0066649145187895175,2000,0.9655,0.004082059113156204,2000,0.06400000000000006,0.007815644064699525,0.9337131020196788,0.00795213512254036,Hindi,0.3838046008442838,URIEL syntax_knn,hin,CC-MAIN-2026-21,4774018,/work/multilingual-gsm-symbolic/paper/artifacts/figures/transfer_features/languages.csv,6.678884052141607,google/gemma-3-4b-it,0.35590155700652937,0.3090353779587681,1.1516531193202553,100,7086,19910,6071,19645
google/gemma-3-27b-it,gemma-3-27b-it,Gemma 3,27.0,isl,original,0.9,0.030151134457776355,100,0.95,0.021904291355759033,100,0.04999999999999993,0.03726779962499649,0.9473684210526316,0.03852851472960015,Icelandic,0.13127809128711687,URIEL syntax_knn,isl,CC-MAIN-2026-21,777022,/work/multilingual-gsm-symbolic/paper/artifacts/figures/transfer_features/languages.csv,5.890433315253091,google/gemma-3-4b-it,0.4799903915445592,0.3090353779587681,1.5531891355448635,100,9991,20815,6071,19645
google/gemma-3-27b-it,gemma-3-27b-it,Gemma 3,27.0,isl,synthetic,0.9055,0.006542650696703091,2000,0.9655,0.004082059113156204,2000,0.06000000000000005,0.007711646046232351,0.9378560331434489,0.00785129174376576,Icelandic,0.13127809128711687,URIEL syntax_knn,isl,CC-MAIN-2026-21,777022,/work/multilingual-gsm-symbolic/paper/artifacts/figures/transfer_features/languages.csv,5.890433315253091,google/gemma-3-4b-it,0.4799903915445592,0.3090353779587681,1.5531891355448635,100,9991,20815,6071,19645
google/gemma-3-27b-it,gemma-3-27b-it,Gemma 3,27.0,ita,original,0.92,0.027265992434429075,100,0.95,0.021904291355759033,100,0.029999999999999916,0.03497473835831118,0.9684210526315791,0.03636393089546882,Italian,0.14220584589844,URIEL syntax_knn,ita,CC-MAIN-2026-21,53457335,/work/multilingual-gsm-symbolic/paper/artifacts/figures/transfer_features/languages.csv,7.728007304146603,google/gemma-3-4b-it,0.3333938623570002,0.3090353779587681,1.0788210222374022,100,7344,22028,6071,19645
google/gemma-3-27b-it,gemma-3-27b-it,Gemma 3,27.0,ita,synthetic,0.925,0.0058910824494496075,2000,0.9655,0.004082059113156204,2000,0.04049999999999998,0.007167151388767702,0.9580528223718281,0.007323694988139071,Italian,0.14220584589844,URIEL syntax_knn,ita,CC-MAIN-2026-21,53457335,/work/multilingual-gsm-symbolic/paper/artifacts/figures/transfer_features/languages.csv,7.728007304146603,google/gemma-3-4b-it,0.3333938623570002,0.3090353779587681,1.0788210222374022,100,7344,22028,6071,19645
google/gemma-3-27b-it,gemma-3-27b-it,Gemma 3,27.0,jpn,original,0.945,0.016161092305986408,200,0.95,0.021904291355759033,100,0.0050000000000000044,0.027220927322936538,0.9947368421052631,0.02855604723829502,Japanese,0.4998069870609444,URIEL syntax_knn,jpn,CC-MAIN-2026-21,118455052,/work/multilingual-gsm-symbolic/paper/artifacts/figures/transfer_features/languages.csv,8.073553587717582,google/gemma-3-4b-it,0.6343310494049765,0.3090353779587681,2.0526162848889418,100,7036,11092,6071,19645
google/gemma-3-27b-it,gemma-3-27b-it,Gemma 3,27.0,jpn,synthetic,0.8985,0.00477547262422225,4000,0.9655,0.004082059113156204,2000,0.06700000000000006,0.0062823837345388055,0.9306059036768514,0.00632017105649406,Japanese,0.4998069870609444,URIEL syntax_knn,jpn,CC-MAIN-2026-21,118455052,/work/multilingual-gsm-symbolic/paper/artifacts/figures/transfer_features/languages.csv,8.073553587717582,google/gemma-3-4b-it,0.6343310494049765,0.3090353779587681,2.0526162848889418,100,7036,11092,6071,19645
google/gemma-3-27b-it,gemma-3-27b-it,Gemma 3,27.0,mar,original,0.92,0.027265992434429075,100,0.95,0.021904291355759033,100,0.029999999999999916,0.03497473835831118,0.9684210526315791,0.03636393089546882,Marathi,0.43515421744059357,URIEL syntax_knn,mar,CC-MAIN-2026-21,649289,/work/multilingual-gsm-symbolic/paper/artifacts/figures/transfer_features/languages.csv,5.812438045288022,google/gemma-3-4b-it,0.3584853254328303,0.3090353779587681,1.1600138722002884,100,7744,21602,6071,19645
google/gemma-3-27b-it,gemma-3-27b-it,Gemma 3,27.0,mar,synthetic,0.8665,0.007607089384544666,2000,0.9655,0.004082059113156204,2000,0.09899999999999998,0.008633134743982267,0.8974624546866908,0.008744983459327052,Marathi,0.43515421744059357,URIEL syntax_knn,mar,CC-MAIN-2026-21,649289,/work/multilingual-gsm-symbolic/paper/artifacts/figures/transfer_features/languages.csv,5.812438045288022,google/gemma-3-4b-it,0.3584853254328303,0.3090353779587681,1.1600138722002884,100,7744,21602,6071,19645
google/gemma-3-27b-it,gemma-3-27b-it,Gemma 3,27.0,nld,original,0.94,0.023868325657594204,100,0.95,0.021904291355759033,100,0.010000000000000009,0.0323959094562099,0.9894736842105263,0.033937323729849346,Dutch,0.07570690126642576,URIEL syntax_knn,nld,CC-MAIN-2026-21,39513234,/work/multilingual-gsm-symbolic/paper/artifacts/figures/transfer_features/languages.csv,7.596742576400662,google/gemma-3-4b-it,0.3441588568247193,0.3090353779587681,1.113655203808534,100,7418,21554,6071,19645
google/gemma-3-27b-it,gemma-3-27b-it,Gemma 3,27.0,nld,synthetic,0.9235,0.00594487558935311,2000,0.9655,0.004082059113156204,2000,0.04200000000000004,0.007211432061400018,0.9564992232004143,0.007366569555582835,Dutch,0.07570690126642576,URIEL syntax_knn,nld,CC-MAIN-2026-21,39513234,/work/multilingual-gsm-symbolic/paper/artifacts/figures/transfer_features/languages.csv,7.596742576400662,google/gemma-3-4b-it,0.3441588568247193,0.3090353779587681,1.113655203808534,100,7418,21554,6071,19645
google/gemma-3-27b-it,gemma-3-27b-it,Gemma 3,27.0,nob,original,0.96,0.019694638556693237,100,0.95,0.021904291355759033,100,-0.010000000000000009,0.029456353604558182,1.0105263157894737,0.031187591484298813,Norwegian Bokmal,0.10138170956458059,URIEL syntax_knn,nor,CC-MAIN-2026-21,7148610,/work/multilingual-gsm-symbolic/paper/artifacts/figures/transfer_features/languages.csv,6.854221604316353,google/gemma-3-4b-it,0.3823780151446768,0.3090353779587681,1.2373276408362996,100,7625,19941,6071,19645
google/gemma-3-27b-it,gemma-3-27b-it,Gemma 3,27.0,nob,synthetic,0.9385,0.005373389214995307,2000,0.9655,0.004082059113156204,2000,0.027000000000000024,0.006748075152154835,0.972035214914552,0.006918321559395212,Norwegian Bokmal,0.10138170956458059,URIEL syntax_knn,nor,CC-MAIN-2026-21,7148610,/work/multilingual-gsm-symbolic/paper/artifacts/figures/transfer_features/languages.csv,6.854221604316353,google/gemma-3-4b-it,0.3823780151446768,0.3090353779587681,1.2373276408362996,100,7625,19941,6071,19645
google/gemma-3-27b-it,gemma-3-27b-it,Gemma 3,27.0,rus,original,0.92,0.027265992434429065,100,0.95,0.021904291355759033,100,0.029999999999999916,0.03497473835831117,0.9684210526315791,0.03636393089546881,Russian,0.18824593690905445,URIEL syntax_knn,rus,CC-MAIN-2026-21,138631119,/work/multilingual-gsm-symbolic/paper/artifacts/figures/transfer_features/languages.csv,8.141860728782362,google/gemma-3-4b-it,0.35265586739498966,0.3090353779587681,1.1411504719114762,100,7489,21236,6071,19645
google/gemma-3-27b-it,gemma-3-27b-it,Gemma 3,27.0,rus,synthetic,0.8905,0.006984215391317498,2000,0.9655,0.004082059113156204,2000,0.07500000000000007,0.00808965210844186,0.9223200414293111,0.008217886991708098,Russian,0.18824593690905445,URIEL syntax_knn,rus,CC-MAIN-2026-21,138631119,/work/multilingual-gsm-symbolic/paper/artifacts/figures/transfer_features/languages.csv,8.141860728782362,google/gemma-3-4b-it,0.35265586739498966,0.3090353779587681,1.1411504719114762,100,7489,21236,6071,19645
google/gemma-3-27b-it,gemma-3-27b-it,Gemma 3,27.0,ukr,original,0.92,0.027265992434429075,100,0.95,0.021904291355759033,100,0.029999999999999916,0.03497473835831118,0.9684210526315791,0.03636393089546882,Ukrainian,0.15273132616089036,URIEL syntax_knn,ukr,CC-MAIN-2026-21,17456210,/work/multilingual-gsm-symbolic/paper/artifacts/figures/transfer_features/languages.csv,7.2419499578829365,google/gemma-3-4b-it,0.43088366000842027,0.3090353779587681,1.3942858673802365,100,9211,21377,6071,19645
google/gemma-3-27b-it,gemma-3-27b-it,Gemma 3,27.0,ukr,synthetic,0.908,0.006464433033702461,2000,0.9655,0.004082059113156204,2000,0.057499999999999996,0.007645397376887955,0.9404453650958053,0.007787061634953107,Ukrainian,0.15273132616089036,URIEL syntax_knn,ukr,CC-MAIN-2026-21,17456210,/work/multilingual-gsm-symbolic/paper/artifacts/figures/transfer_features/languages.csv,7.2419499578829365,google/gemma-3-4b-it,0.43088366000842027,0.3090353779587681,1.3942858673802365,100,9211,21377,6071,19645
google/gemma-3-27b-it,gemma-3-27b-it,Gemma 3,27.0,urd,original,0.93,0.025643239997624277,100,0.95,0.021904291355759033,100,0.019999999999999907,0.03372497201442482,0.9789473684210527,0.03518663133845609,urd,0.3838046008442838,URIEL syntax_knn,urd,CC-MAIN-2026-21,682592,/work/multilingual-gsm-symbolic/paper/artifacts/figures/transfer_features/languages.csv,5.834161194027274,google/gemma-3-4b-it,0.45412891804644384,0.3090353779587681,1.4695046277421167,100,8722,19206,6071,19645
google/gemma-3-27b-it,gemma-3-27b-it,Gemma 3,27.0,urd,synthetic,0.9025,0.006634672896399721,2000,0.9655,0.004082059113156204,2000,0.06300000000000006,0.007789871054486247,0.9347488348006214,0.007927142464877796,urd,0.3838046008442838,URIEL syntax_knn,urd,CC-MAIN-2026-21,682592,/work/multilingual-gsm-symbolic/paper/artifacts/figures/transfer_features/languages.csv,5.834161194027274,google/gemma-3-4b-it,0.45412891804644384,0.3090353779587681,1.4695046277421167,100,8722,19206,6071,19645
google/gemma-3-27b-it,gemma-3-27b-it,Gemma 3,27.0,zho,original,0.92,0.027265992434429072,100,0.95,0.021904291355759033,100,0.029999999999999916,0.03497473835831118,0.9684210526315791,0.03636393089546882,Chinese,0.2892275292349138,URIEL syntax_knn,zho,CC-MAIN-2026-21,102274716,/work/multilingual-gsm-symbolic/paper/artifacts/figures/transfer_features/languages.csv,8.009768282208015,google/gemma-3-4b-it,0.879725957878711,0.3090353779587681,2.846683650556297,100,6934,7882,6071,19645
google/gemma-3-27b-it,gemma-3-27b-it,Gemma 3,27.0,zho,synthetic,0.9065,0.006511534000334997,2000,0.9655,0.004082059113156204,2000,0.05900000000000005,0.007685263927857019,0.9388917659243915,0.007825712554515364,Chinese,0.2892275292349138,URIEL syntax_knn,zho,CC-MAIN-2026-21,102274716,/work/multilingual-gsm-symbolic/paper/artifacts/figures/transfer_features/languages.csv,8.009768282208015,google/gemma-3-4b-it,0.879725957878711,0.3090353779587681,2.846683650556297,100,6934,7882,6071,19645
google/gemma-3-4b-it,gemma-3-4b-it,Gemma 3,4.0,ara,original,0.82,0.038612291966536906,100,0.88,0.032659863237109045,100,0.06000000000000005,0.05057248023951127,0.9318181818181818,0.05586796216570374,Arabic,0.34901322303461213,URIEL syntax_knn,ara,CC-MAIN-2026-21,14123579,/work/multilingual-gsm-symbolic/paper/artifacts/figures/transfer_features/languages.csv,7.149944763500101,google/gemma-3-4b-it,0.4738837170410837,0.3090353779587681,1.5334286972940354,100,8501,17939,6071,19645
google/gemma-3-4b-it,gemma-3-4b-it,Gemma 3,4.0,ara,synthetic,0.746,0.009735984526351124,2000,0.871,0.007497173054018493,2000,0.125,0.012288083597504107,0.8564867967853043,0.013390159867765459,Arabic,0.34901322303461213,URIEL syntax_knn,ara,CC-MAIN-2026-21,14123579,/work/multilingual-gsm-symbolic/paper/artifacts/figures/transfer_features/languages.csv,7.149944763500101,google/gemma-3-4b-it,0.4738837170410837,0.3090353779587681,1.5334286972940354,100,8501,17939,6071,19645
google/gemma-3-4b-it,gemma-3-4b-it,Gemma 3,4.0,dan,original,0.79,0.028873315391699343,200,0.88,0.032659863237109045,100,0.08999999999999997,0.043592832075643,0.8977272727272728,0.04676119400978263,Danish,0.11992176734660287,URIEL syntax_knn,dan,CC-MAIN-2026-21,11404389,/work/multilingual-gsm-symbolic/paper/artifacts/figures/transfer_features/languages.csv,7.057072022533615,google/gemma-3-4b-it,0.385444610034774,0.3090353779587681,1.2472507600285183,100,7759,20130,6071,19645
google/gemma-3-4b-it,gemma-3-4b-it,Gemma 3,4.0,dan,synthetic,0.77975,0.006553298467581141,4000,0.871,0.007497173054018493,2000,0.09124999999999994,0.00995757624159124,0.8952353616532722,0.010769763185115105,Danish,0.11992176734660287,URIEL syntax_knn,dan,CC-MAIN-2026-21,11404389,/work/multilingual-gsm-symbolic/paper/artifacts/figures/transfer_features/languages.csv,7.057072022533615,google/gemma-3-4b-it,0.385444610034774,0.3090353779587681,1.2472507600285183,100,7759,20130,6071,19645
google/gemma-3-4b-it,gemma-3-4b-it,Gemma 3,4.0,deu,original,0.815,0.027525684670556595,200,0.88,0.032659863237109045,100,0.06500000000000006,0.04271217605378566,0.9261363636363635,0.046473991116956354,German,0.09745802098497969,URIEL syntax_knn,deu,CC-MAIN-2026-21,129221452,/work/multilingual-gsm-symbolic/paper/artifacts/figures/transfer_features/languages.csv,8.111334616692115,google/gemma-3-4b-it,0.3227557968756954,0.3090353779587681,1.0443975670602925,100,7252,22469,6071,19645
google/gemma-3-4b-it,gemma-3-4b-it,Gemma 3,4.0,deu,synthetic,0.77325,0.006621523277738248,4000,0.871,0.007497173054018493,2000,0.09775,0.010002608375795308,0.8877726750861079,0.010778996836962231,German,0.09745802098497969,URIEL syntax_knn,deu,CC-MAIN-2026-21,129221452,/work/multilingual-gsm-symbolic/paper/artifacts/figures/transfer_features/languages.csv,8.111334616692115,google/gemma-3-4b-it,0.3227557968756954,0.3090353779587681,1.0443975670602925,100,7252,22469,6071,19645
google/gemma-3-4b-it,gemma-3-4b-it,Gemma 3,4.0,est,original,0.77,0.04229525846816507,100,0.88,0.032659863237109045,100,0.10999999999999999,0.053437398472938,0.875,0.05800527587543013,Estonian,0.22659791675913576,URIEL syntax_knn,est,CC-MAIN-2026-21,3089989,/work/multilingual-gsm-symbolic/paper/artifacts/figures/transfer_features/languages.csv,6.489956933389947,google/gemma-3-4b-it,0.4165433560224919,0.3090353779587681,1.3478824294287355,100,8445,20274,6071,19645
google/gemma-3-4b-it,gemma-3-4b-it,Gemma 3,4.0,est,synthetic,0.713,0.010117642182923393,2000,0.871,0.007497173054018493,2000,0.15800000000000003,0.012592628285769887,0.8185993111366245,0.013586105399624609,Estonian,0.22659791675913576,URIEL syntax_knn,est,CC-MAIN-2026-21,3089989,/work/multilingual-gsm-symbolic/paper/artifacts/figures/transfer_features/languages.csv,6.489956933389947,google/gemma-3-4b-it,0.4165433560224919,0.3090353779587681,1.3478824294287355,100,8445,20274,6071,19645
google/gemma-3-4b-it,gemma-3-4b-it,Gemma 3,4.0,fra,original,0.85,0.03588702812826367,100,0.88,0.032659863237109045,100,0.030000000000000027,0.048523658709390974,0.9659090909090908,0.05429699390916488,French,0.18824593690905445,URIEL syntax_knn,fra,CC-MAIN-2026-21,102728618,/work/multilingual-gsm-symbolic/paper/artifacts/figures/transfer_features/languages.csv,8.011691445624011,google/gemma-3-4b-it,0.3334076617758551,0.3090353779587681,1.0788656754384243,100,7476,22423,6071,19645
google/gemma-3-4b-it,gemma-3-4b-it,Gemma 3,4.0,fra,synthetic,0.8245,0.00850800023707199,2000,0.871,0.007497173054018493,2000,0.046499999999999986,0.011339914983628317,0.9466130884041332,0.012720283517834203,French,0.18824593690905445,URIEL syntax_knn,fra,CC-MAIN-2026-21,102728618,/work/multilingual-gsm-symbolic/paper/artifacts/figures/transfer_features/languages.csv,8.011691445624011,google/gemma-3-4b-it,0.3334076617758551,0.3090353779587681,1.0788656754384243,100,7476,22423,6071,19645
google/gemma-3-4b-it,gemma-3-4b-it,Gemma 3,4.0,hin,original,0.74,0.044084400227680814,100,0.88,0.032659863237109045,100,0.14,0.054864387448517196,0.8409090909090909,0.0590220787486483,Hindi,0.3838046008442838,URIEL syntax_knn,hin,CC-MAIN-2026-21,4774018,/work/multilingual-gsm-symbolic/paper/artifacts/figures/transfer_features/languages.csv,6.678884052141607,google/gemma-3-4b-it,0.35590155700652937,0.3090353779587681,1.1516531193202553,100,7086,19910,6071,19645
google/gemma-3-4b-it,gemma-3-4b-it,Gemma 3,4.0,hin,synthetic,0.669,0.010524964961638674,2000,0.871,0.007497173054018493,2000,0.20199999999999996,0.012922170531517636,0.7680826636050517,0.013774139440388135,Hindi,0.3838046008442838,URIEL syntax_knn,hin,CC-MAIN-2026-21,4774018,/work/multilingual-gsm-symbolic/paper/artifacts/figures/transfer_features/languages.csv,6.678884052141607,google/gemma-3-4b-it,0.35590155700652937,0.3090353779587681,1.1516531193202553,100,7086,19910,6071,19645
google/gemma-3-4b-it,gemma-3-4b-it,Gemma 3,4.0,isl,original,0.69,0.04648231987117316,100,0.88,0.032659863237109045,100,0.19000000000000006,0.056809090181701785,0.7840909090909091,0.060306457214229274,Icelandic,0.13127809128711687,URIEL syntax_knn,isl,CC-MAIN-2026-21,777022,/work/multilingual-gsm-symbolic/paper/artifacts/figures/transfer_features/languages.csv,5.890433315253091,google/gemma-3-4b-it,0.4799903915445592,0.3090353779587681,1.5531891355448635,100,9991,20815,6071,19645
google/gemma-3-4b-it,gemma-3-4b-it,Gemma 3,4.0,isl,synthetic,0.6015,0.01095028901055618,2000,0.871,0.007497173054018493,2000,0.26949999999999996,0.01327088667786024,0.690585533869116,0.013906526567320814,Icelandic,0.13127809128711687,URIEL syntax_knn,isl,CC-MAIN-2026-21,777022,/work/multilingual-gsm-symbolic/paper/artifacts/figures/transfer_features/languages.csv,5.890433315253091,google/gemma-3-4b-it,0.4799903915445592,0.3090353779587681,1.5531891355448635,100,9991,20815,6071,19645
google/gemma-3-4b-it,gemma-3-4b-it,Gemma 3,4.0,ita,original,0.87,0.033799766898963114,100,0.88,0.032659863237109045,100,0.010000000000000009,0.04700096710803842,0.9886363636363636,0.05311799572074999,Italian,0.14220584589844,URIEL syntax_knn,ita,CC-MAIN-2026-21,53457335,/work/multilingual-gsm-symbolic/paper/artifacts/figures/transfer_features/languages.csv,7.728007304146603,google/gemma-3-4b-it,0.3333938623570002,0.3090353779587681,1.0788210222374022,100,7344,22028,6071,19645
google/gemma-3-4b-it,gemma-3-4b-it,Gemma 3,4.0,ita,synthetic,0.8395,0.008209968135650364,2000,0.871,0.007497173054018493,2000,0.03149999999999997,0.011118056511382523,0.9638346727898967,0.012556893923538913,Italian,0.14220584589844,URIEL syntax_knn,ita,CC-MAIN-2026-21,53457335,/work/multilingual-gsm-symbolic/paper/artifacts/figures/transfer_features/languages.csv,7.728007304146603,google/gemma-3-4b-it,0.3333938623570002,0.3090353779587681,1.0788210222374022,100,7344,22028,6071,19645
google/gemma-3-4b-it,gemma-3-4b-it,Gemma 3,4.0,jpn,original,0.63,0.03422508997679332,200,0.88,0.032659863237109045,100,0.25,0.047307752542117935,0.7159090909090909,0.04710156676183903,Japanese,0.4998069870609444,URIEL syntax_knn,jpn,CC-MAIN-2026-21,118455052,/work/multilingual-gsm-symbolic/paper/artifacts/figures/transfer_features/languages.csv,8.073553587717582,google/gemma-3-4b-it,0.6343310494049765,0.3090353779587681,2.0526162848889418,100,7036,11092,6071,19645
google/gemma-3-4b-it,gemma-3-4b-it,Gemma 3,4.0,jpn,synthetic,0.60975,0.007713858326257321,4000,0.871,0.007497173054018493,2000,0.26125,0.010756914710058381,0.7000574052812859,0.01071188415957212,Japanese,0.4998069870609444,URIEL syntax_knn,jpn,CC-MAIN-2026-21,118455052,/work/multilingual-gsm-symbolic/paper/artifacts/figures/transfer_features/languages.csv,8.073553587717582,google/gemma-3-4b-it,0.6343310494049765,0.3090353779587681,2.0526162848889418,100,7036,11092,6071,19645
google/gemma-3-4b-it,gemma-3-4b-it,Gemma 3,4.0,mar,original,0.64,0.04824181513244217,100,0.88,0.032659863237109045,100,0.24,0.058257526500353526,0.7272727272727273,0.06110488433283425,Marathi,0.43515421744059357,URIEL syntax_knn,mar,CC-MAIN-2026-21,649289,/work/multilingual-gsm-symbolic/paper/artifacts/figures/transfer_features/languages.csv,5.812438045288022,google/gemma-3-4b-it,0.3584853254328303,0.3090353779587681,1.1600138722002884,100,7744,21602,6071,19645
google/gemma-3-4b-it,gemma-3-4b-it,Gemma 3,4.0,mar,synthetic,0.507,0.011182040020027876,2000,0.871,0.007497173054018493,2000,0.364,0.013462749452151519,0.582089552238806,0.013781225171321477,Marathi,0.43515421744059357,URIEL syntax_knn,mar,CC-MAIN-2026-21,649289,/work/multilingual-gsm-symbolic/paper/artifacts/figures/transfer_features/languages.csv,5.812438045288022,google/gemma-3-4b-it,0.3584853254328303,0.3090353779587681,1.1600138722002884,100,7744,21602,6071,19645
google/gemma-3-4b-it,gemma-3-4b-it,Gemma 3,4.0,nld,original,0.83,0.03775251680686368,100,0.88,0.032659863237109045,100,0.050000000000000044,0.04991912651398451,0.9431818181818181,0.05536960937791179,Dutch,0.07570690126642576,URIEL syntax_knn,nld,CC-MAIN-2026-21,39513234,/work/multilingual-gsm-symbolic/paper/artifacts/figures/transfer_features/languages.csv,7.596742576400662,google/gemma-3-4b-it,0.3441588568247193,0.3090353779587681,1.113655203808534,100,7418,21554,6071,19645
google/gemma-3-4b-it,gemma-3-4b-it,Gemma 3,4.0,nld,synthetic,0.7625,0.009517991967087537,2000,0.871,0.007497173054018493,2000,0.10850000000000004,0.012116095694878109,0.875430539609644,0.013273832884561295,Dutch,0.07570690126642576,URIEL syntax_knn,nld,CC-MAIN-2026-21,39513234,/work/multilingual-gsm-symbolic/paper/artifacts/figures/transfer_features/languages.csv,7.596742576400662,google/gemma-3-4b-it,0.3441588568247193,0.3090353779587681,1.113655203808534,100,7418,21554,6071,19645
google/gemma-3-4b-it,gemma-3-4b-it,Gemma 3,4.0,nob,original,0.84,0.036845294917747066,100,0.88,0.032659863237109045,100,0.040000000000000036,0.0492365963917331,0.9545454545454545,0.05484619488172052,Norwegian Bokmal,0.10138170956458059,URIEL syntax_knn,nor,CC-MAIN-2026-21,7148610,/work/multilingual-gsm-symbolic/paper/artifacts/figures/transfer_features/languages.csv,6.854221604316353,google/gemma-3-4b-it,0.3823780151446768,0.3090353779587681,1.2373276408362996,100,7625,19941,6071,19645
google/gemma-3-4b-it,gemma-3-4b-it,Gemma 3,4.0,nob,synthetic,0.784,0.00920404026385093,2000,0.871,0.007497173054018493,2000,0.08699999999999997,0.011871055596723069,0.9001148105625718,0.01310320696973149,Norwegian Bokmal,0.10138170956458059,URIEL syntax_knn,nor,CC-MAIN-2026-21,7148610,/work/multilingual-gsm-symbolic/paper/artifacts/figures/transfer_features/languages.csv,6.854221604316353,google/gemma-3-4b-it,0.3823780151446768,0.3090353779587681,1.2373276408362996,100,7625,19941,6071,19645
google/gemma-3-4b-it,gemma-3-4b-it,Gemma 3,4.0,rus,original,0.81,0.039427724440366255,100,0.88,0.032659863237109045,100,0.06999999999999995,0.05119777457284761,0.9204545454545455,0.05634191827282389,Russian,0.18824593690905445,URIEL syntax_knn,rus,CC-MAIN-2026-21,138631119,/work/multilingual-gsm-symbolic/paper/artifacts/figures/transfer_features/languages.csv,8.141860728782362,google/gemma-3-4b-it,0.35265586739498966,0.3090353779587681,1.1411504719114762,100,7489,21236,6071,19645
google/gemma-3-4b-it,gemma-3-4b-it,Gemma 3,4.0,rus,synthetic,0.73,0.009929718004547002,2000,0.871,0.007497173054018493,2000,0.14100000000000001,0.012442142237240574,0.8381171067738232,0.013491183242127521,Russian,0.18824593690905445,URIEL syntax_knn,rus,CC-MAIN-2026-21,138631119,/work/multilingual-gsm-symbolic/paper/artifacts/figures/transfer_features/languages.csv,8.141860728782362,google/gemma-3-4b-it,0.35265586739498966,0.3090353779587681,1.1411504719114762,100,7489,21236,6071,19645
google/gemma-3-4b-it,gemma-3-4b-it,Gemma 3,4.0,ukr,original,0.74,0.0440844002276808,100,0.88,0.032659863237109045,100,0.14,0.05486438744851718,0.8409090909090909,0.05902207874864829,Ukrainian,0.15273132616089036,URIEL syntax_knn,ukr,CC-MAIN-2026-21,17456210,/work/multilingual-gsm-symbolic/paper/artifacts/figures/transfer_features/languages.csv,7.2419499578829365,google/gemma-3-4b-it,0.43088366000842027,0.3090353779587681,1.3942858673802365,100,9211,21377,6071,19645
google/gemma-3-4b-it,gemma-3-4b-it,Gemma 3,4.0,ukr,synthetic,0.7525,0.009652381013491688,2000,0.871,0.007497173054018493,2000,0.11850000000000005,0.01222195005027904,0.8639494833524684,0.013345823174081443,Ukrainian,0.15273132616089036,URIEL syntax_knn,ukr,CC-MAIN-2026-21,17456210,/work/multilingual-gsm-symbolic/paper/artifacts/figures/transfer_features/languages.csv,7.2419499578829365,google/gemma-3-4b-it,0.43088366000842027,0.3090353779587681,1.3942858673802365,100,9211,21377,6071,19645
google/gemma-3-4b-it,gemma-3-4b-it,Gemma 3,4.0,urd,original,0.68,0.04688261722621507,100,0.88,0.032659863237109045,100,0.19999999999999996,0.05713708484554025,0.7727272727272728,0.060504234519552065,urd,0.3838046008442838,URIEL syntax_knn,urd,CC-MAIN-2026-21,682592,/work/multilingual-gsm-symbolic/paper/artifacts/figures/transfer_features/languages.csv,5.834161194027274,google/gemma-3-4b-it,0.45412891804644384,0.3090353779587681,1.4695046277421167,100,8722,19206,6071,19645
google/gemma-3-4b-it,gemma-3-4b-it,Gemma 3,4.0,urd,synthetic,0.5955,0.010977254896490804,2000,0.871,0.007497173054018493,2000,0.27549999999999997,0.013293145935572674,0.6836969001148105,0.013909331116074801,urd,0.3838046008442838,URIEL syntax_knn,urd,CC-MAIN-2026-21,682592,/work/multilingual-gsm-symbolic/paper/artifacts/figures/transfer_features/languages.csv,5.834161194027274,google/gemma-3-4b-it,0.45412891804644384,0.3090353779587681,1.4695046277421167,100,8722,19206,6071,19645
google/gemma-3-4b-it,gemma-3-4b-it,Gemma 3,4.0,zho,original,0.68,0.04688261722621507,100,0.88,0.032659863237109045,100,0.19999999999999996,0.05713708484554025,0.7727272727272728,0.060504234519552065,Chinese,0.2892275292349138,URIEL syntax_knn,zho,CC-MAIN-2026-21,102274716,/work/multilingual-gsm-symbolic/paper/artifacts/figures/transfer_features/languages.csv,8.009768282208015,google/gemma-3-4b-it,0.879725957878711,0.3090353779587681,2.846683650556297,100,6934,7882,6071,19645
google/gemma-3-4b-it,gemma-3-4b-it,Gemma 3,4.0,zho,synthetic,0.6875,0.010367044555050558,2000,0.871,0.007497173054018493,2000,0.1835,0.012793874182916776,0.7893226176808267,0.013705065646441375,Chinese,0.2892275292349138,URIEL syntax_knn,zho,CC-MAIN-2026-21,102274716,/work/multilingual-gsm-symbolic/paper/artifacts/figures/transfer_features/languages.csv,8.009768282208015,google/gemma-3-4b-it,0.879725957878711,0.3090353779587681,2.846683650556297,100,6934,7882,6071,19645
ibm-granite/granite-3.2-2b-instruct,granite-3.2-2b-instruct (reasoning off),Granite,2.0,ara,original,0.15,0.03588702812826367,100,0.68,0.04688261722621506,100,0.53,0.059041160099193385,0.2205882352941176,0.05492269377393332,Arabic,0.34901322303461213,URIEL syntax_knn,ara,CC-MAIN-2026-21,14123579,/work/multilingual-gsm-symbolic/paper/artifacts/figures/transfer_features/languages.csv,7.149944763500101,ibm-granite/granite-3.2-2b-instruct,0.9728524443948938,0.3571392211758717,2.724014576701495,100,17452,17939,7016,19645
ibm-granite/granite-3.2-2b-instruct,granite-3.2-2b-instruct (reasoning off),Granite,2.0,ara,synthetic,0.121,0.007294251370190489,2000,0.621,0.010850731274185727,2000,0.5,0.013074573501117273,0.19484702093397746,0.012229431763895834,Arabic,0.34901322303461213,URIEL syntax_knn,ara,CC-MAIN-2026-21,14123579,/work/multilingual-gsm-symbolic/paper/artifacts/figures/transfer_features/languages.csv,7.149944763500101,ibm-granite/granite-3.2-2b-instruct,0.9728524443948938,0.3571392211758717,2.724014576701495,100,17452,17939,7016,19645
ibm-granite/granite-3.2-2b-instruct,granite-3.2-2b-instruct (reasoning off),Granite,2.0,dan,original,0.18,0.027234326551496886,200,0.68,0.04688261722621506,100,0.5,0.05421889283905902,0.2647058823529411,0.044012601360349596,Danish,0.11992176734660287,URIEL syntax_knn,dan,CC-MAIN-2026-21,11404389,/work/multilingual-gsm-symbolic/paper/artifacts/figures/transfer_features/languages.csv,7.057072022533615,ibm-granite/granite-3.2-2b-instruct,0.492896174863388,0.3571392211758717,1.3801233402496091,100,9922,20130,7016,19645
ibm-granite/granite-3.2-2b-instruct,granite-3.2-2b-instruct (reasoning off),Granite,2.0,dan,synthetic,0.14125,0.0055074669697698485,4000,0.621,0.010850731274185727,2000,0.47975,0.012168424779226689,0.22745571658615135,0.009718502213089852,Danish,0.11992176734660287,URIEL syntax_knn,dan,CC-MAIN-2026-21,11404389,/work/multilingual-gsm-symbolic/paper/artifacts/figures/transfer_features/languages.csv,7.057072022533615,ibm-granite/granite-3.2-2b-instruct,0.492896174863388,0.3571392211758717,1.3801233402496091,100,9922,20130,7016,19645
ibm-granite/granite-3.2-2b-instruct,granite-3.2-2b-instruct (reasoning off),Granite,2.0,deu,original,0.44,0.03518793763172075,200,0.68,0.04688261722621506,100,0.24000000000000005,0.05861886004310956,0.6470588235294117,0.06832227583429965,German,0.09745802098497969,URIEL syntax_knn,deu,CC-MAIN-2026-21,129221452,/work/multilingual-gsm-symbolic/paper/artifacts/figures/transfer_features/languages.csv,8.111334616692115,ibm-granite/granite-3.2-2b-instruct,0.4563620988918065,0.3571392211758717,1.2778268860788966,100,10254,22469,7016,19645
ibm-granite/granite-3.2-2b-instruct,granite-3.2-2b-instruct (reasoning off),Granite,2.0,deu,synthetic,0.424,0.00781481079853851,4000,0.621,0.010850731274185727,2000,0.197,0.013371972068529994,0.6827697262479872,0.017340377895035373,German,0.09745802098497969,URIEL syntax_knn,deu,CC-MAIN-2026-21,129221452,/work/multilingual-gsm-symbolic/paper/artifacts/figures/transfer_features/languages.csv,8.111334616692115,ibm-granite/granite-3.2-2b-instruct,0.4563620988918065,0.3571392211758717,1.2778268860788966,100,10254,22469,7016,19645
ibm-granite/granite-3.2-2b-instruct,granite-3.2-2b-instruct (reasoning off),Granite,2.0,est,original,0.04,0.019694638556693237,100,0.68,0.04688261722621506,100,0.64,0.05085133809309825,0.058823529411764705,0.029245273414717946,Estonian,0.22659791675913576,URIEL syntax_knn,est,CC-MAIN-2026-21,3089989,/work/multilingual-gsm-symbolic/paper/artifacts/figures/transfer_features/languages.csv,6.489956933389947,ibm-granite/granite-3.2-2b-instruct,0.5319621189701095,0.3571392211758717,1.4895090973728338,100,10785,20274,7016,19645
ibm-granite/granite-3.2-2b-instruct,granite-3.2-2b-instruct (reasoning off),Granite,2.0,est,synthetic,0.011,0.0023328568559933724,2000,0.621,0.010850731274185727,2000,0.61,0.011098675159456983,0.017713365539452495,0.003769341740147594,Estonian,0.22659791675913576,URIEL syntax_knn,est,CC-MAIN-2026-21,3089989,/work/multilingual-gsm-symbolic/paper/artifacts/figures/transfer_features/languages.csv,6.489956933389947,ibm-granite/granite-3.2-2b-instruct,0.5319621189701095,0.3571392211758717,1.4895090973728338,100,10785,20274,7016,19645
ibm-granite/granite-3.2-2b-instruct,granite-3.2-2b-instruct (reasoning off),Granite,2.0,fra,original,0.54,0.050090826596203314,100,0.68,0.04688261722621506,100,0.14,0.06860809505496204,0.7941176470588235,0.09178152143459986,French,0.18824593690905445,URIEL syntax_knn,fra,CC-MAIN-2026-21,102728618,/work/multilingual-gsm-symbolic/paper/artifacts/figures/transfer_features/languages.csv,8.011691445624011,ibm-granite/granite-3.2-2b-instruct,0.4629175400258663,0.3571392211758717,1.2961823081254482,100,10380,22423,7016,19645
ibm-granite/granite-3.2-2b-instruct,granite-3.2-2b-instruct (reasoning off),Granite,2.0,fra,synthetic,0.478,0.01117230550088488,2000,0.621,0.010850731274185727,2000,0.14300000000000002,0.015574298680508691,0.7697262479871175,0.02246234604956451,French,0.18824593690905445,URIEL syntax_knn,fra,CC-MAIN-2026-21,102728618,/work/multilingual-gsm-symbolic/paper/artifacts/figures/transfer_features/languages.csv,8.011691445624011,ibm-granite/granite-3.2-2b-instruct,0.4629175400258663,0.3571392211758717,1.2961823081254482,100,10380,22423,7016,19645
ibm-granite/granite-3.2-2b-instruct,granite-3.2-2b-instruct (reasoning off),Granite,2.0,hin,original,0.04,0.019694638556693237,100,0.68,0.04688261722621506,100,0.64,0.05085133809309825,0.058823529411764705,0.029245273414717946,Hindi,0.3838046008442838,URIEL syntax_knn,hin,CC-MAIN-2026-21,4774018,/work/multilingual-gsm-symbolic/paper/artifacts/figures/transfer_features/languages.csv,6.678884052141607,ibm-granite/granite-3.2-2b-instruct,1.4509794073329985,0.3571392211758717,4.062783702545148,100,28889,19910,7016,19645
ibm-granite/granite-3.2-2b-instruct,granite-3.2-2b-instruct (reasoning off),Granite,2.0,hin,synthetic,0.0435,0.004562267215000736,2000,0.621,0.010850731274185727,2000,0.5775,0.011770839023861586,0.07004830917874395,0.007447903851853366,Hindi,0.3838046008442838,URIEL syntax_knn,hin,CC-MAIN-2026-21,4774018,/work/multilingual-gsm-symbolic/paper/artifacts/figures/transfer_features/languages.csv,6.678884052141607,ibm-granite/granite-3.2-2b-instruct,1.4509794073329985,0.3571392211758717,4.062783702545148,100,28889,19910,7016,19645
ibm-granite/granite-3.2-2b-instruct,granite-3.2-2b-instruct (reasoning off),Granite,2.0,isl,original,0.02,0.01407052941362897,100,0.68,0.04688261722621506,100,0.66,0.048948540284257665,0.029411764705882353,0.020791078725183126,Icelandic,0.13127809128711687,URIEL syntax_knn,isl,CC-MAIN-2026-21,777022,/work/multilingual-gsm-symbolic/paper/artifacts/figures/transfer_features/languages.csv,5.890433315253091,ibm-granite/granite-3.2-2b-instruct,0.5775162142685564,0.3571392211758717,1.617061862785888,100,12021,20815,7016,19645
ibm-granite/granite-3.2-2b-instruct,granite-3.2-2b-instruct (reasoning off),Granite,2.0,isl,synthetic,0.011,0.002332856855993373,2000,0.621,0.010850731274185727,2000,0.61,0.011098675159456983,0.017713365539452495,0.0037693417401475945,Icelandic,0.13127809128711687,URIEL syntax_knn,isl,CC-MAIN-2026-21,777022,/work/multilingual-gsm-symbolic/paper/artifacts/figures/transfer_features/languages.csv,5.890433315253091,ibm-granite/granite-3.2-2b-instruct,0.5775162142685564,0.3571392211758717,1.617061862785888,100,12021,20815,7016,19645
ibm-granite/granite-3.2-2b-instruct,granite-3.2-2b-instruct (reasoning off),Granite,2.0,ita,original,0.49,0.05024183937956913,100,0.68,0.04688261722621506,100,0.19000000000000006,0.06871842709362766,0.7205882352941175,0.08903483011558021,Italian,0.14220584589844,URIEL syntax_knn,ita,CC-MAIN-2026-21,53457335,/work/multilingual-gsm-symbolic/paper/artifacts/figures/transfer_features/languages.csv,7.728007304146603,ibm-granite/granite-3.2-2b-instruct,0.4579625930633739,0.3571392211758717,1.2823083153834065,100,10088,22028,7016,19645
ibm-granite/granite-3.2-2b-instruct,granite-3.2-2b-instruct (reasoning off),Granite,2.0,ita,synthetic,0.4905,0.011181117282805235,2000,0.621,0.010850731274185727,2000,0.1305,0.015580621068379723,0.7898550724637681,0.022685944502049072,Italian,0.14220584589844,URIEL syntax_knn,ita,CC-MAIN-2026-21,53457335,/work/multilingual-gsm-symbolic/paper/artifacts/figures/transfer_features/languages.csv,7.728007304146603,ibm-granite/granite-3.2-2b-instruct,0.4579625930633739,0.3571392211758717,1.2823083153834065,100,10088,22028,7016,19645
ibm-granite/granite-3.2-2b-instruct,granite-3.2-2b-instruct (reasoning off),Granite,2.0,jpn,original,0.2,0.02835524820033343,200,0.68,0.04688261722621506,100,0.48000000000000004,0.05479050920079416,0.29411764705882354,0.04636801694847445,Japanese,0.4998069870609444,URIEL syntax_knn,jpn,CC-MAIN-2026-21,118455052,/work/multilingual-gsm-symbolic/paper/artifacts/figures/transfer_features/languages.csv,8.073553587717582,ibm-granite/granite-3.2-2b-instruct,0.9414893617021277,0.3571392211758717,2.6361970511172035,100,10443,11092,7016,19645
ibm-granite/granite-3.2-2b-instruct,granite-3.2-2b-instruct (reasoning off),Granite,2.0,jpn,synthetic,0.18175,0.006098240033638963,4000,0.621,0.010850731274185727,2000,0.43925000000000003,0.012446963512940381,0.29267310789049916,0.01107180046044102,Japanese,0.4998069870609444,URIEL syntax_knn,jpn,CC-MAIN-2026-21,118455052,/work/multilingual-gsm-symbolic/paper/artifacts/figures/transfer_features/languages.csv,8.073553587717582,ibm-granite/granite-3.2-2b-instruct,0.9414893617021277,0.3571392211758717,2.6361970511172035,100,10443,11092,7016,19645
ibm-granite/granite-3.2-2b-instruct,granite-3.2-2b-instruct (reasoning off),Granite,2.0,mar,original,0.01,0.01,100,0.68,0.04688261722621506,100,0.67,0.04793724854411022,0.014705882352941176,0.014740792508541418,Marathi,0.43515421744059357,URIEL syntax_knn,mar,CC-MAIN-2026-21,649289,/work/multilingual-gsm-symbolic/paper/artifacts/figures/transfer_features/languages.csv,5.812438045288022,ibm-granite/granite-3.2-2b-instruct,1.4059809276918804,0.3571392211758717,3.9367866768111446,100,30372,21602,7016,19645
ibm-granite/granite-3.2-2b-instruct,granite-3.2-2b-instruct (reasoning off),Granite,2.0,mar,synthetic,0.0255,0.0035257751694163135,2000,0.621,0.010850731274185727,2000,0.5955,0.011409183131577162,0.041062801932367145,0.00572273274877696,Marathi,0.43515421744059357,URIEL syntax_knn,mar,CC-MAIN-2026-21,649289,/work/multilingual-gsm-symbolic/paper/artifacts/figures/transfer_features/languages.csv,5.812438045288022,ibm-granite/granite-3.2-2b-instruct,1.4059809276918804,0.3571392211758717,3.9367866768111446,100,30372,21602,7016,19645
ibm-granite/granite-3.2-2b-instruct,granite-3.2-2b-instruct (reasoning off),Granite,2.0,nld,original,0.45,0.05,100,0.68,0.04688261722621506,100,0.23000000000000004,0.0685418105828829,0.6617647058823529,0.08653467569214589,Dutch,0.07570690126642576,URIEL syntax_knn,nld,CC-MAIN-2026-21,39513234,/work/multilingual-gsm-symbolic/paper/artifacts/figures/transfer_features/languages.csv,7.596742576400662,ibm-granite/granite-3.2-2b-instruct,0.46668831771364944,0.3571392211758717,1.306740593142053,100,10059,21554,7016,19645
ibm-granite/granite-3.2-2b-instruct,granite-3.2-2b-instruct (reasoning off),Granite,2.0,nld,synthetic,0.4075,0.010990098549743145,2000,0.621,0.010850731274185727,2000,0.21350000000000002,0.015444113290106965,0.6561996779388083,0.021087027197221553,Dutch,0.07570690126642576,URIEL syntax_knn,nld,CC-MAIN-2026-21,39513234,/work/multilingual-gsm-symbolic/paper/artifacts/figures/transfer_features/languages.csv,7.596742576400662,ibm-granite/granite-3.2-2b-instruct,0.46668831771364944,0.3571392211758717,1.306740593142053,100,10059,21554,7016,19645
ibm-granite/granite-3.2-2b-instruct,granite-3.2-2b-instruct (reasoning off),Granite,2.0,nob,original,0.18,0.03861229196653692,100,0.68,0.04688261722621506,100,0.5,0.060736223860961995,0.2647058823529411,0.05964354515437417,Norwegian Bokmal,0.10138170956458059,URIEL syntax_knn,nor,CC-MAIN-2026-21,7148610,/work/multilingual-gsm-symbolic/paper/artifacts/figures/transfer_features/languages.csv,6.854221604316353,ibm-granite/granite-3.2-2b-instruct,0.4882403089112883,0.3571392211758717,1.3670867828623516,100,9736,19941,7016,19645
ibm-granite/granite-3.2-2b-instruct,granite-3.2-2b-instruct (reasoning off),Granite,2.0,nob,synthetic,0.137,0.007690583367747086,2000,0.621,0.010850731274185727,2000,0.484,0.013299753445867346,0.22061191626409019,0.01297024769467477,Norwegian Bokmal,0.10138170956458059,URIEL syntax_knn,nor,CC-MAIN-2026-21,7148610,/work/multilingual-gsm-symbolic/paper/artifacts/figures/transfer_features/languages.csv,6.854221604316353,ibm-granite/granite-3.2-2b-instruct,0.4882403089112883,0.3571392211758717,1.3670867828623516,100,9736,19941,7016,19645
ibm-granite/granite-3.2-2b-instruct,granite-3.2-2b-instruct (reasoning off),Granite,2.0,rus,original,0.32,0.04688261722621507,100,0.68,0.04688261722621506,100,0.36000000000000004,0.06630203312085985,0.47058823529411764,0.07619761303005643,Russian,0.18824593690905445,URIEL syntax_knn,rus,CC-MAIN-2026-21,138631119,/work/multilingual-gsm-symbolic/paper/artifacts/figures/transfer_features/languages.csv,8.141860728782362,ibm-granite/granite-3.2-2b-instruct,0.6067055942738746,0.3571392211758717,1.698792958881167,100,12884,21236,7016,19645
ibm-granite/granite-3.2-2b-instruct,granite-3.2-2b-instruct (reasoning off),Granite,2.0,rus,synthetic,0.218,0.009234751773608224,2000,0.621,0.010850731274185727,2000,0.403,0.014248473935995827,0.35104669887278583,0.016086141287295255,Russian,0.18824593690905445,URIEL syntax_knn,rus,CC-MAIN-2026-21,138631119,/work/multilingual-gsm-symbolic/paper/artifacts/figures/transfer_features/languages.csv,8.141860728782362,ibm-granite/granite-3.2-2b-instruct,0.6067055942738746,0.3571392211758717,1.698792958881167,100,12884,21236,7016,19645
ibm-granite/granite-3.2-2b-instruct,granite-3.2-2b-instruct (reasoning off),Granite,2.0,ukr,original,0.11,0.03144660377352202,100,0.68,0.04688261722621506,100,0.5700000000000001,0.05645235767325123,0.16176470588235292,0.0475708638392738,Ukrainian,0.15273132616089036,URIEL syntax_knn,ukr,CC-MAIN-2026-21,17456210,/work/multilingual-gsm-symbolic/paper/artifacts/figures/transfer_features/languages.csv,7.2419499578829365,ibm-granite/granite-3.2-2b-instruct,0.7408429620620293,0.3571392211758717,2.0743814124442084,100,15837,21377,7016,19645
ibm-granite/granite-3.2-2b-instruct,granite-3.2-2b-instruct (reasoning off),Granite,2.0,ukr,synthetic,0.105,0.0068564572122016025,2000,0.621,0.010850731274185727,2000,0.516,0.012835473294247609,0.16908212560386474,0.011429429440452504,Ukrainian,0.15273132616089036,URIEL syntax_knn,ukr,CC-MAIN-2026-21,17456210,/work/multilingual-gsm-symbolic/paper/artifacts/figures/transfer_features/languages.csv,7.2419499578829365,ibm-granite/granite-3.2-2b-instruct,0.7408429620620293,0.3571392211758717,2.0743814124442084,100,15837,21377,7016,19645
ibm-granite/granite-3.2-2b-instruct,granite-3.2-2b-instruct (reasoning off),Granite,2.0,urd,original,0.07,0.025643239997624277,100,0.68,0.04688261722621506,100,0.6100000000000001,0.053437398472937984,0.10294117647058824,0.03837270271164821,urd,0.3838046008442838,URIEL syntax_knn,urd,CC-MAIN-2026-21,682592,/work/multilingual-gsm-symbolic/paper/artifacts/figures/transfer_features/languages.csv,5.834161194027274,ibm-granite/granite-3.2-2b-instruct,1.243413516609393,0.3571392211758717,3.481593291589442,100,23881,19206,7016,19645
ibm-granite/granite-3.2-2b-instruct,granite-3.2-2b-instruct (reasoning off),Granite,2.0,urd,synthetic,0.0435,0.004562267215000733,2000,0.621,0.010850731274185727,2000,0.5775,0.011770839023861585,0.07004830917874395,0.007447903851853363,urd,0.3838046008442838,URIEL syntax_knn,urd,CC-MAIN-2026-21,682592,/work/multilingual-gsm-symbolic/paper/artifacts/figures/transfer_features/languages.csv,5.834161194027274,ibm-granite/granite-3.2-2b-instruct,1.243413516609393,0.3571392211758717,3.481593291589442,100,23881,19206,7016,19645
ibm-granite/granite-3.2-2b-instruct,granite-3.2-2b-instruct (reasoning off),Granite,2.0,zho,original,0.39,0.049020713000019714,100,0.68,0.04688261722621506,100,0.29000000000000004,0.06783074598594725,0.5735294117647058,0.08222186200888079,Chinese,0.2892275292349138,URIEL syntax_knn,zho,CC-MAIN-2026-21,102274716,/work/multilingual-gsm-symbolic/paper/artifacts/figures/transfer_features/languages.csv,8.009768282208015,ibm-granite/granite-3.2-2b-instruct,1.2975133214920072,0.3571392211758717,3.6330742874444812,100,10227,7882,7016,19645
ibm-granite/granite-3.2-2b-instruct,granite-3.2-2b-instruct (reasoning off),Granite,2.0,zho,synthetic,0.3195,0.010429010361897442,2000,0.621,0.010850731274185727,2000,0.3015,0.015050004196449794,0.5144927536231885,0.019048628498111043,Chinese,0.2892275292349138,URIEL syntax_knn,zho,CC-MAIN-2026-21,102274716,/work/multilingual-gsm-symbolic/paper/artifacts/figures/transfer_features/languages.csv,8.009768282208015,ibm-granite/granite-3.2-2b-instruct,1.2975133214920072,0.3571392211758717,3.6330742874444812,100,10227,7882,7016,19645
ibm-granite/granite-3.2-2b-instruct,granite-3.2-2b-instruct (reasoning on),Granite,2.0,ara,original,0.31,0.04648231987117317,100,0.69,0.04648231987117317,100,0.37999999999999995,0.06573592717237751,0.44927536231884063,0.07385221753382772,Arabic,0.34901322303461213,URIEL syntax_knn,ara,CC-MAIN-2026-21,14123579,/work/multilingual-gsm-symbolic/paper/artifacts/figures/transfer_features/languages.csv,7.149944763500101,ibm-granite/granite-3.2-2b-instruct,0.9728524443948938,0.3571392211758717,2.724014576701495,100,17452,17939,7016,19645
ibm-granite/granite-3.2-2b-instruct,granite-3.2-2b-instruct (reasoning on),Granite,2.0,ara,synthetic,0.2265,0.009361767800376912,2000,0.6015,0.010950289010556176,2000,0.375,0.014406648665212924,0.3765586034912718,0.01700686653973637,Arabic,0.34901322303461213,URIEL syntax_knn,ara,CC-MAIN-2026-21,14123579,/work/multilingual-gsm-symbolic/paper/artifacts/figures/transfer_features/languages.csv,7.149944763500101,ibm-granite/granite-3.2-2b-instruct,0.9728524443948938,0.3571392211758717,2.724014576701495,100,17452,17939,7016,19645
ibm-granite/granite-3.2-2b-instruct,granite-3.2-2b-instruct (reasoning on),Granite,2.0,dan,original,0.205,0.028617649261360217,200,0.69,0.04648231987117317,100,0.485,0.054585491752408816,0.2971014492753623,0.046051507912085565,Danish,0.11992176734660287,URIEL syntax_knn,dan,CC-MAIN-2026-21,11404389,/work/multilingual-gsm-symbolic/paper/artifacts/figures/transfer_features/languages.csv,7.057072022533615,ibm-granite/granite-3.2-2b-instruct,0.492896174863388,0.3571392211758717,1.3801233402496091,100,9922,20130,7016,19645
ibm-granite/granite-3.2-2b-instruct,granite-3.2-2b-instruct (reasoning on),Granite,2.0,dan,synthetic,0.159,0.005782569457203421,4000,0.6015,0.010950289010556176,2000,0.4425,0.012383333111165558,0.2643391521197007,0.010750769881798126,Danish,0.11992176734660287,URIEL syntax_knn,dan,CC-MAIN-2026-21,11404389,/work/multilingual-gsm-symbolic/paper/artifacts/figures/transfer_features/languages.csv,7.057072022533615,ibm-granite/granite-3.2-2b-instruct,0.492896174863388,0.3571392211758717,1.3801233402496091,100,9922,20130,7016,19645
ibm-granite/granite-3.2-2b-instruct,granite-3.2-2b-instruct (reasoning on),Granite,2.0,deu,original,0.495,0.03544228800309698,200,0.69,0.04648231987117317,100,0.19499999999999995,0.05845307382422701,0.7173913043478262,0.07052645523276517,German,0.09745802098497969,URIEL syntax_knn,deu,CC-MAIN-2026-21,129221452,/work/multilingual-gsm-symbolic/paper/artifacts/figures/transfer_features/languages.csv,8.111334616692115,ibm-granite/granite-3.2-2b-instruct,0.4563620988918065,0.3571392211758717,1.2778268860788966,100,10254,22469,7016,19645
ibm-granite/granite-3.2-2b-instruct,granite-3.2-2b-instruct (reasoning on),Granite,2.0,deu,synthetic,0.43775,0.00784516545588795,4000,0.6015,0.010950289010556176,2000,0.16375000000000006,0.013470540094775893,0.7277639235245219,0.018591532865676223,German,0.09745802098497969,URIEL syntax_knn,deu,CC-MAIN-2026-21,129221452,/work/multilingual-gsm-symbolic/paper/artifacts/figures/transfer_features/languages.csv,8.111334616692115,ibm-granite/granite-3.2-2b-instruct,0.4563620988918065,0.3571392211758717,1.2778268860788966,100,10254,22469,7016,19645
ibm-granite/granite-3.2-2b-instruct,granite-3.2-2b-instruct (reasoning on),Granite,2.0,est,original,0.02,0.01407052941362897,100,0.69,0.04648231987117317,100,0.6699999999999999,0.048565274204784,0.028985507246376815,0.02048534457874467,Estonian,0.22659791675913576,URIEL syntax_knn,est,CC-MAIN-2026-21,3089989,/work/multilingual-gsm-symbolic/paper/artifacts/figures/transfer_features/languages.csv,6.489956933389947,ibm-granite/granite-3.2-2b-instruct,0.5319621189701095,0.3571392211758717,1.4895090973728338,100,10785,20274,7016,19645
ibm-granite/granite-3.2-2b-instruct,granite-3.2-2b-instruct (reasoning on),Granite,2.0,est,synthetic,0.015,0.0027186753387999263,2000,0.6015,0.010950289010556176,2000,0.5865,0.011282731274496714,0.024937655860349125,0.004542569021379332,Estonian,0.22659791675913576,URIEL syntax_knn,est,CC-MAIN-2026-21,3089989,/work/multilingual-gsm-symbolic/paper/artifacts/figures/transfer_features/languages.csv,6.489956933389947,ibm-granite/granite-3.2-2b-instruct,0.5319621189701095,0.3571392211758717,1.4895090973728338,100,10785,20274,7016,19645
ibm-granite/granite-3.2-2b-instruct,granite-3.2-2b-instruct (reasoning on),Granite,2.0,fra,original,0.47,0.050161355804659184,100,0.69,0.04648231987117317,100,0.21999999999999997,0.0683868969669459,0.6811594202898551,0.08596824430533422,French,0.18824593690905445,URIEL syntax_knn,fra,CC-MAIN-2026-21,102728618,/work/multilingual-gsm-symbolic/paper/artifacts/figures/transfer_features/languages.csv,8.011691445624011,ibm-granite/granite-3.2-2b-instruct,0.4629175400258663,0.3571392211758717,1.2961823081254482,100,10380,22423,7016,19645
ibm-granite/granite-3.2-2b-instruct,granite-3.2-2b-instruct (reasoning on),Granite,2.0,fra,synthetic,0.4575,0.011142663706548745,2000,0.6015,0.010950289010556176,2000,0.14400000000000002,0.01562266891065499,0.7605985037406484,0.02312786924635637,French,0.18824593690905445,URIEL syntax_knn,fra,CC-MAIN-2026-21,102728618,/work/multilingual-gsm-symbolic/paper/artifacts/figures/transfer_features/languages.csv,8.011691445624011,ibm-granite/granite-3.2-2b-instruct,0.4629175400258663,0.3571392211758717,1.2961823081254482,100,10380,22423,7016,19645
ibm-granite/granite-3.2-2b-instruct,granite-3.2-2b-instruct (reasoning on),Granite,2.0,hin,original,0.17,0.03775251680686369,100,0.69,0.04648231987117317,100,0.5199999999999999,0.059882038925362126,0.24637681159420294,0.057175788914503756,Hindi,0.3838046008442838,URIEL syntax_knn,hin,CC-MAIN-2026-21,4774018,/work/multilingual-gsm-symbolic/paper/artifacts/figures/transfer_features/languages.csv,6.678884052141607,ibm-granite/granite-3.2-2b-instruct,1.4509794073329985,0.3571392211758717,4.062783702545148,100,28889,19910,7016,19645
ibm-granite/granite-3.2-2b-instruct,granite-3.2-2b-instruct (reasoning on),Granite,2.0,hin,synthetic,0.1225,0.007333059517073374,2000,0.6015,0.010950289010556176,2000,0.47900000000000004,0.01317886912051439,0.20365752285951785,0.01274259141652658,Hindi,0.3838046008442838,URIEL syntax_knn,hin,CC-MAIN-2026-21,4774018,/work/multilingual-gsm-symbolic/paper/artifacts/figures/transfer_features/languages.csv,6.678884052141607,ibm-granite/granite-3.2-2b-instruct,1.4509794073329985,0.3571392211758717,4.062783702545148,100,28889,19910,7016,19645
ibm-granite/granite-3.2-2b-instruct,granite-3.2-2b-instruct (reasoning on),Granite,2.0,isl,original,0.05,0.02190429135575903,100,0.69,0.04648231987117317,100,0.6399999999999999,0.051384861977084646,0.07246376811594205,0.03211848330179681,Icelandic,0.13127809128711687,URIEL syntax_knn,isl,CC-MAIN-2026-21,777022,/work/multilingual-gsm-symbolic/paper/artifacts/figures/transfer_features/languages.csv,5.890433315253091,ibm-granite/granite-3.2-2b-instruct,0.5775162142685564,0.3571392211758717,1.617061862785888,100,12021,20815,7016,19645
ibm-granite/granite-3.2-2b-instruct,granite-3.2-2b-instruct (reasoning on),Granite,2.0,isl,synthetic,0.0215,0.0032440926417928104,2000,0.6015,0.010950289010556176,2000,0.5800000000000001,0.011420725304604853,0.03574397339983374,0.005432451164358637,Icelandic,0.13127809128711687,URIEL syntax_knn,isl,CC-MAIN-2026-21,777022,/work/multilingual-gsm-symbolic/paper/artifacts/figures/transfer_features/languages.csv,5.890433315253091,ibm-granite/granite-3.2-2b-instruct,0.5775162142685564,0.3571392211758717,1.617061862785888,100,12021,20815,7016,19645
ibm-granite/granite-3.2-2b-instruct,granite-3.2-2b-instruct (reasoning on),Granite,2.0,ita,original,0.52,0.05021167315686783,100,0.69,0.04648231987117317,100,0.16999999999999993,0.06842381297339531,0.7536231884057972,0.08872979140618298,Italian,0.14220584589844,URIEL syntax_knn,ita,CC-MAIN-2026-21,53457335,/work/multilingual-gsm-symbolic/paper/artifacts/figures/transfer_features/languages.csv,7.728007304146603,ibm-granite/granite-3.2-2b-instruct,0.4579625930633739,0.3571392211758717,1.2823083153834065,100,10088,22028,7016,19645
ibm-granite/granite-3.2-2b-instruct,granite-3.2-2b-instruct (reasoning on),Granite,2.0,ita,synthetic,0.4565,0.011140733053371456,2000,0.6015,0.010950289010556176,2000,0.14500000000000002,0.01562129195621126,0.7589359933499584,0.023107188872559768,Italian,0.14220584589844,URIEL syntax_knn,ita,CC-MAIN-2026-21,53457335,/work/multilingual-gsm-symbolic/paper/artifacts/figures/transfer_features/languages.csv,7.728007304146603,ibm-granite/granite-3.2-2b-instruct,0.4579625930633739,0.3571392211758717,1.2823083153834065,100,10088,22028,7016,19645
ibm-granite/granite-3.2-2b-instruct,granite-3.2-2b-instruct (reasoning on),Granite,2.0,jpn,original,0.23,0.029832025555495193,200,0.69,0.04648231987117317,100,0.45999999999999996,0.055231836918119774,0.33333333333333337,0.04871844464886511,Japanese,0.4998069870609444,URIEL syntax_knn,jpn,CC-MAIN-2026-21,118455052,/work/multilingual-gsm-symbolic/paper/artifacts/figures/transfer_features/languages.csv,8.073553587717582,ibm-granite/granite-3.2-2b-instruct,0.9414893617021277,0.3571392211758717,2.6361970511172035,100,10443,11092,7016,19645
ibm-granite/granite-3.2-2b-instruct,granite-3.2-2b-instruct (reasoning on),Granite,2.0,jpn,synthetic,0.185,0.006140291181527822,4000,0.6015,0.010950289010556176,2000,0.41650000000000004,0.012554361999267653,0.3075644222776392,0.011643040669469763,Japanese,0.4998069870609444,URIEL syntax_knn,jpn,CC-MAIN-2026-21,118455052,/work/multilingual-gsm-symbolic/paper/artifacts/figures/transfer_features/languages.csv,8.073553587717582,ibm-granite/granite-3.2-2b-instruct,0.9414893617021277,0.3571392211758717,2.6361970511172035,100,10443,11092,7016,19645
ibm-granite/granite-3.2-2b-instruct,granite-3.2-2b-instruct (reasoning on),Granite,2.0,mar,original,0.1,0.030151134457776355,100,0.69,0.04648231987117317,100,0.59,0.05540484608494972,0.1449275362318841,0.04477468760723786,Marathi,0.43515421744059357,URIEL syntax_knn,mar,CC-MAIN-2026-21,649289,/work/multilingual-gsm-symbolic/paper/artifacts/figures/transfer_features/languages.csv,5.812438045288022,ibm-granite/granite-3.2-2b-instruct,1.4059809276918804,0.3571392211758717,3.9367866768111446,100,30372,21602,7016,19645
ibm-granite/granite-3.2-2b-instruct,granite-3.2-2b-instruct (reasoning on),Granite,2.0,mar,synthetic,0.085,0.006237543865716565,2000,0.6015,0.010950289010556176,2000,0.5165000000000001,0.012602213412390924,0.14131338320864506,0.010684325747298204,Marathi,0.43515421744059357,URIEL syntax_knn,mar,CC-MAIN-2026-21,649289,/work/multilingual-gsm-symbolic/paper/artifacts/figures/transfer_features/languages.csv,5.812438045288022,ibm-granite/granite-3.2-2b-instruct,1.4059809276918804,0.3571392211758717,3.9367866768111446,100,30372,21602,7016,19645
ibm-granite/granite-3.2-2b-instruct,granite-3.2-2b-instruct (reasoning on),Granite,2.0,nld,original,0.47,0.0501613558046592,100,0.69,0.04648231987117317,100,0.21999999999999997,0.06838689696694591,0.6811594202898551,0.08596824430533423,Dutch,0.07570690126642576,URIEL syntax_knn,nld,CC-MAIN-2026-21,39513234,/work/multilingual-gsm-symbolic/paper/artifacts/figures/transfer_features/languages.csv,7.596742576400662,ibm-granite/granite-3.2-2b-instruct,0.46668831771364944,0.3571392211758717,1.306740593142053,100,10059,21554,7016,19645
ibm-granite/granite-3.2-2b-instruct,granite-3.2-2b-instruct (reasoning on),Granite,2.0,nld,synthetic,0.412,0.01100856913032518,2000,0.6015,0.010950289010556176,2000,0.18950000000000006,0.015527312185689314,0.6849542809642559,0.02214606775052663,Dutch,0.07570690126642576,URIEL syntax_knn,nld,CC-MAIN-2026-21,39513234,/work/multilingual-gsm-symbolic/paper/artifacts/figures/transfer_features/languages.csv,7.596742576400662,ibm-granite/granite-3.2-2b-instruct,0.46668831771364944,0.3571392211758717,1.306740593142053,100,10059,21554,7016,19645
ibm-granite/granite-3.2-2b-instruct,granite-3.2-2b-instruct (reasoning on),Granite,2.0,nob,original,0.28,0.04512608598542131,100,0.69,0.04648231987117317,100,0.4099999999999999,0.06478402347006318,0.40579710144927544,0.07088354413333381,Norwegian Bokmal,0.10138170956458059,URIEL syntax_knn,nor,CC-MAIN-2026-21,7148610,/work/multilingual-gsm-symbolic/paper/artifacts/figures/transfer_features/languages.csv,6.854221604316353,ibm-granite/granite-3.2-2b-instruct,0.4882403089112883,0.3571392211758717,1.3670867828623516,100,9736,19941,7016,19645
ibm-granite/granite-3.2-2b-instruct,granite-3.2-2b-instruct (reasoning on),Granite,2.0,nob,synthetic,0.1625,0.008251116012863295,2000,0.6015,0.010950289010556176,2000,0.43900000000000006,0.013710935229678405,0.27015793848711556,0.014572593386214435,Norwegian Bokmal,0.10138170956458059,URIEL syntax_knn,nor,CC-MAIN-2026-21,7148610,/work/multilingual-gsm-symbolic/paper/artifacts/figures/transfer_features/languages.csv,6.854221604316353,ibm-granite/granite-3.2-2b-instruct,0.4882403089112883,0.3571392211758717,1.3670867828623516,100,9736,19941,7016,19645
ibm-granite/granite-3.2-2b-instruct,granite-3.2-2b-instruct (reasoning on),Granite,2.0,rus,original,0.25,0.043519413988924456,100,0.69,0.04648231987117317,100,0.43999999999999995,0.06367531275577257,0.3623188405797102,0.06762966774382673,Russian,0.18824593690905445,URIEL syntax_knn,rus,CC-MAIN-2026-21,138631119,/work/multilingual-gsm-symbolic/paper/artifacts/figures/transfer_features/languages.csv,8.141860728782362,ibm-granite/granite-3.2-2b-instruct,0.6067055942738746,0.3571392211758717,1.698792958881167,100,12884,21236,7016,19645
ibm-granite/granite-3.2-2b-instruct,granite-3.2-2b-instruct (reasoning on),Granite,2.0,rus,synthetic,0.2305,0.009419619929689836,2000,0.6015,0.010950289010556176,2000,0.371,0.014444309226630304,0.38320864505403157,0.017143837071382288,Russian,0.18824593690905445,URIEL syntax_knn,rus,CC-MAIN-2026-21,138631119,/work/multilingual-gsm-symbolic/paper/artifacts/figures/transfer_features/languages.csv,8.141860728782362,ibm-granite/granite-3.2-2b-instruct,0.6067055942738746,0.3571392211758717,1.698792958881167,100,12884,21236,7016,19645
ibm-granite/granite-3.2-2b-instruct,granite-3.2-2b-instruct (reasoning on),Granite,2.0,ukr,original,0.26,0.0440844002276808,100,0.69,0.04648231987117317,100,0.42999999999999994,0.06406278486016982,0.3768115942028986,0.06874840919820097,Ukrainian,0.15273132616089036,URIEL syntax_knn,ukr,CC-MAIN-2026-21,17456210,/work/multilingual-gsm-symbolic/paper/artifacts/figures/transfer_features/languages.csv,7.2419499578829365,ibm-granite/granite-3.2-2b-instruct,0.7408429620620293,0.3571392211758717,2.0743814124442084,100,15837,21377,7016,19645
ibm-granite/granite-3.2-2b-instruct,granite-3.2-2b-instruct (reasoning on),Granite,2.0,ukr,synthetic,0.1605,0.00820996813565036,2000,0.6015,0.010950289010556176,2000,0.44100000000000006,0.01368621226647832,0.26683291770573564,0.014487808670805897,Ukrainian,0.15273132616089036,URIEL syntax_knn,ukr,CC-MAIN-2026-21,17456210,/work/multilingual-gsm-symbolic/paper/artifacts/figures/transfer_features/languages.csv,7.2419499578829365,ibm-granite/granite-3.2-2b-instruct,0.7408429620620293,0.3571392211758717,2.0743814124442084,100,15837,21377,7016,19645
ibm-granite/granite-3.2-2b-instruct,granite-3.2-2b-instruct (reasoning on),Granite,2.0,urd,original,0.17,0.03775251680686369,100,0.69,0.04648231987117317,100,0.5199999999999999,0.059882038925362126,0.24637681159420294,0.057175788914503756,urd,0.3838046008442838,URIEL syntax_knn,urd,CC-MAIN-2026-21,682592,/work/multilingual-gsm-symbolic/paper/artifacts/figures/transfer_features/languages.csv,5.834161194027274,ibm-granite/granite-3.2-2b-instruct,1.243413516609393,0.3571392211758717,3.481593291589442,100,23881,19206,7016,19645
ibm-granite/granite-3.2-2b-instruct,granite-3.2-2b-instruct (reasoning on),Granite,2.0,urd,synthetic,0.142,0.007806950380085587,2000,0.6015,0.010950289010556176,2000,0.4595,0.013448319733402603,0.2360764754779717,0.013672189232443352,urd,0.3838046008442838,URIEL syntax_knn,urd,CC-MAIN-2026-21,682592,/work/multilingual-gsm-symbolic/paper/artifacts/figures/transfer_features/languages.csv,5.834161194027274,ibm-granite/granite-3.2-2b-instruct,1.243413516609393,0.3571392211758717,3.481593291589442,100,23881,19206,7016,19645
ibm-granite/granite-3.2-2b-instruct,granite-3.2-2b-instruct (reasoning on),Granite,2.0,zho,original,0.31,0.04648231987117317,100,0.69,0.04648231987117317,100,0.37999999999999995,0.06573592717237751,0.44927536231884063,0.07385221753382772,Chinese,0.2892275292349138,URIEL syntax_knn,zho,CC-MAIN-2026-21,102274716,/work/multilingual-gsm-symbolic/paper/artifacts/figures/transfer_features/languages.csv,8.009768282208015,ibm-granite/granite-3.2-2b-instruct,1.2975133214920072,0.3571392211758717,3.6330742874444812,100,10227,7882,7016,19645
ibm-granite/granite-3.2-2b-instruct,granite-3.2-2b-instruct (reasoning on),Granite,2.0,zho,synthetic,0.322,0.010450483543987407,2000,0.6015,0.010950289010556176,2000,0.2795,0.015136757767694473,0.5353283458021613,0.0199207078424789,Chinese,0.2892275292349138,URIEL syntax_knn,zho,CC-MAIN-2026-21,102274716,/work/multilingual-gsm-symbolic/paper/artifacts/figures/transfer_features/languages.csv,8.009768282208015,ibm-granite/granite-3.2-2b-instruct,1.2975133214920072,0.3571392211758717,3.6330742874444812,100,10227,7882,7016,19645
ibm-granite/granite-3.2-8b-instruct,granite-3.2-8b-instruct (reasoning off),Granite,8.0,ara,original,0.47,0.050161355804659184,100,0.82,0.038612291966536906,100,0.35,0.06330142736993144,0.573170731707317,0.06686177395796764,Arabic,0.34901322303461213,URIEL syntax_knn,ara,CC-MAIN-2026-21,14123579,/work/multilingual-gsm-symbolic/paper/artifacts/figures/transfer_features/languages.csv,7.149944763500101,ibm-granite/granite-3.2-8b-instruct,0.9728524443948938,0.3571392211758717,2.724014576701495,100,17452,17939,7016,19645
ibm-granite/granite-3.2-8b-instruct,granite-3.2-8b-instruct (reasoning off),Granite,8.0,ara,synthetic,0.3715,0.010807510172933861,2000,0.826,0.008479265827563573,2000,0.45449999999999996,0.013736820050963624,0.4497578692493947,0.013874849819503451,Arabic,0.34901322303461213,URIEL syntax_knn,ara,CC-MAIN-2026-21,14123579,/work/multilingual-gsm-symbolic/paper/artifacts/figures/transfer_features/languages.csv,7.149944763500101,ibm-granite/granite-3.2-8b-instruct,0.9728524443948938,0.3571392211758717,2.724014576701495,100,17452,17939,7016,19645
ibm-granite/granite-3.2-8b-instruct,granite-3.2-8b-instruct (reasoning off),Granite,8.0,dan,original,0.51,0.03543697072934369,200,0.82,0.038612291966536906,100,0.30999999999999994,0.05240885407430172,0.6219512195121951,0.05220448539816421,Danish,0.11992176734660287,URIEL syntax_knn,dan,CC-MAIN-2026-21,11404389,/work/multilingual-gsm-symbolic/paper/artifacts/figures/transfer_features/languages.csv,7.057072022533615,ibm-granite/granite-3.2-8b-instruct,0.492896174863388,0.3571392211758717,1.3801233402496091,100,9922,20130,7016,19645
ibm-granite/granite-3.2-8b-instruct,granite-3.2-8b-instruct (reasoning off),Granite,8.0,dan,synthetic,0.43875,0.00784713347350086,4000,0.826,0.008479265827563573,2000,0.38725,0.011553157694995124,0.5311743341404358,0.010953789828596084,Danish,0.11992176734660287,URIEL syntax_knn,dan,CC-MAIN-2026-21,11404389,/work/multilingual-gsm-symbolic/paper/artifacts/figures/transfer_features/languages.csv,7.057072022533615,ibm-granite/granite-3.2-8b-instruct,0.492896174863388,0.3571392211758717,1.3801233402496091,100,9922,20130,7016,19645
ibm-granite/granite-3.2-8b-instruct,granite-3.2-8b-instruct (reasoning off),Granite,8.0,deu,original,0.72,0.03182868716477584,200,0.82,0.038612291966536906,100,0.09999999999999998,0.05003972839197128,0.8780487804878049,0.056710739509995285,German,0.09745802098497969,URIEL syntax_knn,deu,CC-MAIN-2026-21,129221452,/work/multilingual-gsm-symbolic/paper/artifacts/figures/transfer_features/languages.csv,8.111334616692115,ibm-granite/granite-3.2-8b-instruct,0.4563620988918065,0.3571392211758717,1.2778268860788966,100,10254,22469,7016,19645
ibm-granite/granite-3.2-8b-instruct,granite-3.2-8b-instruct (reasoning off),Granite,8.0,deu,synthetic,0.64875,0.0075486823370874865,4000,0.826,0.008479265827563573,2000,0.1772499999999999,0.011352557156902756,0.7854116222760291,0.012187044344987916,German,0.09745802098497969,URIEL syntax_knn,deu,CC-MAIN-2026-21,129221452,/work/multilingual-gsm-symbolic/paper/artifacts/figures/transfer_features/languages.csv,8.111334616692115,ibm-granite/granite-3.2-8b-instruct,0.4563620988918065,0.3571392211758717,1.2778268860788966,100,10254,22469,7016,19645
ibm-granite/granite-3.2-8b-instruct,granite-3.2-8b-instruct (reasoning off),Granite,8.0,est,original,0.12,0.032659863237109045,100,0.82,0.038612291966536906,100,0.7,0.05057248023951127,0.14634146341463414,0.04042081795482632,Estonian,0.22659791675913576,URIEL syntax_knn,est,CC-MAIN-2026-21,3089989,/work/multilingual-gsm-symbolic/paper/artifacts/figures/transfer_features/languages.csv,6.489956933389947,ibm-granite/granite-3.2-8b-instruct,0.5319621189701095,0.3571392211758717,1.4895090973728338,100,10785,20274,7016,19645
ibm-granite/granite-3.2-8b-instruct,granite-3.2-8b-instruct (reasoning off),Granite,8.0,est,synthetic,0.073,0.005818283785886223,2000,0.826,0.008479265827563573,2000,0.753,0.01028350014283045,0.0883777239709443,0.007102111586060366,Estonian,0.22659791675913576,URIEL syntax_knn,est,CC-MAIN-2026-21,3089989,/work/multilingual-gsm-symbolic/paper/artifacts/figures/transfer_features/languages.csv,6.489956933389947,ibm-granite/granite-3.2-8b-instruct,0.5319621189701095,0.3571392211758717,1.4895090973728338,100,10785,20274,7016,19645
ibm-granite/granite-3.2-8b-instruct,granite-3.2-8b-instruct (reasoning off),Granite,8.0,fra,original,0.74,0.044084400227680814,100,0.82,0.038612291966536906,100,0.07999999999999996,0.05860327153276884,0.9024390243902439,0.06852774258112959,French,0.18824593690905445,URIEL syntax_knn,fra,CC-MAIN-2026-21,102728618,/work/multilingual-gsm-symbolic/paper/artifacts/figures/transfer_features/languages.csv,8.011691445624011,ibm-granite/granite-3.2-8b-instruct,0.4629175400258663,0.3571392211758717,1.2961823081254482,100,10380,22423,7016,19645
ibm-granite/granite-3.2-8b-instruct,granite-3.2-8b-instruct (reasoning off),Granite,8.0,fra,synthetic,0.6625,0.01057604847760734,2000,0.826,0.008479265827563573,2000,0.16349999999999998,0.013555469389703475,0.8020581113801453,0.015222715792203023,French,0.18824593690905445,URIEL syntax_knn,fra,CC-MAIN-2026-21,102728618,/work/multilingual-gsm-symbolic/paper/artifacts/figures/transfer_features/languages.csv,8.011691445624011,ibm-granite/granite-3.2-8b-instruct,0.4629175400258663,0.3571392211758717,1.2961823081254482,100,10380,22423,7016,19645
ibm-granite/granite-3.2-8b-instruct,granite-3.2-8b-instruct (reasoning off),Granite,8.0,hin,original,0.21,0.040936018074033236,100,0.82,0.038612291966536906,100,0.61,0.05627314338711377,0.25609756097560976,0.05135783124844114,Hindi,0.3838046008442838,URIEL syntax_knn,hin,CC-MAIN-2026-21,4774018,/work/multilingual-gsm-symbolic/paper/artifacts/figures/transfer_features/languages.csv,6.678884052141607,ibm-granite/granite-3.2-8b-instruct,1.4509794073329985,0.3571392211758717,4.062783702545148,100,28889,19910,7016,19645
ibm-granite/granite-3.2-8b-instruct,granite-3.2-8b-instruct (reasoning off),Granite,8.0,hin,synthetic,0.2205,0.009272694669469965,2000,0.826,0.008479265827563573,2000,0.6054999999999999,0.012565063287055266,0.2669491525423729,0.011555653435334769,Hindi,0.3838046008442838,URIEL syntax_knn,hin,CC-MAIN-2026-21,4774018,/work/multilingual-gsm-symbolic/paper/artifacts/figures/transfer_features/languages.csv,6.678884052141607,ibm-granite/granite-3.2-8b-instruct,1.4509794073329985,0.3571392211758717,4.062783702545148,100,28889,19910,7016,19645
ibm-granite/granite-3.2-8b-instruct,granite-3.2-8b-instruct (reasoning off),Granite,8.0,isl,original,0.26,0.044084400227680814,100,0.82,0.038612291966536906,100,0.5599999999999999,0.05860327153276884,0.3170731707317073,0.05579616114293812,Icelandic,0.13127809128711687,URIEL syntax_knn,isl,CC-MAIN-2026-21,777022,/work/multilingual-gsm-symbolic/paper/artifacts/figures/transfer_features/languages.csv,5.890433315253091,ibm-granite/granite-3.2-8b-instruct,0.5775162142685564,0.3571392211758717,1.617061862785888,100,12021,20815,7016,19645
ibm-granite/granite-3.2-8b-instruct,granite-3.2-8b-instruct (reasoning off),Granite,8.0,isl,synthetic,0.1515,0.008019103940840712,2000,0.826,0.008479265827563573,2000,0.6745,0.011670645954208978,0.1834140435835351,0.009889249926311251,Icelandic,0.13127809128711687,URIEL syntax_knn,isl,CC-MAIN-2026-21,777022,/work/multilingual-gsm-symbolic/paper/artifacts/figures/transfer_features/languages.csv,5.890433315253091,ibm-granite/granite-3.2-8b-instruct,0.5775162142685564,0.3571392211758717,1.617061862785888,100,12021,20815,7016,19645
ibm-granite/granite-3.2-8b-instruct,granite-3.2-8b-instruct (reasoning off),Granite,8.0,ita,original,0.79,0.040936018074033236,100,0.82,0.038612291966536906,100,0.029999999999999916,0.05627314338711377,0.9634146341463415,0.06745535597013068,Italian,0.14220584589844,URIEL syntax_knn,ita,CC-MAIN-2026-21,53457335,/work/multilingual-gsm-symbolic/paper/artifacts/figures/transfer_features/languages.csv,7.728007304146603,ibm-granite/granite-3.2-8b-instruct,0.4579625930633739,0.3571392211758717,1.2823083153834065,100,10088,22028,7016,19645
ibm-granite/granite-3.2-8b-instruct,granite-3.2-8b-instruct (reasoning off),Granite,8.0,ita,synthetic,0.693,0.010316429341452335,2000,0.826,0.008479265827563573,2000,0.133,0.013353900678515848,0.8389830508474576,0.015171242461182005,Italian,0.14220584589844,URIEL syntax_knn,ita,CC-MAIN-2026-21,53457335,/work/multilingual-gsm-symbolic/paper/artifacts/figures/transfer_features/languages.csv,7.728007304146603,ibm-granite/granite-3.2-8b-instruct,0.4579625930633739,0.3571392211758717,1.2823083153834065,100,10088,22028,7016,19645
ibm-granite/granite-3.2-8b-instruct,granite-3.2-8b-instruct (reasoning off),Granite,8.0,jpn,original,0.54,0.03533045720097818,200,0.82,0.038612291966536906,100,0.2799999999999999,0.052336892312586175,0.6585365853658537,0.05308457439659799,Japanese,0.4998069870609444,URIEL syntax_knn,jpn,CC-MAIN-2026-21,118455052,/work/multilingual-gsm-symbolic/paper/artifacts/figures/transfer_features/languages.csv,8.073553587717582,ibm-granite/granite-3.2-8b-instruct,0.9414893617021277,0.3571392211758717,2.6361970511172035,100,10443,11092,7016,19645
ibm-granite/granite-3.2-8b-instruct,granite-3.2-8b-instruct (reasoning off),Granite,8.0,jpn,synthetic,0.435,0.007839586390792224,4000,0.826,0.008479265827563573,2000,0.39099999999999996,0.011548032895397468,0.526634382566586,0.010922724756086041,Japanese,0.4998069870609444,URIEL syntax_knn,jpn,CC-MAIN-2026-21,118455052,/work/multilingual-gsm-symbolic/paper/artifacts/figures/transfer_features/languages.csv,8.073553587717582,ibm-granite/granite-3.2-8b-instruct,0.9414893617021277,0.3571392211758717,2.6361970511172035,100,10443,11092,7016,19645
ibm-granite/granite-3.2-8b-instruct,granite-3.2-8b-instruct (reasoning off),Granite,8.0,mar,original,0.15,0.035887028128263665,100,0.82,0.038612291966536906,100,0.6699999999999999,0.052714209458056736,0.18292682926829268,0.04460428034399408,Marathi,0.43515421744059357,URIEL syntax_knn,mar,CC-MAIN-2026-21,649289,/work/multilingual-gsm-symbolic/paper/artifacts/figures/transfer_features/languages.csv,5.812438045288022,ibm-granite/granite-3.2-8b-instruct,1.4059809276918804,0.3571392211758717,3.9367866768111446,100,30372,21602,7016,19645
ibm-granite/granite-3.2-8b-instruct,granite-3.2-8b-instruct (reasoning off),Granite,8.0,mar,synthetic,0.1355,0.007655009770555077,2000,0.826,0.008479265827563573,2000,0.6904999999999999,0.01142353375982148,0.16404358353510898,0.009419319547332437,Marathi,0.43515421744059357,URIEL syntax_knn,mar,CC-MAIN-2026-21,649289,/work/multilingual-gsm-symbolic/paper/artifacts/figures/transfer_features/languages.csv,5.812438045288022,ibm-granite/granite-3.2-8b-instruct,1.4059809276918804,0.3571392211758717,3.9367866768111446,100,30372,21602,7016,19645
ibm-granite/granite-3.2-8b-instruct,granite-3.2-8b-instruct (reasoning off),Granite,8.0,nld,original,0.69,0.04648231987117316,100,0.82,0.038612291966536906,100,0.13,0.06042776805008729,0.8414634146341463,0.06916107472624862,Dutch,0.07570690126642576,URIEL syntax_knn,nld,CC-MAIN-2026-21,39513234,/work/multilingual-gsm-symbolic/paper/artifacts/figures/transfer_features/languages.csv,7.596742576400662,ibm-granite/granite-3.2-8b-instruct,0.46668831771364944,0.3571392211758717,1.306740593142053,100,10059,21554,7016,19645
ibm-granite/granite-3.2-8b-instruct,granite-3.2-8b-instruct (reasoning off),Granite,8.0,nld,synthetic,0.635,0.01076779795205911,2000,0.826,0.008479265827563573,2000,0.19099999999999995,0.013705598188727689,0.7687651331719129,0.01523871901556309,Dutch,0.07570690126642576,URIEL syntax_knn,nld,CC-MAIN-2026-21,39513234,/work/multilingual-gsm-symbolic/paper/artifacts/figures/transfer_features/languages.csv,7.596742576400662,ibm-granite/granite-3.2-8b-instruct,0.46668831771364944,0.3571392211758717,1.306740593142053,100,10059,21554,7016,19645
ibm-granite/granite-3.2-8b-instruct,granite-3.2-8b-instruct (reasoning off),Granite,8.0,nob,original,0.49,0.05024183937956914,100,0.82,0.038612291966536906,100,0.32999999999999996,0.06336522323129237,0.5975609756097561,0.06742275781620938,Norwegian Bokmal,0.10138170956458059,URIEL syntax_knn,nor,CC-MAIN-2026-21,7148610,/work/multilingual-gsm-symbolic/paper/artifacts/figures/transfer_features/languages.csv,6.854221604316353,ibm-granite/granite-3.2-8b-instruct,0.4882403089112883,0.3571392211758717,1.3670867828623516,100,9736,19941,7016,19645
ibm-granite/granite-3.2-8b-instruct,granite-3.2-8b-instruct (reasoning off),Granite,8.0,nob,synthetic,0.433,0.011082279027990015,2000,0.826,0.008479265827563573,2000,0.39299999999999996,0.013954026566862867,0.5242130750605327,0.014455754243086498,Norwegian Bokmal,0.10138170956458059,URIEL syntax_knn,nor,CC-MAIN-2026-21,7148610,/work/multilingual-gsm-symbolic/paper/artifacts/figures/transfer_features/languages.csv,6.854221604316353,ibm-granite/granite-3.2-8b-instruct,0.4882403089112883,0.3571392211758717,1.3670867828623516,100,9736,19941,7016,19645
ibm-granite/granite-3.2-8b-instruct,granite-3.2-8b-instruct (reasoning off),Granite,8.0,rus,original,0.57,0.04975698519562431,100,0.82,0.038612291966536906,100,0.25,0.06298147875897062,0.6951219512195121,0.06894458767877101,Russian,0.18824593690905445,URIEL syntax_knn,rus,CC-MAIN-2026-21,138631119,/work/multilingual-gsm-symbolic/paper/artifacts/figures/transfer_features/languages.csv,8.141860728782362,ibm-granite/granite-3.2-8b-instruct,0.6067055942738746,0.3571392211758717,1.698792958881167,100,12884,21236,7016,19645
ibm-granite/granite-3.2-8b-instruct,granite-3.2-8b-instruct (reasoning off),Granite,8.0,rus,synthetic,0.462,0.011150792352341727,2000,0.826,0.008479265827563573,2000,0.36399999999999993,0.014008501670754446,0.5593220338983051,0.014670046896631244,Russian,0.18824593690905445,URIEL syntax_knn,rus,CC-MAIN-2026-21,138631119,/work/multilingual-gsm-symbolic/paper/artifacts/figures/transfer_features/languages.csv,8.141860728782362,ibm-granite/granite-3.2-8b-instruct,0.6067055942738746,0.3571392211758717,1.698792958881167,100,12884,21236,7016,19645
ibm-granite/granite-3.2-8b-instruct,granite-3.2-8b-instruct (reasoning off),Granite,8.0,ukr,original,0.45,0.05,100,0.82,0.038612291966536906,100,0.36999999999999994,0.06317364237487887,0.5487804878048781,0.0662252638351861,Ukrainian,0.15273132616089036,URIEL syntax_knn,ukr,CC-MAIN-2026-21,17456210,/work/multilingual-gsm-symbolic/paper/artifacts/figures/transfer_features/languages.csv,7.2419499578829365,ibm-granite/granite-3.2-8b-instruct,0.7408429620620293,0.3571392211758717,2.0743814124442084,100,15837,21377,7016,19645
ibm-granite/granite-3.2-8b-instruct,granite-3.2-8b-instruct (reasoning off),Granite,8.0,ukr,synthetic,0.354,0.010695756149043417,2000,0.826,0.008479265827563573,2000,0.472,0.013649071344757761,0.42857142857142855,0.013675830377836446,Ukrainian,0.15273132616089036,URIEL syntax_knn,ukr,CC-MAIN-2026-21,17456210,/work/multilingual-gsm-symbolic/paper/artifacts/figures/transfer_features/languages.csv,7.2419499578829365,ibm-granite/granite-3.2-8b-instruct,0.7408429620620293,0.3571392211758717,2.0743814124442084,100,15837,21377,7016,19645
ibm-granite/granite-3.2-8b-instruct,granite-3.2-8b-instruct (reasoning off),Granite,8.0,urd,original,0.19,0.039427724440366255,100,0.82,0.038612291966536906,100,0.6299999999999999,0.05518563713009522,0.23170731707317074,0.04930495195610278,urd,0.3838046008442838,URIEL syntax_knn,urd,CC-MAIN-2026-21,682592,/work/multilingual-gsm-symbolic/paper/artifacts/figures/transfer_features/languages.csv,5.834161194027274,ibm-granite/granite-3.2-8b-instruct,1.243413516609393,0.3571392211758717,3.481593291589442,100,23881,19206,7016,19645
ibm-granite/granite-3.2-8b-instruct,granite-3.2-8b-instruct (reasoning off),Granite,8.0,urd,synthetic,0.169,0.008381803344964418,2000,0.826,0.008479265827563573,2000,0.6569999999999999,0.01192277552787706,0.20460048426150124,0.010362543618621461,urd,0.3838046008442838,URIEL syntax_knn,urd,CC-MAIN-2026-21,682592,/work/multilingual-gsm-symbolic/paper/artifacts/figures/transfer_features/languages.csv,5.834161194027274,ibm-granite/granite-3.2-8b-instruct,1.243413516609393,0.3571392211758717,3.481593291589442,100,23881,19206,7016,19645
ibm-granite/granite-3.2-8b-instruct,granite-3.2-8b-instruct (reasoning off),Granite,8.0,zho,original,0.58,0.04960449637488582,100,0.82,0.038612291966536906,100,0.24,0.0628610781924328,0.7073170731707317,0.06905609959658977,Chinese,0.2892275292349138,URIEL syntax_knn,zho,CC-MAIN-2026-21,102274716,/work/multilingual-gsm-symbolic/paper/artifacts/figures/transfer_features/languages.csv,8.009768282208015,ibm-granite/granite-3.2-8b-instruct,1.2975133214920072,0.3571392211758717,3.6330742874444812,100,10227,7882,7016,19645
ibm-granite/granite-3.2-8b-instruct,granite-3.2-8b-instruct (reasoning off),Granite,8.0,zho,synthetic,0.5465,0.011134669525078699,2000,0.826,0.008479265827563573,2000,0.27949999999999997,0.013995671273904789,0.6616222760290557,0.015094564010975644,Chinese,0.2892275292349138,URIEL syntax_knn,zho,CC-MAIN-2026-21,102274716,/work/multilingual-gsm-symbolic/paper/artifacts/figures/transfer_features/languages.csv,8.009768282208015,ibm-granite/granite-3.2-8b-instruct,1.2975133214920072,0.3571392211758717,3.6330742874444812,100,10227,7882,7016,19645
ibm-granite/granite-3.2-8b-instruct,granite-3.2-8b-instruct (reasoning on),Granite,8.0,ara,original,0.46,0.050090826596203314,100,0.83,0.03775251680686369,100,0.36999999999999994,0.06272434482992575,0.5542168674698795,0.06540367025313973,Arabic,0.34901322303461213,URIEL syntax_knn,ara,CC-MAIN-2026-21,14123579,/work/multilingual-gsm-symbolic/paper/artifacts/figures/transfer_features/languages.csv,7.149944763500101,ibm-granite/granite-3.2-8b-instruct,0.9728524443948938,0.3571392211758717,2.724014576701495,100,17452,17939,7016,19645
ibm-granite/granite-3.2-8b-instruct,granite-3.2-8b-instruct (reasoning on),Granite,8.0,ara,synthetic,0.485,0.011178102477052788,2000,0.8205,0.008583514044765024,2000,0.3355,0.01409349808756407,0.591102985984156,0.014961243641902416,Arabic,0.34901322303461213,URIEL syntax_knn,ara,CC-MAIN-2026-21,14123579,/work/multilingual-gsm-symbolic/paper/artifacts/figures/transfer_features/languages.csv,7.149944763500101,ibm-granite/granite-3.2-8b-instruct,0.9728524443948938,0.3571392211758717,2.724014576701495,100,17452,17939,7016,19645
ibm-granite/granite-3.2-8b-instruct,granite-3.2-8b-instruct (reasoning on),Granite,8.0,dan,original,0.605,0.034653706828922715,200,0.83,0.03775251680686369,100,0.22499999999999998,0.051245799069167125,0.7289156626506024,0.05331433229932945,Danish,0.11992176734660287,URIEL syntax_knn,dan,CC-MAIN-2026-21,11404389,/work/multilingual-gsm-symbolic/paper/artifacts/figures/transfer_features/languages.csv,7.057072022533615,ibm-granite/granite-3.2-8b-instruct,0.492896174863388,0.3571392211758717,1.3801233402496091,100,9922,20130,7016,19645
ibm-granite/granite-3.2-8b-instruct,granite-3.2-8b-instruct (reasoning on),Granite,8.0,dan,synthetic,0.57525,0.007816625504881944,4000,0.8205,0.008583514044765024,2000,0.24524999999999997,0.011609321583979372,0.7010968921389397,0.012022923668697652,Danish,0.11992176734660287,URIEL syntax_knn,dan,CC-MAIN-2026-21,11404389,/work/multilingual-gsm-symbolic/paper/artifacts/figures/transfer_features/languages.csv,7.057072022533615,ibm-granite/granite-3.2-8b-instruct,0.492896174863388,0.3571392211758717,1.3801233402496091,100,9922,20130,7016,19645
ibm-granite/granite-3.2-8b-instruct,granite-3.2-8b-instruct (reasoning on),Granite,8.0,deu,original,0.82,0.027234326551496876,200,0.83,0.03775251680686369,100,0.010000000000000009,0.04655062908238827,0.9879518072289156,0.05564158212058343,German,0.09745802098497969,URIEL syntax_knn,deu,CC-MAIN-2026-21,129221452,/work/multilingual-gsm-symbolic/paper/artifacts/figures/transfer_features/languages.csv,8.111334616692115,ibm-granite/granite-3.2-8b-instruct,0.4563620988918065,0.3571392211758717,1.2778268860788966,100,10254,22469,7016,19645
ibm-granite/granite-3.2-8b-instruct,granite-3.2-8b-instruct (reasoning on),Granite,8.0,deu,synthetic,0.7455,0.006887982184547495,4000,0.8205,0.008583514044765024,2000,0.07499999999999996,0.011005499167748917,0.9085923217550275,0.012681487977038528,German,0.09745802098497969,URIEL syntax_knn,deu,CC-MAIN-2026-21,129221452,/work/multilingual-gsm-symbolic/paper/artifacts/figures/transfer_features/languages.csv,8.111334616692115,ibm-granite/granite-3.2-8b-instruct,0.4563620988918065,0.3571392211758717,1.2778268860788966,100,10254,22469,7016,19645
ibm-granite/granite-3.2-8b-instruct,granite-3.2-8b-instruct (reasoning on),Granite,8.0,est,original,0.24,0.04292346959909279,100,0.83,0.03775251680686369,100,0.59,0.05716359652503303,0.2891566265060241,0.053361278781600636,Estonian,0.22659791675913576,URIEL syntax_knn,est,CC-MAIN-2026-21,3089989,/work/multilingual-gsm-symbolic/paper/artifacts/figures/transfer_features/languages.csv,6.489956933389947,ibm-granite/granite-3.2-8b-instruct,0.5319621189701095,0.3571392211758717,1.4895090973728338,100,10785,20274,7016,19645
ibm-granite/granite-3.2-8b-instruct,granite-3.2-8b-instruct (reasoning on),Granite,8.0,est,synthetic,0.1825,0.008639108292876528,2000,0.8205,0.008583514044765024,2000,0.638,0.012178296492232664,0.22242535039609992,0.010783124306844999,Estonian,0.22659791675913576,URIEL syntax_knn,est,CC-MAIN-2026-21,3089989,/work/multilingual-gsm-symbolic/paper/artifacts/figures/transfer_features/languages.csv,6.489956933389947,ibm-granite/granite-3.2-8b-instruct,0.5319621189701095,0.3571392211758717,1.4895090973728338,100,10785,20274,7016,19645
ibm-granite/granite-3.2-8b-instruct,granite-3.2-8b-instruct (reasoning on),Granite,8.0,fra,original,0.78,0.04163331998932266,100,0.83,0.03775251680686369,100,0.04999999999999993,0.05620129765926992,0.9397590361445783,0.06590307361770185,French,0.18824593690905445,URIEL syntax_knn,fra,CC-MAIN-2026-21,102728618,/work/multilingual-gsm-symbolic/paper/artifacts/figures/transfer_features/languages.csv,8.011691445624011,ibm-granite/granite-3.2-8b-instruct,0.4629175400258663,0.3571392211758717,1.2961823081254482,100,10380,22423,7016,19645
ibm-granite/granite-3.2-8b-instruct,granite-3.2-8b-instruct (reasoning on),Granite,8.0,fra,synthetic,0.7355,0.009865015674956313,2000,0.8205,0.008583514044765024,2000,0.08499999999999996,0.01307651511771436,0.8964046313223645,0.015247809693268976,French,0.18824593690905445,URIEL syntax_knn,fra,CC-MAIN-2026-21,102728618,/work/multilingual-gsm-symbolic/paper/artifacts/figures/transfer_features/languages.csv,8.011691445624011,ibm-granite/granite-3.2-8b-instruct,0.4629175400258663,0.3571392211758717,1.2961823081254482,100,10380,22423,7016,19645
ibm-granite/granite-3.2-8b-instruct,granite-3.2-8b-instruct (reasoning on),Granite,8.0,hin,original,0.49,0.05024183937956914,100,0.83,0.03775251680686369,100,0.33999999999999997,0.0628450073553576,0.5903614457831325,0.06622102472514457,Hindi,0.3838046008442838,URIEL syntax_knn,hin,CC-MAIN-2026-21,4774018,/work/multilingual-gsm-symbolic/paper/artifacts/figures/transfer_features/languages.csv,6.678884052141607,ibm-granite/granite-3.2-8b-instruct,1.4509794073329985,0.3571392211758717,4.062783702545148,100,28889,19910,7016,19645
ibm-granite/granite-3.2-8b-instruct,granite-3.2-8b-instruct (reasoning on),Granite,8.0,hin,synthetic,0.4065,0.010985864536294115,2000,0.8205,0.008583514044765024,2000,0.41400000000000003,0.013941518316398796,0.4954296160877513,0.014357347947763607,Hindi,0.3838046008442838,URIEL syntax_knn,hin,CC-MAIN-2026-21,4774018,/work/multilingual-gsm-symbolic/paper/artifacts/figures/transfer_features/languages.csv,6.678884052141607,ibm-granite/granite-3.2-8b-instruct,1.4509794073329985,0.3571392211758717,4.062783702545148,100,28889,19910,7016,19645
ibm-granite/granite-3.2-8b-instruct,granite-3.2-8b-instruct (reasoning on),Granite,8.0,isl,original,0.28,0.045126085985421296,100,0.83,0.03775251680686369,100,0.5499999999999999,0.058835500861437066,0.3373493975903615,0.05649258648735588,Icelandic,0.13127809128711687,URIEL syntax_knn,isl,CC-MAIN-2026-21,777022,/work/multilingual-gsm-symbolic/paper/artifacts/figures/transfer_features/languages.csv,5.890433315253091,ibm-granite/granite-3.2-8b-instruct,0.5775162142685564,0.3571392211758717,1.617061862785888,100,12021,20815,7016,19645
ibm-granite/granite-3.2-8b-instruct,granite-3.2-8b-instruct (reasoning on),Granite,8.0,isl,synthetic,0.2625,0.009841000845890843,2000,0.8205,0.008583514044765024,2000,0.558,0.013058407674961857,0.31992687385740404,0.012452118961565294,Icelandic,0.13127809128711687,URIEL syntax_knn,isl,CC-MAIN-2026-21,777022,/work/multilingual-gsm-symbolic/paper/artifacts/figures/transfer_features/languages.csv,5.890433315253091,ibm-granite/granite-3.2-8b-instruct,0.5775162142685564,0.3571392211758717,1.617061862785888,100,12021,20815,7016,19645
ibm-granite/granite-3.2-8b-instruct,granite-3.2-8b-instruct (reasoning on),Granite,8.0,ita,original,0.81,0.03942772444036625,100,0.83,0.03775251680686369,100,0.019999999999999907,0.05458752586258127,0.9759036144578315,0.06501491799003606,Italian,0.14220584589844,URIEL syntax_knn,ita,CC-MAIN-2026-21,53457335,/work/multilingual-gsm-symbolic/paper/artifacts/figures/transfer_features/languages.csv,7.728007304146603,ibm-granite/granite-3.2-8b-instruct,0.4579625930633739,0.3571392211758717,1.2823083153834065,100,10088,22028,7016,19645
ibm-granite/granite-3.2-8b-instruct,granite-3.2-8b-instruct (reasoning on),Granite,8.0,ita,synthetic,0.7555,0.009612808020501578,2000,0.8205,0.008583514044765024,2000,0.06500000000000006,0.012887311255482965,0.9207800121876903,0.015167277665105932,Italian,0.14220584589844,URIEL syntax_knn,ita,CC-MAIN-2026-21,53457335,/work/multilingual-gsm-symbolic/paper/artifacts/figures/transfer_features/languages.csv,7.728007304146603,ibm-granite/granite-3.2-8b-instruct,0.4579625930633739,0.3571392211758717,1.2823083153834065,100,10088,22028,7016,19645
ibm-granite/granite-3.2-8b-instruct,granite-3.2-8b-instruct (reasoning on),Granite,8.0,jpn,original,0.54,0.035330457200978174,200,0.83,0.03775251680686369,100,0.2899999999999999,0.051705838464168395,0.6506024096385543,0.051842619976462924,Japanese,0.4998069870609444,URIEL syntax_knn,jpn,CC-MAIN-2026-21,118455052,/work/multilingual-gsm-symbolic/paper/artifacts/figures/transfer_features/languages.csv,8.073553587717582,ibm-granite/granite-3.2-8b-instruct,0.9414893617021277,0.3571392211758717,2.6361970511172035,100,10443,11092,7016,19645
ibm-granite/granite-3.2-8b-instruct,granite-3.2-8b-instruct (reasoning on),Granite,8.0,jpn,synthetic,0.51,0.007905101052843281,4000,0.8205,0.008583514044765024,2000,0.3105,0.01166907605649832,0.6215722120658135,0.01162348984045281,Japanese,0.4998069870609444,URIEL syntax_knn,jpn,CC-MAIN-2026-21,118455052,/work/multilingual-gsm-symbolic/paper/artifacts/figures/transfer_features/languages.csv,8.073553587717582,ibm-granite/granite-3.2-8b-instruct,0.9414893617021277,0.3571392211758717,2.6361970511172035,100,10443,11092,7016,19645
ibm-granite/granite-3.2-8b-instruct,granite-3.2-8b-instruct (reasoning on),Granite,8.0,mar,original,0.39,0.04902071300001973,100,0.83,0.03775251680686369,100,0.43999999999999995,0.06187311878580898,0.46987951807228917,0.06280919676871607,Marathi,0.43515421744059357,URIEL syntax_knn,mar,CC-MAIN-2026-21,649289,/work/multilingual-gsm-symbolic/paper/artifacts/figures/transfer_features/languages.csv,5.812438045288022,ibm-granite/granite-3.2-8b-instruct,1.4059809276918804,0.3571392211758717,3.9367866768111446,100,30372,21602,7016,19645
ibm-granite/granite-3.2-8b-instruct,granite-3.2-8b-instruct (reasoning on),Granite,8.0,mar,synthetic,0.3035,0.010283323799929045,2000,0.8205,0.008583514044765024,2000,0.517,0.01339490431958607,0.36989640463132234,0.013116777429725968,Marathi,0.43515421744059357,URIEL syntax_knn,mar,CC-MAIN-2026-21,649289,/work/multilingual-gsm-symbolic/paper/artifacts/figures/transfer_features/languages.csv,5.812438045288022,ibm-granite/granite-3.2-8b-instruct,1.4059809276918804,0.3571392211758717,3.9367866768111446,100,30372,21602,7016,19645
ibm-granite/granite-3.2-8b-instruct,granite-3.2-8b-instruct (reasoning on),Granite,8.0,nld,original,0.82,0.03861229196653691,100,0.83,0.03775251680686369,100,0.010000000000000009,0.05400149642520674,0.9879518072289156,0.06468011520485382,Dutch,0.07570690126642576,URIEL syntax_knn,nld,CC-MAIN-2026-21,39513234,/work/multilingual-gsm-symbolic/paper/artifacts/figures/transfer_features/languages.csv,7.596742576400662,ibm-granite/granite-3.2-8b-instruct,0.46668831771364944,0.3571392211758717,1.306740593142053,100,10059,21554,7016,19645
ibm-granite/granite-3.2-8b-instruct,granite-3.2-8b-instruct (reasoning on),Granite,8.0,nld,synthetic,0.7065,0.010184828931807595,2000,0.8205,0.008583514044765024,2000,0.11399999999999999,0.013319438941894792,0.8610603290676417,0.015336962206895038,Dutch,0.07570690126642576,URIEL syntax_knn,nld,CC-MAIN-2026-21,39513234,/work/multilingual-gsm-symbolic/paper/artifacts/figures/transfer_features/languages.csv,7.596742576400662,ibm-granite/granite-3.2-8b-instruct,0.46668831771364944,0.3571392211758717,1.306740593142053,100,10059,21554,7016,19645
ibm-granite/granite-3.2-8b-instruct,granite-3.2-8b-instruct (reasoning on),Granite,8.0,nob,original,0.68,0.04688261722621507,100,0.83,0.03775251680686369,100,0.1499999999999999,0.06019329134739455,0.819277108433735,0.06766999844026815,Norwegian Bokmal,0.10138170956458059,URIEL syntax_knn,nor,CC-MAIN-2026-21,7148610,/work/multilingual-gsm-symbolic/paper/artifacts/figures/transfer_features/languages.csv,6.854221604316353,ibm-granite/granite-3.2-8b-instruct,0.4882403089112883,0.3571392211758717,1.3670867828623516,100,9736,19941,7016,19645
ibm-granite/granite-3.2-8b-instruct,granite-3.2-8b-instruct (reasoning on),Granite,8.0,nob,synthetic,0.5795,0.011040870681821533,2000,0.8205,0.008583514044765024,2000,0.241,0.013984903959962852,0.7062766605728215,0.015351301502534921,Norwegian Bokmal,0.10138170956458059,URIEL syntax_knn,nor,CC-MAIN-2026-21,7148610,/work/multilingual-gsm-symbolic/paper/artifacts/figures/transfer_features/languages.csv,6.854221604316353,ibm-granite/granite-3.2-8b-instruct,0.4882403089112883,0.3571392211758717,1.3670867828623516,100,9736,19941,7016,19645
ibm-granite/granite-3.2-8b-instruct,granite-3.2-8b-instruct (reasoning on),Granite,8.0,rus,original,0.74,0.044084400227680814,100,0.83,0.03775251680686369,100,0.08999999999999997,0.05804038997703986,0.891566265060241,0.06682516734680118,Russian,0.18824593690905445,URIEL syntax_knn,rus,CC-MAIN-2026-21,138631119,/work/multilingual-gsm-symbolic/paper/artifacts/figures/transfer_features/languages.csv,8.141860728782362,ibm-granite/granite-3.2-8b-instruct,0.6067055942738746,0.3571392211758717,1.698792958881167,100,12884,21236,7016,19645
ibm-granite/granite-3.2-8b-instruct,granite-3.2-8b-instruct (reasoning on),Granite,8.0,rus,synthetic,0.6285,0.010807510172933866,2000,0.8205,0.008583514044765024,2000,0.19200000000000006,0.013801412590555628,0.7659963436928702,0.015417891670196703,Russian,0.18824593690905445,URIEL syntax_knn,rus,CC-MAIN-2026-21,138631119,/work/multilingual-gsm-symbolic/paper/artifacts/figures/transfer_features/languages.csv,8.141860728782362,ibm-granite/granite-3.2-8b-instruct,0.6067055942738746,0.3571392211758717,1.698792958881167,100,12884,21236,7016,19645
ibm-granite/granite-3.2-8b-instruct,granite-3.2-8b-instruct (reasoning on),Granite,8.0,ukr,original,0.62,0.04878317312145633,100,0.83,0.03775251680686369,100,0.20999999999999996,0.0616850914326185,0.746987951807229,0.06788893166676986,Ukrainian,0.15273132616089036,URIEL syntax_knn,ukr,CC-MAIN-2026-21,17456210,/work/multilingual-gsm-symbolic/paper/artifacts/figures/transfer_features/languages.csv,7.2419499578829365,ibm-granite/granite-3.2-8b-instruct,0.7408429620620293,0.3571392211758717,2.0743814124442084,100,15837,21377,7016,19645
ibm-granite/granite-3.2-8b-instruct,granite-3.2-8b-instruct (reasoning on),Granite,8.0,ukr,synthetic,0.558,0.011107641056719585,2000,0.8205,0.008583514044765024,2000,0.26249999999999996,0.014037677984681122,0.6800731261425961,0.01529325118521043,Ukrainian,0.15273132616089036,URIEL syntax_knn,ukr,CC-MAIN-2026-21,17456210,/work/multilingual-gsm-symbolic/paper/artifacts/figures/transfer_features/languages.csv,7.2419499578829365,ibm-granite/granite-3.2-8b-instruct,0.7408429620620293,0.3571392211758717,2.0743814124442084,100,15837,21377,7016,19645
ibm-granite/granite-3.2-8b-instruct,granite-3.2-8b-instruct (reasoning on),Granite,8.0,urd,original,0.4,0.04923659639173309,100,0.83,0.03775251680686369,100,0.42999999999999994,0.0620442982835244,0.48192771084337355,0.06324169122048003,urd,0.3838046008442838,URIEL syntax_knn,urd,CC-MAIN-2026-21,682592,/work/multilingual-gsm-symbolic/paper/artifacts/figures/transfer_features/languages.csv,5.834161194027274,ibm-granite/granite-3.2-8b-instruct,1.243413516609393,0.3571392211758717,3.481593291589442,100,23881,19206,7016,19645
ibm-granite/granite-3.2-8b-instruct,granite-3.2-8b-instruct (reasoning on),Granite,8.0,urd,synthetic,0.388,0.010898962964284664,2000,0.8205,0.008583514044765024,2000,0.4325,0.013873143373205913,0.4728823887873248,0.014174593893028883,urd,0.3838046008442838,URIEL syntax_knn,urd,CC-MAIN-2026-21,682592,/work/multilingual-gsm-symbolic/paper/artifacts/figures/transfer_features/languages.csv,5.834161194027274,ibm-granite/granite-3.2-8b-instruct,1.243413516609393,0.3571392211758717,3.481593291589442,100,23881,19206,7016,19645
ibm-granite/granite-3.2-8b-instruct,granite-3.2-8b-instruct (reasoning on),Granite,8.0,zho,original,0.68,0.046882617226215076,100,0.83,0.03775251680686369,100,0.1499999999999999,0.060193291347394554,0.819277108433735,0.06766999844026816,Chinese,0.2892275292349138,URIEL syntax_knn,zho,CC-MAIN-2026-21,102274716,/work/multilingual-gsm-symbolic/paper/artifacts/figures/transfer_features/languages.csv,8.009768282208015,ibm-granite/granite-3.2-8b-instruct,1.2975133214920072,0.3571392211758717,3.6330742874444812,100,10227,7882,7016,19645
ibm-granite/granite-3.2-8b-instruct,granite-3.2-8b-instruct (reasoning on),Granite,8.0,zho,synthetic,0.633,0.010780241500235578,2000,0.8205,0.008583514044765024,2000,0.1875,0.013780069671815155,0.7714808043875686,0.015419461485184083,Chinese,0.2892275292349138,URIEL syntax_knn,zho,CC-MAIN-2026-21,102274716,/work/multilingual-gsm-symbolic/paper/artifacts/figures/transfer_features/languages.csv,8.009768282208015,ibm-granite/granite-3.2-8b-instruct,1.2975133214920072,0.3571392211758717,3.6330742874444812,100,10227,7882,7016,19645
